"from","to","trial","spatial_weight"
"Y01","Y02",1,0.976157880580146
"Y01","Y03",1,0.932058584365341
"Y01","Y04",1,0.922425068820089
"Y01","Y05",1,0.909504380310025
"Y01","Y06",1,0.903837365984683
"Y01","Y07",1,0.892604446936169
"Y01","Y08",1,0.879421894684091
"Y01","Y09",1,0.860461730208074
"Y01","Y10",1,0.860644539243671
"Y01","Y11",1,0.929348568488772
"Y01","Y12",1,0.842615249514114
"Y01","Y14",1,0.690986739595102
"Y01","Y16",1,0.75060697600456
"Y01","Y17",1,0.74520112272791
"Y01","Y18",1,0.724628360155972
"Y01","Y19",1,0.867545887638734
"Y01","Y20",1,0.858181807850288
"Y01","Y21",1,0.85034827237436
"Y01","Y22",1,0.847517246200729
"Y01","Y23",1,0.742482884333755
"Y01","Y24",1,0.718979511508758
"Y01","Y25",1,0.685414989741415
"Y01","Y26",1,0.669508518627556
"Y01","Y27",1,0.630558510957952
"Y01","Y28",1,0.616723771313629
"Y01","Y29",1,0.600062733952053
"Y01","Y30",1,0.598272543390142
"Y01","Y31",1,0.555914191652804
"Y01","Y32",1,0.578896548306908
"Y01","Y33",1,0.612911149843144
"Y01","Y34",1,0.704624511018115
"Y01","Y35",1,0.706388955414953
"Y02","Y01",1,0.976157880580146
"Y02","Y03",1,0.959731951628917
"Y02","Y04",1,0.949376605121253
"Y02","Y05",1,0.935524449768076
"Y02","Y06",1,0.929033580112007
"Y02","Y07",1,0.916646014212961
"Y02","Y08",1,0.901948173782456
"Y02","Y09",1,0.882662526083499
"Y02","Y10",1,0.883412688608037
"Y02","Y11",1,0.954131451254526
"Y02","Y12",1,0.866745884253024
"Y02","Y14",1,0.714708511660959
"Y02","Y16",1,0.772025469540361
"Y02","Y17",1,0.766143893714721
"Y02","Y18",1,0.744563746360829
"Y02","Y19",1,0.884928012637978
"Y02","Y20",1,0.872486781525311
"Y02","Y21",1,0.862523663274938
"Y02","Y22",1,0.856997359040081
"Y02","Y23",1,0.747660526077617
"Y02","Y24",1,0.723863623132443
"Y02","Y25",1,0.69007448827949
"Y02","Y26",1,0.673637656259012
"Y02","Y27",1,0.633893731481111
"Y02","Y28",1,0.619878149883978
"Y02","Y29",1,0.603135188456531
"Y02","Y30",1,0.602939701171765
"Y02","Y31",1,0.558086151576253
"Y02","Y32",1,0.579199901792656
"Y02","Y33",1,0.609369572647707
"Y02","Y34",1,0.708129103020548
"Y02","Y35",1,0.708021506473148
"Y03","Y01",1,0.932058584365341
"Y03","Y02",1,0.959731951628917
"Y03","Y04",1,0.991160594223165
"Y03","Y05",1,0.975614666794115
"Y03","Y06",1,0.967285546955239
"Y03","Y07",1,0.95302344561094
"Y03","Y08",1,0.935954884740168
"Y03","Y09",1,0.917239223956641
"Y03","Y10",1,0.919140871632161
"Y03","Y11",1,0.968746032156432
"Y03","Y12",1,0.895257283427431
"Y03","Y14",1,0.745530923166253
"Y03","Y16",1,0.796682660008719
"Y03","Y17",1,0.78984992618851
"Y03","Y18",1,0.766479392307845
"Y03","Y19",1,0.895113388755295
"Y03","Y20",1,0.877522769733062
"Y03","Y21",1,0.864347046674543
"Y03","Y22",1,0.854452089044889
"Y03","Y23",1,0.742448617493818
"Y03","Y24",1,0.718692968674932
"Y03","Y25",1,0.685139473983891
"Y03","Y26",1,0.668103336487057
"Y03","Y27",1,0.627606381578997
"Y03","Y28",1,0.613458399833053
"Y03","Y29",1,0.596754696693877
"Y03","Y30",1,0.599095877213324
"Y03","Y31",1,0.550683585404277
"Y03","Y32",1,0.568744936099632
"Y03","Y33",1,0.592936349164388
"Y03","Y34",1,0.701065657158325
"Y03","Y35",1,0.698062176329678
"Y04","Y01",1,0.922425068820089
"Y04","Y02",1,0.949376605121253
"Y04","Y03",1,0.991160594223165
"Y04","Y05",1,0.988516447819627
"Y04","Y06",1,0.980154000523582
"Y04","Y07",1,0.965837558618176
"Y04","Y08",1,0.948648839731255
"Y04","Y09",1,0.930067141263555
"Y04","Y10",1,0.932024929563426
"Y04","Y11",1,0.957616331657988
"Y04","Y12",1,0.892337742309684
"Y04","Y14",1,0.745040416125877
"Y04","Y16",1,0.793507057652533
"Y04","Y17",1,0.786384230500242
"Y04","Y18",1,0.762542565054523
"Y04","Y19",1,0.886524010160874
"Y04","Y20",1,0.868125899213669
"Y04","Y21",1,0.85449342300288
"Y04","Y22",1,0.843932006817023
"Y04","Y23",1,0.73203559639171
"Y04","Y24",1,0.708349396724365
"Y04","Y25",1,0.674910407895629
"Y04","Y26",1,0.657801983605199
"Y04","Y27",1,0.617238731349991
"Y04","Y28",1,0.603086953829095
"Y04","Y29",1,0.586410712693811
"Y04","Y30",1,0.589202205552097
"Y04","Y31",1,0.540213485977538
"Y04","Y32",1,0.557764893515677
"Y04","Y33",1,0.581112368311057
"Y04","Y34",1,0.690444861308529
"Y04","Y35",1,0.686995233771622
"Y05","Y01",1,0.909504380310025
"Y05","Y02",1,0.935524449768076
"Y05","Y03",1,0.975614666794115
"Y05","Y04",1,0.988516447819627
"Y05","Y06",1,0.995353987890405
"Y05","Y07",1,0.981010618702936
"Y05","Y08",1,0.963613944561878
"Y05","Y09",1,0.945391418111832
"Y05","Y10",1,0.947484549982496
"Y05","Y11",1,0.943443463926168
"Y05","Y12",1,0.887481791812341
"Y05","Y14",1,0.744105616609014
"Y05","Y16",1,0.789194386257293
"Y05","Y17",1,0.781762658228649
"Y05","Y18",1,0.757458244320333
"Y05","Y19",1,0.875553583430624
"Y05","Y20",1,0.856414477368728
"Y05","Y21",1,0.842349655076649
"Y05","Y22",1,0.831097217062374
"Y05","Y23",1,0.719505890009726
"Y05","Y24",1,0.695922965839075
"Y05","Y25",1,0.662645308146984
"Y05","Y26",1,0.645463986402531
"Y05","Y27",1,0.604846366048399
"Y05","Y28",1,0.590697267826777
"Y05","Y29",1,0.574061614789338
"Y05","Y30",1,0.577387609947129
"Y05","Y31",1,0.527732295869588
"Y05","Y32",1,0.544665514622711
"Y05","Y33",1,0.566986358397664
"Y05","Y34",1,0.677708746575248
"Y05","Y35",1,0.673737166114498
"Y06","Y01",1,0.903837365984683
"Y06","Y02",1,0.929033580112007
"Y06","Y03",1,0.967285546955239
"Y06","Y04",1,0.980154000523582
"Y06","Y05",1,0.995353987890405
"Y06","Y07",1,0.989689087162354
"Y06","Y08",1,0.972320666113134
"Y06","Y09",1,0.953968414802302
"Y06","Y10",1,0.955919415822969
"Y06","Y11",1,0.934731965942603
"Y06","Y12",1,0.881461878008995
"Y06","Y14",1,0.740241767565761
"Y06","Y16",1,0.783675249793195
"Y06","Y17",1,0.776118997723784
"Y06","Y18",1,0.751644282100147
"Y06","Y19",1,0.867453326463084
"Y06","Y20",1,0.848141729937605
"Y06","Y21",1,0.833981780433743
"Y06","Y22",1,0.82258419891258
"Y06","Y23",1,0.711084405235566
"Y06","Y24",1,0.687529565275412
"Y06","Y25",1,0.654296302727399
"Y06","Y26",1,0.637098733214332
"Y06","Y27",1,0.596471613893696
"Y06","Y28",1,0.582324400399591
"Y06","Y29",1,0.565700295485338
"Y06","Y30",1,0.569168382671307
"Y06","Y31",1,0.519341135971066
"Y06","Y32",1,0.536133033789637
"Y06","Y33",1,0.558294676641097
"Y06","Y34",1,0.669245422253101
"Y06","Y35",1,0.665166591789634
"Y07","Y01",1,0.892604446936169
"Y07","Y02",1,0.916646014212961
"Y07","Y03",1,0.95302344561094
"Y07","Y04",1,0.965837558618176
"Y07","Y05",1,0.981010618702936
"Y07","Y06",1,0.989689087162354
"Y07","Y08",1,0.986630570715923
"Y07","Y09",1,0.968281741964463
"Y07","Y10",1,0.970025058686834
"Y07","Y11",1,0.920444912738136
"Y07","Y12",1,0.871975044380917
"Y07","Y14",1,0.734802610797077
"Y07","Y16",1,0.775364311428009
"Y07","Y17",1,0.767613337321294
"Y07","Y18",1,0.742892154128064
"Y07","Y19",1,0.854532752963141
"Y07","Y20",1,0.834920935558576
"Y07","Y21",1,0.820584280467292
"Y07","Y22",1,0.808886794348503
"Y07","Y23",1,0.697619710900548
"Y07","Y24",1,0.674130380246041
"Y07","Y25",1,0.64099825892501
"Y07","Y26",1,0.623768729856554
"Y07","Y27",1,0.583126635513842
"Y07","Y28",1,0.568985183210651
"Y07","Y29",1,0.552387969282092
"Y07","Y30",1,0.556155533587535
"Y07","Y31",1,0.505968087557162
"Y07","Y32",1,0.522434257243318
"Y07","Y33",1,0.54414113236223
"Y07","Y34",1,0.655695382895726
"Y07","Y35",1,0.651364622158925
"Y08","Y01",1,0.879421894684091
"Y08","Y02",1,0.901948173782456
"Y08","Y03",1,0.935954884740168
"Y08","Y04",1,0.948648839731255
"Y08","Y05",1,0.963613944561878
"Y08","Y06",1,0.972320666113134
"Y08","Y07",1,0.986630570715923
"Y08","Y09",1,0.984751213971521
"Y08","Y10",1,0.985280702232819
"Y08","Y11",1,0.903015268867795
"Y08","Y12",1,0.857984954439169
"Y08","Y14",1,0.725387563821456
"Y08","Y16",1,0.762868171801888
"Y08","Y17",1,0.754944399343697
"Y08","Y18",1,0.730033287794292
"Y08","Y19",1,0.837804747930605
"Y08","Y20",1,0.818001894837603
"Y08","Y21",1,0.803554751554952
"Y08","Y22",1,0.79167329893682
"Y08","Y23",1,0.680579374472145
"Y08","Y24",1,0.657140242645877
"Y08","Y25",1,0.624087329068959
"Y08","Y26",1,0.606836499754224
"Y08","Y27",1,0.566188173780077
"Y08","Y28",1,0.552052518640022
"Y08","Y29",1,0.535477213711929
"Y08","Y30",1,0.539478571298899
"Y08","Y31",1,0.489015636430204
"Y08","Y32",1,0.5052506409812
"Y08","Y33",1,0.52672123796062
"Y08","Y34",1,0.638601876031902
"Y08","Y35",1,0.63410937166622
"Y09","Y01",1,0.860461730208074
"Y09","Y02",1,0.882662526083499
"Y09","Y03",1,0.917239223956641
"Y09","Y04",1,0.930067141263555
"Y09","Y05",1,0.945391418111832
"Y09","Y06",1,0.953968414802302
"Y09","Y07",1,0.968281741964463
"Y09","Y08",1,0.984751213971521
"Y09","Y10",1,0.999518043001264
"Y09","Y11",1,0.885230351328119
"Y09","Y12",1,0.847682834660813
"Y09","Y14",1,0.722104077227535
"Y09","Y16",1,0.755329132693132
"Y09","Y17",1,0.747196238359449
"Y09","Y18",1,0.722107781345492
"Y09","Y19",1,0.822963819398882
"Y09","Y20",1,0.802759687126841
"Y09","Y21",1,0.788047731387962
"Y09","Y22",1,0.775608051569138
"Y09","Y23",1,0.665201961388934
"Y09","Y24",1,0.641929727366504
"Y09","Y25",1,0.609124418895746
"Y09","Y26",1,0.591825430859687
"Y09","Y27",1,0.551182102614277
"Y09","Y28",1,0.53706979814166
"Y09","Y29",1,0.520563781756068
"Y09","Y30",1,0.525174752023574
"Y09","Y31",1,0.474002583612429
"Y09","Y32",1,0.489489603754053
"Y09","Y33",1,0.509700629929485
"Y09","Y34",1,0.623089706127647
"Y09","Y35",1,0.618021735732541
"Y10","Y01",1,0.860644539243671
"Y10","Y02",1,0.883412688608037
"Y10","Y03",1,0.919140871632161
"Y10","Y04",1,0.932024929563426
"Y10","Y05",1,0.947484549982496
"Y10","Y06",1,0.955919415822969
"Y10","Y07",1,0.970025058686834
"Y10","Y08",1,0.985280702232819
"Y10","Y09",1,0.999518043001264
"Y10","Y11",1,0.887747113837441
"Y10","Y12",1,0.851895357607182
"Y10","Y14",1,0.726650099018512
"Y10","Y16",1,0.759782777423673
"Y10","Y17",1,0.751639953330266
"Y10","Y18",1,0.726544922676184
"Y10","Y19",1,0.826487630537473
"Y10","Y20",1,0.806202368167698
"Y10","Y21",1,0.791432104274527
"Y10","Y22",1,0.778846279907812
"Y10","Y23",1,0.668656979551358
"Y10","Y24",1,0.645429701857977
"Y10","Y25",1,0.612687339538277
"Y10","Y26",1,0.595379623488816
"Y10","Y27",1,0.554742159886227
"Y10","Y28",1,0.540636648144319
"Y10","Y29",1,0.524147935006613
"Y10","Y30",1,0.528887965519184
"Y10","Y31",1,0.477567963122629
"Y10","Y32",1,0.492867640529587
"Y10","Y33",1,0.512679980541966
"Y10","Y34",1,0.626517996843603
"Y10","Y35",1,0.621294040694592
"Y11","Y01",1,0.929348568488772
"Y11","Y02",1,0.954131451254526
"Y11","Y03",1,0.968746032156432
"Y11","Y04",1,0.957616331657988
"Y11","Y05",1,0.943443463926168
"Y11","Y06",1,0.934731965942603
"Y11","Y07",1,0.920444912738136
"Y11","Y08",1,0.903015268867795
"Y11","Y09",1,0.885230351328119
"Y11","Y10",1,0.887747113837441
"Y11","Y12",1,0.916667524880814
"Y11","Y14",1,0.764637400573349
"Y11","Y16",1,0.821338450879748
"Y11","Y17",1,0.815207094138287
"Y11","Y18",1,0.793033658720636
"Y11","Y19",1,0.928579246395692
"Y11","Y20",1,0.91211882116299
"Y11","Y21",1,0.89935916270294
"Y11","Y22",1,0.889757431497695
"Y11","Y23",1,0.777751171523899
"Y11","Y24",1,0.753984961900388
"Y11","Y25",1,0.720408179159056
"Y11","Y26",1,0.703390464752768
"Y11","Y27",1,0.66290781060038
"Y11","Y28",1,0.648760924581923
"Y11","Y29",1,0.632053352064096
"Y11","Y30",1,0.634258260378355
"Y11","Y31",1,0.585999010851639
"Y11","Y32",1,0.604004715283026
"Y11","Y33",1,0.627498441558755
"Y11","Y34",1,0.73638575733885
"Y11","Y35",1,0.733295429154755
"Y12","Y01",1,0.842615249514114
"Y12","Y02",1,0.866745884253024
"Y12","Y03",1,0.895257283427431
"Y12","Y04",1,0.892337742309684
"Y12","Y05",1,0.887481791812341
"Y12","Y06",1,0.881461878008995
"Y12","Y07",1,0.871975044380917
"Y12","Y08",1,0.857984954439169
"Y12","Y09",1,0.847682834660813
"Y12","Y10",1,0.851895357607182
"Y12","Y11",1,0.916667524880814
"Y12","Y14",1,0.852026280958436
"Y12","Y16",1,0.905230558264049
"Y12","Y17",1,0.898084371816138
"Y12","Y18",1,0.87400428392784
"Y12","Y19",1,0.948707040712308
"Y12","Y20",1,0.931344551608085
"Y12","Y21",1,0.917447793694743
"Y12","Y22",1,0.901247777334951
"Y12","Y23",1,0.807173958993185
"Y12","Y24",1,0.785774654946414
"Y12","Y25",1,0.755207550431436
"Y12","Y26",1,0.737943678983699
"Y12","Y27",1,0.697914944766115
"Y12","Y28",1,0.684093218017917
"Y12","Y29",1,0.668114123355193
"Y12","Y30",1,0.675405289930712
"Y12","Y31",1,0.621473221635839
"Y12","Y32",1,0.632527607599319
"Y12","Y33",1,0.641935943640399
"Y12","Y34",1,0.7654237996564
"Y12","Y35",1,0.756126117812689
"Y14","Y01",1,0.690986739595102
"Y14","Y02",1,0.714708511660959
"Y14","Y03",1,0.745530923166253
"Y14","Y04",1,0.745040416125877
"Y14","Y05",1,0.744105616609014
"Y14","Y06",1,0.740241767565761
"Y14","Y07",1,0.734802610797077
"Y14","Y08",1,0.725387563821456
"Y14","Y09",1,0.722104077227535
"Y14","Y10",1,0.726650099018512
"Y14","Y11",1,0.764637400573349
"Y14","Y12",1,0.852026280958436
"Y14","Y16",1,0.934263390427498
"Y14","Y17",1,0.934221528277722
"Y14","Y18",1,0.9338728880115
"Y14","Y19",1,0.818012842798355
"Y14","Y20",1,0.814867808104364
"Y14","Y21",1,0.810647361217318
"Y14","Y22",1,0.798949517276416
"Y14","Y23",1,0.775155980395452
"Y14","Y24",1,0.765456269230583
"Y14","Y25",1,0.749648758906172
"Y14","Y26",1,0.736309156739539
"Y14","Y27",1,0.705665867440813
"Y14","Y28",1,0.694968351244038
"Y14","Y29",1,0.683070200473622
"Y14","Y30",1,0.699614877643038
"Y14","Y31",1,0.641704590093782
"Y14","Y32",1,0.63787057027221
"Y14","Y33",1,0.620752162310135
"Y14","Y34",1,0.746307342614033
"Y14","Y35",1,0.728616821082453
"Y16","Y01",1,0.75060697600456
"Y16","Y02",1,0.772025469540361
"Y16","Y03",1,0.796682660008719
"Y16","Y04",1,0.793507057652533
"Y16","Y05",1,0.789194386257293
"Y16","Y06",1,0.783675249793195
"Y16","Y07",1,0.775364311428009
"Y16","Y08",1,0.762868171801888
"Y16","Y09",1,0.755329132693132
"Y16","Y10",1,0.759782777423673
"Y16","Y11",1,0.821338450879748
"Y16","Y12",1,0.905230558264049
"Y16","Y14",1,0.934263390427498
"Y16","Y17",1,0.995513483580227
"Y16","Y18",1,0.970531491688723
"Y16","Y19",1,0.883596091407434
"Y16","Y20",1,0.88312399620438
"Y16","Y21",1,0.879997188470749
"Y16","Y22",1,0.868688648971576
"Y16","Y23",1,0.834163338649137
"Y16","Y24",1,0.820357804351999
"Y16","Y25",1,0.798589745096106
"Y16","Y26",1,0.783185863956213
"Y16","Y27",1,0.7476926297942
"Y16","Y28",1,0.735368645513502
"Y16","Y29",1,0.721402053336579
"Y16","Y30",1,0.734311540607612
"Y16","Y31",1,0.676763952926053
"Y16","Y32",1,0.67913276381414
"Y16","Y33",1,0.671512079736777
"Y16","Y34",1,0.799919348792945
"Y16","Y35",1,0.784240336075819
"Y17","Y01",1,0.74520112272791
"Y17","Y02",1,0.766143893714721
"Y17","Y03",1,0.78984992618851
"Y17","Y04",1,0.786384230500242
"Y17","Y05",1,0.781762658228649
"Y17","Y06",1,0.776118997723784
"Y17","Y07",1,0.767613337321294
"Y17","Y08",1,0.754944399343697
"Y17","Y09",1,0.747196238359449
"Y17","Y10",1,0.751639953330266
"Y17","Y11",1,0.815207094138287
"Y17","Y12",1,0.898084371816138
"Y17","Y14",1,0.934221528277722
"Y17","Y16",1,0.995513483580227
"Y17","Y18",1,0.97891105426499
"Y17","Y19",1,0.879310178734609
"Y17","Y20",1,0.880159462106291
"Y17","Y21",1,0.878028612259748
"Y17","Y22",1,0.867493677767407
"Y17","Y23",1,0.838906271083411
"Y17","Y24",1,0.825875326345186
"Y17","Y25",1,0.804948544344361
"Y17","Y26",1,0.789762905129526
"Y17","Y27",1,0.754715855147561
"Y17","Y28",1,0.742522531196667
"Y17","Y29",1,0.728713139468535
"Y17","Y30",1,0.741918011710428
"Y17","Y31",1,0.684274047499221
"Y17","Y32",1,0.686131581518511
"Y17","Y33",1,0.67740640353481
"Y17","Y34",1,0.805598024578683
"Y17","Y35",1,0.78953510300141
"Y18","Y01",1,0.724628360155972
"Y18","Y02",1,0.744563746360829
"Y18","Y03",1,0.766479392307845
"Y18","Y04",1,0.762542565054523
"Y18","Y05",1,0.757458244320333
"Y18","Y06",1,0.751644282100147
"Y18","Y07",1,0.742892154128064
"Y18","Y08",1,0.730033287794292
"Y18","Y09",1,0.722107781345492
"Y18","Y10",1,0.726544922676184
"Y18","Y11",1,0.793033658720636
"Y18","Y12",1,0.87400428392784
"Y18","Y14",1,0.9338728880115
"Y18","Y16",1,0.970531491688723
"Y18","Y17",1,0.97891105426499
"Y18","Y19",1,0.860378013769411
"Y18","Y20",1,0.86404471558597
"Y18","Y21",1,0.864244453927856
"Y18","Y22",1,0.855781902122826
"Y18","Y23",1,0.845346159530955
"Y18","Y24",1,0.835286710288505
"Y18","Y25",1,0.817787488000451
"Y18","Y26",1,0.803582515137007
"Y18","Y27",1,0.77054821447046
"Y18","Y28",1,0.75895251636698
"Y18","Y29",1,0.745862233471002
"Y18","Y30",1,0.760347304730737
"Y18","Y31",1,0.702401702564617
"Y18","Y32",1,0.702079108053778
"Y18","Y33",1,0.689097768261204
"Y18","Y34",1,0.815815626176768
"Y18","Y35",1,0.7984782718389
"Y19","Y01",1,0.867545887638734
"Y19","Y02",1,0.884928012637978
"Y19","Y03",1,0.895113388755295
"Y19","Y04",1,0.886524010160874
"Y19","Y05",1,0.875553583430624
"Y19","Y06",1,0.867453326463084
"Y19","Y07",1,0.854532752963141
"Y19","Y08",1,0.837804747930605
"Y19","Y09",1,0.822963819398882
"Y19","Y10",1,0.826487630537473
"Y19","Y11",1,0.928579246395692
"Y19","Y12",1,0.948707040712308
"Y19","Y14",1,0.818012842798355
"Y19","Y16",1,0.883596091407434
"Y19","Y17",1,0.879310178734609
"Y19","Y18",1,0.860378013769411
"Y19","Y20",1,0.983151430857212
"Y19","Y21",1,0.967879127085723
"Y19","Y22",1,0.952921901480694
"Y19","Y23",1,0.846160590589524
"Y19","Y24",1,0.823005070952942
"Y19","Y25",1,0.790212201980889
"Y19","Y26",1,0.772921736291646
"Y19","Y27",1,0.732275114120992
"Y19","Y28",1,0.718156866156963
"Y19","Y29",1,0.701628177359322
"Y19","Y30",1,0.70568892535504
"Y19","Y31",1,0.655093073319772
"Y19","Y32",1,0.670181126418804
"Y19","Y33",1,0.686389293968242
"Y19","Y34",1,0.803960713968119
"Y19","Y35",1,0.797832235342438
"Y20","Y01",1,0.858181807850288
"Y20","Y02",1,0.872486781525311
"Y20","Y03",1,0.877522769733062
"Y20","Y04",1,0.868125899213669
"Y20","Y05",1,0.856414477368728
"Y20","Y06",1,0.848141729937605
"Y20","Y07",1,0.834920935558576
"Y20","Y08",1,0.818001894837603
"Y20","Y09",1,0.802759687126841
"Y20","Y10",1,0.806202368167698
"Y20","Y11",1,0.91211882116299
"Y20","Y12",1,0.931344551608085
"Y20","Y14",1,0.814867808104364
"Y20","Y16",1,0.88312399620438
"Y20","Y17",1,0.880159462106291
"Y20","Y18",1,0.86404471558597
"Y20","Y19",1,0.983151430857212
"Y20","Y21",1,0.988788300268765
"Y20","Y22",1,0.973378892082815
"Y20","Y23",1,0.866508109908976
"Y20","Y24",1,0.843177419430191
"Y20","Y25",1,0.810140324044507
"Y20","Y26",1,0.792899019962019
"Y20","Y27",1,0.752251665600127
"Y20","Y28",1,0.73811461660733
"Y20","Y29",1,0.721529031975475
"Y20","Y30",1,0.725019351943705
"Y20","Y31",1,0.675079858649099
"Y20","Y32",1,0.690684885640342
"Y20","Y33",1,0.707304000817954
"Y20","Y34",1,0.824381425831222
"Y20","Y35",1,0.818600630435891
"Y21","Y01",1,0.85034827237436
"Y21","Y02",1,0.862523663274938
"Y21","Y03",1,0.864347046674543
"Y21","Y04",1,0.85449342300288
"Y21","Y05",1,0.842349655076649
"Y21","Y06",1,0.833981780433743
"Y21","Y07",1,0.820584280467292
"Y21","Y08",1,0.803554751554952
"Y21","Y09",1,0.788047731387962
"Y21","Y10",1,0.791432104274527
"Y21","Y11",1,0.89935916270294
"Y21","Y12",1,0.917447793694743
"Y21","Y14",1,0.810647361217318
"Y21","Y16",1,0.879997188470749
"Y21","Y17",1,0.878028612259748
"Y21","Y18",1,0.864244453927856
"Y21","Y19",1,0.967879127085723
"Y21","Y20",1,0.988788300268765
"Y21","Y22",1,0.987834674820629
"Y21","Y23",1,0.881090582950407
"Y21","Y24",1,0.857604352740453
"Y21","Y25",1,0.824359464838304
"Y21","Y26",1,0.807179197890271
"Y21","Y27",1,0.766555692338105
"Y21","Y28",1,0.752408024840872
"Y21","Y29",1,0.735777649714562
"Y21","Y30",1,0.738753705689861
"Y21","Y31",1,0.689422259780187
"Y21","Y32",1,0.705500912202212
"Y21","Y33",1,0.722572315133204
"Y21","Y34",1,0.839075454503983
"Y21","Y35",1,0.833665214085455
"Y22","Y01",1,0.847517246200729
"Y22","Y02",1,0.856997359040081
"Y22","Y03",1,0.854452089044889
"Y22","Y04",1,0.843932006817023
"Y22","Y05",1,0.831097217062374
"Y22","Y06",1,0.82258419891258
"Y22","Y07",1,0.808886794348503
"Y22","Y08",1,0.79167329893682
"Y22","Y09",1,0.775608051569138
"Y22","Y10",1,0.778846279907812
"Y22","Y11",1,0.889757431497695
"Y22","Y12",1,0.901247777334951
"Y22","Y14",1,0.798949517276416
"Y22","Y16",1,0.868688648971576
"Y22","Y17",1,0.867493677767407
"Y22","Y18",1,0.855781902122826
"Y22","Y19",1,0.952921901480694
"Y22","Y20",1,0.973378892082815
"Y22","Y21",1,0.987834674820629
"Y22","Y23",1,0.89205981133679
"Y22","Y24",1,0.868284096460413
"Y22","Y25",1,0.834661170848807
"Y22","Y26",1,0.817684546547626
"Y22","Y27",1,0.777216426792544
"Y22","Y28",1,0.763069641186716
"Y22","Y29",1,0.746361122357447
"Y22","Y30",1,0.748208576790901
"Y22","Y31",1,0.700287287521576
"Y22","Y32",1,0.717606642847871
"Y22","Y33",1,0.736749614353917
"Y22","Y34",1,0.850578555492094
"Y22","Y35",1,0.846462746609406
"Y23","Y01",1,0.742482884333755
"Y23","Y02",1,0.747660526077617
"Y23","Y03",1,0.742448617493818
"Y23","Y04",1,0.73203559639171
"Y23","Y05",1,0.719505890009726
"Y23","Y06",1,0.711084405235566
"Y23","Y07",1,0.697619710900548
"Y23","Y08",1,0.680579374472145
"Y23","Y09",1,0.665201961388934
"Y23","Y10",1,0.668656979551358
"Y23","Y11",1,0.777751171523899
"Y23","Y12",1,0.807173958993185
"Y23","Y14",1,0.775155980395452
"Y23","Y16",1,0.834163338649137
"Y23","Y17",1,0.838906271083411
"Y23","Y18",1,0.845346159530955
"Y23","Y19",1,0.846160590589524
"Y23","Y20",1,0.866508109908976
"Y23","Y21",1,0.881090582950407
"Y23","Y22",1,0.89205981133679
"Y23","Y24",1,0.98020946343321
"Y23","Y25",1,0.946419731809991
"Y23","Y26",1,0.929641943920313
"Y23","Y27",1,0.88922276350401
"Y23","Y28",1,0.875075694800863
"Y23","Y29",1,0.858366418491676
"Y23","Y30",1,0.85934525221151
"Y23","Y31",1,0.812243242023945
"Y23","Y32",1,0.827990930125719
"Y23","Y33",1,0.836994033093706
"Y23","Y34",1,0.96181770747411
"Y23","Y35",1,0.952135223657535
"Y24","Y01",1,0.718979511508758
"Y24","Y02",1,0.723863623132443
"Y24","Y03",1,0.718692968674932
"Y24","Y04",1,0.708349396724365
"Y24","Y05",1,0.695922965839075
"Y24","Y06",1,0.687529565275412
"Y24","Y07",1,0.674130380246041
"Y24","Y08",1,0.657140242645877
"Y24","Y09",1,0.641929727366504
"Y24","Y10",1,0.645429701857977
"Y24","Y11",1,0.753984961900388
"Y24","Y12",1,0.785774654946414
"Y24","Y14",1,0.765456269230583
"Y24","Y16",1,0.820357804351999
"Y24","Y17",1,0.825875326345186
"Y24","Y18",1,0.835286710288505
"Y24","Y19",1,0.823005070952942
"Y24","Y20",1,0.843177419430191
"Y24","Y21",1,0.857604352740453
"Y24","Y22",1,0.868284096460413
"Y24","Y23",1,0.98020946343321
"Y24","Y25",1,0.970265303898798
"Y24","Y26",1,0.953464703681321
"Y24","Y27",1,0.912955481828193
"Y24","Y28",1,0.898803700181598
"Y24","Y29",1,0.88212009121953
"Y24","Y30",1,0.883121091298711
"Y24","Y31",1,0.835875422589492
"Y24","Y32",1,0.850549775214065
"Y24","Y33",1,0.854695835221874
"Y24","Y34",1,0.983157135134566
"Y24","Y35",1,0.967224694333693
"Y25","Y01",1,0.685414989741415
"Y25","Y02",1,0.69007448827949
"Y25","Y03",1,0.685139473983891
"Y25","Y04",1,0.674910407895629
"Y25","Y05",1,0.662645308146984
"Y25","Y06",1,0.654296302727399
"Y25","Y07",1,0.64099825892501
"Y25","Y08",1,0.624087329068959
"Y25","Y09",1,0.609124418895746
"Y25","Y10",1,0.612687339538277
"Y25","Y11",1,0.720408179159056
"Y25","Y12",1,0.755207550431436
"Y25","Y14",1,0.749648758906172
"Y25","Y16",1,0.798589745096106
"Y25","Y17",1,0.804948544344361
"Y25","Y18",1,0.817787488000451
"Y25","Y19",1,0.790212201980889
"Y25","Y20",1,0.810140324044507
"Y25","Y21",1,0.824359464838304
"Y25","Y22",1,0.834661170848807
"Y25","Y23",1,0.946419731809991
"Y25","Y24",1,0.970265303898798
"Y25","Y26",1,0.986718463168222
"Y25","Y27",1,0.946120505175603
"Y25","Y28",1,0.932010642608849
"Y25","Y29",1,0.915454775723311
"Y25","Y30",1,0.916862779659273
"Y25","Y31",1,0.868944310996127
"Y25","Y32",1,0.881047726745981
"Y25","Y33",1,0.875168979600795
"Y25","Y34",1,0.981424711043266
"Y25","Y35",1,0.965357374974047
"Y26","Y01",1,0.669508518627556
"Y26","Y02",1,0.673637656259012
"Y26","Y03",1,0.668103336487057
"Y26","Y04",1,0.657801983605199
"Y26","Y05",1,0.645463986402531
"Y26","Y06",1,0.637098733214332
"Y26","Y07",1,0.623768729856554
"Y26","Y08",1,0.606836499754224
"Y26","Y09",1,0.591825430859687
"Y26","Y10",1,0.595379623488816
"Y26","Y11",1,0.703390464752768
"Y26","Y12",1,0.737943678983699
"Y26","Y14",1,0.736309156739539
"Y26","Y16",1,0.783185863956213
"Y26","Y17",1,0.789762905129526
"Y26","Y18",1,0.803582515137007
"Y26","Y19",1,0.772921736291646
"Y26","Y20",1,0.792899019962019
"Y26","Y21",1,0.807179197890271
"Y26","Y22",1,0.817684546547626
"Y26","Y23",1,0.929641943920313
"Y26","Y24",1,0.953464703681321
"Y26","Y25",1,0.986718463168222
"Y26","Y27",1,0.963415778427563
"Y26","Y28",1,0.9492816800436
"Y26","Y29",1,0.932662540752203
"Y26","Y30",1,0.932689875461862
"Y26","Y31",1,0.886233979242621
"Y26","Y32",1,0.89802343644904
"Y26","Y33",1,0.887755513598437
"Y26","Y34",1,0.968511212105226
"Y26","Y35",1,0.958563192873977
"Y27","Y01",1,0.630558510957952
"Y27","Y02",1,0.633893731481111
"Y27","Y03",1,0.627606381578997
"Y27","Y04",1,0.617238731349991
"Y27","Y05",1,0.604846366048399
"Y27","Y06",1,0.596471613893696
"Y27","Y07",1,0.583126635513842
"Y27","Y08",1,0.566188173780077
"Y27","Y09",1,0.551182102614277
"Y27","Y10",1,0.554742159886227
"Y27","Y11",1,0.66290781060038
"Y27","Y12",1,0.697914944766115
"Y27","Y14",1,0.705665867440813
"Y27","Y16",1,0.7476926297942
"Y27","Y17",1,0.754715855147561
"Y27","Y18",1,0.77054821447046
"Y27","Y19",1,0.732275114120992
"Y27","Y20",1,0.752251665600127
"Y27","Y21",1,0.766555692338105
"Y27","Y22",1,0.777216426792544
"Y27","Y23",1,0.88922276350401
"Y27","Y24",1,0.912955481828193
"Y27","Y25",1,0.946120505175603
"Y27","Y26",1,0.963415778427563
"Y27","Y28",1,0.989914274616488
"Y27","Y29",1,0.973200756321573
"Y27","Y30",1,0.967324170083177
"Y27","Y31",1,0.926883495015754
"Y27","Y32",1,0.935476836896258
"Y27","Y33",1,0.90754499190469
"Y27","Y34",1,0.929823257095258
"Y27","Y35",1,0.926311012577183
"Y28","Y01",1,0.616723771313629
"Y28","Y02",1,0.619878149883978
"Y28","Y03",1,0.613458399833053
"Y28","Y04",1,0.603086953829095
"Y28","Y05",1,0.590697267826777
"Y28","Y06",1,0.582324400399591
"Y28","Y07",1,0.568985183210651
"Y28","Y08",1,0.552052518640022
"Y28","Y09",1,0.53706979814166
"Y28","Y10",1,0.540636648144319
"Y28","Y11",1,0.648760924581923
"Y28","Y12",1,0.684093218017917
"Y28","Y14",1,0.694968351244038
"Y28","Y16",1,0.735368645513502
"Y28","Y17",1,0.742522531196667
"Y28","Y18",1,0.75895251636698
"Y28","Y19",1,0.718156866156963
"Y28","Y20",1,0.73811461660733
"Y28","Y21",1,0.752408024840872
"Y28","Y22",1,0.763069641186716
"Y28","Y23",1,0.875075694800863
"Y28","Y24",1,0.898803700181598
"Y28","Y25",1,0.932010642608849
"Y28","Y26",1,0.9492816800436
"Y28","Y27",1,0.989914274616488
"Y28","Y29",1,0.987313314968646
"Y28","Y30",1,0.976138476950614
"Y28","Y31",1,0.940997413987441
"Y28","Y32",1,0.946967426938854
"Y28","Y33",1,0.910378808006153
"Y28","Y34",1,0.915812610240849
"Y28","Y35",1,0.913179613242307
"Y29","Y01",1,0.600062733952053
"Y29","Y02",1,0.603135188456531
"Y29","Y03",1,0.596754696693877
"Y29","Y04",1,0.586410712693811
"Y29","Y05",1,0.574061614789338
"Y29","Y06",1,0.565700295485338
"Y29","Y07",1,0.552387969282092
"Y29","Y08",1,0.535477213711929
"Y29","Y09",1,0.520563781756068
"Y29","Y10",1,0.524147935006613
"Y29","Y11",1,0.632053352064096
"Y29","Y12",1,0.668114123355193
"Y29","Y14",1,0.683070200473622
"Y29","Y16",1,0.721402053336579
"Y29","Y17",1,0.728713139468535
"Y29","Y18",1,0.745862233471002
"Y29","Y19",1,0.701628177359322
"Y29","Y20",1,0.721529031975475
"Y29","Y21",1,0.735777649714562
"Y29","Y22",1,0.746361122357447
"Y29","Y23",1,0.858366418491676
"Y29","Y24",1,0.88212009121953
"Y29","Y25",1,0.915454775723311
"Y29","Y26",1,0.932662540752203
"Y29","Y27",1,0.973200756321573
"Y29","Y28",1,0.987313314968646
"Y29","Y30",1,0.980794728837247
"Y29","Y31",1,0.957373743737987
"Y29","Y32",1,0.957169116270832
"Y29","Y33",1,0.909336407067432
"Y29","Y34",1,0.899065436873387
"Y29","Y35",1,0.896869763304742
"Y30","Y01",1,0.598272543390142
"Y30","Y02",1,0.602939701171765
"Y30","Y03",1,0.599095877213324
"Y30","Y04",1,0.589202205552097
"Y30","Y05",1,0.577387609947129
"Y30","Y06",1,0.569168382671307
"Y30","Y07",1,0.556155533587535
"Y30","Y08",1,0.539478571298899
"Y30","Y09",1,0.525174752023574
"Y30","Y10",1,0.528887965519184
"Y30","Y11",1,0.634258260378355
"Y30","Y12",1,0.675405289930712
"Y30","Y14",1,0.699614877643038
"Y30","Y16",1,0.734311540607612
"Y30","Y17",1,0.741918011710428
"Y30","Y18",1,0.760347304730737
"Y30","Y19",1,0.70568892535504
"Y30","Y20",1,0.725019351943705
"Y30","Y21",1,0.738753705689861
"Y30","Y22",1,0.748208576790901
"Y30","Y23",1,0.85934525221151
"Y30","Y24",1,0.883121091298711
"Y30","Y25",1,0.916862779659273
"Y30","Y26",1,0.932689875461862
"Y30","Y27",1,0.967324170083177
"Y30","Y28",1,0.976138476950614
"Y30","Y29",1,0.980794728837247
"Y30","Y31",1,0.946037408839894
"Y30","Y32",1,0.935572044560251
"Y30","Y33",1,0.886457215112551
"Y30","Y34",1,0.897210243816787
"Y30","Y35",1,0.890858480781238
"Y31","Y01",1,0.555914191652804
"Y31","Y02",1,0.558086151576253
"Y31","Y03",1,0.550683585404277
"Y31","Y04",1,0.540213485977538
"Y31","Y05",1,0.527732295869588
"Y31","Y06",1,0.519341135971066
"Y31","Y07",1,0.505968087557162
"Y31","Y08",1,0.489015636430204
"Y31","Y09",1,0.474002583612429
"Y31","Y10",1,0.477567963122629
"Y31","Y11",1,0.585999010851639
"Y31","Y12",1,0.621473221635839
"Y31","Y14",1,0.641704590093782
"Y31","Y16",1,0.676763952926053
"Y31","Y17",1,0.684274047499221
"Y31","Y18",1,0.702401702564617
"Y31","Y19",1,0.655093073319772
"Y31","Y20",1,0.675079858649099
"Y31","Y21",1,0.689422259780187
"Y31","Y22",1,0.700287287521576
"Y31","Y23",1,0.812243242023945
"Y31","Y24",1,0.835875422589492
"Y31","Y25",1,0.868944310996127
"Y31","Y26",1,0.886233979242621
"Y31","Y27",1,0.926883495015754
"Y31","Y28",1,0.940997413987441
"Y31","Y29",1,0.957373743737987
"Y31","Y30",1,0.946037408839894
"Y31","Y32",1,0.967458575093171
"Y31","Y33",1,0.902570459678786
"Y31","Y34",1,0.853559209154171
"Y31","Y35",1,0.853585701225888
"Y32","Y01",1,0.578896548306908
"Y32","Y02",1,0.579199901792656
"Y32","Y03",1,0.568744936099632
"Y32","Y04",1,0.557764893515677
"Y32","Y05",1,0.544665514622711
"Y32","Y06",1,0.536133033789637
"Y32","Y07",1,0.522434257243318
"Y32","Y08",1,0.5052506409812
"Y32","Y09",1,0.489489603754053
"Y32","Y10",1,0.492867640529587
"Y32","Y11",1,0.604004715283026
"Y32","Y12",1,0.632527607599319
"Y32","Y14",1,0.63787057027221
"Y32","Y16",1,0.67913276381414
"Y32","Y17",1,0.686131581518511
"Y32","Y18",1,0.702079108053778
"Y32","Y19",1,0.670181126418804
"Y32","Y20",1,0.690684885640342
"Y32","Y21",1,0.705500912202212
"Y32","Y22",1,0.717606642847871
"Y32","Y23",1,0.827990930125719
"Y32","Y24",1,0.850549775214065
"Y32","Y25",1,0.881047726745981
"Y32","Y26",1,0.89802343644904
"Y32","Y27",1,0.935476836896258
"Y32","Y28",1,0.946967426938854
"Y32","Y29",1,0.957169116270832
"Y32","Y30",1,0.935572044560251
"Y32","Y31",1,0.967458575093171
"Y32","Y33",1,0.93916914621695
"Y32","Y34",1,0.87023836308331
"Y32","Y35",1,0.874698038308771
"Y33","Y01",1,0.612911149843144
"Y33","Y02",1,0.609369572647707
"Y33","Y03",1,0.592936349164388
"Y33","Y04",1,0.581112368311057
"Y33","Y05",1,0.566986358397664
"Y33","Y06",1,0.558294676641097
"Y33","Y07",1,0.54414113236223
"Y33","Y08",1,0.52672123796062
"Y33","Y09",1,0.509700629929485
"Y33","Y10",1,0.512679980541966
"Y33","Y11",1,0.627498441558755
"Y33","Y12",1,0.641935943640399
"Y33","Y14",1,0.620752162310135
"Y33","Y16",1,0.671512079736777
"Y33","Y17",1,0.67740640353481
"Y33","Y18",1,0.689097768261204
"Y33","Y19",1,0.686389293968242
"Y33","Y20",1,0.707304000817954
"Y33","Y21",1,0.722572315133204
"Y33","Y22",1,0.736749614353917
"Y33","Y23",1,0.836994033093706
"Y33","Y24",1,0.854695835221874
"Y33","Y25",1,0.875168979600795
"Y33","Y26",1,0.887755513598437
"Y33","Y27",1,0.90754499190469
"Y33","Y28",1,0.910378808006153
"Y33","Y29",1,0.909336407067432
"Y33","Y30",1,0.886457215112551
"Y33","Y31",1,0.902570459678786
"Y33","Y32",1,0.93916914621695
"Y33","Y34",1,0.875454291469241
"Y33","Y35",1,0.888923620476965
"Y34","Y01",1,0.704624511018115
"Y34","Y02",1,0.708129103020548
"Y34","Y03",1,0.701065657158325
"Y34","Y04",1,0.690444861308529
"Y34","Y05",1,0.677708746575248
"Y34","Y06",1,0.669245422253101
"Y34","Y07",1,0.655695382895726
"Y34","Y08",1,0.638601876031902
"Y34","Y09",1,0.623089706127647
"Y34","Y10",1,0.626517996843603
"Y34","Y11",1,0.73638575733885
"Y34","Y12",1,0.7654237996564
"Y34","Y14",1,0.746307342614033
"Y34","Y16",1,0.799919348792945
"Y34","Y17",1,0.805598024578683
"Y34","Y18",1,0.815815626176768
"Y34","Y19",1,0.803960713968119
"Y34","Y20",1,0.824381425831222
"Y34","Y21",1,0.839075454503983
"Y34","Y22",1,0.850578555492094
"Y34","Y23",1,0.96181770747411
"Y34","Y24",1,0.983157135134566
"Y34","Y25",1,0.981424711043266
"Y34","Y26",1,0.968511212105226
"Y34","Y27",1,0.929823257095258
"Y34","Y28",1,0.915812610240849
"Y34","Y29",1,0.899065436873387
"Y34","Y30",1,0.897210243816787
"Y34","Y31",1,0.853559209154171
"Y34","Y32",1,0.87023836308331
"Y34","Y33",1,0.875454291469241
"Y34","Y35",1,0.984023366665577
"Y35","Y01",1,0.706388955414953
"Y35","Y02",1,0.708021506473148
"Y35","Y03",1,0.698062176329678
"Y35","Y04",1,0.686995233771622
"Y35","Y05",1,0.673737166114498
"Y35","Y06",1,0.665166591789634
"Y35","Y07",1,0.651364622158925
"Y35","Y08",1,0.63410937166622
"Y35","Y09",1,0.618021735732541
"Y35","Y10",1,0.621294040694592
"Y35","Y11",1,0.733295429154755
"Y35","Y12",1,0.756126117812689
"Y35","Y14",1,0.728616821082453
"Y35","Y16",1,0.784240336075819
"Y35","Y17",1,0.78953510300141
"Y35","Y18",1,0.7984782718389
"Y35","Y19",1,0.797832235342438
"Y35","Y20",1,0.818600630435891
"Y35","Y21",1,0.833665214085455
"Y35","Y22",1,0.846462746609406
"Y35","Y23",1,0.952135223657535
"Y35","Y24",1,0.967224694333693
"Y35","Y25",1,0.965357374974047
"Y35","Y26",1,0.958563192873977
"Y35","Y27",1,0.926311012577183
"Y35","Y28",1,0.913179613242307
"Y35","Y29",1,0.896869763304742
"Y35","Y30",1,0.890858480781238
"Y35","Y31",1,0.853585701225888
"Y35","Y32",1,0.874698038308771
"Y35","Y33",1,0.888923620476965
"Y35","Y34",1,0.984023366665577
"Z02","Z03",1,0.946228647965202
"Z02","Z05",1,0.967602665043421
"Z02","Z06",1,0.975861849734048
"Z02","Z07",1,0.967326449970756
"Z02","Z08",1,0.975983524883744
"Z02","Z10",1,0.918930115915057
"Z02","Z11",1,0.913683888778811
"Z02","Z13",1,0.879855805467026
"Z02","Z14",1,0.899307384955292
"Z02","Z15",1,0.890404641249608
"Z02","Z16",1,0.876845712612271
"Z02","Z17",1,0.860480041945525
"Z02","Z18",1,0.888238138037131
"Z02","Z19",1,0.892914368321756
"Z02","Z20",1,0.889750330230766
"Z02","Z21",1,0.891584463649805
"Z02","Z22",1,0.867759158648761
"Z02","Z23",1,0.880076775058247
"Z02","Z24",1,0.88515002938086
"Z02","Z26",1,0.865431955036711
"Z02","Z27",1,0.805968927805075
"Z02","Z28",1,0.804061059114788
"Z02","Z29",1,0.801265094312326
"Z02","Z30",1,0.794668130914166
"Z02","Z31",1,0.787489380657786
"Z02","Z32",1,0.774231674676744
"Z02","Z33",1,0.759072273478388
"Z02","Z35",1,0.86796055332396
"Z02","Z38",1,0.904372584896559
"Z02","Z39",1,0.89733002531153
"Z02","Z40",1,0.887474696603229
"Z02","Z41",1,0.810931720237161
"Z02","Z42",1,0.710093445768981
"Z02","Z43",1,0.647641486595371
"Z02","Z44",1,0.682300972441292
"Z02","Z45",1,0.66556734663899
"Z03","Z02",1,0.946228647965202
"Z03","Z05",1,0.910874501826627
"Z03","Z06",1,0.924380593938175
"Z03","Z07",1,0.924516411018917
"Z03","Z08",1,0.956240619076611
"Z03","Z10",1,0.925320818444265
"Z03","Z11",1,0.931548821605157
"Z03","Z13",1,0.904966669060761
"Z03","Z14",1,0.912785985979356
"Z03","Z15",1,0.901046482091076
"Z03","Z16",1,0.883512632074318
"Z03","Z17",1,0.870775515741515
"Z03","Z18",1,0.919204323152599
"Z03","Z19",1,0.927311438956157
"Z03","Z20",1,0.928336680911842
"Z03","Z21",1,0.931953710945908
"Z03","Z22",1,0.916418549015108
"Z03","Z23",1,0.929647755754592
"Z03","Z24",1,0.937134756036963
"Z03","Z26",1,0.921497979970801
"Z03","Z27",1,0.861545912120003
"Z03","Z28",1,0.858143236392749
"Z03","Z29",1,0.853384461917989
"Z03","Z30",1,0.839984476244142
"Z03","Z31",1,0.829854640247044
"Z03","Z32",1,0.813630920451574
"Z03","Z33",1,0.795225011263308
"Z03","Z35",1,0.914408434557555
"Z03","Z38",1,0.905856290221523
"Z03","Z39",1,0.906483366750573
"Z03","Z40",1,0.911586319572167
"Z03","Z41",1,0.811505605289678
"Z03","Z42",1,0.719684334509829
"Z03","Z43",1,0.658947772266121
"Z03","Z44",1,0.712357935686212
"Z03","Z45",1,0.693502464782481
"Z05","Z02",1,0.967602665043421
"Z05","Z03",1,0.910874501826627
"Z05","Z06",1,0.985856984863504
"Z05","Z07",1,0.973515268769463
"Z05","Z08",1,0.952081791487181
"Z05","Z10",1,0.906665231393616
"Z05","Z11",1,0.896317619305179
"Z05","Z13",1,0.862905610745016
"Z05","Z14",1,0.886453909176548
"Z05","Z15",1,0.880315183437268
"Z05","Z16",1,0.870637748361552
"Z05","Z17",1,0.853577616830312
"Z05","Z18",1,0.867538265604071
"Z05","Z19",1,0.870134369489844
"Z05","Z20",1,0.865239740692753
"Z05","Z21",1,0.866104691418124
"Z05","Z22",1,0.839375433991611
"Z05","Z23",1,0.850778924565713
"Z05","Z24",1,0.854431310942799
"Z05","Z26",1,0.832618843362141
"Z05","Z27",1,0.774126397837261
"Z05","Z28",1,0.773452762377413
"Z05","Z29",1,0.772128158648174
"Z05","Z30",1,0.770114858442642
"Z05","Z31",1,0.76492729742622
"Z05","Z32",1,0.753793550399344
"Z05","Z33",1,0.740975099269263
"Z05","Z35",1,0.840745346929601
"Z05","Z38",1,0.879210108034576
"Z05","Z39",1,0.869766910997505
"Z05","Z40",1,0.855692363256727
"Z05","Z41",1,0.813132132742944
"Z05","Z42",1,0.70968318070744
"Z05","Z43",1,0.647172805989156
"Z05","Z44",1,0.669375191590255
"Z05","Z45",1,0.654235379406293
"Z06","Z02",1,0.975861849734048
"Z06","Z03",1,0.924380593938175
"Z06","Z05",1,0.985856984863504
"Z06","Z07",1,0.98999218207004
"Z06","Z08",1,0.96892670662466
"Z06","Z10",1,0.924498265780119
"Z06","Z11",1,0.914490340483935
"Z06","Z13",1,0.880992324316741
"Z06","Z14",1,0.904234576980872
"Z06","Z15",1,0.897668878236435
"Z06","Z16",1,0.887175405977468
"Z06","Z17",1,0.870169595803836
"Z06","Z18",1,0.885746699414508
"Z06","Z19",1,0.888282391165166
"Z06","Z20",1,0.883274268001984
"Z06","Z21",1,0.884035652759863
"Z06","Z22",1,0.856924562705602
"Z06","Z23",1,0.868082327792798
"Z06","Z24",1,0.871309377295928
"Z06","Z26",1,0.848739916474839
"Z06","Z27",1,0.790841731915802
"Z06","Z28",1,0.790593682769307
"Z06","Z29",1,0.789651033894033
"Z06","Z30",1,0.788247769036072
"Z06","Z31",1,0.783133089356163
"Z06","Z32",1,0.771974694876936
"Z06","Z33",1,0.75902059247878
"Z06","Z35",1,0.858503818053798
"Z06","Z38",1,0.878119223399762
"Z06","Z39",1,0.870177903124246
"Z06","Z40",1,0.859330543019898
"Z06","Z41",1,0.826978755283746
"Z06","Z42",1,0.724113478236185
"Z06","Z43",1,0.661536111394951
"Z06","Z44",1,0.686746561011345
"Z06","Z45",1,0.67132035634141
"Z07","Z02",1,0.967326449970756
"Z07","Z03",1,0.924516411018917
"Z07","Z05",1,0.973515268769463
"Z07","Z06",1,0.98999218207004
"Z07","Z08",1,0.972099634911968
"Z07","Z10",1,0.936975830209043
"Z07","Z11",1,0.925752638103478
"Z07","Z13",1,0.892831959507974
"Z07","Z14",1,0.916845949431534
"Z07","Z15",1,0.910865857783234
"Z07","Z16",1,0.900929405915311
"Z07","Z17",1,0.883892021340845
"Z07","Z18",1,0.896389692804348
"Z07","Z19",1,0.898123837005234
"Z07","Z20",1,0.892484103274024
"Z07","Z21",1,0.892802340944014
"Z07","Z22",1,0.864641134204543
"Z07","Z23",1,0.875131597275893
"Z07","Z24",1,0.87741756136088
"Z07","Z26",1,0.853617907341263
"Z07","Z27",1,0.79699595840481
"Z07","Z28",1,0.797583964328019
"Z07","Z29",1,0.797513393060252
"Z07","Z30",1,0.7982292367558
"Z07","Z31",1,0.79385438433765
"Z07","Z32",1,0.78339514427761
"Z07","Z33",1,0.771094064709901
"Z07","Z35",1,0.866806447343024
"Z07","Z38",1,0.867705218987734
"Z07","Z39",1,0.860614049268781
"Z07","Z40",1,0.851800720965333
"Z07","Z41",1,0.841008850618888
"Z07","Z42",1,0.73818642930327
"Z07","Z43",1,0.675608577604382
"Z07","Z44",1,0.699924866687141
"Z07","Z45",1,0.684733197091946
"Z08","Z02",1,0.975983524883744
"Z08","Z03",1,0.956240619076611
"Z08","Z05",1,0.952081791487181
"Z08","Z06",1,0.96892670662466
"Z08","Z07",1,0.972099634911968
"Z08","Z10",1,0.946590848276669
"Z08","Z11",1,0.941738938318818
"Z08","Z13",1,0.907854364079513
"Z08","Z14",1,0.927242364867677
"Z08","Z15",1,0.918010316638564
"Z08","Z16",1,0.903741312379076
"Z08","Z17",1,0.887706577767151
"Z08","Z18",1,0.915656981857789
"Z08","Z19",1,0.919713419157703
"Z08","Z20",1,0.91578353670766
"Z08","Z21",1,0.917115833421705
"Z08","Z22",1,0.891215954911013
"Z08","Z23",1,0.902749391671285
"Z08","Z24",1,0.906335997125324
"Z08","Z26",1,0.883856496683604
"Z08","Z27",1,0.825919972336573
"Z08","Z28",1,0.825430372654351
"Z08","Z29",1,0.824022194852955
"Z08","Z30",1,0.820369400278071
"Z08","Z31",1,0.814007086928374
"Z08","Z32",1,0.801388704857755
"Z08","Z33",1,0.78671619616048
"Z08","Z35",1,0.89230089345911
"Z08","Z38",1,0.885345837915164
"Z08","Z39",1,0.880727912085709
"Z08","Z40",1,0.876445781214881
"Z08","Z41",1,0.835854594520609
"Z08","Z42",1,0.736404253586286
"Z08","Z43",1,0.674107334357539
"Z08","Z44",1,0.710377049227354
"Z08","Z45",1,0.69364112493851
"Z10","Z02",1,0.918930115915057
"Z10","Z03",1,0.925320818444265
"Z10","Z05",1,0.906665231393616
"Z10","Z06",1,0.924498265780119
"Z10","Z07",1,0.936975830209043
"Z10","Z08",1,0.946590848276669
"Z10","Z11",1,0.987524385417393
"Z10","Z13",1,0.959421919944395
"Z10","Z14",1,0.983780206675707
"Z10","Z15",1,0.975485559644958
"Z10","Z16",1,0.960290088638763
"Z10","Z17",1,0.944950187218618
"Z10","Z18",1,0.959121287555497
"Z10","Z19",1,0.957044214341797
"Z10","Z20",1,0.94902223469092
"Z10","Z21",1,0.947093144395158
"Z10","Z22",1,0.917087550073734
"Z10","Z23",1,0.92333584497869
"Z10","Z24",1,0.920695556177139
"Z10","Z26",1,0.893914806860674
"Z10","Z27",1,0.846634114803551
"Z10","Z28",1,0.85057597523637
"Z10","Z29",1,0.853851135623336
"Z10","Z30",1,0.861526904077781
"Z10","Z31",1,0.859017469408463
"Z10","Z32",1,0.849848202929019
"Z10","Z33",1,0.838148374412421
"Z10","Z35",1,0.921705319785015
"Z10","Z38",1,0.833142884229656
"Z10","Z39",1,0.830975253841925
"Z10","Z40",1,0.833036206970723
"Z10","Z41",1,0.889384683033465
"Z10","Z42",1,0.79290677191104
"Z10","Z43",1,0.730870054702545
"Z10","Z44",1,0.765909117699607
"Z10","Z45",1,0.749910355821854
"Z11","Z02",1,0.913683888778811
"Z11","Z03",1,0.931548821605157
"Z11","Z05",1,0.896317619305179
"Z11","Z06",1,0.914490340483935
"Z11","Z07",1,0.925752638103478
"Z11","Z08",1,0.941738938318818
"Z11","Z10",1,0.987524385417393
"Z11","Z13",1,0.970075909282639
"Z11","Z14",1,0.985265051414822
"Z11","Z15",1,0.97341036191616
"Z11","Z16",1,0.955588228480419
"Z11","Z17",1,0.943261691385587
"Z11","Z18",1,0.974193996187511
"Z11","Z19",1,0.973343678454528
"Z11","Z20",1,0.965505408263004
"Z11","Z21",1,0.963634250141087
"Z11","Z22",1,0.933622787218298
"Z11","Z23",1,0.939741264036746
"Z11","Z24",1,0.936668145750996
"Z11","Z26",1,0.909898095208185
"Z11","Z27",1,0.863160753376958
"Z11","Z28",1,0.866966947799219
"Z11","Z29",1,0.869919225795587
"Z11","Z30",1,0.875767181809294
"Z11","Z31",1,0.872108233722327
"Z11","Z32",1,0.861540361986174
"Z11","Z33",1,0.848254435154884
"Z11","Z35",1,0.938155156857755
"Z11","Z38",1,0.835521117483781
"Z11","Z39",1,0.834661530770815
"Z11","Z40",1,0.839303008032071
"Z11","Z41",1,0.883565181511453
"Z11","Z42",1,0.791515995021614
"Z11","Z43",1,0.730190447880067
"Z11","Z44",1,0.77266680430077
"Z11","Z45",1,0.755721626323574
"Z13","Z02",1,0.879855805467026
"Z13","Z03",1,0.904966669060761
"Z13","Z05",1,0.862905610745016
"Z13","Z06",1,0.880992324316741
"Z13","Z07",1,0.892831959507974
"Z13","Z08",1,0.907854364079513
"Z13","Z10",1,0.959421919944395
"Z13","Z11",1,0.970075909282639
"Z13","Z14",1,0.977722994286196
"Z13","Z15",1,0.975003286351439
"Z13","Z16",1,0.963125845050349
"Z13","Z17",1,0.960832018309447
"Z13","Z18",1,0.98723207268262
"Z13","Z19",1,0.977720443271439
"Z13","Z20",1,0.970808934181056
"Z13","Z21",1,0.966166081960559
"Z13","Z22",1,0.944173849714104
"Z13","Z23",1,0.943527569436856
"Z13","Z24",1,0.935923807085378
"Z13","Z26",1,0.911971649805669
"Z13","Z27",1,0.878230223799337
"Z13","Z28",1,0.885009687969528
"Z13","Z29",1,0.891196707661828
"Z13","Z30",1,0.904679430016059
"Z13","Z31",1,0.903359394537405
"Z13","Z32",1,0.894467596415985
"Z13","Z33",1,0.882067513027899
"Z13","Z35",1,0.951044778903233
"Z13","Z38",1,0.806889288538619
"Z13","Z39",1,0.807496264814558
"Z13","Z40",1,0.815541733105783
"Z13","Z41",1,0.89960721300539
"Z13","Z42",1,0.817471732087816
"Z13","Z43",1,0.757563246714859
"Z13","Z44",1,0.806283571319111
"Z13","Z45",1,0.788947148631939
"Z14","Z02",1,0.899307384955292
"Z14","Z03",1,0.912785985979356
"Z14","Z05",1,0.886453909176548
"Z14","Z06",1,0.904234576980872
"Z14","Z07",1,0.916845949431534
"Z14","Z08",1,0.927242364867677
"Z14","Z10",1,0.983780206675707
"Z14","Z11",1,0.985265051414822
"Z14","Z13",1,0.977722994286196
"Z14","Z15",1,0.99215612198841
"Z14","Z16",1,0.974227509104722
"Z14","Z17",1,0.961883392563039
"Z14","Z18",1,0.971629338602565
"Z14","Z19",1,0.965852191070011
"Z14","Z20",1,0.957121409656528
"Z14","Z21",1,0.953764725610989
"Z14","Z22",1,0.92560685705639
"Z14","Z23",1,0.928923075245297
"Z14","Z24",1,0.923915211244946
"Z14","Z26",1,0.897646409755773
"Z14","Z27",1,0.856357682628262
"Z14","Z28",1,0.861837446803998
"Z14","Z29",1,0.866764993731132
"Z14","Z30",1,0.87836864420719
"Z14","Z31",1,0.87715674900008
"Z14","Z32",1,0.869047881790634
"Z14","Z33",1,0.85805957945592
"Z14","Z35",1,0.931421592782457
"Z14","Z38",1,0.817281080132164
"Z14","Z39",1,0.816123750063842
"Z14","Z40",1,0.820503015644776
"Z14","Z41",1,0.902310734681183
"Z14","Z42",1,0.809770351476517
"Z14","Z43",1,0.748191731030307
"Z14","Z44",1,0.786149467637511
"Z14","Z45",1,0.770018011707809
"Z15","Z02",1,0.890404641249608
"Z15","Z03",1,0.901046482091076
"Z15","Z05",1,0.880315183437268
"Z15","Z06",1,0.897668878236435
"Z15","Z07",1,0.910865857783234
"Z15","Z08",1,0.918010316638564
"Z15","Z10",1,0.975485559644958
"Z15","Z11",1,0.97341036191616
"Z15","Z13",1,0.975003286351439
"Z15","Z14",1,0.99215612198841
"Z15","Z16",1,0.986118062817895
"Z15","Z17",1,0.973111009448656
"Z15","Z18",1,0.964030769427399
"Z15","Z19",1,0.956757607194684
"Z15","Z20",1,0.948138900618087
"Z15","Z21",1,0.944334445987646
"Z15","Z22",1,0.917660664123758
"Z15","Z23",1,0.91965911906612
"Z15","Z24",1,0.913907278211759
"Z15","Z26",1,0.888066272736542
"Z15","Z27",1,0.849763611740291
"Z15","Z28",1,0.856125790906415
"Z15","Z29",1,0.862133924616862
"Z15","Z30",1,0.877118235288817
"Z15","Z31",1,0.877525500768908
"Z15","Z32",1,0.871191369627742
"Z15","Z33",1,0.861947271815942
"Z15","Z35",1,0.923969561730075
"Z15","Z38",1,0.806072835732163
"Z15","Z39",1,0.804657324736701
"Z15","Z40",1,0.808692523032676
"Z15","Z41",1,0.914210216802781
"Z15","Z42",1,0.8207947649609
"Z15","Z43",1,0.758985941263415
"Z15","Z44",1,0.793112848022349
"Z15","Z45",1,0.777647802332397
"Z16","Z02",1,0.876845712612271
"Z16","Z03",1,0.883512632074318
"Z16","Z05",1,0.870637748361552
"Z16","Z06",1,0.887175405977468
"Z16","Z07",1,0.900929405915311
"Z16","Z08",1,0.903741312379076
"Z16","Z10",1,0.960290088638763
"Z16","Z11",1,0.955588228480419
"Z16","Z13",1,0.963125845050349
"Z16","Z14",1,0.974227509104722
"Z16","Z15",1,0.986118062817895
"Z16","Z17",1,0.98699948117492
"Z16","Z18",1,0.948942964664088
"Z16","Z19",1,0.940704792537949
"Z16","Z20",1,0.932367849303015
"Z16","Z21",1,0.928230748632544
"Z16","Z22",1,0.903407990268283
"Z16","Z23",1,0.903998846288235
"Z16","Z24",1,0.897542293060494
"Z16","Z26",1,0.872277845195125
"Z16","Z27",1,0.837723370225883
"Z16","Z28",1,0.845166991579677
"Z16","Z29",1,0.852529138862828
"Z16","Z30",1,0.871938164458283
"Z16","Z31",1,0.874674942615715
"Z16","Z32",1,0.871114169697907
"Z16","Z33",1,0.864747954876701
"Z16","Z35",1,0.910159229449165
"Z16","Z38",1,0.789482669252542
"Z16","Z39",1,0.787650325474475
"Z16","Z40",1,0.791069547380442
"Z16","Z41",1,0.932001076032612
"Z16","Z42",1,0.836564101081745
"Z16","Z43",1,0.774386167025887
"Z16","Z44",1,0.801560699765804
"Z16","Z45",1,0.787298806477223
"Z17","Z02",1,0.860480041945525
"Z17","Z03",1,0.870775515741515
"Z17","Z05",1,0.853577616830312
"Z17","Z06",1,0.870169595803836
"Z17","Z07",1,0.883892021340845
"Z17","Z08",1,0.887706577767151
"Z17","Z10",1,0.944950187218618
"Z17","Z11",1,0.943261691385587
"Z17","Z13",1,0.960832018309447
"Z17","Z14",1,0.961883392563039
"Z17","Z15",1,0.973111009448656
"Z17","Z16",1,0.98699948117492
"Z17","Z18",1,0.944428249586142
"Z17","Z19",1,0.935217378458933
"Z17","Z20",1,0.927707223267319
"Z17","Z21",1,0.923157993423136
"Z17","Z22",1,0.901957129731276
"Z17","Z23",1,0.900345555428393
"Z17","Z24",1,0.892714946164224
"Z17","Z26",1,0.868908267016741
"Z17","Z27",1,0.840204468218532
"Z17","Z28",1,0.848855892018953
"Z17","Z29",1,0.857624761887509
"Z17","Z30",1,0.880984935316247
"Z17","Z31",1,0.88557360280074
"Z17","Z32",1,0.884026325623488
"Z17","Z33",1,0.879415182390851
"Z17","Z35",1,0.909150762994441
"Z17","Z38",1,0.775173777126893
"Z17","Z39",1,0.773941879387958
"Z17","Z40",1,0.778736635586508
"Z17","Z41",1,0.942296729610664
"Z17","Z42",1,0.85174989250878
"Z17","Z43",1,0.789901849216816
"Z17","Z44",1,0.818427910217025
"Z17","Z45",1,0.804326800826006
"Z18","Z02",1,0.888238138037131
"Z18","Z03",1,0.919204323152599
"Z18","Z05",1,0.867538265604071
"Z18","Z06",1,0.885746699414508
"Z18","Z07",1,0.896389692804348
"Z18","Z08",1,0.915656981857789
"Z18","Z10",1,0.959121287555497
"Z18","Z11",1,0.974193996187511
"Z18","Z13",1,0.98723207268262
"Z18","Z14",1,0.971629338602565
"Z18","Z15",1,0.964030769427399
"Z18","Z16",1,0.948942964664088
"Z18","Z17",1,0.944428249586142
"Z18","Z19",1,0.994530136188046
"Z18","Z20",1,0.987273933904558
"Z18","Z21",1,0.982793493430117
"Z18","Z22",1,0.957663045037999
"Z18","Z23",1,0.959112855468296
"Z18","Z24",1,0.952206672369782
"Z18","Z26",1,0.927390694971999
"Z18","Z27",1,0.888794151819938
"Z18","Z28",1,0.89408965555807
"Z18","Z29",1,0.89837650541887
"Z18","Z30",1,0.905610449378123
"Z18","Z31",1,0.901438747798061
"Z18","Z32",1,0.88975015633061
"Z18","Z33",1,0.874840733648993
"Z18","Z35",1,0.96376659671115
"Z18","Z38",1,0.821008339711072
"Z18","Z39",1,0.822243524088419
"Z18","Z40",1,0.831302252944146
"Z18","Z41",1,0.882925297619713
"Z18","Z42",1,0.801395213438601
"Z18","Z43",1,0.741967771100719
"Z18","Z44",1,0.79555902015456
"Z18","Z45",1,0.777417452853555
"Z19","Z02",1,0.892914368321756
"Z19","Z03",1,0.927311438956157
"Z19","Z05",1,0.870134369489844
"Z19","Z06",1,0.888282391165166
"Z19","Z07",1,0.898123837005234
"Z19","Z08",1,0.919713419157703
"Z19","Z10",1,0.957044214341797
"Z19","Z11",1,0.973343678454528
"Z19","Z13",1,0.977720443271439
"Z19","Z14",1,0.965852191070011
"Z19","Z15",1,0.956757607194684
"Z19","Z16",1,0.940704792537949
"Z19","Z17",1,0.935217378458933
"Z19","Z18",1,0.994530136188046
"Z19","Z20",1,0.995335217820921
"Z19","Z21",1,0.991584586003635
"Z19","Z22",1,0.963462963357782
"Z19","Z23",1,0.96695069383313
"Z19","Z24",1,0.960897917277627
"Z19","Z26",1,0.935369819789059
"Z19","Z27",1,0.893336578418292
"Z19","Z28",1,0.897594155235056
"Z19","Z29",1,0.90060705968438
"Z19","Z30",1,0.90402513796373
"Z19","Z31",1,0.898353552213434
"Z19","Z32",1,0.885332642545776
"Z19","Z33",1,0.869279855134698
"Z19","Z35",1,0.96862195378998
"Z19","Z38",1,0.829264272752551
"Z19","Z39",1,0.830842312654118
"Z19","Z40",1,0.840427952131709
"Z19","Z41",1,0.873591843292495
"Z19","Z42",1,0.792039118939706
"Z19","Z43",1,0.732801135049201
"Z19","Z44",1,0.788540834567769
"Z19","Z45",1,0.77003969283862
"Z20","Z02",1,0.889750330230766
"Z20","Z03",1,0.928336680911842
"Z20","Z05",1,0.865239740692753
"Z20","Z06",1,0.883274268001984
"Z20","Z07",1,0.892484103274024
"Z20","Z08",1,0.91578353670766
"Z20","Z10",1,0.94902223469092
"Z20","Z11",1,0.965505408263004
"Z20","Z13",1,0.970808934181056
"Z20","Z14",1,0.957121409656528
"Z20","Z15",1,0.948138900618087
"Z20","Z16",1,0.932367849303015
"Z20","Z17",1,0.927707223267319
"Z20","Z18",1,0.987273933904558
"Z20","Z19",1,0.995335217820921
"Z20","Z21",1,0.999295166618116
"Z20","Z22",1,0.971979014909528
"Z20","Z23",1,0.975579090182924
"Z20","Z24",1,0.968998855142783
"Z20","Z26",1,0.9439143343665
"Z20","Z27",1,0.9016400135235
"Z20","Z28",1,0.905479486407369
"Z20","Z29",1,0.907845811161572
"Z20","Z30",1,0.908650396035438
"Z20","Z31",1,0.901746758395256
"Z20","Z32",1,0.887549062637792
"Z20","Z33",1,0.870378356600405
"Z20","Z35",1,0.976701957621524
"Z20","Z38",1,0.830987224355129
"Z20","Z39",1,0.833235468520366
"Z20","Z40",1,0.844096976127129
"Z20","Z41",1,0.866350123987149
"Z20","Z42",1,0.787198415649099
"Z20","Z43",1,0.728611355249718
"Z20","Z44",1,0.788083363053198
"Z20","Z45",1,0.769114469231851
"Z21","Z02",1,0.891584463649805
"Z21","Z03",1,0.931953710945908
"Z21","Z05",1,0.866104691418124
"Z21","Z06",1,0.884035652759863
"Z21","Z07",1,0.892802340944014
"Z21","Z08",1,0.917115833421705
"Z21","Z10",1,0.947093144395158
"Z21","Z11",1,0.963634250141087
"Z21","Z13",1,0.966166081960559
"Z21","Z14",1,0.953764725610989
"Z21","Z15",1,0.944334445987646
"Z21","Z16",1,0.928230748632544
"Z21","Z17",1,0.923157993423136
"Z21","Z18",1,0.982793493430117
"Z21","Z19",1,0.991584586003635
"Z21","Z20",1,0.999295166618116
"Z21","Z22",1,0.973971930230514
"Z21","Z23",1,0.9792242889113
"Z21","Z24",1,0.973348835095257
"Z21","Z26",1,0.947789824150635
"Z21","Z27",1,0.903504486052148
"Z21","Z28",1,0.906726038009126
"Z21","Z29",1,0.908356591663211
"Z21","Z30",1,0.907130267871443
"Z21","Z31",1,0.899539275834658
"Z21","Z32",1,0.884790023766243
"Z21","Z33",1,0.867161670857954
"Z21","Z35",1,0.977738459984535
"Z21","Z38",1,0.834967904652336
"Z21","Z39",1,0.837413691884939
"Z21","Z40",1,0.848584904013404
"Z21","Z41",1,0.861717884376872
"Z21","Z42",1,0.782476865037708
"Z21","Z43",1,0.723970069271757
"Z21","Z44",1,0.784345898265568
"Z21","Z45",1,0.765230459345427
"Z22","Z02",1,0.867759158648761
"Z22","Z03",1,0.916418549015108
"Z22","Z05",1,0.839375433991611
"Z22","Z06",1,0.856924562705602
"Z22","Z07",1,0.864641134204543
"Z22","Z08",1,0.891215954911013
"Z22","Z10",1,0.917087550073734
"Z22","Z11",1,0.933622787218298
"Z22","Z13",1,0.944173849714104
"Z22","Z14",1,0.92560685705639
"Z22","Z15",1,0.917660664123758
"Z22","Z16",1,0.903407990268283
"Z22","Z17",1,0.901957129731276
"Z22","Z18",1,0.957663045037999
"Z22","Z19",1,0.963462963357782
"Z22","Z20",1,0.971979014909528
"Z22","Z21",1,0.973971930230514
"Z22","Z23",1,0.990791210449399
"Z22","Z24",1,0.981595878620835
"Z22","Z26",1,0.969285589594259
"Z22","Z27",1,0.933590327224982
"Z22","Z28",1,0.936511630907717
"Z22","Z29",1,0.936792526437556
"Z22","Z30",1,0.927457478714877
"Z22","Z31",1,0.916126415505608
"Z22","Z32",1,0.89818058915867
"Z22","Z33",1,0.877553048875964
"Z22","Z35",1,0.996619648279646
"Z22","Z38",1,0.8256405909859
"Z22","Z39",1,0.830330297989979
"Z22","Z40",1,0.845954872223159
"Z22","Z41",1,0.842851344279519
"Z22","Z42",1,0.774098126637718
"Z22","Z43",1,0.718555663456411
"Z22","Z44",1,0.791404916368206
"Z22","Z45",1,0.770959507049202
"Z23","Z02",1,0.880076775058247
"Z23","Z03",1,0.929647755754592
"Z23","Z05",1,0.850778924565713
"Z23","Z06",1,0.868082327792798
"Z23","Z07",1,0.875131597275893
"Z23","Z08",1,0.902749391671285
"Z23","Z10",1,0.92333584497869
"Z23","Z11",1,0.939741264036746
"Z23","Z13",1,0.943527569436856
"Z23","Z14",1,0.928923075245297
"Z23","Z15",1,0.91965911906612
"Z23","Z16",1,0.903998846288235
"Z23","Z17",1,0.900345555428393
"Z23","Z18",1,0.959112855468296
"Z23","Z19",1,0.96695069383313
"Z23","Z20",1,0.975579090182924
"Z23","Z21",1,0.9792242889113
"Z23","Z22",1,0.990791210449399
"Z23","Z24",1,0.993776016094646
"Z23","Z26",1,0.972343804576987
"Z23","Z27",1,0.925401340399959
"Z23","Z28",1,0.926491899799414
"Z23","Z29",1,0.925167524965842
"Z23","Z30",1,0.914183978602417
"Z23","Z31",1,0.90302586972397
"Z23","Z32",1,0.885377319833189
"Z23","Z33",1,0.865128330130842
"Z23","Z35",1,0.986983297642979
"Z23","Z38",1,0.838556560804698
"Z23","Z39",1,0.842972808839171
"Z23","Z40",1,0.857868517194745
"Z23","Z41",1,0.839732100054664
"Z23","Z42",1,0.766303592219893
"Z23","Z43",1,0.70966246036374
"Z23","Z44",1,0.779389966564176
"Z23","Z45",1,0.759180540886413
"Z24","Z02",1,0.88515002938086
"Z24","Z03",1,0.937134756036963
"Z24","Z05",1,0.854431310942799
"Z24","Z06",1,0.871309377295928
"Z24","Z07",1,0.87741756136088
"Z24","Z08",1,0.906335997125324
"Z24","Z10",1,0.920695556177139
"Z24","Z11",1,0.936668145750996
"Z24","Z13",1,0.935923807085378
"Z24","Z14",1,0.923915211244946
"Z24","Z15",1,0.913907278211759
"Z24","Z16",1,0.897542293060494
"Z24","Z17",1,0.892714946164224
"Z24","Z18",1,0.952206672369782
"Z24","Z19",1,0.960897917277627
"Z24","Z20",1,0.968998855142783
"Z24","Z21",1,0.973348835095257
"Z24","Z22",1,0.981595878620835
"Z24","Z23",1,0.993776016094646
"Z24","Z26",1,0.977281818073193
"Z24","Z27",1,0.923559990159745
"Z24","Z28",1,0.922888893813193
"Z24","Z29",1,0.919817041648916
"Z24","Z30",1,0.905538743835907
"Z24","Z31",1,0.893735501254821
"Z24","Z32",1,0.875712469453703
"Z24","Z33",1,0.855197425122607
"Z24","Z35",1,0.976807709174269
"Z24","Z38",1,0.848086094395762
"Z24","Z39",1,0.852789097816324
"Z24","Z40",1,0.868049314559106
"Z24","Z41",1,0.831590792132898
"Z24","Z42",1,0.756464056274563
"Z24","Z43",1,0.699575870494089
"Z24","Z44",1,0.769278243562183
"Z24","Z45",1,0.749002057537448
"Z26","Z02",1,0.865431955036711
"Z26","Z03",1,0.921497979970801
"Z26","Z05",1,0.832618843362141
"Z26","Z06",1,0.848739916474839
"Z26","Z07",1,0.853617907341263
"Z26","Z08",1,0.883856496683604
"Z26","Z10",1,0.893914806860674
"Z26","Z11",1,0.909898095208185
"Z26","Z13",1,0.911971649805669
"Z26","Z14",1,0.897646409755773
"Z26","Z15",1,0.888066272736542
"Z26","Z16",1,0.872277845195125
"Z26","Z17",1,0.868908267016741
"Z26","Z18",1,0.927390694971999
"Z26","Z19",1,0.935369819789059
"Z26","Z20",1,0.9439143343665
"Z26","Z21",1,0.947789824150635
"Z26","Z22",1,0.969285589594259
"Z26","Z23",1,0.972343804576987
"Z26","Z24",1,0.977281818073193
"Z26","Z27",1,0.944106217031228
"Z26","Z28",1,0.939692725369621
"Z26","Z29",1,0.932321189191432
"Z26","Z30",1,0.90738936707934
"Z26","Z31",1,0.892776381193751
"Z26","Z32",1,0.872893249857696
"Z26","Z33",1,0.850646391301981
"Z26","Z35",1,0.961879272143188
"Z26","Z38",1,0.844209492719022
"Z26","Z39",1,0.851063948683519
"Z26","Z40",1,0.87041597930259
"Z26","Z41",1,0.808801519295029
"Z26","Z42",1,0.739810102725663
"Z26","Z43",1,0.685102174841032
"Z26","Z44",1,0.76365456350054
"Z26","Z45",1,0.742514706209664
"Z27","Z02",1,0.805968927805075
"Z27","Z03",1,0.861545912120003
"Z27","Z05",1,0.774126397837261
"Z27","Z06",1,0.790841731915802
"Z27","Z07",1,0.79699595840481
"Z27","Z08",1,0.825919972336573
"Z27","Z10",1,0.846634114803551
"Z27","Z11",1,0.863160753376958
"Z27","Z13",1,0.878230223799337
"Z27","Z14",1,0.856357682628262
"Z27","Z15",1,0.849763611740291
"Z27","Z16",1,0.837723370225883
"Z27","Z17",1,0.840204468218532
"Z27","Z18",1,0.888794151819938
"Z27","Z19",1,0.893336578418292
"Z27","Z20",1,0.9016400135235
"Z27","Z21",1,0.903504486052148
"Z27","Z22",1,0.933590327224982
"Z27","Z23",1,0.925401340399959
"Z27","Z24",1,0.923559990159745
"Z27","Z26",1,0.944106217031228
"Z27","Z28",1,0.98995282509662
"Z27","Z29",1,0.974609817927491
"Z27","Z30",1,0.933723038066227
"Z27","Z31",1,0.916532929549524
"Z27","Z32",1,0.896188310526341
"Z27","Z33",1,0.873022006795565
"Z27","Z35",1,0.92874493952807
"Z27","Z38",1,0.789924175911534
"Z27","Z39",1,0.798491975837874
"Z27","Z40",1,0.8213117276751
"Z27","Z41",1,0.787383522436977
"Z27","Z42",1,0.740080405029011
"Z27","Z43",1,0.692817873094944
"Z27","Z44",1,0.789590956669717
"Z27","Z45",1,0.767392004984186
"Z28","Z02",1,0.804061059114788
"Z28","Z03",1,0.858143236392749
"Z28","Z05",1,0.773452762377413
"Z28","Z06",1,0.790593682769307
"Z28","Z07",1,0.797583964328019
"Z28","Z08",1,0.825430372654351
"Z28","Z10",1,0.85057597523637
"Z28","Z11",1,0.866966947799219
"Z28","Z13",1,0.885009687969528
"Z28","Z14",1,0.861837446803998
"Z28","Z15",1,0.856125790906415
"Z28","Z16",1,0.845166991579677
"Z28","Z17",1,0.848855892018953
"Z28","Z18",1,0.89408965555807
"Z28","Z19",1,0.897594155235056
"Z28","Z20",1,0.905479486407369
"Z28","Z21",1,0.906726038009126
"Z28","Z22",1,0.936511630907717
"Z28","Z23",1,0.926491899799414
"Z28","Z24",1,0.922888893813193
"Z28","Z26",1,0.939692725369621
"Z28","Z27",1,0.98995282509662
"Z28","Z29",1,0.988720840210937
"Z28","Z30",1,0.947724482460211
"Z28","Z31",1,0.930561646375083
"Z28","Z32",1,0.910277185263956
"Z28","Z33",1,0.887127803482318
"Z28","Z35",1,0.932838047205114
"Z28","Z38",1,0.781844434049049
"Z28","Z39",1,0.789826212457266
"Z28","Z40",1,0.811737335497834
"Z28","Z41",1,0.797916805474913
"Z28","Z42",1,0.753450481849482
"Z28","Z43",1,0.706707858580246
"Z28","Z44",1,0.803601778647214
"Z28","Z45",1,0.78141920367675
"Z29","Z02",1,0.801265094312326
"Z29","Z03",1,0.853384461917989
"Z29","Z05",1,0.772128158648174
"Z29","Z06",1,0.789651033894033
"Z29","Z07",1,0.797513393060252
"Z29","Z08",1,0.824022194852955
"Z29","Z10",1,0.853851135623336
"Z29","Z11",1,0.869919225795587
"Z29","Z13",1,0.891196707661828
"Z29","Z14",1,0.866764993731132
"Z29","Z15",1,0.862133924616862
"Z29","Z16",1,0.852529138862828
"Z29","Z17",1,0.857624761887509
"Z29","Z18",1,0.89837650541887
"Z29","Z19",1,0.90060705968438
"Z29","Z20",1,0.907845811161572
"Z29","Z21",1,0.908356591663211
"Z29","Z22",1,0.936792526437556
"Z29","Z23",1,0.925167524965842
"Z29","Z24",1,0.919817041648916
"Z29","Z26",1,0.932321189191432
"Z29","Z27",1,0.974609817927491
"Z29","Z28",1,0.988720840210937
"Z29","Z30",1,0.96292867871813
"Z29","Z31",1,0.945820354217192
"Z29","Z32",1,0.925609163393595
"Z29","Z33",1,0.90247230491707
"Z29","Z35",1,0.934641088596961
"Z29","Z38",1,0.77270176316273
"Z29","Z39",1,0.780061795615987
"Z29","Z40",1,0.800989555156169
"Z29","Z41",1,0.809129007679236
"Z29","Z42",1,0.768018595918579
"Z29","Z43",1,0.721853531841701
"Z29","Z44",1,0.818761141015235
"Z29","Z45",1,0.796605630375508
"Z30","Z02",1,0.794668130914166
"Z30","Z03",1,0.839984476244142
"Z30","Z05",1,0.770114858442642
"Z30","Z06",1,0.788247769036072
"Z30","Z07",1,0.7982292367558
"Z30","Z08",1,0.820369400278071
"Z30","Z10",1,0.861526904077781
"Z30","Z11",1,0.875767181809294
"Z30","Z13",1,0.904679430016059
"Z30","Z14",1,0.87836864420719
"Z30","Z15",1,0.877118235288817
"Z30","Z16",1,0.871938164458283
"Z30","Z17",1,0.880984935316247
"Z30","Z18",1,0.905610449378123
"Z30","Z19",1,0.90402513796373
"Z30","Z20",1,0.908650396035438
"Z30","Z21",1,0.907130267871443
"Z30","Z22",1,0.927457478714877
"Z30","Z23",1,0.914183978602417
"Z30","Z24",1,0.905538743835907
"Z30","Z26",1,0.90738936707934
"Z30","Z27",1,0.933723038066227
"Z30","Z28",1,0.947724482460211
"Z30","Z29",1,0.96292867871813
"Z30","Z31",1,0.986848793934177
"Z30","Z32",1,0.966195239500498
"Z30","Z33",1,0.942858941458688
"Z30","Z35",1,0.929501142072684
"Z30","Z38",1,0.750194092020315
"Z30","Z39",1,0.755832036196364
"Z30","Z40",1,0.773918173117348
"Z30","Z41",1,0.840877863361398
"Z30","Z42",1,0.808433245420904
"Z30","Z43",1,0.762989882394987
"Z30","Z44",1,0.857220768853275
"Z30","Z45",1,0.835342394132784
"Z31","Z02",1,0.787489380657786
"Z31","Z03",1,0.829854640247044
"Z31","Z05",1,0.76492729742622
"Z31","Z06",1,0.783133089356163
"Z31","Z07",1,0.79385438433765
"Z31","Z08",1,0.814007086928374
"Z31","Z10",1,0.859017469408463
"Z31","Z11",1,0.872108233722327
"Z31","Z13",1,0.903359394537405
"Z31","Z14",1,0.87715674900008
"Z31","Z15",1,0.877525500768908
"Z31","Z16",1,0.874674942615715
"Z31","Z17",1,0.88557360280074
"Z31","Z18",1,0.901438747798061
"Z31","Z19",1,0.898353552213434
"Z31","Z20",1,0.901746758395256
"Z31","Z21",1,0.899539275834658
"Z31","Z22",1,0.916126415505608
"Z31","Z23",1,0.90302586972397
"Z31","Z24",1,0.893735501254821
"Z31","Z26",1,0.892776381193751
"Z31","Z27",1,0.916532929549524
"Z31","Z28",1,0.930561646375083
"Z31","Z29",1,0.945820354217192
"Z31","Z30",1,0.986848793934177
"Z31","Z32",1,0.983247385890267
"Z31","Z33",1,0.95992334568143
"Z31","Z35",1,0.919329099955516
"Z31","Z38",1,0.73777533579446
"Z31","Z39",1,0.742839267260215
"Z31","Z40",1,0.75997950001919
"Z31","Z41",1,0.850986449885759
"Z31","Z42",1,0.824569905203798
"Z31","Z43",1,0.780020549803773
"Z31","Z44",1,0.873704316302897
"Z31","Z45",1,0.851973443940749
"Z32","Z02",1,0.774231674676744
"Z32","Z03",1,0.813630920451574
"Z32","Z05",1,0.753793550399344
"Z32","Z06",1,0.771974694876936
"Z32","Z07",1,0.78339514427761
"Z32","Z08",1,0.801388704857755
"Z32","Z10",1,0.849848202929019
"Z32","Z11",1,0.861540361986174
"Z32","Z13",1,0.894467596415985
"Z32","Z14",1,0.869047881790634
"Z32","Z15",1,0.871191369627742
"Z32","Z16",1,0.871114169697907
"Z32","Z17",1,0.884026325623488
"Z32","Z18",1,0.88975015633061
"Z32","Z19",1,0.885332642545776
"Z32","Z20",1,0.887549062637792
"Z32","Z21",1,0.884790023766243
"Z32","Z22",1,0.89818058915867
"Z32","Z23",1,0.885377319833189
"Z32","Z24",1,0.875712469453703
"Z32","Z26",1,0.872893249857696
"Z32","Z27",1,0.896188310526341
"Z32","Z28",1,0.910277185263956
"Z32","Z29",1,0.925609163393595
"Z32","Z30",1,0.966195239500498
"Z32","Z31",1,0.983247385890267
"Z32","Z33",1,0.980724263886398
"Z32","Z35",1,0.902152248198444
"Z32","Z38",1,0.719871189061047
"Z32","Z39",1,0.724451736516982
"Z32","Z40",1,0.740825706974092
"Z32","Z41",1,0.857737858230235
"Z32","Z42",1,0.841832918080631
"Z32","Z43",1,0.799527744548673
"Z32","Z44",1,0.894332417258416
"Z32","Z45",1,0.872697490959782
"Z33","Z02",1,0.759072273478388
"Z33","Z03",1,0.795225011263308
"Z33","Z05",1,0.740975099269263
"Z33","Z06",1,0.75902059247878
"Z33","Z07",1,0.771094064709901
"Z33","Z08",1,0.78671619616048
"Z33","Z10",1,0.838148374412421
"Z33","Z11",1,0.848254435154884
"Z33","Z13",1,0.882067513027899
"Z33","Z14",1,0.85805957945592
"Z33","Z15",1,0.861947271815942
"Z33","Z16",1,0.864747954876701
"Z33","Z17",1,0.879415182390851
"Z33","Z18",1,0.874840733648993
"Z33","Z19",1,0.869279855134698
"Z33","Z20",1,0.870378356600405
"Z33","Z21",1,0.867161670857954
"Z33","Z22",1,0.877553048875964
"Z33","Z23",1,0.865128330130842
"Z33","Z24",1,0.855197425122607
"Z33","Z26",1,0.850646391301981
"Z33","Z27",1,0.873022006795565
"Z33","Z28",1,0.887127803482318
"Z33","Z29",1,0.90247230491707
"Z33","Z30",1,0.942858941458688
"Z33","Z31",1,0.95992334568143
"Z33","Z32",1,0.980724263886398
"Z33","Z35",1,0.882139911124609
"Z33","Z38",1,0.699999740379759
"Z33","Z39",1,0.7040504813851
"Z33","Z40",1,0.719568556621192
"Z33","Z41",1,0.863340005248579
"Z33","Z42",1,0.860913073386327
"Z33","Z43",1,0.821559259873063
"Z33","Z44",1,0.917057803113674
"Z33","Z45",1,0.895679001651085
"Z35","Z02",1,0.86796055332396
"Z35","Z03",1,0.914408434557555
"Z35","Z05",1,0.840745346929601
"Z35","Z06",1,0.858503818053798
"Z35","Z07",1,0.866806447343024
"Z35","Z08",1,0.89230089345911
"Z35","Z10",1,0.921705319785015
"Z35","Z11",1,0.938155156857755
"Z35","Z13",1,0.951044778903233
"Z35","Z14",1,0.931421592782457
"Z35","Z15",1,0.923969561730075
"Z35","Z16",1,0.910159229449165
"Z35","Z17",1,0.909150762994441
"Z35","Z18",1,0.96376659671115
"Z35","Z19",1,0.96862195378998
"Z35","Z20",1,0.976701957621524
"Z35","Z21",1,0.977738459984535
"Z35","Z22",1,0.996619648279646
"Z35","Z23",1,0.986983297642979
"Z35","Z24",1,0.976807709174269
"Z35","Z26",1,0.961879272143188
"Z35","Z27",1,0.92874493952807
"Z35","Z28",1,0.932838047205114
"Z35","Z29",1,0.934641088596961
"Z35","Z30",1,0.929501142072684
"Z35","Z31",1,0.919329099955516
"Z35","Z32",1,0.902152248198444
"Z35","Z33",1,0.882139911124609
"Z35","Z38",1,0.821741090758769
"Z35","Z39",1,0.825976608408832
"Z35","Z40",1,0.840803476951536
"Z35","Z41",1,0.850249121243122
"Z35","Z42",1,0.781211909174363
"Z35","Z43",1,0.725375755920434
"Z35","Z44",1,0.796472789460586
"Z35","Z45",1,0.776249812957733
"Z38","Z02",1,0.904372584896559
"Z38","Z03",1,0.905856290221523
"Z38","Z05",1,0.879210108034576
"Z38","Z06",1,0.878119223399762
"Z38","Z07",1,0.867705218987734
"Z38","Z08",1,0.885345837915164
"Z38","Z10",1,0.833142884229656
"Z38","Z11",1,0.835521117483781
"Z38","Z13",1,0.806889288538619
"Z38","Z14",1,0.817281080132164
"Z38","Z15",1,0.806072835732163
"Z38","Z16",1,0.789482669252542
"Z38","Z17",1,0.775173777126893
"Z38","Z18",1,0.821008339711072
"Z38","Z19",1,0.829264272752551
"Z38","Z20",1,0.830987224355129
"Z38","Z21",1,0.834967904652336
"Z38","Z22",1,0.8256405909859
"Z38","Z23",1,0.838556560804698
"Z38","Z24",1,0.848086094395762
"Z38","Z26",1,0.844209492719022
"Z38","Z27",1,0.789924175911534
"Z38","Z28",1,0.781844434049049
"Z38","Z29",1,0.77270176316273
"Z38","Z30",1,0.750194092020315
"Z38","Z31",1,0.73777533579446
"Z38","Z32",1,0.719871189061047
"Z38","Z33",1,0.699999740379759
"Z38","Z35",1,0.821741090758769
"Z38","Z39",1,0.990268983876619
"Z38","Z40",1,0.962893481426175
"Z38","Z41",1,0.718807475947126
"Z38","Z42",1,0.623005645733175
"Z38","Z43",1,0.561676902616137
"Z38","Z44",1,0.615497878548388
"Z38","Z45",1,0.596156701398322
"Z39","Z02",1,0.89733002531153
"Z39","Z03",1,0.906483366750573
"Z39","Z05",1,0.869766910997505
"Z39","Z06",1,0.870177903124246
"Z39","Z07",1,0.860614049268781
"Z39","Z08",1,0.880727912085709
"Z39","Z10",1,0.830975253841925
"Z39","Z11",1,0.834661530770815
"Z39","Z13",1,0.807496264814558
"Z39","Z14",1,0.816123750063842
"Z39","Z15",1,0.804657324736701
"Z39","Z16",1,0.787650325474475
"Z39","Z17",1,0.773941879387958
"Z39","Z18",1,0.822243524088419
"Z39","Z19",1,0.830842312654118
"Z39","Z20",1,0.833235468520366
"Z39","Z21",1,0.837413691884939
"Z39","Z22",1,0.830330297989979
"Z39","Z23",1,0.842972808839171
"Z39","Z24",1,0.852789097816324
"Z39","Z26",1,0.851063948683519
"Z39","Z27",1,0.798491975837874
"Z39","Z28",1,0.789826212457266
"Z39","Z29",1,0.780061795615987
"Z39","Z30",1,0.755832036196364
"Z39","Z31",1,0.742839267260215
"Z39","Z32",1,0.724451736516982
"Z39","Z33",1,0.7040504813851
"Z39","Z35",1,0.825976608408832
"Z39","Z38",1,0.990268983876619
"Z39","Z40",1,0.976120701050251
"Z39","Z41",1,0.716309280470298
"Z39","Z42",1,0.622250614400964
"Z39","Z43",1,0.561374603580657
"Z39","Z44",1,0.618806205386217
"Z39","Z45",1,0.599100083819898
"Z40","Z02",1,0.887474696603229
"Z40","Z03",1,0.911586319572167
"Z40","Z05",1,0.855692363256727
"Z40","Z06",1,0.859330543019898
"Z40","Z07",1,0.851800720965333
"Z40","Z08",1,0.876445781214881
"Z40","Z10",1,0.833036206970723
"Z40","Z11",1,0.839303008032071
"Z40","Z13",1,0.815541733105783
"Z40","Z14",1,0.820503015644776
"Z40","Z15",1,0.808692523032676
"Z40","Z16",1,0.791069547380442
"Z40","Z17",1,0.778736635586508
"Z40","Z18",1,0.831302252944146
"Z40","Z19",1,0.840427952131709
"Z40","Z20",1,0.844096976127129
"Z40","Z21",1,0.848584904013404
"Z40","Z22",1,0.845954872223159
"Z40","Z23",1,0.857868517194745
"Z40","Z24",1,0.868049314559106
"Z40","Z26",1,0.87041597930259
"Z40","Z27",1,0.8213117276751
"Z40","Z28",1,0.811737335497834
"Z40","Z29",1,0.800989555156169
"Z40","Z30",1,0.773918173117348
"Z40","Z31",1,0.75997950001919
"Z40","Z32",1,0.740825706974092
"Z40","Z33",1,0.719568556621192
"Z40","Z35",1,0.840803476951536
"Z40","Z38",1,0.962893481426175
"Z40","Z39",1,0.976120701050251
"Z40","Z41",1,0.719036459709231
"Z40","Z42",1,0.628986165088315
"Z40","Z43",1,0.569204102464215
"Z40","Z44",1,0.633302983629136
"Z40","Z45",1,0.61298730842116
"Z41","Z02",1,0.810931720237161
"Z41","Z03",1,0.811505605289678
"Z41","Z05",1,0.813132132742944
"Z41","Z06",1,0.826978755283746
"Z41","Z07",1,0.841008850618888
"Z41","Z08",1,0.835854594520609
"Z41","Z10",1,0.889384683033465
"Z41","Z11",1,0.883565181511453
"Z41","Z13",1,0.89960721300539
"Z41","Z14",1,0.902310734681183
"Z41","Z15",1,0.914210216802781
"Z41","Z16",1,0.932001076032612
"Z41","Z17",1,0.942296729610664
"Z41","Z18",1,0.882925297619713
"Z41","Z19",1,0.873591843292495
"Z41","Z20",1,0.866350123987149
"Z41","Z21",1,0.861717884376872
"Z41","Z22",1,0.842851344279519
"Z41","Z23",1,0.839732100054664
"Z41","Z24",1,0.831590792132898
"Z41","Z26",1,0.808801519295029
"Z41","Z27",1,0.787383522436977
"Z41","Z28",1,0.797916805474913
"Z41","Z29",1,0.809129007679236
"Z41","Z30",1,0.840877863361398
"Z41","Z31",1,0.850986449885759
"Z41","Z32",1,0.857737858230235
"Z41","Z33",1,0.863340005248579
"Z41","Z35",1,0.850249121243122
"Z41","Z38",1,0.718807475947126
"Z41","Z39",1,0.716309280470298
"Z41","Z40",1,0.719036459709231
"Z41","Z42",1,0.900216588086409
"Z41","Z43",1,0.837932208965824
"Z41","Z44",1,0.831621828115556
"Z41","Z45",1,0.823768678413068
"Z42","Z02",1,0.710093445768981
"Z42","Z03",1,0.719684334509829
"Z42","Z05",1,0.70968318070744
"Z42","Z06",1,0.724113478236185
"Z42","Z07",1,0.73818642930327
"Z42","Z08",1,0.736404253586286
"Z42","Z10",1,0.79290677191104
"Z42","Z11",1,0.791515995021614
"Z42","Z13",1,0.817471732087816
"Z42","Z14",1,0.809770351476517
"Z42","Z15",1,0.8207947649609
"Z42","Z16",1,0.836564101081745
"Z42","Z17",1,0.85174989250878
"Z42","Z18",1,0.801395213438601
"Z42","Z19",1,0.792039118939706
"Z42","Z20",1,0.787198415649099
"Z42","Z21",1,0.782476865037708
"Z42","Z22",1,0.774098126637718
"Z42","Z23",1,0.766303592219893
"Z42","Z24",1,0.756464056274563
"Z42","Z26",1,0.739810102725663
"Z42","Z27",1,0.740080405029011
"Z42","Z28",1,0.753450481849482
"Z42","Z29",1,0.768018595918579
"Z42","Z30",1,0.808433245420904
"Z42","Z31",1,0.824569905203798
"Z42","Z32",1,0.841832918080631
"Z42","Z33",1,0.860913073386327
"Z42","Z35",1,0.781211909174363
"Z42","Z38",1,0.623005645733175
"Z42","Z39",1,0.622250614400964
"Z42","Z40",1,0.628986165088315
"Z42","Z41",1,0.900216588086409
"Z42","Z43",1,0.941483633158109
"Z42","Z44",1,0.890296382813381
"Z42","Z45",1,0.895270217927242
"Z43","Z02",1,0.647641486595371
"Z43","Z03",1,0.658947772266121
"Z43","Z05",1,0.647172805989156
"Z43","Z06",1,0.661536111394951
"Z43","Z07",1,0.675608577604382
"Z43","Z08",1,0.674107334357539
"Z43","Z10",1,0.730870054702545
"Z43","Z11",1,0.730190447880067
"Z43","Z13",1,0.757563246714859
"Z43","Z14",1,0.748191731030307
"Z43","Z15",1,0.758985941263415
"Z43","Z16",1,0.774386167025887
"Z43","Z17",1,0.789901849216816
"Z43","Z18",1,0.741967771100719
"Z43","Z19",1,0.732801135049201
"Z43","Z20",1,0.728611355249718
"Z43","Z21",1,0.723970069271757
"Z43","Z22",1,0.718555663456411
"Z43","Z23",1,0.70966246036374
"Z43","Z24",1,0.699575870494089
"Z43","Z26",1,0.685102174841032
"Z43","Z27",1,0.692817873094944
"Z43","Z28",1,0.706707858580246
"Z43","Z29",1,0.721853531841701
"Z43","Z30",1,0.762989882394987
"Z43","Z31",1,0.780020549803773
"Z43","Z32",1,0.799527744548673
"Z43","Z33",1,0.821559259873063
"Z43","Z35",1,0.725375755920434
"Z43","Z38",1,0.561676902616137
"Z43","Z39",1,0.561374603580657
"Z43","Z40",1,0.569204102464215
"Z43","Z41",1,0.837932208965824
"Z43","Z42",1,0.941483633158109
"Z43","Z44",1,0.881736683850116
"Z43","Z45",1,0.897526826923836
"Z44","Z02",1,0.682300972441292
"Z44","Z03",1,0.712357935686212
"Z44","Z05",1,0.669375191590255
"Z44","Z06",1,0.686746561011345
"Z44","Z07",1,0.699924866687141
"Z44","Z08",1,0.710377049227354
"Z44","Z10",1,0.765909117699607
"Z44","Z11",1,0.77266680430077
"Z44","Z13",1,0.806283571319111
"Z44","Z14",1,0.786149467637511
"Z44","Z15",1,0.793112848022349
"Z44","Z16",1,0.801560699765804
"Z44","Z17",1,0.818427910217025
"Z44","Z18",1,0.79555902015456
"Z44","Z19",1,0.788540834567769
"Z44","Z20",1,0.788083363053198
"Z44","Z21",1,0.784345898265568
"Z44","Z22",1,0.791404916368206
"Z44","Z23",1,0.779389966564176
"Z44","Z24",1,0.769278243562183
"Z44","Z26",1,0.76365456350054
"Z44","Z27",1,0.789590956669717
"Z44","Z28",1,0.803601778647214
"Z44","Z29",1,0.818761141015235
"Z44","Z30",1,0.857220768853275
"Z44","Z31",1,0.873704316302897
"Z44","Z32",1,0.894332417258416
"Z44","Z33",1,0.917057803113674
"Z44","Z35",1,0.796472789460586
"Z44","Z38",1,0.615497878548388
"Z44","Z39",1,0.618806205386217
"Z44","Z40",1,0.633302983629136
"Z44","Z41",1,0.831621828115556
"Z44","Z42",1,0.890296382813381
"Z44","Z43",1,0.881736683850116
"Z44","Z45",1,0.98176688245962
"Z45","Z02",1,0.66556734663899
"Z45","Z03",1,0.693502464782481
"Z45","Z05",1,0.654235379406293
"Z45","Z06",1,0.67132035634141
"Z45","Z07",1,0.684733197091946
"Z45","Z08",1,0.69364112493851
"Z45","Z10",1,0.749910355821854
"Z45","Z11",1,0.755721626323574
"Z45","Z13",1,0.788947148631939
"Z45","Z14",1,0.770018011707809
"Z45","Z15",1,0.777647802332397
"Z45","Z16",1,0.787298806477223
"Z45","Z17",1,0.804326800826006
"Z45","Z18",1,0.777417452853555
"Z45","Z19",1,0.77003969283862
"Z45","Z20",1,0.769114469231851
"Z45","Z21",1,0.765230459345427
"Z45","Z22",1,0.770959507049202
"Z45","Z23",1,0.759180540886413
"Z45","Z24",1,0.749002057537448
"Z45","Z26",1,0.742514706209664
"Z45","Z27",1,0.767392004984186
"Z45","Z28",1,0.78141920367675
"Z45","Z29",1,0.796605630375508
"Z45","Z30",1,0.835342394132784
"Z45","Z31",1,0.851973443940749
"Z45","Z32",1,0.872697490959782
"Z45","Z33",1,0.895679001651085
"Z45","Z35",1,0.776249812957733
"Z45","Z38",1,0.596156701398322
"Z45","Z39",1,0.599100083819898
"Z45","Z40",1,0.61298730842116
"Z45","Z41",1,0.823768678413068
"Z45","Z42",1,0.895270217927242
"Z45","Z43",1,0.897526826923836
"Z45","Z44",1,0.98176688245962
"X18","X20",1,0.984294639891279
"X18","X21",1,0.955184055490207
"X18","X22",1,0.938680538498883
"X18","X23",1,0.927153472373902
"X18","X25",1,0.924085318729111
"X18","X27",1,0.89494938192844
"X18","X31",1,0.861733779721376
"X18","X32",1,0.864311415216417
"X18","X33",1,0.85323156034419
"X18","X35",1,0.836964612076766
"X18","X36",1,0.841429782839996
"X18","X38",1,0.833391115207931
"X18","X39",1,0.820755355109285
"X20","X18",1,0.984294639891279
"X20","X21",1,0.971395197574334
"X20","X22",1,0.958039381794835
"X20","X23",1,0.943225483755656
"X20","X25",1,0.942429682420613
"X20","X27",1,0.911109801960198
"X20","X31",1,0.872887554987077
"X20","X32",1,0.87700675365205
"X20","X33",1,0.863519683463694
"X20","X35",1,0.852117020808658
"X20","X36",1,0.852388472243138
"X20","X38",1,0.846420176894588
"X20","X39",1,0.835005028298434
"X21","X18",1,0.955184055490207
"X21","X20",1,0.971395197574334
"X21","X22",1,0.980024807201841
"X21","X23",1,0.975789972428254
"X21","X25",1,0.971612089724299
"X21","X27",1,0.943563141749368
"X21","X31",1,0.904034383476154
"X21","X32",1,0.909075660365186
"X21","X33",1,0.89409448440419
"X21","X35",1,0.884772269236648
"X21","X36",1,0.883552116238401
"X21","X38",1,0.878734850597033
"X21","X39",1,0.86764393269344
"X22","X18",1,0.938680538498883
"X22","X20",1,0.958039381794835
"X22","X21",1,0.980024807201841
"X22","X23",1,0.975471923996333
"X22","X25",1,0.985363077261164
"X22","X27",1,0.949519005676343
"X22","X31",1,0.900099836796038
"X22","X32",1,0.908035760520624
"X22","X33",1,0.88909822332966
"X22","X35",1,0.890526310440868
"X22","X36",1,0.880298896747915
"X22","X38",1,0.879787994178289
"X22","X39",1,0.871686762575253
"X23","X18",1,0.927153472373902
"X23","X20",1,0.943225483755656
"X23","X21",1,0.975789972428254
"X23","X22",1,0.975471923996333
"X23","X25",1,0.98740144507418
"X23","X27",1,0.971823090216211
"X23","X31",1,0.928136839269451
"X23","X32",1,0.93506877958808
"X23","X33",1,0.917344396770319
"X23","X35",1,0.912919272058983
"X23","X36",1,0.908035578130601
"X23","X38",1,0.905554639381414
"X23","X39",1,0.895419960072571
"X25","X18",1,0.924085318729111
"X25","X20",1,0.942429682420613
"X25","X21",1,0.971612089724299
"X25","X22",1,0.985363077261164
"X25","X23",1,0.98740144507418
"X25","X27",1,0.968082744461269
"X25","X31",1,0.916845158122645
"X25","X32",1,0.925646607724097
"X25","X33",1,0.905574825282166
"X25","X35",1,0.909229381282022
"X25","X36",1,0.897499789855376
"X25","X38",1,0.898084172729337
"X25","X39",1,0.890350682927267
"X27","X18",1,0.89494938192844
"X27","X20",1,0.911109801960198
"X27","X21",1,0.943563141749368
"X27","X22",1,0.949519005676343
"X27","X23",1,0.971823090216211
"X27","X25",1,0.968082744461269
"X27","X31",1,0.94910621478575
"X27","X32",1,0.959898371266128
"X27","X33",1,0.937525266021093
"X27","X35",1,0.94456068574861
"X27","X36",1,0.931307255647419
"X27","X38",1,0.933910380664271
"X27","X39",1,0.92616298572318
"X31","X18",1,0.861733779721376
"X31","X20",1,0.872887554987077
"X31","X21",1,0.904034383476154
"X31","X22",1,0.900099836796038
"X31","X23",1,0.928136839269451
"X31","X25",1,0.916845158122645
"X31","X27",1,0.94910621478575
"X31","X32",1,0.990447575322726
"X31","X33",1,0.992483857757955
"X31","X35",1,0.957788119005499
"X31","X36",1,0.983558352820062
"X31","X38",1,0.971265716745156
"X31","X39",1,0.953369522455103
"X32","X18",1,0.864311415216417
"X32","X20",1,0.87700675365205
"X32","X21",1,0.909075660365186
"X32","X22",1,0.908035760520624
"X32","X23",1,0.93506877958808
"X32","X25",1,0.925646607724097
"X32","X27",1,0.959898371266128
"X32","X31",1,0.990447575322726
"X32","X33",1,0.979838229062809
"X32","X35",1,0.967469654154486
"X32","X36",1,0.975471847806318
"X32","X38",1,0.973098157256864
"X32","X39",1,0.958181190418039
"X33","X18",1,0.85323156034419
"X33","X20",1,0.863519683463694
"X33","X21",1,0.89409448440419
"X33","X22",1,0.88909822332966
"X33","X23",1,0.917344396770319
"X33","X25",1,0.905574825282166
"X33","X27",1,0.937525266021093
"X33","X31",1,0.992483857757955
"X33","X32",1,0.979838229062809
"X33","X35",1,0.952739172992478
"X33","X36",1,0.991071212322413
"X33","X38",1,0.971685755021588
"X33","X39",1,0.952849568533292
"X35","X18",1,0.836964612076766
"X35","X20",1,0.852117020808658
"X35","X21",1,0.884772269236648
"X35","X22",1,0.890526310440868
"X35","X23",1,0.912919272058983
"X35","X25",1,0.909229381282022
"X35","X27",1,0.94456068574861
"X35","X31",1,0.957788119005499
"X35","X32",1,0.967469654154486
"X35","X33",1,0.952739172992478
"X35","X36",1,0.95895999677927
"X35","X38",1,0.978809215194279
"X35","X39",1,0.983842799999956
"X36","X18",1,0.841429782839996
"X36","X20",1,0.852388472243138
"X36","X21",1,0.883552116238401
"X36","X22",1,0.880298896747915
"X36","X23",1,0.908035578130601
"X36","X25",1,0.897499789855376
"X36","X27",1,0.931307255647419
"X36","X31",1,0.983558352820062
"X36","X32",1,0.975471847806318
"X36","X33",1,0.991071212322413
"X36","X35",1,0.95895999677927
"X36","X38",1,0.981766229002709
"X36","X39",1,0.963274984013827
"X38","X18",1,0.833391115207931
"X38","X20",1,0.846420176894588
"X38","X21",1,0.878734850597033
"X38","X22",1,0.879787994178289
"X38","X23",1,0.905554639381414
"X38","X25",1,0.898084172729337
"X38","X27",1,0.933910380664271
"X38","X31",1,0.971265716745156
"X38","X32",1,0.973098157256864
"X38","X33",1,0.971685755021588
"X38","X35",1,0.978809215194279
"X38","X36",1,0.981766229002709
"X38","X39",1,0.985219298516801
"X39","X18",1,0.820755355109285
"X39","X20",1,0.835005028298434
"X39","X21",1,0.86764393269344
"X39","X22",1,0.871686762575253
"X39","X23",1,0.895419960072571
"X39","X25",1,0.890350682927267
"X39","X27",1,0.92616298572318
"X39","X31",1,0.953369522455103
"X39","X32",1,0.958181190418039
"X39","X33",1,0.952849568533292
"X39","X35",1,0.983842799999956
"X39","X36",1,0.963274984013827
"X39","X38",1,0.985219298516801
"Y01","Y02",2,0.976157880580146
"Y01","Y03",2,0.932058584365341
"Y01","Y04",2,0.922425068820089
"Y01","Y05",2,0.909504380310025
"Y01","Y06",2,0.903837365984683
"Y01","Y07",2,0.892604446936169
"Y01","Y08",2,0.879421894684091
"Y01","Y09",2,0.860461730208074
"Y01","Y10",2,0.860644539243671
"Y01","Y11",2,0.929348568488772
"Y01","Y12",2,0.842615249514114
"Y01","Y14",2,0.690986739595102
"Y01","Y16",2,0.75060697600456
"Y01","Y17",2,0.74520112272791
"Y01","Y18",2,0.724628360155972
"Y01","Y19",2,0.867545887638734
"Y01","Y20",2,0.858181807850288
"Y01","Y21",2,0.85034827237436
"Y01","Y22",2,0.847517246200729
"Y01","Y23",2,0.742482884333755
"Y01","Y24",2,0.718979511508758
"Y01","Y25",2,0.685414989741415
"Y01","Y26",2,0.669508518627556
"Y01","Y27",2,0.630558510957952
"Y01","Y28",2,0.616723771313629
"Y01","Y29",2,0.600062733952053
"Y01","Y30",2,0.598272543390142
"Y01","Y31",2,0.555914191652804
"Y01","Y32",2,0.578896548306908
"Y01","Y33",2,0.612911149843144
"Y01","Y34",2,0.704624511018115
"Y01","Y35",2,0.706388955414953
"Y02","Y01",2,0.976157880580146
"Y02","Y03",2,0.959731951628917
"Y02","Y04",2,0.949376605121253
"Y02","Y05",2,0.935524449768076
"Y02","Y06",2,0.929033580112007
"Y02","Y07",2,0.916646014212961
"Y02","Y08",2,0.901948173782456
"Y02","Y09",2,0.882662526083499
"Y02","Y10",2,0.883412688608037
"Y02","Y11",2,0.954131451254526
"Y02","Y12",2,0.866745884253024
"Y02","Y14",2,0.714708511660959
"Y02","Y16",2,0.772025469540361
"Y02","Y17",2,0.766143893714721
"Y02","Y18",2,0.744563746360829
"Y02","Y19",2,0.884928012637978
"Y02","Y20",2,0.872486781525311
"Y02","Y21",2,0.862523663274938
"Y02","Y22",2,0.856997359040081
"Y02","Y23",2,0.747660526077617
"Y02","Y24",2,0.723863623132443
"Y02","Y25",2,0.69007448827949
"Y02","Y26",2,0.673637656259012
"Y02","Y27",2,0.633893731481111
"Y02","Y28",2,0.619878149883978
"Y02","Y29",2,0.603135188456531
"Y02","Y30",2,0.602939701171765
"Y02","Y31",2,0.558086151576253
"Y02","Y32",2,0.579199901792656
"Y02","Y33",2,0.609369572647707
"Y02","Y34",2,0.708129103020548
"Y02","Y35",2,0.708021506473148
"Y03","Y01",2,0.932058584365341
"Y03","Y02",2,0.959731951628917
"Y03","Y04",2,0.991160594223165
"Y03","Y05",2,0.975614666794115
"Y03","Y06",2,0.967285546955239
"Y03","Y07",2,0.95302344561094
"Y03","Y08",2,0.935954884740168
"Y03","Y09",2,0.917239223956641
"Y03","Y10",2,0.919140871632161
"Y03","Y11",2,0.968746032156432
"Y03","Y12",2,0.895257283427431
"Y03","Y14",2,0.745530923166253
"Y03","Y16",2,0.796682660008719
"Y03","Y17",2,0.78984992618851
"Y03","Y18",2,0.766479392307845
"Y03","Y19",2,0.895113388755295
"Y03","Y20",2,0.877522769733062
"Y03","Y21",2,0.864347046674543
"Y03","Y22",2,0.854452089044889
"Y03","Y23",2,0.742448617493818
"Y03","Y24",2,0.718692968674932
"Y03","Y25",2,0.685139473983891
"Y03","Y26",2,0.668103336487057
"Y03","Y27",2,0.627606381578997
"Y03","Y28",2,0.613458399833053
"Y03","Y29",2,0.596754696693877
"Y03","Y30",2,0.599095877213324
"Y03","Y31",2,0.550683585404277
"Y03","Y32",2,0.568744936099632
"Y03","Y33",2,0.592936349164388
"Y03","Y34",2,0.701065657158325
"Y03","Y35",2,0.698062176329678
"Y04","Y01",2,0.922425068820089
"Y04","Y02",2,0.949376605121253
"Y04","Y03",2,0.991160594223165
"Y04","Y05",2,0.988516447819627
"Y04","Y06",2,0.980154000523582
"Y04","Y07",2,0.965837558618176
"Y04","Y08",2,0.948648839731255
"Y04","Y09",2,0.930067141263555
"Y04","Y10",2,0.932024929563426
"Y04","Y11",2,0.957616331657988
"Y04","Y12",2,0.892337742309684
"Y04","Y14",2,0.745040416125877
"Y04","Y16",2,0.793507057652533
"Y04","Y17",2,0.786384230500242
"Y04","Y18",2,0.762542565054523
"Y04","Y19",2,0.886524010160874
"Y04","Y20",2,0.868125899213669
"Y04","Y21",2,0.85449342300288
"Y04","Y22",2,0.843932006817023
"Y04","Y23",2,0.73203559639171
"Y04","Y24",2,0.708349396724365
"Y04","Y25",2,0.674910407895629
"Y04","Y26",2,0.657801983605199
"Y04","Y27",2,0.617238731349991
"Y04","Y28",2,0.603086953829095
"Y04","Y29",2,0.586410712693811
"Y04","Y30",2,0.589202205552097
"Y04","Y31",2,0.540213485977538
"Y04","Y32",2,0.557764893515677
"Y04","Y33",2,0.581112368311057
"Y04","Y34",2,0.690444861308529
"Y04","Y35",2,0.686995233771622
"Y05","Y01",2,0.909504380310025
"Y05","Y02",2,0.935524449768076
"Y05","Y03",2,0.975614666794115
"Y05","Y04",2,0.988516447819627
"Y05","Y06",2,0.995353987890405
"Y05","Y07",2,0.981010618702936
"Y05","Y08",2,0.963613944561878
"Y05","Y09",2,0.945391418111832
"Y05","Y10",2,0.947484549982496
"Y05","Y11",2,0.943443463926168
"Y05","Y12",2,0.887481791812341
"Y05","Y14",2,0.744105616609014
"Y05","Y16",2,0.789194386257293
"Y05","Y17",2,0.781762658228649
"Y05","Y18",2,0.757458244320333
"Y05","Y19",2,0.875553583430624
"Y05","Y20",2,0.856414477368728
"Y05","Y21",2,0.842349655076649
"Y05","Y22",2,0.831097217062374
"Y05","Y23",2,0.719505890009726
"Y05","Y24",2,0.695922965839075
"Y05","Y25",2,0.662645308146984
"Y05","Y26",2,0.645463986402531
"Y05","Y27",2,0.604846366048399
"Y05","Y28",2,0.590697267826777
"Y05","Y29",2,0.574061614789338
"Y05","Y30",2,0.577387609947129
"Y05","Y31",2,0.527732295869588
"Y05","Y32",2,0.544665514622711
"Y05","Y33",2,0.566986358397664
"Y05","Y34",2,0.677708746575248
"Y05","Y35",2,0.673737166114498
"Y06","Y01",2,0.903837365984683
"Y06","Y02",2,0.929033580112007
"Y06","Y03",2,0.967285546955239
"Y06","Y04",2,0.980154000523582
"Y06","Y05",2,0.995353987890405
"Y06","Y07",2,0.989689087162354
"Y06","Y08",2,0.972320666113134
"Y06","Y09",2,0.953968414802302
"Y06","Y10",2,0.955919415822969
"Y06","Y11",2,0.934731965942603
"Y06","Y12",2,0.881461878008995
"Y06","Y14",2,0.740241767565761
"Y06","Y16",2,0.783675249793195
"Y06","Y17",2,0.776118997723784
"Y06","Y18",2,0.751644282100147
"Y06","Y19",2,0.867453326463084
"Y06","Y20",2,0.848141729937605
"Y06","Y21",2,0.833981780433743
"Y06","Y22",2,0.82258419891258
"Y06","Y23",2,0.711084405235566
"Y06","Y24",2,0.687529565275412
"Y06","Y25",2,0.654296302727399
"Y06","Y26",2,0.637098733214332
"Y06","Y27",2,0.596471613893696
"Y06","Y28",2,0.582324400399591
"Y06","Y29",2,0.565700295485338
"Y06","Y30",2,0.569168382671307
"Y06","Y31",2,0.519341135971066
"Y06","Y32",2,0.536133033789637
"Y06","Y33",2,0.558294676641097
"Y06","Y34",2,0.669245422253101
"Y06","Y35",2,0.665166591789634
"Y07","Y01",2,0.892604446936169
"Y07","Y02",2,0.916646014212961
"Y07","Y03",2,0.95302344561094
"Y07","Y04",2,0.965837558618176
"Y07","Y05",2,0.981010618702936
"Y07","Y06",2,0.989689087162354
"Y07","Y08",2,0.986630570715923
"Y07","Y09",2,0.968281741964463
"Y07","Y10",2,0.970025058686834
"Y07","Y11",2,0.920444912738136
"Y07","Y12",2,0.871975044380917
"Y07","Y14",2,0.734802610797077
"Y07","Y16",2,0.775364311428009
"Y07","Y17",2,0.767613337321294
"Y07","Y18",2,0.742892154128064
"Y07","Y19",2,0.854532752963141
"Y07","Y20",2,0.834920935558576
"Y07","Y21",2,0.820584280467292
"Y07","Y22",2,0.808886794348503
"Y07","Y23",2,0.697619710900548
"Y07","Y24",2,0.674130380246041
"Y07","Y25",2,0.64099825892501
"Y07","Y26",2,0.623768729856554
"Y07","Y27",2,0.583126635513842
"Y07","Y28",2,0.568985183210651
"Y07","Y29",2,0.552387969282092
"Y07","Y30",2,0.556155533587535
"Y07","Y31",2,0.505968087557162
"Y07","Y32",2,0.522434257243318
"Y07","Y33",2,0.54414113236223
"Y07","Y34",2,0.655695382895726
"Y07","Y35",2,0.651364622158925
"Y08","Y01",2,0.879421894684091
"Y08","Y02",2,0.901948173782456
"Y08","Y03",2,0.935954884740168
"Y08","Y04",2,0.948648839731255
"Y08","Y05",2,0.963613944561878
"Y08","Y06",2,0.972320666113134
"Y08","Y07",2,0.986630570715923
"Y08","Y09",2,0.984751213971521
"Y08","Y10",2,0.985280702232819
"Y08","Y11",2,0.903015268867795
"Y08","Y12",2,0.857984954439169
"Y08","Y14",2,0.725387563821456
"Y08","Y16",2,0.762868171801888
"Y08","Y17",2,0.754944399343697
"Y08","Y18",2,0.730033287794292
"Y08","Y19",2,0.837804747930605
"Y08","Y20",2,0.818001894837603
"Y08","Y21",2,0.803554751554952
"Y08","Y22",2,0.79167329893682
"Y08","Y23",2,0.680579374472145
"Y08","Y24",2,0.657140242645877
"Y08","Y25",2,0.624087329068959
"Y08","Y26",2,0.606836499754224
"Y08","Y27",2,0.566188173780077
"Y08","Y28",2,0.552052518640022
"Y08","Y29",2,0.535477213711929
"Y08","Y30",2,0.539478571298899
"Y08","Y31",2,0.489015636430204
"Y08","Y32",2,0.5052506409812
"Y08","Y33",2,0.52672123796062
"Y08","Y34",2,0.638601876031902
"Y08","Y35",2,0.63410937166622
"Y09","Y01",2,0.860461730208074
"Y09","Y02",2,0.882662526083499
"Y09","Y03",2,0.917239223956641
"Y09","Y04",2,0.930067141263555
"Y09","Y05",2,0.945391418111832
"Y09","Y06",2,0.953968414802302
"Y09","Y07",2,0.968281741964463
"Y09","Y08",2,0.984751213971521
"Y09","Y10",2,0.999518043001264
"Y09","Y11",2,0.885230351328119
"Y09","Y12",2,0.847682834660813
"Y09","Y14",2,0.722104077227535
"Y09","Y16",2,0.755329132693132
"Y09","Y17",2,0.747196238359449
"Y09","Y18",2,0.722107781345492
"Y09","Y19",2,0.822963819398882
"Y09","Y20",2,0.802759687126841
"Y09","Y21",2,0.788047731387962
"Y09","Y22",2,0.775608051569138
"Y09","Y23",2,0.665201961388934
"Y09","Y24",2,0.641929727366504
"Y09","Y25",2,0.609124418895746
"Y09","Y26",2,0.591825430859687
"Y09","Y27",2,0.551182102614277
"Y09","Y28",2,0.53706979814166
"Y09","Y29",2,0.520563781756068
"Y09","Y30",2,0.525174752023574
"Y09","Y31",2,0.474002583612429
"Y09","Y32",2,0.489489603754053
"Y09","Y33",2,0.509700629929485
"Y09","Y34",2,0.623089706127647
"Y09","Y35",2,0.618021735732541
"Y10","Y01",2,0.860644539243671
"Y10","Y02",2,0.883412688608037
"Y10","Y03",2,0.919140871632161
"Y10","Y04",2,0.932024929563426
"Y10","Y05",2,0.947484549982496
"Y10","Y06",2,0.955919415822969
"Y10","Y07",2,0.970025058686834
"Y10","Y08",2,0.985280702232819
"Y10","Y09",2,0.999518043001264
"Y10","Y11",2,0.887747113837441
"Y10","Y12",2,0.851895357607182
"Y10","Y14",2,0.726650099018512
"Y10","Y16",2,0.759782777423673
"Y10","Y17",2,0.751639953330266
"Y10","Y18",2,0.726544922676184
"Y10","Y19",2,0.826487630537473
"Y10","Y20",2,0.806202368167698
"Y10","Y21",2,0.791432104274527
"Y10","Y22",2,0.778846279907812
"Y10","Y23",2,0.668656979551358
"Y10","Y24",2,0.645429701857977
"Y10","Y25",2,0.612687339538277
"Y10","Y26",2,0.595379623488816
"Y10","Y27",2,0.554742159886227
"Y10","Y28",2,0.540636648144319
"Y10","Y29",2,0.524147935006613
"Y10","Y30",2,0.528887965519184
"Y10","Y31",2,0.477567963122629
"Y10","Y32",2,0.492867640529587
"Y10","Y33",2,0.512679980541966
"Y10","Y34",2,0.626517996843603
"Y10","Y35",2,0.621294040694592
"Y11","Y01",2,0.929348568488772
"Y11","Y02",2,0.954131451254526
"Y11","Y03",2,0.968746032156432
"Y11","Y04",2,0.957616331657988
"Y11","Y05",2,0.943443463926168
"Y11","Y06",2,0.934731965942603
"Y11","Y07",2,0.920444912738136
"Y11","Y08",2,0.903015268867795
"Y11","Y09",2,0.885230351328119
"Y11","Y10",2,0.887747113837441
"Y11","Y12",2,0.916667524880814
"Y11","Y14",2,0.764637400573349
"Y11","Y16",2,0.821338450879748
"Y11","Y17",2,0.815207094138287
"Y11","Y18",2,0.793033658720636
"Y11","Y19",2,0.928579246395692
"Y11","Y20",2,0.91211882116299
"Y11","Y21",2,0.89935916270294
"Y11","Y22",2,0.889757431497695
"Y11","Y23",2,0.777751171523899
"Y11","Y24",2,0.753984961900388
"Y11","Y25",2,0.720408179159056
"Y11","Y26",2,0.703390464752768
"Y11","Y27",2,0.66290781060038
"Y11","Y28",2,0.648760924581923
"Y11","Y29",2,0.632053352064096
"Y11","Y30",2,0.634258260378355
"Y11","Y31",2,0.585999010851639
"Y11","Y32",2,0.604004715283026
"Y11","Y33",2,0.627498441558755
"Y11","Y34",2,0.73638575733885
"Y11","Y35",2,0.733295429154755
"Y12","Y01",2,0.842615249514114
"Y12","Y02",2,0.866745884253024
"Y12","Y03",2,0.895257283427431
"Y12","Y04",2,0.892337742309684
"Y12","Y05",2,0.887481791812341
"Y12","Y06",2,0.881461878008995
"Y12","Y07",2,0.871975044380917
"Y12","Y08",2,0.857984954439169
"Y12","Y09",2,0.847682834660813
"Y12","Y10",2,0.851895357607182
"Y12","Y11",2,0.916667524880814
"Y12","Y14",2,0.852026280958436
"Y12","Y16",2,0.905230558264049
"Y12","Y17",2,0.898084371816138
"Y12","Y18",2,0.87400428392784
"Y12","Y19",2,0.948707040712308
"Y12","Y20",2,0.931344551608085
"Y12","Y21",2,0.917447793694743
"Y12","Y22",2,0.901247777334951
"Y12","Y23",2,0.807173958993185
"Y12","Y24",2,0.785774654946414
"Y12","Y25",2,0.755207550431436
"Y12","Y26",2,0.737943678983699
"Y12","Y27",2,0.697914944766115
"Y12","Y28",2,0.684093218017917
"Y12","Y29",2,0.668114123355193
"Y12","Y30",2,0.675405289930712
"Y12","Y31",2,0.621473221635839
"Y12","Y32",2,0.632527607599319
"Y12","Y33",2,0.641935943640399
"Y12","Y34",2,0.7654237996564
"Y12","Y35",2,0.756126117812689
"Y14","Y01",2,0.690986739595102
"Y14","Y02",2,0.714708511660959
"Y14","Y03",2,0.745530923166253
"Y14","Y04",2,0.745040416125877
"Y14","Y05",2,0.744105616609014
"Y14","Y06",2,0.740241767565761
"Y14","Y07",2,0.734802610797077
"Y14","Y08",2,0.725387563821456
"Y14","Y09",2,0.722104077227535
"Y14","Y10",2,0.726650099018512
"Y14","Y11",2,0.764637400573349
"Y14","Y12",2,0.852026280958436
"Y14","Y16",2,0.934263390427498
"Y14","Y17",2,0.934221528277722
"Y14","Y18",2,0.9338728880115
"Y14","Y19",2,0.818012842798355
"Y14","Y20",2,0.814867808104364
"Y14","Y21",2,0.810647361217318
"Y14","Y22",2,0.798949517276416
"Y14","Y23",2,0.775155980395452
"Y14","Y24",2,0.765456269230583
"Y14","Y25",2,0.749648758906172
"Y14","Y26",2,0.736309156739539
"Y14","Y27",2,0.705665867440813
"Y14","Y28",2,0.694968351244038
"Y14","Y29",2,0.683070200473622
"Y14","Y30",2,0.699614877643038
"Y14","Y31",2,0.641704590093782
"Y14","Y32",2,0.63787057027221
"Y14","Y33",2,0.620752162310135
"Y14","Y34",2,0.746307342614033
"Y14","Y35",2,0.728616821082453
"Y16","Y01",2,0.75060697600456
"Y16","Y02",2,0.772025469540361
"Y16","Y03",2,0.796682660008719
"Y16","Y04",2,0.793507057652533
"Y16","Y05",2,0.789194386257293
"Y16","Y06",2,0.783675249793195
"Y16","Y07",2,0.775364311428009
"Y16","Y08",2,0.762868171801888
"Y16","Y09",2,0.755329132693132
"Y16","Y10",2,0.759782777423673
"Y16","Y11",2,0.821338450879748
"Y16","Y12",2,0.905230558264049
"Y16","Y14",2,0.934263390427498
"Y16","Y17",2,0.995513483580227
"Y16","Y18",2,0.970531491688723
"Y16","Y19",2,0.883596091407434
"Y16","Y20",2,0.88312399620438
"Y16","Y21",2,0.879997188470749
"Y16","Y22",2,0.868688648971576
"Y16","Y23",2,0.834163338649137
"Y16","Y24",2,0.820357804351999
"Y16","Y25",2,0.798589745096106
"Y16","Y26",2,0.783185863956213
"Y16","Y27",2,0.7476926297942
"Y16","Y28",2,0.735368645513502
"Y16","Y29",2,0.721402053336579
"Y16","Y30",2,0.734311540607612
"Y16","Y31",2,0.676763952926053
"Y16","Y32",2,0.67913276381414
"Y16","Y33",2,0.671512079736777
"Y16","Y34",2,0.799919348792945
"Y16","Y35",2,0.784240336075819
"Y17","Y01",2,0.74520112272791
"Y17","Y02",2,0.766143893714721
"Y17","Y03",2,0.78984992618851
"Y17","Y04",2,0.786384230500242
"Y17","Y05",2,0.781762658228649
"Y17","Y06",2,0.776118997723784
"Y17","Y07",2,0.767613337321294
"Y17","Y08",2,0.754944399343697
"Y17","Y09",2,0.747196238359449
"Y17","Y10",2,0.751639953330266
"Y17","Y11",2,0.815207094138287
"Y17","Y12",2,0.898084371816138
"Y17","Y14",2,0.934221528277722
"Y17","Y16",2,0.995513483580227
"Y17","Y18",2,0.97891105426499
"Y17","Y19",2,0.879310178734609
"Y17","Y20",2,0.880159462106291
"Y17","Y21",2,0.878028612259748
"Y17","Y22",2,0.867493677767407
"Y17","Y23",2,0.838906271083411
"Y17","Y24",2,0.825875326345186
"Y17","Y25",2,0.804948544344361
"Y17","Y26",2,0.789762905129526
"Y17","Y27",2,0.754715855147561
"Y17","Y28",2,0.742522531196667
"Y17","Y29",2,0.728713139468535
"Y17","Y30",2,0.741918011710428
"Y17","Y31",2,0.684274047499221
"Y17","Y32",2,0.686131581518511
"Y17","Y33",2,0.67740640353481
"Y17","Y34",2,0.805598024578683
"Y17","Y35",2,0.78953510300141
"Y18","Y01",2,0.724628360155972
"Y18","Y02",2,0.744563746360829
"Y18","Y03",2,0.766479392307845
"Y18","Y04",2,0.762542565054523
"Y18","Y05",2,0.757458244320333
"Y18","Y06",2,0.751644282100147
"Y18","Y07",2,0.742892154128064
"Y18","Y08",2,0.730033287794292
"Y18","Y09",2,0.722107781345492
"Y18","Y10",2,0.726544922676184
"Y18","Y11",2,0.793033658720636
"Y18","Y12",2,0.87400428392784
"Y18","Y14",2,0.9338728880115
"Y18","Y16",2,0.970531491688723
"Y18","Y17",2,0.97891105426499
"Y18","Y19",2,0.860378013769411
"Y18","Y20",2,0.86404471558597
"Y18","Y21",2,0.864244453927856
"Y18","Y22",2,0.855781902122826
"Y18","Y23",2,0.845346159530955
"Y18","Y24",2,0.835286710288505
"Y18","Y25",2,0.817787488000451
"Y18","Y26",2,0.803582515137007
"Y18","Y27",2,0.77054821447046
"Y18","Y28",2,0.75895251636698
"Y18","Y29",2,0.745862233471002
"Y18","Y30",2,0.760347304730737
"Y18","Y31",2,0.702401702564617
"Y18","Y32",2,0.702079108053778
"Y18","Y33",2,0.689097768261204
"Y18","Y34",2,0.815815626176768
"Y18","Y35",2,0.7984782718389
"Y19","Y01",2,0.867545887638734
"Y19","Y02",2,0.884928012637978
"Y19","Y03",2,0.895113388755295
"Y19","Y04",2,0.886524010160874
"Y19","Y05",2,0.875553583430624
"Y19","Y06",2,0.867453326463084
"Y19","Y07",2,0.854532752963141
"Y19","Y08",2,0.837804747930605
"Y19","Y09",2,0.822963819398882
"Y19","Y10",2,0.826487630537473
"Y19","Y11",2,0.928579246395692
"Y19","Y12",2,0.948707040712308
"Y19","Y14",2,0.818012842798355
"Y19","Y16",2,0.883596091407434
"Y19","Y17",2,0.879310178734609
"Y19","Y18",2,0.860378013769411
"Y19","Y20",2,0.983151430857212
"Y19","Y21",2,0.967879127085723
"Y19","Y22",2,0.952921901480694
"Y19","Y23",2,0.846160590589524
"Y19","Y24",2,0.823005070952942
"Y19","Y25",2,0.790212201980889
"Y19","Y26",2,0.772921736291646
"Y19","Y27",2,0.732275114120992
"Y19","Y28",2,0.718156866156963
"Y19","Y29",2,0.701628177359322
"Y19","Y30",2,0.70568892535504
"Y19","Y31",2,0.655093073319772
"Y19","Y32",2,0.670181126418804
"Y19","Y33",2,0.686389293968242
"Y19","Y34",2,0.803960713968119
"Y19","Y35",2,0.797832235342438
"Y20","Y01",2,0.858181807850288
"Y20","Y02",2,0.872486781525311
"Y20","Y03",2,0.877522769733062
"Y20","Y04",2,0.868125899213669
"Y20","Y05",2,0.856414477368728
"Y20","Y06",2,0.848141729937605
"Y20","Y07",2,0.834920935558576
"Y20","Y08",2,0.818001894837603
"Y20","Y09",2,0.802759687126841
"Y20","Y10",2,0.806202368167698
"Y20","Y11",2,0.91211882116299
"Y20","Y12",2,0.931344551608085
"Y20","Y14",2,0.814867808104364
"Y20","Y16",2,0.88312399620438
"Y20","Y17",2,0.880159462106291
"Y20","Y18",2,0.86404471558597
"Y20","Y19",2,0.983151430857212
"Y20","Y21",2,0.988788300268765
"Y20","Y22",2,0.973378892082815
"Y20","Y23",2,0.866508109908976
"Y20","Y24",2,0.843177419430191
"Y20","Y25",2,0.810140324044507
"Y20","Y26",2,0.792899019962019
"Y20","Y27",2,0.752251665600127
"Y20","Y28",2,0.73811461660733
"Y20","Y29",2,0.721529031975475
"Y20","Y30",2,0.725019351943705
"Y20","Y31",2,0.675079858649099
"Y20","Y32",2,0.690684885640342
"Y20","Y33",2,0.707304000817954
"Y20","Y34",2,0.824381425831222
"Y20","Y35",2,0.818600630435891
"Y21","Y01",2,0.85034827237436
"Y21","Y02",2,0.862523663274938
"Y21","Y03",2,0.864347046674543
"Y21","Y04",2,0.85449342300288
"Y21","Y05",2,0.842349655076649
"Y21","Y06",2,0.833981780433743
"Y21","Y07",2,0.820584280467292
"Y21","Y08",2,0.803554751554952
"Y21","Y09",2,0.788047731387962
"Y21","Y10",2,0.791432104274527
"Y21","Y11",2,0.89935916270294
"Y21","Y12",2,0.917447793694743
"Y21","Y14",2,0.810647361217318
"Y21","Y16",2,0.879997188470749
"Y21","Y17",2,0.878028612259748
"Y21","Y18",2,0.864244453927856
"Y21","Y19",2,0.967879127085723
"Y21","Y20",2,0.988788300268765
"Y21","Y22",2,0.987834674820629
"Y21","Y23",2,0.881090582950407
"Y21","Y24",2,0.857604352740453
"Y21","Y25",2,0.824359464838304
"Y21","Y26",2,0.807179197890271
"Y21","Y27",2,0.766555692338105
"Y21","Y28",2,0.752408024840872
"Y21","Y29",2,0.735777649714562
"Y21","Y30",2,0.738753705689861
"Y21","Y31",2,0.689422259780187
"Y21","Y32",2,0.705500912202212
"Y21","Y33",2,0.722572315133204
"Y21","Y34",2,0.839075454503983
"Y21","Y35",2,0.833665214085455
"Y22","Y01",2,0.847517246200729
"Y22","Y02",2,0.856997359040081
"Y22","Y03",2,0.854452089044889
"Y22","Y04",2,0.843932006817023
"Y22","Y05",2,0.831097217062374
"Y22","Y06",2,0.82258419891258
"Y22","Y07",2,0.808886794348503
"Y22","Y08",2,0.79167329893682
"Y22","Y09",2,0.775608051569138
"Y22","Y10",2,0.778846279907812
"Y22","Y11",2,0.889757431497695
"Y22","Y12",2,0.901247777334951
"Y22","Y14",2,0.798949517276416
"Y22","Y16",2,0.868688648971576
"Y22","Y17",2,0.867493677767407
"Y22","Y18",2,0.855781902122826
"Y22","Y19",2,0.952921901480694
"Y22","Y20",2,0.973378892082815
"Y22","Y21",2,0.987834674820629
"Y22","Y23",2,0.89205981133679
"Y22","Y24",2,0.868284096460413
"Y22","Y25",2,0.834661170848807
"Y22","Y26",2,0.817684546547626
"Y22","Y27",2,0.777216426792544
"Y22","Y28",2,0.763069641186716
"Y22","Y29",2,0.746361122357447
"Y22","Y30",2,0.748208576790901
"Y22","Y31",2,0.700287287521576
"Y22","Y32",2,0.717606642847871
"Y22","Y33",2,0.736749614353917
"Y22","Y34",2,0.850578555492094
"Y22","Y35",2,0.846462746609406
"Y23","Y01",2,0.742482884333755
"Y23","Y02",2,0.747660526077617
"Y23","Y03",2,0.742448617493818
"Y23","Y04",2,0.73203559639171
"Y23","Y05",2,0.719505890009726
"Y23","Y06",2,0.711084405235566
"Y23","Y07",2,0.697619710900548
"Y23","Y08",2,0.680579374472145
"Y23","Y09",2,0.665201961388934
"Y23","Y10",2,0.668656979551358
"Y23","Y11",2,0.777751171523899
"Y23","Y12",2,0.807173958993185
"Y23","Y14",2,0.775155980395452
"Y23","Y16",2,0.834163338649137
"Y23","Y17",2,0.838906271083411
"Y23","Y18",2,0.845346159530955
"Y23","Y19",2,0.846160590589524
"Y23","Y20",2,0.866508109908976
"Y23","Y21",2,0.881090582950407
"Y23","Y22",2,0.89205981133679
"Y23","Y24",2,0.98020946343321
"Y23","Y25",2,0.946419731809991
"Y23","Y26",2,0.929641943920313
"Y23","Y27",2,0.88922276350401
"Y23","Y28",2,0.875075694800863
"Y23","Y29",2,0.858366418491676
"Y23","Y30",2,0.85934525221151
"Y23","Y31",2,0.812243242023945
"Y23","Y32",2,0.827990930125719
"Y23","Y33",2,0.836994033093706
"Y23","Y34",2,0.96181770747411
"Y23","Y35",2,0.952135223657535
"Y24","Y01",2,0.718979511508758
"Y24","Y02",2,0.723863623132443
"Y24","Y03",2,0.718692968674932
"Y24","Y04",2,0.708349396724365
"Y24","Y05",2,0.695922965839075
"Y24","Y06",2,0.687529565275412
"Y24","Y07",2,0.674130380246041
"Y24","Y08",2,0.657140242645877
"Y24","Y09",2,0.641929727366504
"Y24","Y10",2,0.645429701857977
"Y24","Y11",2,0.753984961900388
"Y24","Y12",2,0.785774654946414
"Y24","Y14",2,0.765456269230583
"Y24","Y16",2,0.820357804351999
"Y24","Y17",2,0.825875326345186
"Y24","Y18",2,0.835286710288505
"Y24","Y19",2,0.823005070952942
"Y24","Y20",2,0.843177419430191
"Y24","Y21",2,0.857604352740453
"Y24","Y22",2,0.868284096460413
"Y24","Y23",2,0.98020946343321
"Y24","Y25",2,0.970265303898798
"Y24","Y26",2,0.953464703681321
"Y24","Y27",2,0.912955481828193
"Y24","Y28",2,0.898803700181598
"Y24","Y29",2,0.88212009121953
"Y24","Y30",2,0.883121091298711
"Y24","Y31",2,0.835875422589492
"Y24","Y32",2,0.850549775214065
"Y24","Y33",2,0.854695835221874
"Y24","Y34",2,0.983157135134566
"Y24","Y35",2,0.967224694333693
"Y25","Y01",2,0.685414989741415
"Y25","Y02",2,0.69007448827949
"Y25","Y03",2,0.685139473983891
"Y25","Y04",2,0.674910407895629
"Y25","Y05",2,0.662645308146984
"Y25","Y06",2,0.654296302727399
"Y25","Y07",2,0.64099825892501
"Y25","Y08",2,0.624087329068959
"Y25","Y09",2,0.609124418895746
"Y25","Y10",2,0.612687339538277
"Y25","Y11",2,0.720408179159056
"Y25","Y12",2,0.755207550431436
"Y25","Y14",2,0.749648758906172
"Y25","Y16",2,0.798589745096106
"Y25","Y17",2,0.804948544344361
"Y25","Y18",2,0.817787488000451
"Y25","Y19",2,0.790212201980889
"Y25","Y20",2,0.810140324044507
"Y25","Y21",2,0.824359464838304
"Y25","Y22",2,0.834661170848807
"Y25","Y23",2,0.946419731809991
"Y25","Y24",2,0.970265303898798
"Y25","Y26",2,0.986718463168222
"Y25","Y27",2,0.946120505175603
"Y25","Y28",2,0.932010642608849
"Y25","Y29",2,0.915454775723311
"Y25","Y30",2,0.916862779659273
"Y25","Y31",2,0.868944310996127
"Y25","Y32",2,0.881047726745981
"Y25","Y33",2,0.875168979600795
"Y25","Y34",2,0.981424711043266
"Y25","Y35",2,0.965357374974047
"Y26","Y01",2,0.669508518627556
"Y26","Y02",2,0.673637656259012
"Y26","Y03",2,0.668103336487057
"Y26","Y04",2,0.657801983605199
"Y26","Y05",2,0.645463986402531
"Y26","Y06",2,0.637098733214332
"Y26","Y07",2,0.623768729856554
"Y26","Y08",2,0.606836499754224
"Y26","Y09",2,0.591825430859687
"Y26","Y10",2,0.595379623488816
"Y26","Y11",2,0.703390464752768
"Y26","Y12",2,0.737943678983699
"Y26","Y14",2,0.736309156739539
"Y26","Y16",2,0.783185863956213
"Y26","Y17",2,0.789762905129526
"Y26","Y18",2,0.803582515137007
"Y26","Y19",2,0.772921736291646
"Y26","Y20",2,0.792899019962019
"Y26","Y21",2,0.807179197890271
"Y26","Y22",2,0.817684546547626
"Y26","Y23",2,0.929641943920313
"Y26","Y24",2,0.953464703681321
"Y26","Y25",2,0.986718463168222
"Y26","Y27",2,0.963415778427563
"Y26","Y28",2,0.9492816800436
"Y26","Y29",2,0.932662540752203
"Y26","Y30",2,0.932689875461862
"Y26","Y31",2,0.886233979242621
"Y26","Y32",2,0.89802343644904
"Y26","Y33",2,0.887755513598437
"Y26","Y34",2,0.968511212105226
"Y26","Y35",2,0.958563192873977
"Y27","Y01",2,0.630558510957952
"Y27","Y02",2,0.633893731481111
"Y27","Y03",2,0.627606381578997
"Y27","Y04",2,0.617238731349991
"Y27","Y05",2,0.604846366048399
"Y27","Y06",2,0.596471613893696
"Y27","Y07",2,0.583126635513842
"Y27","Y08",2,0.566188173780077
"Y27","Y09",2,0.551182102614277
"Y27","Y10",2,0.554742159886227
"Y27","Y11",2,0.66290781060038
"Y27","Y12",2,0.697914944766115
"Y27","Y14",2,0.705665867440813
"Y27","Y16",2,0.7476926297942
"Y27","Y17",2,0.754715855147561
"Y27","Y18",2,0.77054821447046
"Y27","Y19",2,0.732275114120992
"Y27","Y20",2,0.752251665600127
"Y27","Y21",2,0.766555692338105
"Y27","Y22",2,0.777216426792544
"Y27","Y23",2,0.88922276350401
"Y27","Y24",2,0.912955481828193
"Y27","Y25",2,0.946120505175603
"Y27","Y26",2,0.963415778427563
"Y27","Y28",2,0.989914274616488
"Y27","Y29",2,0.973200756321573
"Y27","Y30",2,0.967324170083177
"Y27","Y31",2,0.926883495015754
"Y27","Y32",2,0.935476836896258
"Y27","Y33",2,0.90754499190469
"Y27","Y34",2,0.929823257095258
"Y27","Y35",2,0.926311012577183
"Y28","Y01",2,0.616723771313629
"Y28","Y02",2,0.619878149883978
"Y28","Y03",2,0.613458399833053
"Y28","Y04",2,0.603086953829095
"Y28","Y05",2,0.590697267826777
"Y28","Y06",2,0.582324400399591
"Y28","Y07",2,0.568985183210651
"Y28","Y08",2,0.552052518640022
"Y28","Y09",2,0.53706979814166
"Y28","Y10",2,0.540636648144319
"Y28","Y11",2,0.648760924581923
"Y28","Y12",2,0.684093218017917
"Y28","Y14",2,0.694968351244038
"Y28","Y16",2,0.735368645513502
"Y28","Y17",2,0.742522531196667
"Y28","Y18",2,0.75895251636698
"Y28","Y19",2,0.718156866156963
"Y28","Y20",2,0.73811461660733
"Y28","Y21",2,0.752408024840872
"Y28","Y22",2,0.763069641186716
"Y28","Y23",2,0.875075694800863
"Y28","Y24",2,0.898803700181598
"Y28","Y25",2,0.932010642608849
"Y28","Y26",2,0.9492816800436
"Y28","Y27",2,0.989914274616488
"Y28","Y29",2,0.987313314968646
"Y28","Y30",2,0.976138476950614
"Y28","Y31",2,0.940997413987441
"Y28","Y32",2,0.946967426938854
"Y28","Y33",2,0.910378808006153
"Y28","Y34",2,0.915812610240849
"Y28","Y35",2,0.913179613242307
"Y29","Y01",2,0.600062733952053
"Y29","Y02",2,0.603135188456531
"Y29","Y03",2,0.596754696693877
"Y29","Y04",2,0.586410712693811
"Y29","Y05",2,0.574061614789338
"Y29","Y06",2,0.565700295485338
"Y29","Y07",2,0.552387969282092
"Y29","Y08",2,0.535477213711929
"Y29","Y09",2,0.520563781756068
"Y29","Y10",2,0.524147935006613
"Y29","Y11",2,0.632053352064096
"Y29","Y12",2,0.668114123355193
"Y29","Y14",2,0.683070200473622
"Y29","Y16",2,0.721402053336579
"Y29","Y17",2,0.728713139468535
"Y29","Y18",2,0.745862233471002
"Y29","Y19",2,0.701628177359322
"Y29","Y20",2,0.721529031975475
"Y29","Y21",2,0.735777649714562
"Y29","Y22",2,0.746361122357447
"Y29","Y23",2,0.858366418491676
"Y29","Y24",2,0.88212009121953
"Y29","Y25",2,0.915454775723311
"Y29","Y26",2,0.932662540752203
"Y29","Y27",2,0.973200756321573
"Y29","Y28",2,0.987313314968646
"Y29","Y30",2,0.980794728837247
"Y29","Y31",2,0.957373743737987
"Y29","Y32",2,0.957169116270832
"Y29","Y33",2,0.909336407067432
"Y29","Y34",2,0.899065436873387
"Y29","Y35",2,0.896869763304742
"Y30","Y01",2,0.598272543390142
"Y30","Y02",2,0.602939701171765
"Y30","Y03",2,0.599095877213324
"Y30","Y04",2,0.589202205552097
"Y30","Y05",2,0.577387609947129
"Y30","Y06",2,0.569168382671307
"Y30","Y07",2,0.556155533587535
"Y30","Y08",2,0.539478571298899
"Y30","Y09",2,0.525174752023574
"Y30","Y10",2,0.528887965519184
"Y30","Y11",2,0.634258260378355
"Y30","Y12",2,0.675405289930712
"Y30","Y14",2,0.699614877643038
"Y30","Y16",2,0.734311540607612
"Y30","Y17",2,0.741918011710428
"Y30","Y18",2,0.760347304730737
"Y30","Y19",2,0.70568892535504
"Y30","Y20",2,0.725019351943705
"Y30","Y21",2,0.738753705689861
"Y30","Y22",2,0.748208576790901
"Y30","Y23",2,0.85934525221151
"Y30","Y24",2,0.883121091298711
"Y30","Y25",2,0.916862779659273
"Y30","Y26",2,0.932689875461862
"Y30","Y27",2,0.967324170083177
"Y30","Y28",2,0.976138476950614
"Y30","Y29",2,0.980794728837247
"Y30","Y31",2,0.946037408839894
"Y30","Y32",2,0.935572044560251
"Y30","Y33",2,0.886457215112551
"Y30","Y34",2,0.897210243816787
"Y30","Y35",2,0.890858480781238
"Y31","Y01",2,0.555914191652804
"Y31","Y02",2,0.558086151576253
"Y31","Y03",2,0.550683585404277
"Y31","Y04",2,0.540213485977538
"Y31","Y05",2,0.527732295869588
"Y31","Y06",2,0.519341135971066
"Y31","Y07",2,0.505968087557162
"Y31","Y08",2,0.489015636430204
"Y31","Y09",2,0.474002583612429
"Y31","Y10",2,0.477567963122629
"Y31","Y11",2,0.585999010851639
"Y31","Y12",2,0.621473221635839
"Y31","Y14",2,0.641704590093782
"Y31","Y16",2,0.676763952926053
"Y31","Y17",2,0.684274047499221
"Y31","Y18",2,0.702401702564617
"Y31","Y19",2,0.655093073319772
"Y31","Y20",2,0.675079858649099
"Y31","Y21",2,0.689422259780187
"Y31","Y22",2,0.700287287521576
"Y31","Y23",2,0.812243242023945
"Y31","Y24",2,0.835875422589492
"Y31","Y25",2,0.868944310996127
"Y31","Y26",2,0.886233979242621
"Y31","Y27",2,0.926883495015754
"Y31","Y28",2,0.940997413987441
"Y31","Y29",2,0.957373743737987
"Y31","Y30",2,0.946037408839894
"Y31","Y32",2,0.967458575093171
"Y31","Y33",2,0.902570459678786
"Y31","Y34",2,0.853559209154171
"Y31","Y35",2,0.853585701225888
"Y32","Y01",2,0.578896548306908
"Y32","Y02",2,0.579199901792656
"Y32","Y03",2,0.568744936099632
"Y32","Y04",2,0.557764893515677
"Y32","Y05",2,0.544665514622711
"Y32","Y06",2,0.536133033789637
"Y32","Y07",2,0.522434257243318
"Y32","Y08",2,0.5052506409812
"Y32","Y09",2,0.489489603754053
"Y32","Y10",2,0.492867640529587
"Y32","Y11",2,0.604004715283026
"Y32","Y12",2,0.632527607599319
"Y32","Y14",2,0.63787057027221
"Y32","Y16",2,0.67913276381414
"Y32","Y17",2,0.686131581518511
"Y32","Y18",2,0.702079108053778
"Y32","Y19",2,0.670181126418804
"Y32","Y20",2,0.690684885640342
"Y32","Y21",2,0.705500912202212
"Y32","Y22",2,0.717606642847871
"Y32","Y23",2,0.827990930125719
"Y32","Y24",2,0.850549775214065
"Y32","Y25",2,0.881047726745981
"Y32","Y26",2,0.89802343644904
"Y32","Y27",2,0.935476836896258
"Y32","Y28",2,0.946967426938854
"Y32","Y29",2,0.957169116270832
"Y32","Y30",2,0.935572044560251
"Y32","Y31",2,0.967458575093171
"Y32","Y33",2,0.93916914621695
"Y32","Y34",2,0.87023836308331
"Y32","Y35",2,0.874698038308771
"Y33","Y01",2,0.612911149843144
"Y33","Y02",2,0.609369572647707
"Y33","Y03",2,0.592936349164388
"Y33","Y04",2,0.581112368311057
"Y33","Y05",2,0.566986358397664
"Y33","Y06",2,0.558294676641097
"Y33","Y07",2,0.54414113236223
"Y33","Y08",2,0.52672123796062
"Y33","Y09",2,0.509700629929485
"Y33","Y10",2,0.512679980541966
"Y33","Y11",2,0.627498441558755
"Y33","Y12",2,0.641935943640399
"Y33","Y14",2,0.620752162310135
"Y33","Y16",2,0.671512079736777
"Y33","Y17",2,0.67740640353481
"Y33","Y18",2,0.689097768261204
"Y33","Y19",2,0.686389293968242
"Y33","Y20",2,0.707304000817954
"Y33","Y21",2,0.722572315133204
"Y33","Y22",2,0.736749614353917
"Y33","Y23",2,0.836994033093706
"Y33","Y24",2,0.854695835221874
"Y33","Y25",2,0.875168979600795
"Y33","Y26",2,0.887755513598437
"Y33","Y27",2,0.90754499190469
"Y33","Y28",2,0.910378808006153
"Y33","Y29",2,0.909336407067432
"Y33","Y30",2,0.886457215112551
"Y33","Y31",2,0.902570459678786
"Y33","Y32",2,0.93916914621695
"Y33","Y34",2,0.875454291469241
"Y33","Y35",2,0.888923620476965
"Y34","Y01",2,0.704624511018115
"Y34","Y02",2,0.708129103020548
"Y34","Y03",2,0.701065657158325
"Y34","Y04",2,0.690444861308529
"Y34","Y05",2,0.677708746575248
"Y34","Y06",2,0.669245422253101
"Y34","Y07",2,0.655695382895726
"Y34","Y08",2,0.638601876031902
"Y34","Y09",2,0.623089706127647
"Y34","Y10",2,0.626517996843603
"Y34","Y11",2,0.73638575733885
"Y34","Y12",2,0.7654237996564
"Y34","Y14",2,0.746307342614033
"Y34","Y16",2,0.799919348792945
"Y34","Y17",2,0.805598024578683
"Y34","Y18",2,0.815815626176768
"Y34","Y19",2,0.803960713968119
"Y34","Y20",2,0.824381425831222
"Y34","Y21",2,0.839075454503983
"Y34","Y22",2,0.850578555492094
"Y34","Y23",2,0.96181770747411
"Y34","Y24",2,0.983157135134566
"Y34","Y25",2,0.981424711043266
"Y34","Y26",2,0.968511212105226
"Y34","Y27",2,0.929823257095258
"Y34","Y28",2,0.915812610240849
"Y34","Y29",2,0.899065436873387
"Y34","Y30",2,0.897210243816787
"Y34","Y31",2,0.853559209154171
"Y34","Y32",2,0.87023836308331
"Y34","Y33",2,0.875454291469241
"Y34","Y35",2,0.984023366665577
"Y35","Y01",2,0.706388955414953
"Y35","Y02",2,0.708021506473148
"Y35","Y03",2,0.698062176329678
"Y35","Y04",2,0.686995233771622
"Y35","Y05",2,0.673737166114498
"Y35","Y06",2,0.665166591789634
"Y35","Y07",2,0.651364622158925
"Y35","Y08",2,0.63410937166622
"Y35","Y09",2,0.618021735732541
"Y35","Y10",2,0.621294040694592
"Y35","Y11",2,0.733295429154755
"Y35","Y12",2,0.756126117812689
"Y35","Y14",2,0.728616821082453
"Y35","Y16",2,0.784240336075819
"Y35","Y17",2,0.78953510300141
"Y35","Y18",2,0.7984782718389
"Y35","Y19",2,0.797832235342438
"Y35","Y20",2,0.818600630435891
"Y35","Y21",2,0.833665214085455
"Y35","Y22",2,0.846462746609406
"Y35","Y23",2,0.952135223657535
"Y35","Y24",2,0.967224694333693
"Y35","Y25",2,0.965357374974047
"Y35","Y26",2,0.958563192873977
"Y35","Y27",2,0.926311012577183
"Y35","Y28",2,0.913179613242307
"Y35","Y29",2,0.896869763304742
"Y35","Y30",2,0.890858480781238
"Y35","Y31",2,0.853585701225888
"Y35","Y32",2,0.874698038308771
"Y35","Y33",2,0.888923620476965
"Y35","Y34",2,0.984023366665577
"Z02","Z07",2,0.967326449970756
"Z02","Z10",2,0.918930115915057
"Z02","Z11",2,0.913683888778811
"Z02","Z16",2,0.876845712612271
"Z02","Z20",2,0.889750330230766
"Z02","Z21",2,0.891584463649805
"Z02","Z22",2,0.867759158648761
"Z02","Z27",2,0.805968927805075
"Z02","Z28",2,0.804061059114788
"Z02","Z29",2,0.801265094312326
"Z02","Z31",2,0.787489380657786
"Z02","Z32",2,0.774231674676744
"Z02","Z33",2,0.759072273478388
"Z02","Z39",2,0.89733002531153
"Z02","Z42",2,0.710093445768981
"Z02","Z43",2,0.647641486595371
"Z02","Z45",2,0.66556734663899
"Z07","Z02",2,0.967326449970756
"Z07","Z10",2,0.936975830209043
"Z07","Z11",2,0.925752638103478
"Z07","Z16",2,0.900929405915311
"Z07","Z20",2,0.892484103274024
"Z07","Z21",2,0.892802340944014
"Z07","Z22",2,0.864641134204543
"Z07","Z27",2,0.79699595840481
"Z07","Z28",2,0.797583964328019
"Z07","Z29",2,0.797513393060252
"Z07","Z31",2,0.79385438433765
"Z07","Z32",2,0.78339514427761
"Z07","Z33",2,0.771094064709901
"Z07","Z39",2,0.860614049268781
"Z07","Z42",2,0.73818642930327
"Z07","Z43",2,0.675608577604382
"Z07","Z45",2,0.684733197091946
"Z10","Z02",2,0.918930115915057
"Z10","Z07",2,0.936975830209043
"Z10","Z11",2,0.987524385417393
"Z10","Z16",2,0.960290088638763
"Z10","Z20",2,0.94902223469092
"Z10","Z21",2,0.947093144395158
"Z10","Z22",2,0.917087550073734
"Z10","Z27",2,0.846634114803551
"Z10","Z28",2,0.85057597523637
"Z10","Z29",2,0.853851135623336
"Z10","Z31",2,0.859017469408463
"Z10","Z32",2,0.849848202929019
"Z10","Z33",2,0.838148374412421
"Z10","Z39",2,0.830975253841925
"Z10","Z42",2,0.79290677191104
"Z10","Z43",2,0.730870054702545
"Z10","Z45",2,0.749910355821854
"Z11","Z02",2,0.913683888778811
"Z11","Z07",2,0.925752638103478
"Z11","Z10",2,0.987524385417393
"Z11","Z16",2,0.955588228480419
"Z11","Z20",2,0.965505408263004
"Z11","Z21",2,0.963634250141087
"Z11","Z22",2,0.933622787218298
"Z11","Z27",2,0.863160753376958
"Z11","Z28",2,0.866966947799219
"Z11","Z29",2,0.869919225795587
"Z11","Z31",2,0.872108233722327
"Z11","Z32",2,0.861540361986174
"Z11","Z33",2,0.848254435154884
"Z11","Z39",2,0.834661530770815
"Z11","Z42",2,0.791515995021614
"Z11","Z43",2,0.730190447880067
"Z11","Z45",2,0.755721626323574
"Z16","Z02",2,0.876845712612271
"Z16","Z07",2,0.900929405915311
"Z16","Z10",2,0.960290088638763
"Z16","Z11",2,0.955588228480419
"Z16","Z20",2,0.932367849303015
"Z16","Z21",2,0.928230748632544
"Z16","Z22",2,0.903407990268283
"Z16","Z27",2,0.837723370225883
"Z16","Z28",2,0.845166991579677
"Z16","Z29",2,0.852529138862828
"Z16","Z31",2,0.874674942615715
"Z16","Z32",2,0.871114169697907
"Z16","Z33",2,0.864747954876701
"Z16","Z39",2,0.787650325474475
"Z16","Z42",2,0.836564101081745
"Z16","Z43",2,0.774386167025887
"Z16","Z45",2,0.787298806477223
"Z20","Z02",2,0.889750330230766
"Z20","Z07",2,0.892484103274024
"Z20","Z10",2,0.94902223469092
"Z20","Z11",2,0.965505408263004
"Z20","Z16",2,0.932367849303015
"Z20","Z21",2,0.999295166618116
"Z20","Z22",2,0.971979014909528
"Z20","Z27",2,0.9016400135235
"Z20","Z28",2,0.905479486407369
"Z20","Z29",2,0.907845811161572
"Z20","Z31",2,0.901746758395256
"Z20","Z32",2,0.887549062637792
"Z20","Z33",2,0.870378356600405
"Z20","Z39",2,0.833235468520366
"Z20","Z42",2,0.787198415649099
"Z20","Z43",2,0.728611355249718
"Z20","Z45",2,0.769114469231851
"Z21","Z02",2,0.891584463649805
"Z21","Z07",2,0.892802340944014
"Z21","Z10",2,0.947093144395158
"Z21","Z11",2,0.963634250141087
"Z21","Z16",2,0.928230748632544
"Z21","Z20",2,0.999295166618116
"Z21","Z22",2,0.973971930230514
"Z21","Z27",2,0.903504486052148
"Z21","Z28",2,0.906726038009126
"Z21","Z29",2,0.908356591663211
"Z21","Z31",2,0.899539275834658
"Z21","Z32",2,0.884790023766243
"Z21","Z33",2,0.867161670857954
"Z21","Z39",2,0.837413691884939
"Z21","Z42",2,0.782476865037708
"Z21","Z43",2,0.723970069271757
"Z21","Z45",2,0.765230459345427
"Z22","Z02",2,0.867759158648761
"Z22","Z07",2,0.864641134204543
"Z22","Z10",2,0.917087550073734
"Z22","Z11",2,0.933622787218298
"Z22","Z16",2,0.903407990268283
"Z22","Z20",2,0.971979014909528
"Z22","Z21",2,0.973971930230514
"Z22","Z27",2,0.933590327224982
"Z22","Z28",2,0.936511630907717
"Z22","Z29",2,0.936792526437556
"Z22","Z31",2,0.916126415505608
"Z22","Z32",2,0.89818058915867
"Z22","Z33",2,0.877553048875964
"Z22","Z39",2,0.830330297989979
"Z22","Z42",2,0.774098126637718
"Z22","Z43",2,0.718555663456411
"Z22","Z45",2,0.770959507049202
"Z27","Z02",2,0.805968927805075
"Z27","Z07",2,0.79699595840481
"Z27","Z10",2,0.846634114803551
"Z27","Z11",2,0.863160753376958
"Z27","Z16",2,0.837723370225883
"Z27","Z20",2,0.9016400135235
"Z27","Z21",2,0.903504486052148
"Z27","Z22",2,0.933590327224982
"Z27","Z28",2,0.98995282509662
"Z27","Z29",2,0.974609817927491
"Z27","Z31",2,0.916532929549524
"Z27","Z32",2,0.896188310526341
"Z27","Z33",2,0.873022006795565
"Z27","Z39",2,0.798491975837874
"Z27","Z42",2,0.740080405029011
"Z27","Z43",2,0.692817873094944
"Z27","Z45",2,0.767392004984186
"Z28","Z02",2,0.804061059114788
"Z28","Z07",2,0.797583964328019
"Z28","Z10",2,0.85057597523637
"Z28","Z11",2,0.866966947799219
"Z28","Z16",2,0.845166991579677
"Z28","Z20",2,0.905479486407369
"Z28","Z21",2,0.906726038009126
"Z28","Z22",2,0.936511630907717
"Z28","Z27",2,0.98995282509662
"Z28","Z29",2,0.988720840210937
"Z28","Z31",2,0.930561646375083
"Z28","Z32",2,0.910277185263956
"Z28","Z33",2,0.887127803482318
"Z28","Z39",2,0.789826212457266
"Z28","Z42",2,0.753450481849482
"Z28","Z43",2,0.706707858580246
"Z28","Z45",2,0.78141920367675
"Z29","Z02",2,0.801265094312326
"Z29","Z07",2,0.797513393060252
"Z29","Z10",2,0.853851135623336
"Z29","Z11",2,0.869919225795587
"Z29","Z16",2,0.852529138862828
"Z29","Z20",2,0.907845811161572
"Z29","Z21",2,0.908356591663211
"Z29","Z22",2,0.936792526437556
"Z29","Z27",2,0.974609817927491
"Z29","Z28",2,0.988720840210937
"Z29","Z31",2,0.945820354217192
"Z29","Z32",2,0.925609163393595
"Z29","Z33",2,0.90247230491707
"Z29","Z39",2,0.780061795615987
"Z29","Z42",2,0.768018595918579
"Z29","Z43",2,0.721853531841701
"Z29","Z45",2,0.796605630375508
"Z31","Z02",2,0.787489380657786
"Z31","Z07",2,0.79385438433765
"Z31","Z10",2,0.859017469408463
"Z31","Z11",2,0.872108233722327
"Z31","Z16",2,0.874674942615715
"Z31","Z20",2,0.901746758395256
"Z31","Z21",2,0.899539275834658
"Z31","Z22",2,0.916126415505608
"Z31","Z27",2,0.916532929549524
"Z31","Z28",2,0.930561646375083
"Z31","Z29",2,0.945820354217192
"Z31","Z32",2,0.983247385890267
"Z31","Z33",2,0.95992334568143
"Z31","Z39",2,0.742839267260215
"Z31","Z42",2,0.824569905203798
"Z31","Z43",2,0.780020549803773
"Z31","Z45",2,0.851973443940749
"Z32","Z02",2,0.774231674676744
"Z32","Z07",2,0.78339514427761
"Z32","Z10",2,0.849848202929019
"Z32","Z11",2,0.861540361986174
"Z32","Z16",2,0.871114169697907
"Z32","Z20",2,0.887549062637792
"Z32","Z21",2,0.884790023766243
"Z32","Z22",2,0.89818058915867
"Z32","Z27",2,0.896188310526341
"Z32","Z28",2,0.910277185263956
"Z32","Z29",2,0.925609163393595
"Z32","Z31",2,0.983247385890267
"Z32","Z33",2,0.980724263886398
"Z32","Z39",2,0.724451736516982
"Z32","Z42",2,0.841832918080631
"Z32","Z43",2,0.799527744548673
"Z32","Z45",2,0.872697490959782
"Z33","Z02",2,0.759072273478388
"Z33","Z07",2,0.771094064709901
"Z33","Z10",2,0.838148374412421
"Z33","Z11",2,0.848254435154884
"Z33","Z16",2,0.864747954876701
"Z33","Z20",2,0.870378356600405
"Z33","Z21",2,0.867161670857954
"Z33","Z22",2,0.877553048875964
"Z33","Z27",2,0.873022006795565
"Z33","Z28",2,0.887127803482318
"Z33","Z29",2,0.90247230491707
"Z33","Z31",2,0.95992334568143
"Z33","Z32",2,0.980724263886398
"Z33","Z39",2,0.7040504813851
"Z33","Z42",2,0.860913073386327
"Z33","Z43",2,0.821559259873063
"Z33","Z45",2,0.895679001651085
"Z39","Z02",2,0.89733002531153
"Z39","Z07",2,0.860614049268781
"Z39","Z10",2,0.830975253841925
"Z39","Z11",2,0.834661530770815
"Z39","Z16",2,0.787650325474475
"Z39","Z20",2,0.833235468520366
"Z39","Z21",2,0.837413691884939
"Z39","Z22",2,0.830330297989979
"Z39","Z27",2,0.798491975837874
"Z39","Z28",2,0.789826212457266
"Z39","Z29",2,0.780061795615987
"Z39","Z31",2,0.742839267260215
"Z39","Z32",2,0.724451736516982
"Z39","Z33",2,0.7040504813851
"Z39","Z42",2,0.622250614400964
"Z39","Z43",2,0.561374603580657
"Z39","Z45",2,0.599100083819898
"Z42","Z02",2,0.710093445768981
"Z42","Z07",2,0.73818642930327
"Z42","Z10",2,0.79290677191104
"Z42","Z11",2,0.791515995021614
"Z42","Z16",2,0.836564101081745
"Z42","Z20",2,0.787198415649099
"Z42","Z21",2,0.782476865037708
"Z42","Z22",2,0.774098126637718
"Z42","Z27",2,0.740080405029011
"Z42","Z28",2,0.753450481849482
"Z42","Z29",2,0.768018595918579
"Z42","Z31",2,0.824569905203798
"Z42","Z32",2,0.841832918080631
"Z42","Z33",2,0.860913073386327
"Z42","Z39",2,0.622250614400964
"Z42","Z43",2,0.941483633158109
"Z42","Z45",2,0.895270217927242
"Z43","Z02",2,0.647641486595371
"Z43","Z07",2,0.675608577604382
"Z43","Z10",2,0.730870054702545
"Z43","Z11",2,0.730190447880067
"Z43","Z16",2,0.774386167025887
"Z43","Z20",2,0.728611355249718
"Z43","Z21",2,0.723970069271757
"Z43","Z22",2,0.718555663456411
"Z43","Z27",2,0.692817873094944
"Z43","Z28",2,0.706707858580246
"Z43","Z29",2,0.721853531841701
"Z43","Z31",2,0.780020549803773
"Z43","Z32",2,0.799527744548673
"Z43","Z33",2,0.821559259873063
"Z43","Z39",2,0.561374603580657
"Z43","Z42",2,0.941483633158109
"Z43","Z45",2,0.897526826923836
"Z45","Z02",2,0.66556734663899
"Z45","Z07",2,0.684733197091946
"Z45","Z10",2,0.749910355821854
"Z45","Z11",2,0.755721626323574
"Z45","Z16",2,0.787298806477223
"Z45","Z20",2,0.769114469231851
"Z45","Z21",2,0.765230459345427
"Z45","Z22",2,0.770959507049202
"Z45","Z27",2,0.767392004984186
"Z45","Z28",2,0.78141920367675
"Z45","Z29",2,0.796605630375508
"Z45","Z31",2,0.851973443940749
"Z45","Z32",2,0.872697490959782
"Z45","Z33",2,0.895679001651085
"Z45","Z39",2,0.599100083819898
"Z45","Z42",2,0.895270217927242
"Z45","Z43",2,0.897526826923836
"X18","X20",2,0.984294639891279
"X18","X21",2,0.955184055490207
"X18","X22",2,0.938680538498883
"X18","X23",2,0.927153472373902
"X18","X25",2,0.924085318729111
"X18","X27",2,0.89494938192844
"X18","X31",2,0.861733779721376
"X18","X32",2,0.864311415216417
"X18","X33",2,0.85323156034419
"X18","X35",2,0.836964612076766
"X18","X36",2,0.841429782839996
"X18","X38",2,0.833391115207931
"X18","X39",2,0.820755355109285
"X20","X18",2,0.984294639891279
"X20","X21",2,0.971395197574334
"X20","X22",2,0.958039381794835
"X20","X23",2,0.943225483755656
"X20","X25",2,0.942429682420613
"X20","X27",2,0.911109801960198
"X20","X31",2,0.872887554987077
"X20","X32",2,0.87700675365205
"X20","X33",2,0.863519683463694
"X20","X35",2,0.852117020808658
"X20","X36",2,0.852388472243138
"X20","X38",2,0.846420176894588
"X20","X39",2,0.835005028298434
"X21","X18",2,0.955184055490207
"X21","X20",2,0.971395197574334
"X21","X22",2,0.980024807201841
"X21","X23",2,0.975789972428254
"X21","X25",2,0.971612089724299
"X21","X27",2,0.943563141749368
"X21","X31",2,0.904034383476154
"X21","X32",2,0.909075660365186
"X21","X33",2,0.89409448440419
"X21","X35",2,0.884772269236648
"X21","X36",2,0.883552116238401
"X21","X38",2,0.878734850597033
"X21","X39",2,0.86764393269344
"X22","X18",2,0.938680538498883
"X22","X20",2,0.958039381794835
"X22","X21",2,0.980024807201841
"X22","X23",2,0.975471923996333
"X22","X25",2,0.985363077261164
"X22","X27",2,0.949519005676343
"X22","X31",2,0.900099836796038
"X22","X32",2,0.908035760520624
"X22","X33",2,0.88909822332966
"X22","X35",2,0.890526310440868
"X22","X36",2,0.880298896747915
"X22","X38",2,0.879787994178289
"X22","X39",2,0.871686762575253
"X23","X18",2,0.927153472373902
"X23","X20",2,0.943225483755656
"X23","X21",2,0.975789972428254
"X23","X22",2,0.975471923996333
"X23","X25",2,0.98740144507418
"X23","X27",2,0.971823090216211
"X23","X31",2,0.928136839269451
"X23","X32",2,0.93506877958808
"X23","X33",2,0.917344396770319
"X23","X35",2,0.912919272058983
"X23","X36",2,0.908035578130601
"X23","X38",2,0.905554639381414
"X23","X39",2,0.895419960072571
"X25","X18",2,0.924085318729111
"X25","X20",2,0.942429682420613
"X25","X21",2,0.971612089724299
"X25","X22",2,0.985363077261164
"X25","X23",2,0.98740144507418
"X25","X27",2,0.968082744461269
"X25","X31",2,0.916845158122645
"X25","X32",2,0.925646607724097
"X25","X33",2,0.905574825282166
"X25","X35",2,0.909229381282022
"X25","X36",2,0.897499789855376
"X25","X38",2,0.898084172729337
"X25","X39",2,0.890350682927267
"X27","X18",2,0.89494938192844
"X27","X20",2,0.911109801960198
"X27","X21",2,0.943563141749368
"X27","X22",2,0.949519005676343
"X27","X23",2,0.971823090216211
"X27","X25",2,0.968082744461269
"X27","X31",2,0.94910621478575
"X27","X32",2,0.959898371266128
"X27","X33",2,0.937525266021093
"X27","X35",2,0.94456068574861
"X27","X36",2,0.931307255647419
"X27","X38",2,0.933910380664271
"X27","X39",2,0.92616298572318
"X31","X18",2,0.861733779721376
"X31","X20",2,0.872887554987077
"X31","X21",2,0.904034383476154
"X31","X22",2,0.900099836796038
"X31","X23",2,0.928136839269451
"X31","X25",2,0.916845158122645
"X31","X27",2,0.94910621478575
"X31","X32",2,0.990447575322726
"X31","X33",2,0.992483857757955
"X31","X35",2,0.957788119005499
"X31","X36",2,0.983558352820062
"X31","X38",2,0.971265716745156
"X31","X39",2,0.953369522455103
"X32","X18",2,0.864311415216417
"X32","X20",2,0.87700675365205
"X32","X21",2,0.909075660365186
"X32","X22",2,0.908035760520624
"X32","X23",2,0.93506877958808
"X32","X25",2,0.925646607724097
"X32","X27",2,0.959898371266128
"X32","X31",2,0.990447575322726
"X32","X33",2,0.979838229062809
"X32","X35",2,0.967469654154486
"X32","X36",2,0.975471847806318
"X32","X38",2,0.973098157256864
"X32","X39",2,0.958181190418039
"X33","X18",2,0.85323156034419
"X33","X20",2,0.863519683463694
"X33","X21",2,0.89409448440419
"X33","X22",2,0.88909822332966
"X33","X23",2,0.917344396770319
"X33","X25",2,0.905574825282166
"X33","X27",2,0.937525266021093
"X33","X31",2,0.992483857757955
"X33","X32",2,0.979838229062809
"X33","X35",2,0.952739172992478
"X33","X36",2,0.991071212322413
"X33","X38",2,0.971685755021588
"X33","X39",2,0.952849568533292
"X35","X18",2,0.836964612076766
"X35","X20",2,0.852117020808658
"X35","X21",2,0.884772269236648
"X35","X22",2,0.890526310440868
"X35","X23",2,0.912919272058983
"X35","X25",2,0.909229381282022
"X35","X27",2,0.94456068574861
"X35","X31",2,0.957788119005499
"X35","X32",2,0.967469654154486
"X35","X33",2,0.952739172992478
"X35","X36",2,0.95895999677927
"X35","X38",2,0.978809215194279
"X35","X39",2,0.983842799999956
"X36","X18",2,0.841429782839996
"X36","X20",2,0.852388472243138
"X36","X21",2,0.883552116238401
"X36","X22",2,0.880298896747915
"X36","X23",2,0.908035578130601
"X36","X25",2,0.897499789855376
"X36","X27",2,0.931307255647419
"X36","X31",2,0.983558352820062
"X36","X32",2,0.975471847806318
"X36","X33",2,0.991071212322413
"X36","X35",2,0.95895999677927
"X36","X38",2,0.981766229002709
"X36","X39",2,0.963274984013827
"X38","X18",2,0.833391115207931
"X38","X20",2,0.846420176894588
"X38","X21",2,0.878734850597033
"X38","X22",2,0.879787994178289
"X38","X23",2,0.905554639381414
"X38","X25",2,0.898084172729337
"X38","X27",2,0.933910380664271
"X38","X31",2,0.971265716745156
"X38","X32",2,0.973098157256864
"X38","X33",2,0.971685755021588
"X38","X35",2,0.978809215194279
"X38","X36",2,0.981766229002709
"X38","X39",2,0.985219298516801
"X39","X18",2,0.820755355109285
"X39","X20",2,0.835005028298434
"X39","X21",2,0.86764393269344
"X39","X22",2,0.871686762575253
"X39","X23",2,0.895419960072571
"X39","X25",2,0.890350682927267
"X39","X27",2,0.92616298572318
"X39","X31",2,0.953369522455103
"X39","X32",2,0.958181190418039
"X39","X33",2,0.952849568533292
"X39","X35",2,0.983842799999956
"X39","X36",2,0.963274984013827
"X39","X38",2,0.985219298516801
