"from","to","trial","spatial_weight"
"Y01","Y02",1,0.95687297072802
"Y01","Y03",1,0.864956202843977
"Y01","Y04",1,0.844828489726982
"Y01","Y05",1,0.817843987396519
"Y01","Y06",1,0.805993533855525
"Y01","Y07",1,0.782525089757328
"Y01","Y08",1,0.754982618926488
"Y01","Y09",1,0.715415034189861
"Y01","Y10",1,0.745409614958393
"Y01","Y11",1,0.859488058785408
"Y01","Y14",1,0.363449170543939
"Y01","Y16",1,0.487565463660666
"Y01","Y17",1,0.476317595045771
"Y01","Y18",1,0.433502697468561
"Y01","Y19",1,0.730905974153329
"Y01","Y20",1,0.711378096511157
"Y01","Y21",1,0.695030413584999
"Y01","Y22",1,0.689071793445635
"Y01","Y23",1,0.470130100593075
"Y01","Y24",1,0.421148286570233
"Y01","Y25",1,0.351206125979539
"Y01","Y26",1,0.318030182101099
"Y01","Y27",1,0.236815725122916
"Y01","Y28",1,0.207973849701459
"Y01","Y29",1,0.173249749468595
"Y01","Y30",1,0.169651580622116
"Y02","Y01",1,0.956872970727502
"Y02","Y03",1,0.922609764032476
"Y02","Y04",1,0.90097930016535
"Y02","Y05",1,0.872057332588788
"Y02","Y06",1,0.858494319197028
"Y02","Y07",1,0.832626873150023
"Y02","Y08",1,0.801937589717383
"Y02","Y09",1,0.761694208705065
"Y02","Y10",1,0.785771305837091
"Y02","Y11",1,0.911098910921416
"Y02","Y14",1,0.412840382260652
"Y02","Y16",1,0.532137287933752
"Y02","Y17",1,0.519893968713586
"Y02","Y18",1,0.474971165576139
"Y02","Y19",1,0.767032825195595
"Y02","Y20",1,0.741070001101418
"Y02","Y21",1,0.720271325828982
"Y02","Y22",1,0.708682759099776
"Y02","Y23",1,0.480762271171761
"Y02","Y24",1,0.431168287414557
"Y02","Y25",1,0.360757711626977
"Y02","Y26",1,0.32647593420322
"Y02","Y27",1,0.2436064326545
"Y02","Y28",1,0.214387616863282
"Y02","Y29",1,0.179492758868826
"Y02","Y30",1,0.17921907966081
"Y03","Y01",1,0.864956202844774
"Y03","Y02",1,0.922609764033232
"Y03","Y04",1,0.988085384637833
"Y03","Y05",1,0.95564491852077
"Y03","Y06",1,0.93826526097407
"Y03","Y07",1,0.908506566876614
"Y03","Y08",1,0.872896815985068
"Y03","Y09",1,0.833836375055197
"Y03","Y10",1,0.843566669392827
"Y03","Y11",1,0.941382084790317
"Y03","Y14",1,0.477004081907331
"Y03","Y16",1,0.583400786517654
"Y03","Y17",1,0.569167480560458
"Y03","Y18",1,0.520499190945849
"Y03","Y19",1,0.788041951877778
"Y03","Y20",1,0.751327138166182
"Y03","Y21",1,0.723825113533013
"Y03","Y22",1,0.703127550937646
"Y03","Y23",1,0.469648764256155
"Y03","Y24",1,0.420140571771708
"Y03","Y25",1,0.350220728381976
"Y03","Y26",1,0.314690456077576
"Y03","Y27",1,0.230252377193998
"Y03","Y28",1,0.200757780637959
"Y03","Y29",1,0.165944652448687
"Y03","Y30",1,0.170955314125019
"Y04","Y01",1,0.844828489726377
"Y04","Y02",1,0.900979300165089
"Y04","Y03",1,0.988085384637833
"Y04","Y05",1,0.982567738815632
"Y04","Y06",1,0.965118915017845
"Y04","Y07",1,0.935247437840597
"Y04","Y08",1,0.899388270373947
"Y04","Y09",1,0.860605897670648
"Y04","Y10",1,0.868342656959407
"Y04","Y11",1,0.918141151121155
"Y04","Y14",1,0.475979518546326
"Y04","Y16",1,0.57675859075125
"Y04","Y17",1,0.561918563757576
"Y04","Y18",1,0.512265042085272
"Y04","Y19",1,0.770091359100958
"Y04","Y20",1,0.731693456055789
"Y04","Y21",1,0.703239959388269
"Y04","Y22",1,0.681154860428162
"Y04","Y23",1,0.447898897057763
"Y04","Y24",1,0.398535264983265
"Y04","Y25",1,0.328853791821079
"Y04","Y26",1,0.293173033840433
"Y04","Y27",1,0.208596947568833
"Y04","Y28",1,0.179094449704946
"Y04","Y29",1,0.144338485749451
"Y04","Y30",1,0.150286738130349
"Y05","Y01",1,0.817843987396631
"Y05","Y02",1,0.87205733258849
"Y05","Y03",1,0.955644918520775
"Y05","Y04",1,0.982567738815625
"Y05","Y06",1,0.99684131509757
"Y05","Y07",1,0.966913972228839
"Y05","Y08",1,0.930623059193287
"Y05","Y09",1,0.892586338936411
"Y05","Y10",1,0.896360088475572
"Y05","Y11",1,0.888551983102406
"Y05","Y14",1,0.474019835701775
"Y05","Y16",1,0.567733004094343
"Y05","Y17",1,0.552247101343856
"Y05","Y18",1,0.501626149964162
"Y05","Y19",1,0.747165946345654
"Y05","Y20",1,0.707224556075443
"Y05","Y21",1,0.677870906688835
"Y05","Y22",1,0.654347763863278
"Y05","Y23",1,0.421726573678097
"Y05","Y24",1,0.372577861976133
"Y05","Y25",1,0.303232162852165
"Y05","Y26",1,0.267399678712035
"Y05","Y27",1,0.182710438029518
"Y05","Y28",1,0.153213516035246
"Y05","Y29",1,0.118542025268709
"Y05","Y30",1,0.125602968232006
"Y06","Y01",1,0.805993533855404
"Y06","Y02",1,0.858494319197011
"Y06","Y03",1,0.938265260974019
"Y06","Y04",1,0.965118915017869
"Y06","Y05",1,0.996841315098032
"Y06","Y07",1,0.9850187298713
"Y06","Y08",1,0.948786483338632
"Y06","Y09",1,0.910480447714005
"Y06","Y10",1,0.913918967759496
"Y06","Y11",1,0.870378639161175
"Y06","Y14",1,0.465967658365414
"Y06","Y16",1,0.556218794140532
"Y06","Y17",1,0.540472592786882
"Y06","Y18",1,0.489495695828878
"Y06","Y19",1,0.730264327388108
"Y06","Y20",1,0.689963792720736
"Y06","Y21",1,0.660412153942749
"Y06","Y22",1,0.636587042130937
"Y06","Y23",1,0.404156267668468
"Y06","Y24",1,0.355065991593704
"Y06","Y25",1,0.285812677763035
"Y06","Y26",1,0.249946380814567
"Y06","Y27",1,0.165237372863443
"Y06","Y28",1,0.135744372898972
"Y06","Y29",1,0.10109691383289
"Y06","Y30",1,0.108453620631436
"Y07","Y01",1,0.782525089757371
"Y07","Y02",1,0.832626873150266
"Y07","Y03",1,0.908506566876688
"Y07","Y04",1,0.935247437840506
"Y07","Y05",1,0.966913972228709
"Y07","Y06",1,0.985018729871393
"Y07","Y08",1,0.978644325888724
"Y07","Y09",1,0.940345459904539
"Y07","Y10",1,0.940711479455768
"Y07","Y11",1,0.840568258065524
"Y07","Y14",1,0.454623049457738
"Y07","Y16",1,0.538868863717299
"Y07","Y17",1,0.522715719888889
"Y07","Y18",1,0.471223797554415
"Y07","Y19",1,0.703296047235206
"Y07","Y20",1,0.66237057162615
"Y07","Y21",1,0.632451223134694
"Y07","Y22",1,0.608002258085792
"Y07","Y23",1,0.376055534061964
"Y07","Y24",1,0.327101552414825
"Y07","Y25",1,0.258058692205763
"Y07","Y26",1,0.222125890650704
"Y07","Y27",1,0.137385722086182
"Y07","Y28",1,0.107904710011768
"Y07","Y29",1,0.0733132072587804
"Y07","Y30",1,0.0812932256793668
"Y08","Y01",1,0.754982618926508
"Y08","Y02",1,0.801937589717438
"Y08","Y03",1,0.872896815985233
"Y08","Y04",1,0.899388270373785
"Y08","Y05",1,0.930623059193172
"Y08","Y06",1,0.948786483338764
"Y08","Y07",1,0.978644325888748
"Y08","Y09",1,0.974711865970932
"Y08","Y10",1,0.971325777175203
"Y08","Y11",1,0.804208874030486
"Y08","Y14",1,0.434992267646504
"Y08","Y16",1,0.512796586986991
"Y08","Y17",1,0.496282432641101
"Y08","Y18",1,0.444393749764312
"Y08","Y19",1,0.668396018003209
"Y08","Y20",1,0.627072987205582
"Y08","Y21",1,0.596923769606378
"Y08","Y22",1,0.572092182138684
"Y08","Y23",1,0.340505597630841
"Y08","Y24",1,0.29165604535622
"Y08","Y25",1,0.222777982681253
"Y08","Y26",1,0.186800861927797
"Y08","Y27",1,0.102047727508132
"Y08","Y28",1,0.0725787771695784
"Y08","Y29",1,0.0380328601293113
"Y08","Y30",1,0.0464994366061681
"Y09","Y01",1,0.715415034190026
"Y09","Y02",1,0.761694208704909
"Y09","Y03",1,0.833836375055301
"Y09","Y04",1,0.860605897670592
"Y09","Y05",1,0.892586338936537
"Y09","Y06",1,0.910480447713941
"Y09","Y07",1,0.940345459904546
"Y09","Y08",1,0.974711865970879
"Y09","Y10",1,0.966629679090292
"Y09","Y11",1,0.767080797559178
"Y09","Y14",1,0.428100147791378
"Y09","Y16",1,0.497010669782469
"Y09","Y17",1,0.480059797299373
"Y09","Y18",1,0.427800778897722
"Y09","Y19",1,0.637387404900173
"Y09","Y20",1,0.595229587062927
"Y09","Y21",1,0.564529592447656
"Y09","Y22",1,0.538537268606539
"Y09","Y23",1,0.308380959182286
"Y09","Y24",1,0.259878546279365
"Y09","Y25",1,0.191515556963213
"Y09","Y26",1,0.155438248200637
"Y09","Y27",1,0.0706955092884094
"Y09","Y28",1,0.0412751359959397
"Y09","Y29",1,0.00687336675192151
"Y09","Y30",1,0.0166084495841528
"Y10","Y01",1,0.745409614958273
"Y10","Y02",1,0.785771305837084
"Y10","Y03",1,0.843566669392701
"Y10","Y04",1,0.868342656958896
"Y10","Y05",1,0.896360088475076
"Y10","Y06",1,0.913918967759685
"Y10","Y07",1,0.940711479455431
"Y10","Y08",1,0.971325777175087
"Y10","Y09",1,0.966629679090018
"Y10","Y11",1,0.771476406340808
"Y10","Y14",1,0.392174849891575
"Y10","Y16",1,0.469114784693592
"Y10","Y17",1,0.452615007538532
"Y10","Y18",1,0.40074842740966
"Y10","Y19",1,0.629413533574324
"Y10","Y20",1,0.588893325789438
"Y10","Y21",1,0.559318224731028
"Y10","Y22",1,0.535712209647556
"Y10","Y23",1,0.303094559678236
"Y10","Y24",1,0.253980348811864
"Y10","Y25",1,0.184715861654629
"Y10","Y26",1,0.14885001902358
"Y10","Y27",1,0.0641428639878833
"Y10","Y28",1,0.0346493108535739
"Y10","Y29",1,0
"Y10","Y30",1,0.00747405304556985
"Y11","Y01",1,0.85948805878598
"Y11","Y02",1,0.911098910921203
"Y11","Y03",1,0.941382084790353
"Y11","Y04",1,0.918141151121233
"Y11","Y05",1,0.888551983102135
"Y11","Y06",1,0.870378639161533
"Y11","Y07",1,0.840568258065935
"Y11","Y08",1,0.804208874030481
"Y11","Y09",1,0.767080797559217
"Y11","Y10",1,0.771476406340986
"Y11","Y14",1,0.516745354021939
"Y11","Y16",1,0.634753478895835
"Y11","Y17",1,0.621987512868607
"Y11","Y18",1,0.575823386354209
"Y11","Y19",1,0.857809849836211
"Y11","Y20",1,0.823452475009233
"Y11","Y21",1,0.796817588305591
"Y11","Y22",1,0.776730749221692
"Y11","Y23",1,0.543246157901582
"Y11","Y24",1,0.493715979837179
"Y11","Y25",1,0.423747650706186
"Y11","Y26",1,0.388255735786651
"Y11","Y27",1,0.303847428905777
"Y11","Y28",1,0.274355113378889
"Y11","Y29",1,0.239533930064445
"Y11","Y30",1,0.244260822010551
"Y14","Y01",1,0.363449170543796
"Y14","Y02",1,0.412840382260843
"Y14","Y03",1,0.477004081906105
"Y14","Y04",1,0.47597951854707
"Y14","Y05",1,0.474019835702452
"Y14","Y06",1,0.465967658364975
"Y14","Y07",1,0.45462304945749
"Y14","Y08",1,0.434992267645503
"Y14","Y09",1,0.42810014779163
"Y14","Y10",1,0.392174849891453
"Y14","Y11",1,0.516745354022237
"Y14","Y16",1,0.869609169740634
"Y14","Y17",1,0.86947339485884
"Y14","Y18",1,0.86861234194781
"Y14","Y19",1,0.627697329255391
"Y14","Y20",1,0.621059732096621
"Y14","Y21",1,0.612198064055181
"Y14","Y22",1,0.587774408819242
"Y14","Y23",1,0.537580741681067
"Y14","Y24",1,0.517258991775711
"Y14","Y25",1,0.484186390111914
"Y14","Y26",1,0.456327503674031
"Y14","Y27",1,0.392344055177732
"Y14","Y28",1,0.370013196152712
"Y14","Y29",1,0.345179013120045
"Y14","Y30",1,0.379703820553152
"Y16","Y01",1,0.487565463660131
"Y16","Y02",1,0.532137287935125
"Y16","Y03",1,0.583400786516956
"Y16","Y04",1,0.576758590751085
"Y16","Y05",1,0.567733004094561
"Y16","Y06",1,0.556218794140257
"Y16","Y07",1,0.538868863718339
"Y16","Y08",1,0.512796586987087
"Y16","Y09",1,0.49701066978158
"Y16","Y10",1,0.469114784693115
"Y16","Y11",1,0.634753478895997
"Y16","Y14",1,0.869609169739854
"Y16","Y17",1,0.997189490335801
"Y16","Y18",1,0.945152272751606
"Y16","Y19",1,0.764286944601949
"Y16","Y20",1,0.763236726354869
"Y16","Y21",1,0.756659472661346
"Y16","Y22",1,0.733048508985896
"Y16","Y23",1,0.660533468355178
"Y16","Y24",1,0.631684677044265
"Y16","Y25",1,0.586238394181279
"Y16","Y26",1,0.554095042426347
"Y16","Y27",1,0.480046177415371
"Y16","Y28",1,0.45433986080606
"Y16","Y29",1,0.425212903793025
"Y16","Y30",1,0.452192798835344
"Y17","Y01",1,0.476317595046241
"Y17","Y02",1,0.519893968713039
"Y17","Y03",1,0.569167480560608
"Y17","Y04",1,0.561918563757385
"Y17","Y05",1,0.55224710134322
"Y17","Y06",1,0.540472592786583
"Y17","Y07",1,0.522715719888873
"Y17","Y08",1,0.496282432640235
"Y17","Y09",1,0.48005979729969
"Y17","Y10",1,0.452615007539187
"Y17","Y11",1,0.621987512869784
"Y17","Y14",1,0.869473394858587
"Y17","Y16",1,0.997189490335615
"Y17","Y18",1,0.962617926872353
"Y17","Y19",1,0.755382312204501
"Y17","Y20",1,0.757095425401208
"Y17","Y21",1,0.75259941036143
"Y17","Y22",1,0.73060390111953
"Y17","Y23",1,0.670450188266069
"Y17","Y24",1,0.643209526060417
"Y17","Y25",1,0.599509273607365
"Y17","Y26",1,0.567818832972282
"Y17","Y27",1,0.494695947819046
"Y17","Y28",1,0.469260814952626
"Y17","Y29",1,0.440460146521783
"Y17","Y30",1,0.468053238160952
"Y18","Y01",1,0.43350269746833
"Y18","Y02",1,0.474971165576934
"Y18","Y03",1,0.520499190946588
"Y18","Y04",1,0.512265042085735
"Y18","Y05",1,0.501626149964921
"Y18","Y06",1,0.489495695828117
"Y18","Y07",1,0.471223797553957
"Y18","Y08",1,0.44439374976441
"Y18","Y09",1,0.427800778897036
"Y18","Y10",1,0.400748427409662
"Y18","Y11",1,0.57582338635568
"Y18","Y14",1,0.868612341947914
"Y18","Y16",1,0.945152272751811
"Y18","Y17",1,0.962617926871085
"Y18","Y19",1,0.716000291578333
"Y18","Y20",1,0.723607316893263
"Y18","Y21",1,0.723984337293038
"Y18","Y22",1,0.706319572177035
"Y18","Y23",1,0.683978030796888
"Y18","Y24",1,0.66290893179136
"Y18","Y25",1,0.62632371748673
"Y18","Y26",1,0.596668533526579
"Y18","Y27",1,0.527722693055509
"Y18","Y28",1,0.503527841191902
"Y18","Y29",1,0.476219642364363
"Y18","Y30",1,0.506470026595369
"Y19","Y01",1,0.730905974152297
"Y19","Y02",1,0.767032825195562
"Y19","Y03",1,0.788041951877275
"Y19","Y04",1,0.770091359100385
"Y19","Y05",1,0.747165946346035
"Y19","Y06",1,0.73026432738818
"Y19","Y07",1,0.703296047234938
"Y19","Y08",1,0.668396018003906
"Y19","Y09",1,0.637387404900707
"Y19","Y10",1,0.629413533574379
"Y19","Y11",1,0.857809849836337
"Y19","Y14",1,0.627697329254509
"Y19","Y16",1,0.764286944602051
"Y19","Y17",1,0.75538231220584
"Y19","Y18",1,0.716000291577601
"Y19","Y20",1,0.971381216933283
"Y19","Y21",1,0.939516692208037
"Y19","Y22",1,0.908294665614904
"Y19","Y23",1,0.685710755743473
"Y19","Y24",1,0.63745105181181
"Y19","Y25",1,0.569113930070736
"Y19","Y26",1,0.533054349153497
"Y19","Y27",1,0.448304758471778
"Y19","Y28",1,0.418872021708256
"Y19","Y29",1,0.384423087969632
"Y19","Y30",1,0.393013206039386
"Y20","Y01",1,0.711378096511721
"Y20","Y02",1,0.741070001100461
"Y20","Y03",1,0.75132713816663
"Y20","Y04",1,0.731693456056074
"Y20","Y05",1,0.707224556075106
"Y20","Y06",1,0.689963792720971
"Y20","Y07",1,0.662370571626425
"Y20","Y08",1,0.627072987205187
"Y20","Y09",1,0.595229587062496
"Y20","Y10",1,0.588893325789497
"Y20","Y11",1,0.823452475008882
"Y20","Y14",1,0.621059732095966
"Y20","Y16",1,0.763236726354546
"Y20","Y17",1,0.757095425400941
"Y20","Y18",1,0.723607316892917
"Y20","Y19",1,0.971381216933175
"Y20","Y21",1,0.98313999819701
"Y20","Y22",1,0.950979417973426
"Y20","Y23",1,0.728166756982224
"Y20","Y24",1,0.679542764810393
"Y20","Y25",1,0.61069760587821
"Y20","Y26",1,0.574740303684244
"Y20","Y27",1,0.489989190757327
"Y20","Y28",1,0.460517340443786
"Y20","Y29",1,0.42595003504934
"Y20","Y30",1,0.433352956446162
"Y21","Y01",1,0.695030413585574
"Y21","Y02",1,0.720271325828748
"Y21","Y03",1,0.723825113532991
"Y21","Y04",1,0.703239959387919
"Y21","Y05",1,0.677870906688726
"Y21","Y06",1,0.660412153942457
"Y21","Y07",1,0.632451223134746
"Y21","Y08",1,0.596923769605704
"Y21","Y09",1,0.564529592447503
"Y21","Y10",1,0.559318224731231
"Y21","Y11",1,0.796817588305226
"Y21","Y14",1,0.612198064055616
"Y21","Y16",1,0.756659472661412
"Y21","Y17",1,0.752599410360475
"Y21","Y18",1,0.723984337293582
"Y21","Y19",1,0.939516692207882
"Y21","Y20",1,0.983139998197063
"Y21","Y22",1,0.981149325409685
"Y21","Y23",1,0.758597471451454
"Y21","Y24",1,0.709649938022698
"Y21","Y25",1,0.640372428505428
"Y21","Y26",1,0.604542139607974
"Y21","Y27",1,0.519840651718707
"Y21","Y28",1,0.490346707029393
"Y21","Y29",1,0.455686199805616
"Y21","Y30",1,0.462018615700747
"Y22","Y01",1,0.689071793445177
"Y22","Y02",1,0.708682759100007
"Y22","Y03",1,0.703127550937936
"Y22","Y04",1,0.681154860428562
"Y22","Y05",1,0.654347763863498
"Y22","Y06",1,0.636587042130193
"Y22","Y07",1,0.608002258085478
"Y22","Y08",1,0.57209218213829
"Y22","Y09",1,0.538537268606483
"Y22","Y10",1,0.535712209647334
"Y22","Y11",1,0.776730749221877
"Y22","Y14",1,0.587774408820064
"Y22","Y16",1,0.733048508987378
"Y22","Y17",1,0.73060390111917
"Y22","Y18",1,0.706319572176858
"Y22","Y19",1,0.908294665614913
"Y22","Y20",1,0.950979417973425
"Y22","Y21",1,0.98114932540965
"Y22","Y23",1,0.781531283439412
"Y22","Y24",1,0.731981316303885
"Y22","Y25",1,0.661916910050283
"Y22","Y26",1,0.62651055239383
"Y22","Y27",1,0.542132505277162
"Y22","Y28",1,0.51264039877427
"Y22","Y29",1,0.477817245461578
"Y22","Y30",1,0.481799677834812
"Y23","Y01",1,0.47013010059169
"Y23","Y02",1,0.480762271171886
"Y23","Y03",1,0.469648764255994
"Y23","Y04",1,0.447898897057944
"Y23","Y05",1,0.421726573678595
"Y23","Y06",1,0.404156267668686
"Y23","Y07",1,0.376055534061906
"Y23","Y08",1,0.340505597631035
"Y23","Y09",1,0.308380959182194
"Y23","Y10",1,0.303094559677806
"Y23","Y11",1,0.543246157901375
"Y23","Y14",1,0.537580741681266
"Y23","Y16",1,0.660533468354862
"Y23","Y17",1,0.670450188265839
"Y23","Y18",1,0.68397803079671
"Y23","Y19",1,0.685710755744013
"Y23","Y20",1,0.72816675698204
"Y23","Y21",1,0.758597471451524
"Y23","Y22",1,0.781531283438935
"Y23","Y24",1,0.965297456670223
"Y23","Y25",1,0.894885629974658
"Y23","Y26",1,0.859893404093357
"Y23","Y27",1,0.775617256341422
"Y23","Y28",1,0.746124560483122
"Y23","Y29",1,0.711299830236653
"Y23","Y30",1,0.71347269513976
"Y24","Y01",1,0.421148286571003
"Y24","Y02",1,0.4311682874141
"Y24","Y03",1,0.420140571771685
"Y24","Y04",1,0.39853526498335
"Y24","Y05",1,0.372577861975755
"Y24","Y06",1,0.355065991594378
"Y24","Y07",1,0.32710155241453
"Y24","Y08",1,0.291656045356395
"Y24","Y09",1,0.259878546279835
"Y24","Y10",1,0.253980348811074
"Y24","Y11",1,0.493715979837394
"Y24","Y14",1,0.517258991776156
"Y24","Y16",1,0.631684677044432
"Y24","Y17",1,0.643209526060406
"Y24","Y18",1,0.662908931791021
"Y24","Y19",1,0.637451051811869
"Y24","Y20",1,0.679542764810378
"Y24","Y21",1,0.709649938022529
"Y24","Y22",1,0.731981316304449
"Y24","Y23",1,0.965297456669352
"Y24","Y25",1,0.94458105266046
"Y24","Y26",1,0.909541326111297
"Y24","Y27",1,0.825077715330088
"Y24","Y28",1,0.795575208875072
"Y24","Y29",1,0.760803909027465
"Y24","Y30",1,0.76302276789197
"Y25","Y01",1,0.351206125978758
"Y25","Y02",1,0.360757711626043
"Y25","Y03",1,0.350220728382568
"Y25","Y04",1,0.328853791820765
"Y25","Y05",1,0.303232162851981
"Y25","Y06",1,0.285812677762625
"Y25","Y07",1,0.258058692205726
"Y25","Y08",1,0.222777982681596
"Y25","Y09",1,0.191515556962611
"Y25","Y10",1,0.184715861655057
"Y25","Y11",1,0.423747650705695
"Y25","Y14",1,0.484186390111879
"Y25","Y16",1,0.586238394181264
"Y25","Y17",1,0.599509273607374
"Y25","Y18",1,0.626323717486489
"Y25","Y19",1,0.56911393007036
"Y25","Y20",1,0.610697605877604
"Y25","Y21",1,0.640372428505622
"Y25","Y22",1,0.661916910050194
"Y25","Y23",1,0.894885629973826
"Y25","Y24",1,0.944581052661443
"Y25","Y26",1,0.978837448990948
"Y25","Y27",1,0.894189067190662
"Y25","Y28",1,0.864773773287262
"Y25","Y29",1,0.830268296674456
"Y25","Y30",1,0.83333442707866
"Y26","Y01",1,0.318030182101963
"Y26","Y02",1,0.326475934202942
"Y26","Y03",1,0.314690456077287
"Y26","Y04",1,0.293173033840681
"Y26","Y05",1,0.267399678711776
"Y26","Y06",1,0.249946380814352
"Y26","Y07",1,0.222125890650785
"Y26","Y08",1,0.186800861928297
"Y26","Y09",1,0.15543824820066
"Y26","Y10",1,0.148850019022814
"Y26","Y11",1,0.388255735787143
"Y26","Y14",1,0.456327503674242
"Y26","Y16",1,0.554095042426343
"Y26","Y17",1,0.567818832972282
"Y26","Y18",1,0.596668533526587
"Y26","Y19",1,0.533054349153701
"Y26","Y20",1,0.574740303683779
"Y26","Y21",1,0.604542139608682
"Y26","Y22",1,0.626510552393969
"Y26","Y23",1,0.85989340409394
"Y26","Y24",1,0.909541326111269
"Y26","Y25",1,0.978837448990833
"Y26","Y27",1,0.930258648222971
"Y26","Y28",1,0.900792936756985
"Y26","Y29",1,0.866155809514168
"Y26","Y30",1,0.866344768791081
"Y27","Y01",1,0.236815725122191
"Y27","Y02",1,0.243606432654065
"Y27","Y03",1,0.230252377193847
"Y27","Y04",1,0.208596947568379
"Y27","Y05",1,0.18271043802986
"Y27","Y06",1,0.165237372863031
"Y27","Y07",1,0.137385722086036
"Y27","Y08",1,0.102047727508986
"Y27","Y09",1,0.0706955092888066
"Y27","Y10",1,0.0641428639883999
"Y27","Y11",1,0.303847428905745
"Y27","Y14",1,0.392344055177777
"Y27","Y16",1,0.480046177415346
"Y27","Y17",1,0.49469594781903
"Y27","Y18",1,0.527722693055512
"Y27","Y19",1,0.44830475847161
"Y27","Y20",1,0.489989190756908
"Y27","Y21",1,0.519840651719047
"Y27","Y22",1,0.542132505276725
"Y27","Y23",1,0.775617256341613
"Y27","Y24",1,0.825077715329991
"Y27","Y25",1,0.894189067190182
"Y27","Y26",1,0.930258648222895
"Y27","Y28",1,0.985513337007989
"Y27","Y29",1,0.950679773384965
"Y27","Y30",1,0.938547811711123
"Y28","Y01",1,0.207973849702719
"Y28","Y02",1,0.214387616863594
"Y28","Y03",1,0.200757780637605
"Y28","Y04",1,0.179094449704661
"Y28","Y05",1,0.153213516035562
"Y28","Y06",1,0.135744372899037
"Y28","Y07",1,0.107904710012015
"Y28","Y08",1,0.07257877716971
"Y28","Y09",1,0.0412751359954777
"Y28","Y10",1,0.03464931085354
"Y28","Y11",1,0.274355113379241
"Y28","Y14",1,0.370013196152747
"Y28","Y16",1,0.454339860806018
"Y28","Y17",1,0.469260814952837
"Y28","Y18",1,0.503527841191897
"Y28","Y19",1,0.418872021708234
"Y28","Y20",1,0.460517340443144
"Y28","Y21",1,0.490346707029179
"Y28","Y22",1,0.512640398773571
"Y28","Y23",1,0.746124560483816
"Y28","Y24",1,0.795575208874888
"Y28","Y25",1,0.864773773287903
"Y28","Y26",1,0.900792936757225
"Y28","Y27",1,0.985513337008272
"Y28","Y29",1,0.980100609508484
"Y28","Y30",1,0.956894964742679
"Y29","Y01",1,0.173249749467984
"Y29","Y02",1,0.179492758868624
"Y29","Y03",1,0.165944652448962
"Y29","Y04",1,0.144338485749707
"Y29","Y05",1,0.118542025268427
"Y29","Y06",1,0.101096913833437
"Y29","Y07",1,0.0733132072588657
"Y29","Y08",1,0.0380328601297622
"Y29","Y09",1,0.00687336675117872
"Y29","Y10",1,6.83554861876488e-14
"Y29","Y11",1,0.239533930064204
"Y29","Y14",1,0.34517901312008
"Y29","Y16",1,0.425212903793032
"Y29","Y17",1,0.44046014652175
"Y29","Y18",1,0.476219642364487
"Y29","Y19",1,0.384423087970299
"Y29","Y20",1,0.42595003504867
"Y29","Y21",1,0.455686199805481
"Y29","Y22",1,0.477817245460703
"Y29","Y23",1,0.711299830237171
"Y29","Y24",1,0.760803909027649
"Y29","Y25",1,0.830268296674344
"Y29","Y26",1,0.866155809513293
"Y29","Y27",1,0.950679773385121
"Y29","Y28",1,0.980100609509231
"Y29","Y30",1,0.966520382716836
"Y30","Y01",1,0.169651580622094
"Y30","Y02",1,0.179219079660865
"Y30","Y03",1,0.170955314124249
"Y30","Y04",1,0.150286738130182
"Y30","Y05",1,0.12560296823167
"Y30","Y06",1,0.108453620631335
"Y30","Y07",1,0.0812932256797984
"Y30","Y08",1,0.0464994366069272
"Y30","Y09",1,0.0166084495846004
"Y30","Y10",1,0.00747405304603146
"Y30","Y11",1,0.244260822010184
"Y30","Y14",1,0.379703820553137
"Y30","Y16",1,0.452192798835677
"Y30","Y17",1,0.468053238160737
"Y30","Y18",1,0.506470026595118
"Y30","Y19",1,0.393013206039267
"Y30","Y20",1,0.43335295644578
"Y30","Y21",1,0.462018615701188
"Y30","Y22",1,0.481799677834797
"Y30","Y23",1,0.713472695140763
"Y30","Y24",1,0.763022767890522
"Y30","Y25",1,0.833334427077846
"Y30","Y26",1,0.866344768790878
"Y30","Y27",1,0.938547811709841
"Y30","Y28",1,0.956894964742739
"Y30","Y29",1,0.966520382716425
"Z05","Z06",1,0.97702519549435
"Z05","Z07",1,0.951312250428594
"Z05","Z08",1,0.906538444743892
"Z05","Z10",1,0.811869637332264
"Z05","Z13",1,0.720556698301811
"Z05","Z14",1,0.769724118906065
"Z05","Z15",1,0.756972184700072
"Z05","Z16",1,0.736877321278183
"Z05","Z18",1,0.73016669821631
"Z05","Z19",1,0.735560743301955
"Z05","Z22",1,0.671347656143382
"Z05","Z23",1,0.695144776592563
"Z05","Z24",1,0.702773431346022
"Z05","Z25",1,0.685704108661293
"Z05","Z27",1,0.535210382522851
"Z05","Z28",1,0.533789164286815
"Z05","Z29",1,0.531019268268903
"Z05","Z30",1,0.526859458881878
"Z05","Z31",1,0.516074283735254
"Z05","Z32",1,0.492899904145041
"Z05","Z33",1,0.466233481510036
"Z05","Z11",1,0.775673117340976
"Z05","Z09",1,0.816574000279342
"Z06","Z05",1,0.977025195494058
"Z06","Z07",1,0.985698997955409
"Z06","Z08",1,0.941697867655667
"Z06","Z10",1,0.849078913567857
"Z06","Z13",1,0.758293183523312
"Z06","Z14",1,0.806824532946893
"Z06","Z15",1,0.793184636179788
"Z06","Z16",1,0.771391292192438
"Z06","Z18",1,0.768156022766374
"Z06","Z19",1,0.773424651304552
"Z06","Z22",1,0.707968618051844
"Z06","Z23",1,0.731255786099863
"Z06","Z24",1,0.73800169077105
"Z06","Z25",1,0.7200052596058
"Z06","Z27",1,0.570100881223052
"Z06","Z28",1,0.569562965604288
"Z06","Z29",1,0.567585747171809
"Z06","Z30",1,0.564691999217966
"Z06","Z31",1,0.554058122918218
"Z06","Z32",1,0.530832554193551
"Z06","Z33",1,0.503884329755184
"Z06","Z11",1,0.813400224618053
"Z06","Z09",1,0.854356545705018
"Z07","Z05",1,0.951312250428128
"Z07","Z06",1,0.985698997955517
"Z07","Z08",1,0.948372885127158
"Z07","Z10",1,0.875073935774686
"Z07","Z13",1,0.782962642772494
"Z07","Z14",1,0.833097679008669
"Z07","Z15",1,0.820675542528422
"Z07","Z16",1,0.80004156144735
"Z07","Z18",1,0.790340490037999
"Z07","Z19",1,0.793945272252583
"Z07","Z22",1,0.724079371435998
"Z07","Z23",1,0.745981600133296
"Z07","Z24",1,0.75077408449601
"Z07","Z25",1,0.731148128604234
"Z07","Z27",1,0.582968875095563
"Z07","Z28",1,0.58416635947964
"Z07","Z29",1,0.583999062356902
"Z07","Z30",1,0.585503239266367
"Z07","Z31",1,0.576405138029514
"Z07","Z32",1,0.554631321289707
"Z07","Z33",1,0.52903955792313
"Z07","Z11",1,0.837993887952557
"Z07","Z09",1,0.878546374049028
"Z08","Z05",1,0.906538444743871
"Z08","Z06",1,0.94169786765596
"Z08","Z07",1,0.948372885126657
"Z08","Z10",1,0.895281009309429
"Z08","Z13",1,0.814420806741916
"Z08","Z14",1,0.85493329705866
"Z08","Z15",1,0.835741200913217
"Z08","Z16",1,0.806079019667075
"Z08","Z18",1,0.830618460713402
"Z08","Z19",1,0.839045405768715
"Z08","Z22",1,0.779526746650928
"Z08","Z23",1,0.803593541568842
"Z08","Z24",1,0.811085672261346
"Z08","Z25",1,0.793321736446713
"Z08","Z27",1,0.643292007397154
"Z08","Z28",1,0.642252753275699
"Z08","Z29",1,0.639309417870351
"Z08","Z30",1,0.631746660265035
"Z08","Z31",1,0.618522315101743
"Z08","Z32",1,0.592264277628292
"Z08","Z33",1,0.561745292766405
"Z08","Z11",1,0.867640764706939
"Z08","Z09",1,0.90703736954532
"Z10","Z05",1,0.811869637332106
"Z10","Z06",1,0.849078913567817
"Z10","Z07",1,0.875073935774814
"Z10","Z08",1,0.895281009309284
"Z10","Z13",1,0.921865550723064
"Z10","Z14",1,0.972715382338173
"Z10","Z15",1,0.955476107704399
"Z10","Z16",1,0.923879595976405
"Z10","Z18",1,0.921234723748385
"Z10","Z19",1,0.916928843090275
"Z10","Z22",1,0.833622331566537
"Z10","Z23",1,0.84671110151394
"Z10","Z24",1,0.841263512827469
"Z10","Z25",1,0.816374741078354
"Z10","Z27",1,0.686680614236679
"Z10","Z28",1,0.694843743333452
"Z10","Z29",1,0.701622843883218
"Z10","Z30",1,0.717572209794921
"Z10","Z31",1,0.712345760803941
"Z10","Z32",1,0.693249922745526
"Z10","Z33",1,0.668906835582186
"Z10","Z11",1,0.975203397556436
"Z10","Z09",1,0.996516006404225
"Z13","Z05",1,0.720556698301271
"Z13","Z06",1,0.758293183523167
"Z13","Z07",1,0.782962642772278
"Z13","Z08",1,0.814420806741346
"Z13","Z10",1,0.92186555072304
"Z13","Z14",1,0.960044789588138
"Z13","Z15",1,0.954403359875563
"Z13","Z16",1,0.929719573260419
"Z13","Z18",1,0.979984131081156
"Z13","Z19",1,0.960190518133199
"Z13","Z22",1,0.890273931750017
"Z13","Z23",1,0.888990094974852
"Z13","Z24",1,0.873185776246197
"Z13","Z25",1,0.84910951941516
"Z13","Z27",1,0.752724447919216
"Z13","Z28",1,0.76678915060981
"Z13","Z29",1,0.77962012962017
"Z13","Z30",1,0.807626870821696
"Z13","Z31",1,0.804868794023319
"Z13","Z32",1,0.786348845668195
"Z13","Z33",1,0.760551291193409
"Z13","Z11",1,0.959899610431469
"Z13","Z09",1,0.918940404386331
"Z14","Z05",1,0.769724118905658
"Z14","Z06",1,0.806824532946646
"Z14","Z07",1,0.833097679008614
"Z14","Z08",1,0.854933297058686
"Z14","Z10",1,0.97271538233819
"Z14","Z13",1,0.960044789588136
"Z14","Z15",1,0.9902311436635
"Z14","Z16",1,0.952921690906546
"Z14","Z18",1,0.947386438982406
"Z14","Z19",1,0.935387639890423
"Z14","Z22",1,0.851482190841179
"Z14","Z23",1,0.858466264570465
"Z14","Z24",1,0.848084023512001
"Z14","Z25",1,0.822700604670825
"Z14","Z27",1,0.70704596797332
"Z14","Z28",1,0.71840642566395
"Z14","Z29",1,0.728618819323896
"Z14","Z30",1,0.752722801938454
"Z14","Z31",1,0.750189144712568
"Z14","Z32",1,0.73329431634176
"Z14","Z33",1,0.71042873645474
"Z14","Z11",1,0.992087889241582
"Z14","Z09",1,0.962721585332695
"Z15","Z05",1,0.756972184700147
"Z15","Z06",1,0.793184636179706
"Z15","Z07",1,0.820675542527932
"Z15","Z08",1,0.835741200913135
"Z15","Z10",1,0.955476107704804
"Z15","Z13",1,0.954403359876123
"Z15","Z14",1,0.990231143664209
"Z15","Z16",1,0.97766583583905
"Z15","Z18",1,0.931601253149546
"Z15","Z19",1,0.916484530251953
"Z15","Z22",1,0.834973194934854
"Z15","Z23",1,0.839209964527739
"Z15","Z24",1,0.827274998917634
"Z15","Z25",1,0.802010494344215
"Z15","Z27",1,0.693352485314423
"Z15","Z28",1,0.706548702023842
"Z15","Z29",1,0.719007618492446
"Z15","Z30",1,0.750132323970026
"Z15","Z31",1,0.750959069620658
"Z15","Z32",1,0.737747533956803
"Z15","Z33",1,0.718503092875044
"Z15","Z11",1,0.967517249131351
"Z15","Z09",1,0.941581762490946
"Z16","Z05",1,0.736877321278689
"Z16","Z06",1,0.771391292192405
"Z16","Z07",1,0.800041561446418
"Z16","Z08",1,0.806079019665607
"Z16","Z10",1,0.923879595977256
"Z16","Z13",1,0.929719573260279
"Z16","Z14",1,0.952921690906157
"Z16","Z15",1,0.977665835838337
"Z16","Z18",1,0.900227108453225
"Z16","Z19",1,0.883095981246354
"Z16","Z22",1,0.805341406142797
"Z16","Z23",1,0.806641147007953
"Z16","Z24",1,0.793234479230798
"Z16","Z25",1,0.768221591975404
"Z16","Z27",1,0.668331084317632
"Z16","Z28",1,0.683778480182074
"Z16","Z29",1,0.699054110937921
"Z16","Z30",1,0.73937240039808
"Z16","Z31",1,0.745034989759353
"Z16","Z32",1,0.737579182536577
"Z16","Z33",1,0.724307835673019
"Z16","Z11",1,0.930170146285902
"Z16","Z09",1,0.907649203901183
"Z18","Z05",1,0.730166698216104
"Z18","Z06",1,0.768156022766376
"Z18","Z07",1,0.79034049003797
"Z18","Z08",1,0.830618460713282
"Z18","Z10",1,0.921234723748362
"Z18","Z13",1,0.97998413108061
"Z18","Z14",1,0.94738643898202
"Z18","Z15",1,0.931601253148871
"Z18","Z16",1,0.90022710845318
"Z18","Z19",1,0.995171401298258
"Z18","Z22",1,0.918319194723024
"Z18","Z23",1,0.921410912936809
"Z18","Z24",1,0.907064710734361
"Z18","Z25",1,0.88246713284425
"Z18","Z27",1,0.774674855568331
"Z18","Z28",1,0.785652141537737
"Z18","Z29",1,0.79453310470726
"Z18","Z30",1,0.809565999725418
"Z18","Z31",1,0.800889502556527
"Z18","Z32",1,0.776562698907839
"Z18","Z33",1,0.745551134012546
"Z18","Z11",1,0.960292072633086
"Z18","Z09",1,0.92523839825797
"Z19","Z05",1,0.735560743301904
"Z19","Z06",1,0.773424651304604
"Z19","Z07",1,0.79394527225265
"Z19","Z08",1,0.839045405768738
"Z19","Z10",1,0.916928843090188
"Z19","Z13",1,0.960190518133942
"Z19","Z14",1,0.935387639890023
"Z19","Z15",1,0.916484530253341
"Z19","Z16",1,0.883095981247167
"Z19","Z18",1,0.995171401300034
"Z19","Z22",1,0.930365327308233
"Z19","Z23",1,0.937706061097258
"Z19","Z24",1,0.925142556614918
"Z19","Z25",1,0.90012698609419
"Z19","Z27",1,0.784103770188793
"Z19","Z28",1,0.792923135880145
"Z19","Z29",1,0.799157589351732
"Z19","Z30",1,0.806270122644162
"Z19","Z31",1,0.794479934122911
"Z19","Z32",1,0.767385468831536
"Z19","Z33",1,0.733996676557766
"Z19","Z11",1,0.952795251134308
"Z19","Z09",1,0.924647581334914
"Z22","Z05",1,0.671347656143382
"Z22","Z06",1,0.707968618051871
"Z22","Z07",1,0.724079371435883
"Z22","Z08",1,0.779526746650939
"Z22","Z10",1,0.833622331565957
"Z22","Z13",1,0.890273931750567
"Z22","Z14",1,0.851482190841823
"Z22","Z15",1,0.834973194934855
"Z22","Z16",1,0.805341406142193
"Z22","Z18",1,0.918319194722201
"Z22","Z19",1,0.930365327308601
"Z22","Z23",1,0.98733376438052
"Z22","Z24",1,0.968191854606281
"Z22","Z25",1,0.957853020774882
"Z22","Z27",1,0.868027782341063
"Z22","Z28",1,0.874070642822982
"Z22","Z29",1,0.874632971047252
"Z22","Z30",1,0.855269871079889
"Z22","Z31",1,0.831717350781972
"Z22","Z32",1,0.794377978093373
"Z22","Z33",1,0.751464129740234
"Z22","Z11",1,0.868153011479259
"Z22","Z09",1,0.843878122910469
"Z23","Z05",1,0.695144776592561
"Z23","Z06",1,0.731255786099847
"Z23","Z07",1,0.745981600133145
"Z23","Z08",1,0.803593541568833
"Z23","Z10",1,0.846711101513919
"Z23","Z13",1,0.888990094975109
"Z23","Z14",1,0.858466264570279
"Z23","Z15",1,0.839209964528372
"Z23","Z16",1,0.806641147008354
"Z23","Z18",1,0.921410912936083
"Z23","Z19",1,0.937706061098202
"Z23","Z22",1,0.987333764380317
"Z23","Z24",1,0.993592051117908
"Z23","Z25",1,0.974333705496967
"Z23","Z27",1,0.850904653362439
"Z23","Z28",1,0.853145549619918
"Z23","Z29",1,0.850376152326085
"Z23","Z30",1,0.827590590566178
"Z23","Z31",1,0.804398044351108
"Z23","Z32",1,0.767677951067908
"Z23","Z33",1,0.7255532973296
"Z23","Z11",1,0.877629703649706
"Z23","Z09",1,0.859028795514016
"Z24","Z05",1,0.702773431346118
"Z24","Z06",1,0.738001690770896
"Z24","Z07",1,0.750774084495987
"Z24","Z08",1,0.811085672261425
"Z24","Z10",1,0.84126351282736
"Z24","Z13",1,0.873185776246024
"Z24","Z14",1,0.848084023511182
"Z24","Z15",1,0.827274998918428
"Z24","Z16",1,0.793234479232171
"Z24","Z18",1,0.907064710733851
"Z24","Z19",1,0.925142556615019
"Z24","Z22",1,0.968191854606558
"Z24","Z23",1,0.993592051116497
"Z24","Z25",1,0.989621472325417
"Z24","Z27",1,0.847035283710829
"Z24","Z28",1,0.845619386262574
"Z24","Z29",1,0.839223360768012
"Z24","Z30",1,0.809593706535876
"Z24","Z31",1,0.785058471349639
"Z24","Z32",1,0.74755827860574
"Z24","Z33",1,0.704878996069711
"Z24","Z11",1,0.868680999681076
"Z24","Z09",1,0.855235160422012
"Z25","Z05",1,0.685704108661275
"Z25","Z06",1,0.720005259605796
"Z25","Z07",1,0.731148128604518
"Z25","Z08",1,0.79332173644698
"Z25","Z10",1,0.816374741078067
"Z25","Z13",1,0.849109519414502
"Z25","Z14",1,0.8227006046712
"Z25","Z15",1,0.802010494344732
"Z25","Z16",1,0.768221591975551
"Z25","Z18",1,0.882467132843375
"Z25","Z19",1,0.900126986094664
"Z25","Z22",1,0.95785302077451
"Z25","Z23",1,0.974333705498161
"Z25","Z24",1,0.989621472326365
"Z25","Z27",1,0.8641096876872
"Z25","Z28",1,0.859016211399032
"Z25","Z29",1,0.848427974286312
"Z25","Z30",1,0.808366114804144
"Z25","Z31",1,0.780983211169079
"Z25","Z32",1,0.741513541246641
"Z25","Z33",1,0.697040874763226
"Z25","Z11",1,0.843297978167961
"Z25","Z09",1,0.830737411168998
"Z27","Z05",1,0.535210382522894
"Z27","Z06",1,0.570100881223179
"Z27","Z07",1,0.582968875095625
"Z27","Z08",1,0.643292007397385
"Z27","Z10",1,0.686680614236339
"Z27","Z13",1,0.752724447920276
"Z27","Z14",1,0.707045967972829
"Z27","Z15",1,0.693352485315226
"Z27","Z16",1,0.668331084317338
"Z27","Z18",1,0.774674855568179
"Z27","Z19",1,0.784103770188996
"Z27","Z22",1,0.868027782341136
"Z27","Z23",1,0.850904653362379
"Z27","Z24",1,0.8470352837108
"Z27","Z25",1,0.864109687687214
"Z27","Z28",1,0.985644474235693
"Z27","Z29",1,0.95371438877277
"Z27","Z30",1,0.868631345758874
"Z27","Z31",1,0.832858091190318
"Z27","Z32",1,0.790516869332336
"Z27","Z33",1,0.74230392227375
"Z27","Z11",1,0.72205066871485
"Z27","Z09",1,0.697003278651946
"Z28","Z05",1,0.53378916428682
"Z28","Z06",1,0.569562965604214
"Z28","Z07",1,0.58416635947982
"Z28","Z08",1,0.642252753275685
"Z28","Z10",1,0.69484374333325
"Z28","Z13",1,0.766789150610268
"Z28","Z14",1,0.71840642566419
"Z28","Z15",1,0.706548702023456
"Z28","Z16",1,0.683778480181916
"Z28","Z18",1,0.785652141538267
"Z28","Z19",1,0.792923135879884
"Z28","Z22",1,0.874070642823273
"Z28","Z23",1,0.853145549619894
"Z28","Z24",1,0.845619386262573
"Z28","Z25",1,0.859016211399126
"Z28","Z27",1,0.985644474234542
"Z28","Z29",1,0.98308113757575
"Z28","Z30",1,0.897768808272132
"Z28","Z31",1,0.862052621757759
"Z28","Z32",1,0.819837277293976
"Z28","Z33",1,0.771659737352182
"Z28","Z11",1,0.731737075451994
"Z28","Z09",1,0.703761420976132
"Z29","Z05",1,0.531019268268903
"Z29","Z06",1,0.567585747171833
"Z29","Z07",1,0.583999062356929
"Z29","Z08",1,0.639309417870343
"Z29","Z10",1,0.701622843883372
"Z29","Z13",1,0.779620129620307
"Z29","Z14",1,0.728618819324218
"Z29","Z15",1,0.719007618492301
"Z29","Z16",1,0.699054110937029
"Z29","Z18",1,0.794533104707871
"Z29","Z19",1,0.799157589351585
"Z29","Z22",1,0.874632971047282
"Z29","Z23",1,0.850376152326083
"Z29","Z24",1,0.839223360767792
"Z29","Z25",1,0.848427974286336
"Z29","Z27",1,0.953714388772736
"Z29","Z28",1,0.983081137576462
"Z29","Z30",1,0.929408433084625
"Z29","Z31",1,0.893806312176696
"Z29","Z32",1,0.85174428444584
"Z29","Z33",1,0.803592948102001
"Z29","Z11",1,0.739875437392884
"Z29","Z09",1,0.708871286505691
"Z30","Z05",1,0.526859458881958
"Z30","Z06",1,0.564691999218096
"Z30","Z07",1,0.585503239266339
"Z30","Z08",1,0.631746660265054
"Z30","Z10",1,0.717572209794927
"Z30","Z13",1,0.80762687082188
"Z30","Z14",1,0.752722801938444
"Z30","Z15",1,0.750132323970304
"Z30","Z16",1,0.739372400398287
"Z30","Z18",1,0.809565999725481
"Z30","Z19",1,0.806270122644256
"Z30","Z22",1,0.855269871079402
"Z30","Z23",1,0.82759059056616
"Z30","Z24",1,0.809593706535394
"Z30","Z25",1,0.808366114804696
"Z30","Z27",1,0.868631345758287
"Z30","Z28",1,0.897768808273359
"Z30","Z29",1,0.929408433083379
"Z30","Z31",1,0.979185770658777
"Z30","Z32",1,0.936198167295313
"Z30","Z33",1,0.887629547836921
"Z30","Z11",1,0.757380549632397
"Z30","Z09",1,0.719835063404415
"Z31","Z05",1,0.51607428373507
"Z31","Z06",1,0.554058122917998
"Z31","Z07",1,0.57640513802946
"Z31","Z08",1,0.618522315101579
"Z31","Z10",1,0.712345760803927
"Z31","Z13",1,0.804868794023307
"Z31","Z14",1,0.750189144712529
"Z31","Z15",1,0.750959069620646
"Z31","Z16",1,0.745034989759246
"Z31","Z18",1,0.800889502556115
"Z31","Z19",1,0.794479934123137
"Z31","Z22",1,0.831717350781426
"Z31","Z23",1,0.804398044351032
"Z31","Z24",1,0.785058471348881
"Z31","Z25",1,0.780983211168969
"Z31","Z27",1,0.832858091190288
"Z31","Z28",1,0.862052621758477
"Z31","Z29",1,0.893806312176696
"Z31","Z30",1,0.979185770657536
"Z31","Z32",1,0.9716828397768
"Z31","Z33",1,0.923139843978198
"Z31","Z11",1,0.751760610040392
"Z31","Z09",1,0.712434124197922
"Z32","Z05",1,0.49289990414535
"Z32","Z06",1,0.530832554193793
"Z32","Z07",1,0.55463132128943
"Z32","Z08",1,0.592264277628503
"Z32","Z10",1,0.693249922745347
"Z32","Z13",1,0.786348845668212
"Z32","Z14",1,0.733294316341841
"Z32","Z15",1,0.737747533956728
"Z32","Z16",1,0.737579182536578
"Z32","Z18",1,0.77656269890805
"Z32","Z19",1,0.767385468831743
"Z32","Z22",1,0.794377978092531
"Z32","Z23",1,0.767677951067317
"Z32","Z24",1,0.7475582786053
"Z32","Z25",1,0.741513541247415
"Z32","Z27",1,0.790516869331637
"Z32","Z28",1,0.819837277293737
"Z32","Z29",1,0.851744284446305
"Z32","Z30",1,0.93619816729561
"Z32","Z31",1,0.971682839777259
"Z32","Z33",1,0.966435726214245
"Z32","Z11",1,0.73157876804413
"Z32","Z09",1,0.691074057592685
"Z33","Z05",1,0.466233481510237
"Z33","Z06",1,0.503884329755392
"Z33","Z07",1,0.529039557923439
"Z33","Z08",1,0.561745292766252
"Z33","Z10",1,0.668906835582266
"Z33","Z13",1,0.760551291194118
"Z33","Z14",1,0.710428736455056
"Z33","Z15",1,0.718503092875023
"Z33","Z16",1,0.724307835673046
"Z33","Z18",1,0.745551134012581
"Z33","Z19",1,0.733996676557406
"Z33","Z22",1,0.751464129740274
"Z33","Z23",1,0.725553297329581
"Z33","Z24",1,0.704878996069584
"Z33","Z25",1,0.69704087476363
"Z33","Z27",1,0.742303922273442
"Z33","Z28",1,0.771659737351491
"Z33","Z29",1,0.803592948102196
"Z33","Z30",1,0.887629547836824
"Z33","Z31",1,0.923139843978426
"Z33","Z32",1,0.966435726214026
"Z33","Z11",1,0.705482642716753
"Z33","Z09",1,0.664485659962941
"X21","X23",1,0.944693483548354
"X21","X25",1,0.931993086598378
"X21","X33",1,0.759323575998702
"X21","X35",1,0.710920670938294
"X21","X36",1,0.715572273317864
"X21","X38",1,0.712112638918518
"X21","X39",1,0.695698450082328
"X21","X22",1,0.962757795164154
"X21","X31",1,0.774198318162652
"X21","X32",1,0.758109127212578
"X23","X21",1,0.944693483548477
"X23","X25",1,1
"X23","X33",1,0.823151635106068
"X23","X35",1,0.780541695679271
"X23","X36",1,0.778505614013504
"X23","X38",1,0.780221526736456
"X23","X39",1,0.765000086413135
"X23","X22",1,0.917795457737328
"X23","X31",1,0.840789166734294
"X23","X32",1,0.826801073342581
"X25","X21",1,0.931993086598464
"X25","X23",1,0.999999999999648
"X25","X33",1,0.82917381639901
"X25","X35",1,0.790984293493776
"X25","X36",1,0.784338989371968
"X25","X38",1,0.789201637275344
"X25","X39",1,0.775102414337434
"X25","X22",1,0.91096350644365
"X25","X31",1,0.848365926350097
"X25","X32",1,0.8361147482243
"X33","X21",1,0.759323575998829
"X33","X23",1,0.823151635105927
"X33","X25",1,0.829173816399287
"X33","X35",1,0.930924338317547
"X33","X36",1,0.970159287840788
"X33","X38",1,0.951945817922463
"X33","X39",1,0.925565965402599
"X33","X22",1,0.725993829021554
"X33","X31",1,0.98719929294531
"X33","X32",1,0.967125241673192
"X35","X21",1,0.71092067093833
"X35","X23",1,0.780541695679193
"X35","X25",1,0.790984293493755
"X35","X33",1,0.930924338318078
"X35","X36",1,0.929774518581621
"X35","X38",1,0.985618919919869
"X35","X39",1,0.997661451376747
"X35","X22",1,0.68845897798695
"X35","X31",1,0.939496214227845
"X35","X32",1,0.964921415795765
"X36","X21",1,0.715572273318003
"X36","X23",1,0.778505614013575
"X36","X25",1,0.78433898937239
"X36","X33",1,0.970159287840369
"X36","X35",1,0.929774518583241
"X36","X38",1,0.958917347257312
"X36","X39",1,0.93353222535163
"X36","X22",1,0.681304424387012
"X36","X31",1,0.946723133495937
"X36","X32",1,0.94009188807298
"X38","X21",1,0.712112638918512
"X38","X23",1,0.780221526736489
"X38","X25",1,0.789201637275256
"X38","X33",1,0.951945817922265
"X38","X35",1,0.985618919918644
"X38","X36",1,0.958917347256067
"X38","X39",1,0.987737111883349
"X38","X22",1,0.685359772009697
"X38","X31",1,0.951137191997016
"X38","X32",1,0.967896947114978
"X39","X21",1,0.695698450082237
"X39","X23",1,0.76500008641316
"X39","X25",1,0.775102414337437
"X39","X33",1,0.925565965401678
"X39","X35",1,0.997661451376625
"X39","X36",1,0.933532225351752
"X39","X38",1,0.987737111883278
"X39","X22",1,0.672189363488776
"X39","X31",1,0.929131628908128
"X39","X32",1,0.951875706037053
"Z11","Z05",1,0.775673117341405
"Z11","Z06",1,0.813400224618239
"Z11","Z07",1,0.837993887952641
"Z11","Z08",1,0.867640764706259
"Z11","Z10",1,0.975203397556441
"Z11","Z13",1,0.959899610431393
"Z11","Z14",1,0.992087889241553
"Z11","Z15",1,0.967517249131761
"Z11","Z16",1,0.930170146285401
"Z11","Z18",1,0.960292072632876
"Z11","Z19",1,0.952795251134606
"Z11","Z22",1,0.868153011479779
"Z11","Z23",1,0.877629703650432
"Z11","Z24",1,0.868680999682061
"Z11","Z25",1,0.843297978166687
"Z11","Z27",1,0.722050668714677
"Z11","Z28",1,0.731737075452358
"Z11","Z29",1,0.739875437392729
"Z11","Z30",1,0.75738054963239
"Z11","Z31",1,0.75176061004048
"Z11","Z32",1,0.731578768043875
"Z11","Z33",1,0.705482642716587
"Z11","Z09",1,0.974002526750502
"X22","X21",1,0.962757795164656
"X22","X23",1,0.917795457737503
"X22","X25",1,0.910963506443806
"X22","X33",1,0.72599382902141
"X22","X35",1,0.688458977986966
"X22","X36",1,0.681304424386955
"X22","X38",1,0.685359772009695
"X22","X39",1,0.672189363488791
"X22","X31",1,0.744385115193156
"X22","X32",1,0.732383314365888
"X31","X21",1,0.774198318162615
"X31","X23",1,0.840789166734224
"X31","X25",1,0.848365926350073
"X31","X33",1,0.987199292945186
"X31","X35",1,0.939496214227721
"X31","X36",1,0.946723133496377
"X31","X38",1,0.951137191996862
"X31","X39",1,0.929131628907992
"X31","X22",1,0.744385115193358
"X31","X32",1,0.986986913125224
"X32","X21",1,0.758109127212541
"X32","X23",1,0.826801073342583
"X32","X25",1,0.836114748224254
"X32","X33",1,0.967125241673771
"X32","X35",1,0.964921415795731
"X32","X36",1,0.940091888072256
"X32","X38",1,0.967896947114952
"X32","X39",1,0.951875706037228
"X32","X22",1,0.732383314365971
"X32","X31",1,0.986986913124782
"Z09","Z05",1,0.81657400027941
"Z09","Z06",1,0.854356545705293
"Z09","Z07",1,0.878546374049148
"Z09","Z08",1,0.907037369544428
"Z09","Z10",1,0.996516006403359
"Z09","Z13",1,0.918940404386429
"Z09","Z14",1,0.962721585332175
"Z09","Z15",1,0.941581762491205
"Z09","Z16",1,0.907649203901654
"Z09","Z18",1,0.925238398257943
"Z09","Z19",1,0.924647581334868
"Z09","Z22",1,0.843878122910353
"Z09","Z23",1,0.859028795513886
"Z09","Z24",1,0.855235160422306
"Z09","Z25",1,0.830737411168661
"Z09","Z27",1,0.697003278652236
"Z09","Z28",1,0.70376142097596
"Z09","Z29",1,0.708871286505494
"Z09","Z30",1,0.719835063404441
"Z09","Z31",1,0.712434124197837
"Z09","Z32",1,0.691074057592383
"Z09","Z33",1,0.664485659963002
"Z09","Z11",1,0.974002526750718
"Y01","Y02",2,0.956238717259408
"Y01","Y03",2,0.872811658903512
"Y01","Y05",2,0.830050869573223
"Y01","Y06",2,0.819294959613948
"Y01","Y08",2,0.772995566428787
"Y01","Y09",2,0.737082562993018
"Y01","Y10",2,0.764306753940352
"Y01","Y11",2,0.86784856909983
"Y01","Y14",2,0.417625326608085
"Y01","Y16",2,0.530277865063632
"Y01","Y17",2,0.520068883471741
"Y01","Y18",2,0.481208498790006
"Y01","Y19",2,0.751142713083917
"Y01","Y20",2,0.733418489037271
"Y01","Y21",2,0.718580727344162
"Y01","Y22",2,0.713172463307784
"Y01","Y23",2,0.514452884642963
"Y01","Y24",2,0.469995178492803
"Y01","Y26",2,0.376401372736396
"Y01","Y27",2,0.302688127616541
"Y01","Y28",2,0.276510174678564
"Y01","Y29",2,0.24499329692958
"Y01","Y30",2,0.241727465795175
"Y01","Y31",2,0.161419104521272
"Y01","Y32",2,0.204741554962506
"Y01","Y33",2,0.268816613783404
"Y01","Y34",2,0.44277456990727
"Y01","Y35",2,0.446007468632214
"Y02","Y01",2,0.956238717258937
"Y02","Y03",2,0.92514016353246
"Y02","Y05",2,0.879256906917024
"Y02","Y06",2,0.866946614292901
"Y02","Y08",2,0.815613634692603
"Y02","Y09",2,0.779087253560612
"Y02","Y10",2,0.800940517483123
"Y02","Y11",2,0.91469248748456
"Y02","Y14",2,0.462454617248036
"Y02","Y16",2,0.570732901399881
"Y02","Y17",2,0.559620412018844
"Y02","Y18",2,0.518846814283269
"Y02","Y19",2,0.783932779352566
"Y02","Y20",2,0.760367959889797
"Y02","Y21",2,0.741490312909566
"Y02","Y22",2,0.730972101107358
"Y02","Y23",2,0.524103035923706
"Y02","Y24",2,0.479089701879658
"Y02","Y26",2,0.384067049736397
"Y02","Y27",2,0.308851624947408
"Y02","Y28",2,0.282331546987538
"Y02","Y29",2,0.250659683178132
"Y02","Y30",2,0.25041128180607
"Y02","Y31",2,0.165382283737016
"Y02","Y32",2,0.205171768202542
"Y02","Y33",2,0.261983295477407
"Y02","Y34",2,0.449258572459227
"Y02","Y35",2,0.448950677499439
"Y03","Y01",2,0.872811658904235
"Y03","Y02",2,0.925140163533147
"Y03","Y05",2,0.95512409165282
"Y03","Y06",2,0.939349671623351
"Y03","Y08",2,0.880018853098363
"Y03","Y09",2,0.844566152139879
"Y03","Y10",2,0.853397727185572
"Y03","Y11",2,0.942178616204292
"Y03","Y14",2,0.520691964339121
"Y03","Y16",2,0.61726154885278
"Y03","Y17",2,0.604342873903435
"Y03","Y18",2,0.560169734102851
"Y03","Y19",2,0.803001439816478
"Y03","Y20",2,0.769677716881536
"Y03","Y21",2,0.744715862077512
"Y03","Y22",2,0.725929988702951
"Y03","Y23",2,0.51401600597987
"Y03","Y24",2,0.469080539268231
"Y03","Y26",2,0.373370113867408
"Y03","Y27",2,0.296730990270647
"Y03","Y28",2,0.269960603488025
"Y03","Y29",2,0.238362920672833
"Y03","Y30",2,0.242910782545003
"Y03","Y31",2,0.151153679558778
"Y03","Y32",2,0.185175820230855
"Y03","Y33",2,0.230700958295348
"Y03","Y34",2,0.435671182306961
"Y03","Y35",2,0.429891308526955
"Y05","Y01",2,0.830050869573324
"Y05","Y02",2,0.879256906916754
"Y05","Y03",2,0.955124091652825
"Y05","Y06",2,0.992515464961345
"Y05","Y08",2,0.932413326616777
"Y05","Y09",2,0.897889792406561
"Y05","Y10",2,0.901314987072036
"Y05","Y11",2,0.89422806182856
"Y05","Y14",2,0.517983352101435
"Y05","Y16",2,0.603040890004266
"Y05","Y17",2,0.588985311874185
"Y05","Y18",2,0.54303986403041
"Y05","Y19",2,0.765900865270748
"Y05","Y20",2,0.729648582106351
"Y05","Y21",2,0.70300612418807
"Y05","Y22",2,0.681655649683813
"Y05","Y23",2,0.470520053261627
"Y05","Y24",2,0.425910864604672
"Y05","Y26",2,0.330447255135606
"Y05","Y27",2,0.253580167800136
"Y05","Y28",2,0.22680767036376
"Y05","Y29",2,0.195338542912337
"Y05","Y30",2,0.201747315916516
"Y05","Y31",2,0.107641562201727
"Y05","Y32",2,0.13953326005802
"Y05","Y33",2,0.181528533358416
"Y05","Y34",2,0.391392926443781
"Y05","Y35",2,0.38378514469566
"Y06","Y01",2,0.819294959613838
"Y06","Y02",2,0.866946614292886
"Y06","Y03",2,0.939349671623306
"Y06","Y05",2,0.992515464961765
"Y06","Y08",2,0.948899122201195
"Y06","Y09",2,0.91413114740175
"Y06","Y10",2,0.917252075379276
"Y06","Y11",2,0.877733262670484
"Y06","Y14",2,0.510674898116411
"Y06","Y16",2,0.592590167161721
"Y06","Y17",2,0.578298332391466
"Y06","Y18",2,0.532029815175074
"Y06","Y19",2,0.750560330746523
"Y06","Y20",2,0.713982074843202
"Y06","Y21",2,0.687159914430059
"Y06","Y22",2,0.665535361704627
"Y06","Y23",2,0.454572593635484
"Y06","Y24",2,0.410016443315197
"Y06","Y26",2,0.314605996399965
"Y06","Y27",2,0.237720967560355
"Y06","Y28",2,0.210952029903295
"Y06","Y29",2,0.179504714512092
"Y06","Y30",2,0.186181933712877
"Y06","Y31",2,0.0917513774237283
"Y06","Y32",2,0.123376232349669
"Y06","Y33",2,0.165071102569456
"Y06","Y34",2,0.375366461365491
"Y06","Y35",2,0.367556216191461
"Y08","Y01",2,0.772995566428806
"Y08","Y02",2,0.815613634692652
"Y08","Y03",2,0.880018853098513
"Y08","Y05",2,0.932413326616673
"Y08","Y06",2,0.948899122201314
"Y08","Y09",2,0.972429958408277
"Y08","Y10",2,0.969356618972365
"Y08","Y11",2,0.81767513634561
"Y08","Y14",2,0.482560487779842
"Y08","Y16",2,0.553178565845296
"Y08","Y17",2,0.53818970853418
"Y08","Y18",2,0.491093620692694
"Y08","Y19",2,0.694406364759098
"Y08","Y20",2,0.656900053547794
"Y08","Y21",2,0.629535508493223
"Y08","Y22",2,0.606997441234916
"Y08","Y23",2,0.396800891193554
"Y08","Y24",2,0.352463230698185
"Y08","Y26",2,0.257292787827121
"Y08","Y27",2,0.180367708172508
"Y08","Y28",2,0.153620598845481
"Y08","Y29",2,0.122265446752752
"Y08","Y30",2,0.129950024725516
"Y08","Y31",2,0.0343187061518634
"Y08","Y32",2,0.0648921190515512
"Y08","Y33",2,0.105283111149361
"Y08","Y34",2,0.317333233127571
"Y08","Y35",2,0.308742143975376
"Y09","Y01",2,0.737082562993168
"Y09","Y02",2,0.779087253560471
"Y09","Y03",2,0.844566152139974
"Y09","Y05",2,0.897889792406676
"Y09","Y06",2,0.914131147401692
"Y09","Y08",2,0.972429958408228
"Y09","Y10",2,0.96509426665087
"Y09","Y11",2,0.78397632084416
"Y09","Y14",2,0.47630494487308
"Y09","Y16",2,0.538850683499776
"Y09","Y17",2,0.523465444653969
"Y09","Y18",2,0.476033226592119
"Y09","Y19",2,0.666261800557864
"Y09","Y20",2,0.627997805752235
"Y09","Y21",2,0.600133355105701
"Y09","Y22",2,0.57654176058147
"Y09","Y23",2,0.367643381109097
"Y09","Y24",2,0.323620797147502
"Y09","Y26",2,0.22882691956563
"Y09","Y27",2,0.151911275258078
"Y09","Y28",2,0.125208256254848
"Y09","Y29",2,0.0939839380337428
"Y09","Y30",2,0.102819859294254
"Y09","Y31",2,0.00584911245210173
"Y09","Y32",2,0.0350105118540813
"Y09","Y33",2,0.0730252665345788
"Y09","Y34",2,0.287921349781355
"Y09","Y35",2,0.278244223749709
"Y10","Y01",2,0.764306753940243
"Y10","Y02",2,0.800940517483117
"Y10","Y03",2,0.853397727185458
"Y10","Y05",2,0.901314987071586
"Y10","Y06",2,0.917252075379448
"Y10","Y08",2,0.96935661897226
"Y10","Y09",2,0.965094266650621
"Y10","Y11",2,0.787965937959476
"Y10","Y14",2,0.443697815691593
"Y10","Y16",2,0.513531346378011
"Y10","Y17",2,0.498555538337078
"Y10","Y18",2,0.451479511767139
"Y10","Y19",2,0.65902442000437
"Y10","Y20",2,0.622246780654307
"Y10","Y21",2,0.595403325007627
"Y10","Y22",2,0.573977632576803
"Y10","Y23",2,0.362845249385477
"Y10","Y24",2,0.318267374963025
"Y10","Y26",2,0.222847199078615
"Y10","Y27",2,0.145963852013582
"Y10","Y28",2,0.119194412279117
"Y10","Y29",2,0.0877454161370914
"Y10","Y30",2,0.094529143132088
"Y10","Y31",2,0
"Y10","Y32",2,0.0318971562265349
"Y10","Y33",2,0.0752292176902118
"Y10","Y34",2,0.28369655171056
"Y10","Y35",2,0.276242861944973
"Y11","Y01",2,0.867848569100349
"Y11","Y02",2,0.914692487484366
"Y11","Y03",2,0.942178616204324
"Y11","Y05",2,0.894228061828314
"Y11","Y06",2,0.877733262670809
"Y11","Y08",2,0.817675136345606
"Y11","Y09",2,0.783976320844196
"Y11","Y10",2,0.787965937959638
"Y11","Y14",2,0.556762612863508
"Y11","Y16",2,0.663871151892473
"Y11","Y17",2,0.652284288937647
"Y11","Y18",2,0.610384020190988
"Y11","Y19",2,0.866325364583819
"Y11","Y20",2,0.835141340377685
"Y11","Y21",2,0.810966532032262
"Y11","Y22",2,0.792734973906198
"Y11","Y23",2,0.580815722678403
"Y11","Y24",2,0.535860301041191
"Y11","Y26",2,0.440140682769476
"Y11","Y27",2,0.363528581343578
"Y11","Y28",2,0.336760264907384
"Y11","Y29",2,0.305155270962641
"Y11","Y30",2,0.309445572931563
"Y11","Y31",2,0.217977713721354
"Y11","Y32",2,0.251894776825055
"Y11","Y33",2,0.29610341077372
"Y11","Y34",2,0.502504048982445
"Y11","Y35",2,0.496560185077591
"Y14","Y01",2,0.417625326607956
"Y14","Y02",2,0.462454617248209
"Y14","Y03",2,0.520691964338008
"Y14","Y05",2,0.517983352102049
"Y14","Y06",2,0.510674898116013
"Y14","Y08",2,0.482560487778933
"Y14","Y09",2,0.476304944873309
"Y14","Y10",2,0.443697815691482
"Y14","Y11",2,0.556762612863778
"Y14","Y16",2,0.877034863763208
"Y14","Y17",2,0.87691162945844
"Y14","Y18",2,0.876130105987699
"Y14","Y19",2,0.657466729485412
"Y14","Y20",2,0.651442200792168
"Y14","Y21",2,0.643399023101711
"Y14","Y22",2,0.621231210225572
"Y14","Y23",2,0.575673581363821
"Y14","Y24",2,0.557228809487303
"Y14","Y26",2,0.501925137147744
"Y14","Y27",2,0.443851392667886
"Y14","Y28",2,0.423583079041282
"Y14","Y29",2,0.401042655952199
"Y14","Y30",2,0.432378648184667
"Y14","Y31",2,0.322697581743329
"Y14","Y32",2,0.315440169862413
"Y14","Y33",2,0.283113128517149
"Y14","Y34",2,0.520944260866695
"Y14","Y35",2,0.487478842711672
"Y16","Y01",2,0.530277865063147
"Y16","Y02",2,0.570732901401127
"Y16","Y03",2,0.617261548852146
"Y16","Y05",2,0.603040890004463
"Y16","Y06",2,0.592590167161471
"Y16","Y08",2,0.553178565845383
"Y16","Y09",2,0.538850683498969
"Y16","Y10",2,0.513531346377578
"Y16","Y11",2,0.66387115189262
"Y16","Y14",2,0.8770348637625
"Y16","Y17",2,0.992831481685896
"Y16","Y18",2,0.945600578249955
"Y16","Y19",2,0.781440516560935
"Y16","Y20",2,0.780487299634333
"Y16","Y21",2,0.774517540902137
"Y16","Y22",2,0.753087356946194
"Y16","Y23",2,0.687270023877966
"Y16","Y24",2,0.661085793822914
"Y16","Y26",2,0.590662571552438
"Y16","Y27",2,0.523453082743476
"Y16","Y28",2,0.500121078961689
"Y16","Y29",2,0.473684375426577
"Y16","Y30",2,0.498172326101377
"Y16","Y31",2,0.389174485967439
"Y16","Y32",2,0.393601647760537
"Y16","Y33",2,0.379165816323928
"Y16","Y34",2,0.622371047680603
"Y16","Y35",2,0.592696250725701
"Y17","Y01",2,0.520068883472168
"Y17","Y02",2,0.559620412018347
"Y17","Y03",2,0.604342873903571
"Y17","Y05",2,0.588985311873608
"Y17","Y06",2,0.578298332391195
"Y17","Y08",2,0.538189708533395
"Y17","Y09",2,0.523465444654257
"Y17","Y10",2,0.498555538337672
"Y17","Y11",2,0.652284288938716
"Y17","Y14",2,0.876911629458211
"Y17","Y16",2,0.992831481685727
"Y17","Y18",2,0.961453051950875
"Y17","Y19",2,0.773358342831797
"Y17","Y20",2,0.774913227733888
"Y17","Y21",2,0.770832478184843
"Y17","Y22",2,0.75086854042534
"Y17","Y23",2,0.696270805669475
"Y17","Y24",2,0.671546173071958
"Y17","Y26",2,0.603118791468527
"Y17","Y27",2,0.536749756228663
"Y17","Y28",2,0.513663888842488
"Y17","Y29",2,0.487523336893361
"Y17","Y30",2,0.512567847480424
"Y17","Y31",2,0.403388416495793
"Y17","Y32",2,0.406852349017296
"Y17","Y33",2,0.390336042605833
"Y17","Y34",2,0.633135035701693
"Y17","Y35",2,0.602736957115256
"Y18","Y01",2,0.481208498789797
"Y18","Y02",2,0.51884681428399
"Y18","Y03",2,0.560169734103522
"Y18","Y05",2,0.543039864031098
"Y18","Y06",2,0.532029815174383
"Y18","Y08",2,0.491093620692783
"Y18","Y09",2,0.476033226591497
"Y18","Y10",2,0.45147951176714
"Y18","Y11",2,0.610384020192324
"Y18","Y14",2,0.876130105987794
"Y18","Y16",2,0.945600578250141
"Y18","Y17",2,0.961453051949725
"Y18","Y19",2,0.73761376424634
"Y18","Y20",2,0.744518181791396
"Y18","Y21",2,0.744860379451491
"Y18","Y22",2,0.728827185246543
"Y18","Y23",2,0.708549175919305
"Y18","Y24",2,0.689426082356465
"Y18","Y26",2,0.629303846786506
"Y18","Y27",2,0.566726051801019
"Y18","Y28",2,0.544765909328605
"Y18","Y29",2,0.519979977995014
"Y18","Y30",2,0.547436345626567
"Y18","Y31",2,0.43768865527406
"Y18","Y32",2,0.437045596967158
"Y18","Y33",2,0.412512005962447
"Y18","Y34",2,0.652534238714421
"Y18","Y35",2,0.619734561808808
"Y19","Y01",2,0.75114271308298
"Y19","Y02",2,0.783932779352537
"Y19","Y03",2,0.803001439816021
"Y19","Y05",2,0.765900865271094
"Y19","Y06",2,0.750560330746589
"Y19","Y08",2,0.694406364759731
"Y19","Y09",2,0.666261800558349
"Y19","Y10",2,0.659024420004419
"Y19","Y11",2,0.866325364583934
"Y19","Y14",2,0.657466729484611
"Y19","Y16",2,0.781440516561028
"Y19","Y17",2,0.773358342833012
"Y19","Y18",2,0.737613764245676
"Y19","Y20",2,0.969406938147409
"Y19","Y21",2,0.940485516899333
"Y19","Y22",2,0.912147250720733
"Y19","Y23",2,0.710121861170987
"Y19","Y24",2,0.666319568849043
"Y19","Y26",2,0.571565260083251
"Y19","Y27",2,0.494643396856274
"Y19","Y28",2,0.467929156309416
"Y19","Y29",2,0.436662029848483
"Y19","Y30",2,0.444458738740526
"Y19","Y31",2,0.348576467975543
"Y19","Y32",2,0.37698493425096
"Y19","Y33",2,0.407450800043159
"Y19","Y34",2,0.630234471948871
"Y19","Y35",2,0.618556578010464
"Y20","Y01",2,0.733418489037783
"Y20","Y02",2,0.760367959888928
"Y20","Y03",2,0.769677716881942
"Y20","Y05",2,0.729648582106045
"Y20","Y06",2,0.713982074843416
"Y20","Y08",2,0.656900053547435
"Y20","Y09",2,0.627997805751844
"Y20","Y10",2,0.622246780654361
"Y20","Y11",2,0.835141340377366
"Y20","Y14",2,0.651442200791573
"Y20","Y16",2,0.780487299634041
"Y20","Y17",2,0.774913227733646
"Y20","Y18",2,0.744518181791081
"Y20","Y19",2,0.96940693814731
"Y20","Y21",2,0.980079642957055
"Y20","Y22",2,0.950889510788165
"Y20","Y23",2,0.74865649826105
"Y20","Y24",2,0.704523564458009
"Y20","Y26",2,0.609400974298585
"Y20","Y27",2,0.532477729425562
"Y20","Y28",2,0.505727987973971
"Y20","Y29",2,0.474353423019875
"Y20","Y30",2,0.481072588299445
"Y20","Y31",2,0.386430106874084
"Y20","Y32",2,0.415814407222956
"Y20","Y33",2,0.447055354950099
"Y20","Y34",2,0.668907235667348
"Y20","Y35",2,0.657885257298021
"Y21","Y01",2,0.718580727344684
"Y21","Y02",2,0.741490312909354
"Y21","Y03",2,0.744715862077492
"Y21","Y05",2,0.70300612418797
"Y21","Y06",2,0.687159914429794
"Y21","Y08",2,0.629535508492612
"Y21","Y09",2,0.600133355105562
"Y21","Y10",2,0.595403325007811
"Y21","Y11",2,0.81096653203193
"Y21","Y14",2,0.643399023102106
"Y21","Y16",2,0.774517540902197
"Y21","Y17",2,0.770832478183976
"Y21","Y18",2,0.744860379451984
"Y21","Y19",2,0.940485516899192
"Y21","Y20",2,0.980079642957103
"Y21","Y22",2,0.978272834704124
"Y21","Y23",2,0.776276540286885
"Y21","Y24",2,0.73184994847189
"Y21","Y26",2,0.636450222895516
"Y21","Y27",2,0.559572019542198
"Y21","Y28",2,0.532802224417928
"Y21","Y29",2,0.501343066036175
"Y21","Y30",2,0.507090600926472
"Y21","Y31",2,0.41359685176644
"Y21","Y32",2,0.443875256180227
"Y21","Y33",2,0.475969257153377
"Y21","Y34",2,0.696737847041272
"Y21","Y35",2,0.686415016785059
"Y22","Y01",2,0.713172463307369
"Y22","Y02",2,0.730972101107568
"Y22","Y03",2,0.725929988703214
"Y22","Y05",2,0.681655649684013
"Y22","Y06",2,0.665535361703952
"Y22","Y08",2,0.606997441234558
"Y22","Y09",2,0.576541760581418
"Y22","Y10",2,0.573977632576601
"Y22","Y11",2,0.792734973906365
"Y22","Y14",2,0.621231210226319
"Y22","Y16",2,0.75308735694754
"Y22","Y17",2,0.750868540425014
"Y22","Y18",2,0.728827185246382
"Y22","Y19",2,0.912147250720741
"Y22","Y20",2,0.950889510788164
"Y22","Y21",2,0.978272834704092
"Y22","Y23",2,0.797092116324721
"Y22","Y24",2,0.752118733394598
"Y22","Y26",2,0.656389566909266
"Y22","Y27",2,0.579804930364612
"Y22","Y28",2,0.553036803646329
"Y22","Y29",2,0.521430021658311
"Y22","Y30",2,0.525044624582766
"Y22","Y31",2,0.434215641108392
"Y22","Y32",2,0.466836641221025
"Y22","Y33",2,0.502837799701183
"Y22","Y34",2,0.718561619436903
"Y22","Y35",2,0.710681733684105
"Y23","Y01",2,0.514452884641706
"Y23","Y02",2,0.524103035923818
"Y23","Y03",2,0.514016005979723
"Y23","Y05",2,0.470520053262079
"Y23","Y06",2,0.454572593635682
"Y23","Y08",2,0.396800891193729
"Y23","Y09",2,0.367643381109013
"Y23","Y10",2,0.362845249385087
"Y23","Y11",2,0.580815722678215
"Y23","Y14",2,0.575673581364001
"Y23","Y16",2,0.687270023877679
"Y23","Y17",2,0.696270805669266
"Y23","Y18",2,0.708549175919143
"Y23","Y19",2,0.710121861171476
"Y23","Y20",2,0.748656498260883
"Y23","Y21",2,0.776276540286948
"Y23","Y22",2,0.797092116324288
"Y23","Y24",2,0.963885092306073
"Y23","Y26",2,0.868216475494267
"Y23","Y27",2,0.791724326582106
"Y23","Y28",2,0.764955664943055
"Y23","Y29",2,0.733347451671613
"Y23","Y30",2,0.735319624227763
"Y23","Y31",2,0.646039868552484
"Y23","Y32",2,0.675693926012238
"Y23","Y33",2,0.692579331571854
"Y23","Y34",2,0.92903249895197
"Y23","Y35",2,0.910654884544792
"Y24","Y01",2,0.469995178493501
"Y24","Y02",2,0.479089701879243
"Y24","Y03",2,0.469080539268209
"Y24","Y05",2,0.425910864604329
"Y24","Y06",2,0.410016443315809
"Y24","Y08",2,0.352463230698345
"Y24","Y09",2,0.323620797147927
"Y24","Y10",2,0.318267374962307
"Y24","Y11",2,0.535860301041386
"Y24","Y14",2,0.557228809487707
"Y24","Y16",2,0.661085793823065
"Y24","Y17",2,0.671546173071947
"Y24","Y18",2,0.689426082356158
"Y24","Y19",2,0.666319568849095
"Y24","Y20",2,0.704523564457995
"Y24","Y21",2,0.731849948471736
"Y24","Y22",2,0.75211873339511
"Y24","Y23",2,0.963885092305282
"Y24","Y26",2,0.913278765898832
"Y24","Y27",2,0.836616468607404
"Y24","Y28",2,0.809838902507899
"Y24","Y29",2,0.778279184642751
"Y24","Y30",2,0.780293103019495
"Y24","Y31",2,0.690742105971647
"Y24","Y32",2,0.718370472803621
"Y24","Y33",2,0.726103353995142
"Y24","Y34",2,0.969410353707741
"Y24","Y35",2,0.939257769262829
"Y26","Y01",2,0.37640137273718
"Y26","Y02",2,0.384067049736144
"Y26","Y03",2,0.373370113867146
"Y26","Y05",2,0.33044725513537
"Y26","Y06",2,0.314605996399771
"Y26","Y08",2,0.257292787827574
"Y26","Y09",2,0.228826919565651
"Y26","Y10",2,0.222847199077921
"Y26","Y11",2,0.440140682769923
"Y26","Y14",2,0.501925137147935
"Y26","Y16",2,0.590662571552434
"Y26","Y17",2,0.603118791468528
"Y26","Y18",2,0.629303846786514
"Y26","Y19",2,0.571565260083436
"Y26","Y20",2,0.609400974298163
"Y26","Y21",2,0.636450222896158
"Y26","Y22",2,0.656389566909393
"Y26","Y23",2,0.868216475494797
"Y26","Y24",2,0.913278765898806
"Y26","Y27",2,0.932082573741259
"Y26","Y28",2,0.905338404134773
"Y26","Y29",2,0.873900466288519
"Y26","Y30",2,0.874071972717485
"Y26","Y31",2,0.7860160947869
"Y26","Y32",2,0.808202331620603
"Y26","Y33",2,0.788779250974638
"Y26","Y34",2,0.941807153507589
"Y26","Y35",2,0.923064016655003
"Y27","Y01",2,0.302688127615883
"Y27","Y02",2,0.308851624947014
"Y27","Y03",2,0.29673099027051
"Y27","Y05",2,0.253580167800446
"Y27","Y06",2,0.23772096755998
"Y27","Y08",2,0.180367708173284
"Y27","Y09",2,0.151911275258438
"Y27","Y10",2,0.145963852014051
"Y27","Y11",2,0.363528581343549
"Y27","Y14",2,0.443851392667928
"Y27","Y16",2,0.523453082743453
"Y27","Y17",2,0.536749756228649
"Y27","Y18",2,0.566726051801022
"Y27","Y19",2,0.494643396856122
"Y27","Y20",2,0.532477729425181
"Y27","Y21",2,0.559572019542507
"Y27","Y22",2,0.579804930364215
"Y27","Y23",2,0.791724326582279
"Y27","Y24",2,0.836616468607316
"Y27","Y26",2,0.932082573741189
"Y27","Y28",2,0.982233773047135
"Y27","Y29",2,0.950617542276401
"Y27","Y30",2,0.939606125123309
"Y27","Y31",2,0.862943424164933
"Y27","Y32",2,0.879104619960193
"Y27","Y33",2,0.826388771324029
"Y27","Y34",2,0.868590345923324
"Y27","Y35",2,0.862048479289469
"Y28","Y01",2,0.276510174679708
"Y28","Y02",2,0.282331546987821
"Y28","Y03",2,0.269960603487704
"Y28","Y05",2,0.226807670364047
"Y28","Y06",2,0.210952029903354
"Y28","Y08",2,0.153620598845601
"Y28","Y09",2,0.125208256254428
"Y28","Y10",2,0.119194412279086
"Y28","Y11",2,0.336760264907704
"Y28","Y14",2,0.423583079041314
"Y28","Y16",2,0.500121078961651
"Y28","Y17",2,0.51366388884268
"Y28","Y18",2,0.544765909328601
"Y28","Y19",2,0.467929156309396
"Y28","Y20",2,0.505727987973388
"Y28","Y21",2,0.532802224417734
"Y28","Y22",2,0.553036803645695
"Y28","Y23",2,0.764955664943685
"Y28","Y24",2,0.809838902507732
"Y28","Y26",2,0.905338404134991
"Y28","Y27",2,0.982233773047391
"Y28","Y29",2,0.977320981362211
"Y28","Y30",2,0.956258679840628
"Y28","Y31",2,0.889649506478003
"Y28","Y32",2,0.900866830587597
"Y28","Y33",2,0.831821185128594
"Y28","Y34",2,0.842079597620713
"Y28","Y35",2,0.837202490500197
"Y29","Y01",2,0.244993296929026
"Y29","Y02",2,0.250659683177949
"Y29","Y03",2,0.238362920673082
"Y29","Y05",2,0.195338542912082
"Y29","Y06",2,0.179504714512588
"Y29","Y08",2,0.122265446753161
"Y29","Y09",2,0.0939839380330687
"Y29","Y10",2,0.0877454161371534
"Y29","Y11",2,0.305155270962423
"Y29","Y14",2,0.401042655952231
"Y29","Y16",2,0.473684375426583
"Y29","Y17",2,0.48752333689333
"Y29","Y18",2,0.519979977995126
"Y29","Y19",2,0.436662029849089
"Y29","Y20",2,0.474353423019267
"Y29","Y21",2,0.501343066036051
"Y29","Y22",2,0.521430021657516
"Y29","Y23",2,0.733347451672082
"Y29","Y24",2,0.778279184642918
"Y29","Y26",2,0.873900466287725
"Y29","Y27",2,0.950617542276543
"Y29","Y28",2,0.977320981362889
"Y29","Y30",2,0.964995065219659
"Y29","Y31",2,0.920629081145525
"Y29","Y32",2,0.920211338942176
"Y29","Y33",2,0.829935010899007
"Y29","Y34",2,0.810399767791174
"Y29","Y35",2,0.80635052703278
"Y30","Y01",2,0.241727465795156
"Y30","Y02",2,0.25041128180612
"Y30","Y03",2,0.242910782544304
"Y30","Y05",2,0.201747315916212
"Y30","Y06",2,0.186181933712786
"Y30","Y08",2,0.129950024726205
"Y30","Y09",2,0.10281985929466
"Y30","Y10",2,0.094529143132507
"Y30","Y11",2,0.30944557293123
"Y30","Y14",2,0.432378648184653
"Y30","Y16",2,0.498172326101679
"Y30","Y17",2,0.512567847480229
"Y30","Y18",2,0.547436345626339
"Y30","Y19",2,0.444458738740418
"Y30","Y20",2,0.481072588299098
"Y30","Y21",2,0.507090600926871
"Y30","Y22",2,0.525044624582752
"Y30","Y23",2,0.735319624228673
"Y30","Y24",2,0.780293103018181
"Y30","Y26",2,0.874071972717301
"Y30","Y27",2,0.939606125122146
"Y30","Y28",2,0.956258679840683
"Y30","Y29",2,0.964995065219286
"Y30","Y31",2,0.899107258512192
"Y30","Y32",2,0.879355285230874
"Y30","Y33",2,0.786661127576508
"Y30","Y34",2,0.807010270750202
"Y30","Y35",2,0.79508926663817
"Y31","Y01",2,0.161419104520661
"Y31","Y02",2,0.165382283737627
"Y31","Y03",2,0.151153679558904
"Y31","Y05",2,0.107641562201877
"Y31","Y06",2,0.0917513774242702
"Y31","Y08",2,0.0343187061517768
"Y31","Y09",2,0.00584911245185295
"Y31","Y10",2,8.11907230344353e-14
"Y31","Y11",2,0.217977713721431
"Y31","Y14",2,0.322697581743331
"Y31","Y16",2,0.389174485967342
"Y31","Y17",2,0.403388416495674
"Y31","Y18",2,0.437688655274064
"Y31","Y19",2,0.348576467975871
"Y31","Y20",2,0.386430106873524
"Y31","Y21",2,0.41359685176574
"Y31","Y22",2,0.434215641108279
"Y31","Y23",2,0.646039868553255
"Y31","Y24",2,0.690742105971809
"Y31","Y26",2,0.786016094786531
"Y31","Y27",2,0.862943424164984
"Y31","Y28",2,0.889649506477388
"Y31","Y29",2,0.920629081145337
"Y31","Y30",2,0.899107258512175
"Y31","Y32",2,0.939864920596952
"Y31","Y33",2,0.817299540568869
"Y31","Y34",2,0.724258073936284
"Y31","Y35",2,0.72441239657391
"Y32","Y01",2,0.204741554961696
"Y32","Y02",2,0.205171768202935
"Y32","Y03",2,0.18517582023012
"Y32","Y05",2,0.139533260058008
"Y32","Y06",2,0.123376232350472
"Y32","Y08",2,0.0648921190513275
"Y32","Y09",2,0.035010511854181
"Y32","Y10",2,0.0318971562259633
"Y32","Y11",2,0.251894776824903
"Y32","Y14",2,0.315440169862469
"Y32","Y16",2,0.393601647760577
"Y32","Y17",2,0.406852349017263
"Y32","Y18",2,0.437045596967157
"Y32","Y19",2,0.376984934251202
"Y32","Y20",2,0.415814407222616
"Y32","Y21",2,0.4438752561804
"Y32","Y22",2,0.466836641221425
"Y32","Y23",2,0.675693926012541
"Y32","Y24",2,0.718370472803453
"Y32","Y26",2,0.808202331620679
"Y32","Y27",2,0.879104619960167
"Y32","Y28",2,0.900866830587655
"Y32","Y29",2,0.920211338942095
"Y32","Y30",2,0.879355285230755
"Y32","Y31",2,0.939864920595564
"Y32","Y33",2,0.886429258312251
"Y32","Y34",2,0.755671039457699
"Y32","Y35",2,0.764199981283168
"Y33","Y01",2,0.268816613783589
"Y33","Y02",2,0.261983295477201
"Y33","Y03",2,0.230700958295895
"Y33","Y05",2,0.181528533358337
"Y33","Y06",2,0.165071102569163
"Y33","Y08",2,0.105283111149215
"Y33","Y09",2,0.0730252665348369
"Y33","Y10",2,0.075229217690431
"Y33","Y11",2,0.296103410773892
"Y33","Y14",2,0.283113128517453
"Y33","Y16",2,0.379165816323941
"Y33","Y17",2,0.390336042605798
"Y33","Y18",2,0.412512005962491
"Y33","Y19",2,0.40745080004342
"Y33","Y20",2,0.447055354950468
"Y33","Y21",2,0.475969257153617
"Y33","Y22",2,0.502837799701313
"Y33","Y23",2,0.692579331571892
"Y33","Y24",2,0.726103353995173
"Y33","Y26",2,0.788779250974432
"Y33","Y27",2,0.826388771324026
"Y33","Y28",2,0.831821185128567
"Y33","Y29",2,0.829935010899025
"Y33","Y30",2,0.786661127576452
"Y33","Y31",2,0.817299540568456
"Y33","Y32",2,0.886429258312718
"Y33","Y34",2,0.765420905509481
"Y33","Y35",2,0.79093344593447
"Y34","Y01",2,0.442774569908471
"Y34","Y02",2,0.449258572459926
"Y34","Y03",2,0.435671182306536
"Y34","Y05",2,0.39139292644321
"Y34","Y06",2,0.375366461365366
"Y34","Y08",2,0.317333233127941
"Y34","Y09",2,0.287921349781526
"Y34","Y10",2,0.283696551710664
"Y34","Y11",2,0.502504048982679
"Y34","Y14",2,0.52094426086682
"Y34","Y16",2,0.622371047680633
"Y34","Y17",2,0.633135035701699
"Y34","Y18",2,0.652534238714679
"Y34","Y19",2,0.630234471949052
"Y34","Y20",2,0.668907235667362
"Y34","Y21",2,0.696737847041059
"Y34","Y22",2,0.718561619437024
"Y34","Y23",2,0.929032498951981
"Y34","Y24",2,0.969410353707823
"Y34","Y26",2,0.941807153507437
"Y34","Y27",2,0.868590345923737
"Y34","Y28",2,0.842079597619855
"Y34","Y29",2,0.810399767791341
"Y34","Y30",2,0.807010270750517
"Y34","Y31",2,0.724258073936819
"Y34","Y32",2,0.755671039457439
"Y34","Y33",2,0.765420905509493
"Y34","Y35",2,0.97110691487707
"Y35","Y01",2,0.4460074686316
"Y35","Y02",2,0.44895067749875
"Y35","Y03",2,0.429891308526362
"Y35","Y05",2,0.383785144695833
"Y35","Y06",2,0.367556216191475
"Y35","Y08",2,0.308742143975568
"Y35","Y09",2,0.278244223749767
"Y35","Y10",2,0.276242861945105
"Y35","Y11",2,0.496560185077296
"Y35","Y14",2,0.487478842711676
"Y35","Y16",2,0.592696250725882
"Y35","Y17",2,0.602736957115108
"Y35","Y18",2,0.619734561808762
"Y35","Y19",2,0.618556578010372
"Y35","Y20",2,0.657885257297768
"Y35","Y21",2,0.686415016785027
"Y35","Y22",2,0.710681733683985
"Y35","Y23",2,0.910654884544804
"Y35","Y24",2,0.939257769262844
"Y35","Y26",2,0.923064016654616
"Y35","Y27",2,0.862048479289373
"Y35","Y28",2,0.837202490500458
"Y35","Y29",2,0.806350527032868
"Y35","Y30",2,0.795089266637975
"Y35","Y31",2,0.724412396573824
"Y35","Y32",2,0.764199981283231
"Y35","Y33",2,0.790933445934477
"Y35","Y34",2,0.971106914877417
"Z05","Z06",2,0.974529621849337
"Z05","Z07",2,0.951191601835307
"Z05","Z10",2,0.824628328475195
"Z05","Z14",2,0.786375497069964
"Z05","Z15",2,0.774801369915101
"Z05","Z16",2,0.756562528603072
"Z05","Z17",2,0.724281904642266
"Z05","Z18",2,0.750471718899084
"Z05","Z19",2,0.755367553734161
"Z05","Z20",2,0.746085770808098
"Z05","Z21",2,0.747718203229692
"Z05","Z22",2,0.697085380710533
"Z05","Z23",2,0.718684527439894
"Z05","Z24",2,0.725608576663391
"Z05","Z25",2,0.710115828033337
"Z05","Z29",2,0.569718145398668
"Z05","Z30",2,0.565942548535661
"Z05","Z31",2,0.556153524649714
"Z05","Z32",2,0.535119600557938
"Z05","Z33",2,0.510916169034756
"Z05","Z35",2,0.699682352553688
"Z05","Z11",2,0.791775028091492
"Z05","Z09",2,0.828898182291293
"Z06","Z05",2,0.974529621849072
"Z06","Z07",2,0.982402285790253
"Z06","Z10",2,0.858400843886133
"Z06","Z14",2,0.82004920512633
"Z06","Z15",2,0.807669130306976
"Z06","Z16",2,0.787888685210208
"Z06","Z17",2,0.755710730739925
"Z06","Z18",2,0.784952235012722
"Z06","Z19",2,0.789734237150402
"Z06","Z20",2,0.780238636233091
"Z06","Z21",2,0.781675973943908
"Z06","Z22",2,0.730323920277553
"Z06","Z23",2,0.751460215345462
"Z06","Z24",2,0.757583047943061
"Z06","Z25",2,0.741248821364128
"Z06","Z29",2,0.602907234174623
"Z06","Z30",2,0.600280761497548
"Z06","Z31",2,0.590629062041279
"Z06","Z32",2,0.569548676797684
"Z06","Z33",2,0.545089471534465
"Z06","Z35",2,0.73331524895691
"Z06","Z11",2,0.826017546109254
"Z06","Z09",2,0.863191018023275
"Z07","Z05",2,0.951191601834884
"Z07","Z06",2,0.982402285790351
"Z07","Z10",2,0.881994887546891
"Z07","Z14",2,0.843895684285105
"Z07","Z15",2,0.832620893744712
"Z07","Z16",2,0.813892729304284
"Z07","Z17",2,0.78165509242345
"Z07","Z18",2,0.805087678069196
"Z07","Z19",2,0.808359511741109
"Z07","Z20",2,0.797674103861717
"Z07","Z21",2,0.798276709524711
"Z07","Z22",2,0.744946635954771
"Z07","Z23",2,0.764825908841725
"Z07","Z24",2,0.769175744914097
"Z07","Z25",2,0.751362501420385
"Z07","Z29",2,0.617804566133553
"Z07","Z30",2,0.619169812733192
"Z07","Z31",2,0.61091203952937
"Z07","Z32",2,0.591149318084746
"Z07","Z33",2,0.567921287063169
"Z07","Z35",2,0.749041999426681
"Z07","Z11",2,0.848339664623924
"Z07","Z09",2,0.885146600963493
"Z10","Z05",2,0.824628328475051
"Z10","Z06",2,0.858400843886096
"Z10","Z07",2,0.881994887547008
"Z10","Z14",2,0.970617876017098
"Z10","Z15",2,0.954970872711894
"Z10","Z16",2,0.92629270997341
"Z10","Z17",2,0.89726982120617
"Z10","Z18",2,0.923892126110525
"Z10","Z19",2,0.919983949558987
"Z10","Z20",2,0.904809894767213
"Z10","Z21",2,0.901176940465576
"Z10","Z22",2,0.844371878352514
"Z10","Z23",2,0.856251730085187
"Z10","Z24",2,0.851307297097525
"Z10","Z25",2,0.828717327270263
"Z10","Z29",2,0.724564260924135
"Z10","Z30",2,0.739040495361945
"Z10","Z31",2,0.734296776941442
"Z10","Z32",2,0.716964688001327
"Z10","Z33",2,0.694870001687937
"Z10","Z35",2,0.853090094649238
"Z10","Z11",2,0.972876090656087
"Z10","Z09",2,0.992220202758723
"Z14","Z05",2,0.786375497069595
"Z14","Z06",2,0.820049205126106
"Z14","Z07",2,0.843895684285055
"Z14","Z10",2,0.970617876017112
"Z14","Z15",2,0.986515828870264
"Z14","Z16",2,0.952652389543202
"Z14","Z17",2,0.929314620842244
"Z14","Z18",2,0.947628390158537
"Z14","Z19",2,0.936737836290168
"Z14","Z20",2,0.920225691132416
"Z14","Z21",2,0.913895422693163
"Z14","Z22",2,0.860582147232001
"Z14","Z23",2,0.866921150876146
"Z14","Z24",2,0.857497844872369
"Z14","Z25",2,0.834458915048309
"Z14","Z29",2,0.749066806763268
"Z14","Z30",2,0.770944472944167
"Z14","Z31",2,0.768644831930848
"Z14","Z32",2,0.753310460794317
"Z14","Z33",2,0.732556814735066
"Z14","Z35",2,0.871560571103248
"Z14","Z11",2,0.988201079834377
"Z14","Z09",2,0.961547136203609
"Z15","Z05",2,0.774801369915169
"Z15","Z06",2,0.807669130306902
"Z15","Z07",2,0.832620893744268
"Z15","Z10",2,0.954970872712262
"Z15","Z14",2,0.986515828870908
"Z15","Z16",2,0.975111090722241
"Z15","Z17",2,0.950515038774429
"Z15","Z18",2,0.93330117163299
"Z15","Z19",2,0.919580674792648
"Z15","Z20",2,0.903280742520858
"Z15","Z21",2,0.896102684102038
"Z15","Z22",2,0.845597971911436
"Z15","Z23",2,0.849443420703891
"Z15","Z24",2,0.838610804464751
"Z15","Z25",2,0.815679805628517
"Z15","Z29",2,0.740343325388823
"Z15","Z30",2,0.768593259323227
"Z15","Z31",2,0.769343644255471
"Z15","Z32",2,0.757352365817679
"Z15","Z33",2,0.739885399277037
"Z15","Z35",2,0.857510794190852
"Z15","Z11",2,0.965899858049643
"Z15","Z09",2,0.942359851071077
"Z16","Z05",2,0.756562528603531
"Z16","Z06",2,0.787888685210177
"Z16","Z07",2,0.813892729303438
"Z16","Z10",2,0.926292709974182
"Z16","Z14",2,0.952652389542849
"Z16","Z15",2,0.975111090721594
"Z16","Z17",2,0.976718540786432
"Z16","Z18",2,0.90482483743738
"Z16","Z19",2,0.889275992737
"Z16","Z20",2,0.873510106299555
"Z16","Z21",2,0.865701582685076
"Z16","Z22",2,0.818703064380927
"Z16","Z23",2,0.819882757265056
"Z16","Z24",2,0.807714369703671
"Z16","Z25",2,0.785011748052116
"Z16","Z29",2,0.722232783890495
"Z16","Z30",2,0.758827154700465
"Z16","Z31",2,0.763966730253038
"Z16","Z32",2,0.757199563841687
"Z16","Z33",2,0.745153998546744
"Z16","Z35",2,0.831453127480256
"Z16","Z11",2,0.932002246109659
"Z16","Z09",2,0.911561405794973
"Z17","Z05",2,0.724281904642564
"Z17","Z06",2,0.755710730739683
"Z17","Z07",2,0.781655092423766
"Z17","Z10",2,0.897269821205627
"Z17","Z14",2,0.929314620842987
"Z17","Z15",2,0.950515038774355
"Z17","Z16",2,0.976718540785826
"Z17","Z18",2,0.896351690512177
"Z17","Z19",2,0.878957393695786
"Z17","Z20",2,0.864760384201522
"Z17","Z21",2,0.856169946098957
"Z17","Z22",2,0.81603960390657
"Z17","Z23",2,0.813044031291704
"Z17","Z24",2,0.798648517694971
"Z17","Z25",2,0.776750123736566
"Z17","Z29",2,0.731955477523695
"Z17","Z30",2,0.776006816635221
"Z17","Z31",2,0.784637332837615
"Z17","Z32",2,0.781663675898947
"Z17","Z33",2,0.772923982214936
"Z17","Z35",2,0.82962797986899
"Z17","Z11",2,0.910385656659742
"Z17","Z09",2,0.883907344609801
"Z18","Z05",2,0.750471718898897
"Z18","Z06",2,0.784952235012724
"Z18","Z07",2,0.80508767806917
"Z18","Z10",2,0.923892126110505
"Z18","Z14",2,0.947628390158187
"Z18","Z15",2,0.933301171632378
"Z18","Z16",2,0.90482483743734
"Z18","Z17",2,0.896351690511948
"Z18","Z19",2,0.990999789430192
"Z18","Z20",2,0.977285084052864
"Z18","Z21",2,0.968825214943891
"Z18","Z22",2,0.9212458841273
"Z18","Z23",2,0.924052041934839
"Z18","Z24",2,0.911030898177488
"Z18","Z25",2,0.888705226667358
"Z18","Z29",2,0.808893050219765
"Z18","Z30",2,0.822537461776099
"Z18","Z31",2,0.814662352018683
"Z18","Z32",2,0.792582445225486
"Z18","Z33",2,0.764435201868419
"Z18","Z35",2,0.932770306264966
"Z18","Z11",2,0.959342020614445
"Z18","Z09",2,0.927526009183639
"Z19","Z05",2,0.755367553734115
"Z19","Z06",2,0.789734237150449
"Z19","Z07",2,0.80835951174117
"Z19","Z10",2,0.919983949558908
"Z19","Z14",2,0.936737836289805
"Z19","Z15",2,0.919580674793909
"Z19","Z16",2,0.889275992737738
"Z19","Z17",2,0.878957393695899
"Z19","Z18",2,0.990999789431804
"Z19","Z20",2,0.992499085861663
"Z19","Z21",2,0.985422846106471
"Z19","Z22",2,0.932179399624896
"Z19","Z23",2,0.93884212113143
"Z19","Z24",2,0.927439019763408
"Z19","Z25",2,0.904733962680987
"Z19","Z29",2,0.813090403533875
"Z19","Z30",2,0.819546001829001
"Z19","Z31",2,0.808844790630733
"Z19","Z32",2,0.784252851760156
"Z19","Z33",2,0.753947948905317
"Z19","Z35",2,0.941919119293038
"Z19","Z11",2,0.952537628129155
"Z19","Z09",2,0.926989761891093
"Z20","Z05",2,0.746085770808106
"Z20","Z06",2,0.780238636233238
"Z20","Z07",2,0.797674103861715
"Z20","Z10",2,0.904809894767042
"Z20","Z14",2,0.920225691132243
"Z20","Z15",2,0.903280742521459
"Z20","Z16",2,0.873510106300087
"Z20","Z17",2,0.864760384200653
"Z20","Z18",2,0.977285084052748
"Z20","Z19",2,0.992499085861501
"Z20","Z21",2,0.999999999999648
"Z20","Z22",2,0.948285805120619
"Z20","Z23",2,0.955160407384856
"Z20","Z24",2,0.942757267138448
"Z20","Z25",2,0.92037525061436
"Z20","Z29",2,0.826788013302328
"Z20","Z30",2,0.828320257793107
"Z20","Z31",2,0.81529686293162
"Z20","Z32",2,0.788485139635741
"Z20","Z33",2,0.756069569425759
"Z20","Z35",2,0.957202481675823
"Z20","Z11",2,0.936330651718722
"Z20","Z09",2,0.913064405101819
"Z21","Z05",2,0.747718203229614
"Z21","Z06",2,0.781675973943902
"Z21","Z07",2,0.79827670952471
"Z21","Z10",2,0.901176940465649
"Z21","Z14",2,0.913895422693504
"Z21","Z15",2,0.896102684101614
"Z21","Z16",2,0.865701582684739
"Z21","Z17",2,0.856169946100178
"Z21","Z18",2,0.968825214944743
"Z21","Z19",2,0.985422846106118
"Z21","Z20",2,1
"Z21","Z22",2,0.952039229455365
"Z21","Z23",2,0.962036845558948
"Z21","Z24",2,0.95096956778705
"Z21","Z25",2,0.928318634657518
"Z21","Z29",2,0.827747066746881
"Z21","Z30",2,0.82545335899053
"Z21","Z31",2,0.811134075532685
"Z21","Z32",2,0.783281578799819
"Z21","Z33",2,0.750001641787111
"Z21","Z35",2,0.959152000257884
"Z21","Z11",2,0.931033319917823
"Z21","Z09",2,0.910623626202113
"Z22","Z05",2,0.697085380710533
"Z22","Z06",2,0.730323920277577
"Z22","Z07",2,0.744946635954666
"Z22","Z10",2,0.844371878351988
"Z22","Z14",2,0.860582147232585
"Z22","Z15",2,0.845597971911436
"Z22","Z16",2,0.818703064380378
"Z22","Z17",2,0.816039603906744
"Z22","Z18",2,0.921245884126554
"Z22","Z19",2,0.93217939962523
"Z22","Z20",2,0.948285805120451
"Z22","Z21",2,0.952039229455333
"Z22","Z23",2,0.983886060264549
"Z22","Z24",2,0.966512154931047
"Z22","Z25",2,0.957128246932105
"Z22","Z29",2,0.881594651649836
"Z22","Z30",2,0.864019985915656
"Z22","Z31",2,0.842642847330871
"Z22","Z32",2,0.808752251567166
"Z22","Z33",2,0.769802055501201
"Z22","Z35",2,0.994943331292898
"Z22","Z11",2,0.875713200664692
"Z22","Z09",2,0.853680413918251
"Z23","Z05",2,0.718684527439893
"Z23","Z06",2,0.751460215345447
"Z23","Z07",2,0.764825908841588
"Z23","Z10",2,0.856251730085168
"Z23","Z14",2,0.866921150875977
"Z23","Z15",2,0.849443420704465
"Z23","Z16",2,0.819882757265419
"Z23","Z17",2,0.813044031291272
"Z23","Z18",2,0.92405204193418
"Z23","Z19",2,0.938842121132286
"Z23","Z20",2,0.955160407384564
"Z23","Z21",2,0.962036845558945
"Z23","Z22",2,0.983886060264364
"Z23","Z24",2,0.989566312789384
"Z23","Z25",2,0.972086725974677
"Z23","Z29",2,0.859578265765465
"Z23","Z30",2,0.838897247118098
"Z23","Z31",2,0.817846834325652
"Z23","Z32",2,0.784518319456242
"Z23","Z33",2,0.746284425613486
"Z23","Z35",2,0.976714453171105
"Z23","Z11",2,0.884314597003194
"Z23","Z09",2,0.86743172476745
"Z24","Z05",2,0.725608576663478
"Z24","Z06",2,0.757583047942922
"Z24","Z07",2,0.769175744914076
"Z24","Z10",2,0.851307297097425
"Z24","Z14",2,0.857497844871626
"Z24","Z15",2,0.838610804465472
"Z24","Z16",2,0.807714369704917
"Z24","Z17",2,0.798648517693719
"Z24","Z18",2,0.911030898177025
"Z24","Z19",2,0.927439019763499
"Z24","Z20",2,0.942757267138771
"Z24","Z21",2,0.950969567787366
"Z24","Z22",2,0.966512154931299
"Z24","Z23",2,0.989566312788102
"Z24","Z25",2,0.98596246861325
"Z24","Z29",2,0.849455579627063
"Z24","Z30",2,0.822562609502093
"Z24","Z31",2,0.800293522535935
"Z24","Z32",2,0.766256960541617
"Z24","Z33",2,0.727519665087398
"Z24","Z35",2,0.957486279353936
"Z24","Z11",2,0.876192422285929
"Z24","Z09",2,0.863988481238686
"Z25","Z05",2,0.71011582803332
"Z25","Z06",2,0.741248821364124
"Z25","Z07",2,0.751362501420643
"Z25","Z10",2,0.828717327270002
"Z25","Z14",2,0.834458915048649
"Z25","Z15",2,0.815679805628987
"Z25","Z16",2,0.78501174805225
"Z25","Z17",2,0.776750123736181
"Z25","Z18",2,0.888705226666564
"Z25","Z19",2,0.904733962681417
"Z25","Z20",2,0.920375250614959
"Z25","Z21",2,0.928318634656791
"Z25","Z22",2,0.957128246931767
"Z25","Z23",2,0.972086725975762
"Z25","Z24",2,0.985962468614111
"Z25","Z29",2,0.857810027317211
"Z25","Z30",2,0.821448401840118
"Z25","Z31",2,0.796594665660028
"Z25","Z32",2,0.760770533331298
"Z25","Z33",2,0.720405496272611
"Z25","Z35",2,0.944672776664456
"Z25","Z11",2,0.853153853091513
"Z25","Z09",2,0.841753417892055
"Z29","Z05",2,0.569718145398668
"Z29","Z06",2,0.602907234174645
"Z29","Z07",2,0.617804566133577
"Z29","Z10",2,0.724564260924274
"Z29","Z14",2,0.74906680676356
"Z29","Z15",2,0.740343325388692
"Z29","Z16",2,0.722232783889685
"Z29","Z17",2,0.731955477523951
"Z29","Z18",2,0.80889305022032
"Z29","Z19",2,0.813090403533742
"Z29","Z20",2,0.826788013302165
"Z29","Z21",2,0.827747066747
"Z29","Z22",2,0.881594651649863
"Z29","Z23",2,0.859578265765464
"Z29","Z24",2,0.849455579626864
"Z29","Z25",2,0.857810027317233
"Z29","Z30",2,0.931310887033874
"Z29","Z31",2,0.898997085243906
"Z29","Z32",2,0.860820033081929
"Z29","Z33",2,0.817116099191002
"Z29","Z35",2,0.8775253071266
"Z29","Z11",2,0.759283729683319
"Z29","Z09",2,0.731143215554233
"Z30","Z05",2,0.565942548535734
"Z30","Z06",2,0.600280761497666
"Z30","Z07",2,0.619169812733167
"Z30","Z10",2,0.73904049536195
"Z30","Z14",2,0.770944472944157
"Z30","Z15",2,0.768593259323479
"Z30","Z16",2,0.758827154700653
"Z30","Z17",2,0.776006816634793
"Z30","Z18",2,0.822537461776157
"Z30","Z19",2,0.819546001829087
"Z30","Z20",2,0.828320257792961
"Z30","Z21",2,0.825453358990681
"Z30","Z22",2,0.864019985915214
"Z30","Z23",2,0.838897247118081
"Z30","Z24",2,0.822562609501656
"Z30","Z25",2,0.821448401840618
"Z30","Z29",2,0.931310887032743
"Z30","Z31",2,0.976490639784088
"Z30","Z32",2,0.937473500942695
"Z30","Z33",2,0.893390825462502
"Z30","Z35",2,0.867857790444744
"Z30","Z11",2,0.775172017032312
"Z30","Z09",2,0.741094344996521
"Z31","Z05",2,0.556153524649547
"Z31","Z06",2,0.590629062041079
"Z31","Z07",2,0.610912039529322
"Z31","Z10",2,0.73429677694143
"Z31","Z14",2,0.768644831930813
"Z31","Z15",2,0.76934364425546
"Z31","Z16",2,0.763966730252941
"Z31","Z17",2,0.784637332837742
"Z31","Z18",2,0.814662352018309
"Z31","Z19",2,0.808844790630938
"Z31","Z20",2,0.815296862931851
"Z31","Z21",2,0.811134075532244
"Z31","Z22",2,0.842642847330375
"Z31","Z23",2,0.817846834325584
"Z31","Z24",2,0.800293522535248
"Z31","Z25",2,0.796594665659929
"Z31","Z29",2,0.898997085243906
"Z31","Z30",2,0.976490639782962
"Z31","Z32",2,0.969680702196633
"Z31","Z33",2,0.925621283697834
"Z31","Z35",2,0.848669386966651
"Z31","Z11",2,0.770071151987859
"Z31","Z09",2,0.73437697882621
"Z32","Z05",2,0.535119600558218
"Z32","Z06",2,0.569548676797904
"Z32","Z07",2,0.591149318084495
"Z32","Z10",2,0.716964688001165
"Z32","Z14",2,0.753310460794391
"Z32","Z15",2,0.757352365817612
"Z32","Z16",2,0.757199563841688
"Z32","Z17",2,0.781663675899031
"Z32","Z18",2,0.792582445225678
"Z32","Z19",2,0.784252851760344
"Z32","Z20",2,0.788485139635109
"Z32","Z21",2,0.783281578799764
"Z32","Z22",2,0.808752251566403
"Z32","Z23",2,0.784518319455706
"Z32","Z24",2,0.766256960541218
"Z32","Z25",2,0.760770533332
"Z32","Z29",2,0.860820033082351
"Z32","Z30",2,0.937473500942965
"Z32","Z31",2,0.96968070219705
"Z32","Z33",2,0.964918227846626
"Z32","Z35",2,0.816232575112488
"Z32","Z11",2,0.751753365704559
"Z32","Z09",2,0.714989792307544
"Z33","Z05",2,0.510916169034938
"Z33","Z06",2,0.545089471534654
"Z33","Z07",2,0.56792128706345
"Z33","Z10",2,0.694870001688009
"Z33","Z14",2,0.732556814735353
"Z33","Z15",2,0.739885399277018
"Z33","Z16",2,0.745153998546769
"Z33","Z17",2,0.772923982214988
"Z33","Z18",2,0.76443520186845
"Z33","Z19",2,0.75394794890499
"Z33","Z20",2,0.756069569426056
"Z33","Z21",2,0.7500016417866
"Z33","Z22",2,0.769802055501236
"Z33","Z23",2,0.746284425613469
"Z33","Z24",2,0.727519665087282
"Z33","Z25",2,0.720405496272977
"Z33","Z29",2,0.81711609919118
"Z33","Z30",2,0.893390825462414
"Z33","Z31",2,0.925621283698041
"Z33","Z32",2,0.964918227846427
"Z33","Z35",2,0.778446470139551
"Z33","Z11",2,0.728067557111981
"Z33","Z09",2,0.690857179165133
"Z35","Z05",2,0.699682352553678
"Z35","Z06",2,0.733315248956907
"Z35","Z07",2,0.749041999426666
"Z35","Z10",2,0.853090094649519
"Z35","Z14",2,0.871560571103552
"Z35","Z15",2,0.857510794190403
"Z35","Z16",2,0.831453127479962
"Z35","Z17",2,0.829627979869549
"Z35","Z18",2,0.932770306264709
"Z35","Z19",2,0.941919119293093
"Z35","Z20",2,0.957202481675339
"Z35","Z21",2,0.959152000257616
"Z35","Z22",2,0.994943331293058
"Z35","Z23",2,0.97671445317125
"Z35","Z24",2,0.957486279353536
"Z35","Z25",2,0.944672776664015
"Z35","Z29",2,0.877525307126633
"Z35","Z30",2,0.867857790445361
"Z35","Z31",2,0.848669386966243
"Z35","Z32",2,0.816232575112507
"Z35","Z33",2,0.778446470138487
"Z35","Z11",2,0.885665124693355
"Z35","Z09",2,0.861348848595556
"X23","X25",2,0.995382404212466
"X23","X33",2,0.834868286954083
"X23","X36",2,0.794345906840078
"X23","X38",2,0.795903332695739
"X23","X31",2,0.85087676303821
"X23","X32",2,0.838180652083239
"X25","X23",2,0.995382404212147
"X25","X33",2,0.840334241444453
"X25","X36",2,0.799640494080748
"X25","X38",2,0.804054013177839
"X25","X31",2,0.857753710315269
"X25","X32",2,0.846634087900796
"X33","X23",2,0.834868286953955
"X33","X25",2,0.840334241444704
"X33","X36",2,0.968297870106255
"X33","X38",2,0.951766651127185
"X33","X31",2,0.983764009016112
"X33","X32",2,0.965544057581017
"X36","X23",2,0.794345906840143
"X36","X25",2,0.799640494081131
"X36","X33",2,0.968297870105874
"X36","X38",2,0.958094269014947
"X36","X31",2,0.947026349564624
"X36","X32",2,0.941007585941743
"X38","X23",2,0.795903332695769
"X38","X25",2,0.80405401317776
"X38","X33",2,0.951766651127005
"X38","X36",2,0.958094269013816
"X38","X31",2,0.951032712327732
"X38","X32",2,0.96624448598388
"Z11","Z05",2,0.791775028091881
"Z11","Z06",2,0.826017546109424
"Z11","Z07",2,0.848339664624
"Z11","Z10",2,0.972876090656092
"Z11","Z14",2,0.988201079834351
"Z11","Z15",2,0.965899858050015
"Z11","Z16",2,0.932002246109203
"Z11","Z17",2,0.910385656659953
"Z11","Z18",2,0.959342020614254
"Z11","Z19",2,0.952537628129426
"Z11","Z20",2,0.936330651718208
"Z11","Z21",2,0.931033319917956
"Z11","Z22",2,0.875713200665164
"Z11","Z23",2,0.884314597003853
"Z11","Z24",2,0.876192422286823
"Z11","Z25",2,0.853153853090357
"Z11","Z29",2,0.759283729683178
"Z11","Z30",2,0.775172017032305
"Z11","Z31",2,0.770071151987939
"Z11","Z32",2,0.751753365704328
"Z11","Z33",2,0.72806755711183
"Z11","Z35",2,0.885665124693869
"Z11","Z09",2,0.971786135894722
"X31","X23",2,0.850876763038147
"X31","X25",2,0.857753710315247
"X31","X33",2,0.983764009016
"X31","X36",2,0.947026349565024
"X31","X38",2,0.951032712327593
"X31","X32",2,0.983571245235882
"X32","X23",2,0.838180652083241
"X32","X25",2,0.846634087900754
"X32","X33",2,0.965544057581542
"X32","X36",2,0.941007585941086
"X32","X38",2,0.966244485983857
"X32","X31",2,0.98357124523548
"Z09","Z05",2,0.828898182291355
"Z09","Z06",2,0.863191018023525
"Z09","Z07",2,0.885146600963602
"Z09","Z10",2,0.992220202757937
"Z09","Z14",2,0.961547136203137
"Z09","Z15",2,0.942359851071312
"Z09","Z16",2,0.9115614057954
"Z09","Z17",2,0.883907344609628
"Z09","Z18",2,0.927526009183615
"Z09","Z19",2,0.926989761891051
"Z09","Z20",2,0.913064405101687
"Z09","Z21",2,0.910623626202109
"Z09","Z22",2,0.853680413918145
"Z09","Z23",2,0.867431724767332
"Z09","Z24",2,0.863988481238953
"Z09","Z25",2,0.84175341789175
"Z09","Z29",2,0.731143215554054
"Z09","Z30",2,0.741094344996545
"Z09","Z31",2,0.734376978826134
"Z09","Z32",2,0.71498979230727
"Z09","Z33",2,0.690857179165189
"Z09","Z35",2,0.861348848595494
"Z09","Z11",2,0.971786135894918
"Y01","Y02",3,0.956238717259408
"Y01","Y03",3,0.872811658903512
"Y01","Y04",3,0.854543001993157
"Y01","Y05",3,0.830050869573223
"Y01","Y06",3,0.819294959613948
"Y01","Y07",3,0.797994131697845
"Y01","Y08",3,0.772995566428787
"Y01","Y09",3,0.737082562993018
"Y01","Y10",3,0.764306753940352
"Y01","Y11",3,0.86784856909983
"Y01","Y14",3,0.417625326608085
"Y01","Y17",3,0.520068883471741
"Y01","Y18",3,0.481208498790006
"Y01","Y19",3,0.751142713083917
"Y01","Y20",3,0.733418489037271
"Y01","Y22",3,0.713172463307784
"Y01","Y23",3,0.514452884642963
"Y01","Y26",3,0.376401372736396
"Y01","Y28",3,0.276510174678564
"Y01","Y29",3,0.24499329692958
"Y01","Y31",3,0.161419104521272
"Y01","Y34",3,0.44277456990727
"Y02","Y01",3,0.956238717258937
"Y02","Y03",3,0.92514016353246
"Y02","Y04",3,0.905507554457429
"Y02","Y05",3,0.879256906917024
"Y02","Y06",3,0.866946614292901
"Y02","Y07",3,0.843468363473595
"Y02","Y08",3,0.815613634692603
"Y02","Y09",3,0.779087253560612
"Y02","Y10",3,0.800940517483123
"Y02","Y11",3,0.91469248748456
"Y02","Y14",3,0.462454617248036
"Y02","Y17",3,0.559620412018844
"Y02","Y18",3,0.518846814283269
"Y02","Y19",3,0.783932779352566
"Y02","Y20",3,0.760367959889797
"Y02","Y22",3,0.730972101107358
"Y02","Y23",3,0.524103035923706
"Y02","Y26",3,0.384067049736397
"Y02","Y28",3,0.282331546987538
"Y02","Y29",3,0.250659683178132
"Y02","Y31",3,0.165382283737016
"Y02","Y34",3,0.449258572459227
"Y03","Y01",3,0.872811658904235
"Y03","Y02",3,0.925140163533147
"Y03","Y04",3,0.984568258611072
"Y03","Y05",3,0.95512409165282
"Y03","Y06",3,0.939349671623351
"Y03","Y07",3,0.91233958014368
"Y03","Y08",3,0.880018853098363
"Y03","Y09",3,0.844566152139879
"Y03","Y10",3,0.853397727185572
"Y03","Y11",3,0.942178616204292
"Y03","Y14",3,0.520691964339121
"Y03","Y17",3,0.604342873903435
"Y03","Y18",3,0.560169734102851
"Y03","Y19",3,0.803001439816478
"Y03","Y20",3,0.769677716881536
"Y03","Y22",3,0.725929988702951
"Y03","Y23",3,0.51401600597987
"Y03","Y26",3,0.373370113867408
"Y03","Y28",3,0.269960603488025
"Y03","Y29",3,0.238362920672833
"Y03","Y31",3,0.151153679558778
"Y03","Y34",3,0.435671182306961
"Y04","Y01",3,0.854543001992608
"Y04","Y02",3,0.905507554457192
"Y04","Y03",3,0.984568258611072
"Y04","Y05",3,0.979560239175743
"Y04","Y06",3,0.963723041298462
"Y04","Y07",3,0.936610583723942
"Y04","Y08",3,0.904063476969621
"Y04","Y09",3,0.868863161018782
"Y04","Y10",3,0.875885329917096
"Y04","Y11",3,0.921084285168754
"Y04","Y14",3,0.519762032736046
"Y04","Y17",3,0.597763488889658
"Y04","Y18",3,0.552696116031672
"Y04","Y19",3,0.786708817854357
"Y04","Y20",3,0.75185746078603
"Y04","Y22",3,0.70598676206901
"Y04","Y23",3,0.494275022024882
"Y04","Y26",3,0.353840105556942
"Y04","Y28",3,0.250298163048306
"Y04","Y29",3,0.218752364606083
"Y04","Y31",3,0.131304878811965
"Y04","Y34",3,0.415537713015282
"Y05","Y01",3,0.830050869573324
"Y05","Y02",3,0.879256906916754
"Y05","Y03",3,0.955124091652825
"Y05","Y04",3,0.979560239175737
"Y05","Y06",3,0.992515464961345
"Y05","Y07",3,0.965352301618871
"Y05","Y08",3,0.932413326616777
"Y05","Y09",3,0.897889792406561
"Y05","Y10",3,0.901314987072036
"Y05","Y11",3,0.89422806182856
"Y05","Y14",3,0.517983352101435
"Y05","Y17",3,0.588985311874185
"Y05","Y18",3,0.54303986403041
"Y05","Y19",3,0.765900865270748
"Y05","Y20",3,0.729648582106351
"Y05","Y22",3,0.681655649683813
"Y05","Y23",3,0.470520053261627
"Y05","Y26",3,0.330447255135606
"Y05","Y28",3,0.22680767036376
"Y05","Y29",3,0.195338542912337
"Y05","Y31",3,0.107641562201727
"Y05","Y34",3,0.391392926443781
"Y06","Y01",3,0.819294959613838
"Y06","Y02",3,0.866946614292886
"Y06","Y03",3,0.939349671623306
"Y06","Y04",3,0.963723041298484
"Y06","Y05",3,0.992515464961765
"Y06","Y07",3,0.981784849315309
"Y06","Y08",3,0.948899122201195
"Y06","Y09",3,0.91413114740175
"Y06","Y10",3,0.917252075379276
"Y06","Y11",3,0.877733262670484
"Y06","Y14",3,0.510674898116411
"Y06","Y17",3,0.578298332391466
"Y06","Y18",3,0.532029815175074
"Y06","Y19",3,0.750560330746523
"Y06","Y20",3,0.713982074843202
"Y06","Y22",3,0.665535361704627
"Y06","Y23",3,0.454572593635484
"Y06","Y26",3,0.314605996399965
"Y06","Y28",3,0.210952029903295
"Y06","Y29",3,0.179504714512092
"Y06","Y31",3,0.0917513774237283
"Y06","Y34",3,0.375366461365491
"Y07","Y01",3,0.797994131697884
"Y07","Y02",3,0.843468363473816
"Y07","Y03",3,0.912339580143748
"Y07","Y04",3,0.93661058372386
"Y07","Y05",3,0.965352301618753
"Y07","Y06",3,0.981784849315394
"Y07","Y08",3,0.975999204483789
"Y07","Y09",3,0.9412377371152
"Y07","Y10",3,0.941569949998255
"Y07","Y11",3,0.850676258159448
"Y07","Y14",3,0.500378111456555
"Y07","Y17",3,0.562181537756694
"Y07","Y18",3,0.51544556445882
"Y07","Y19",3,0.72608292217497
"Y07","Y20",3,0.688937446757614
"Y07","Y22",3,0.639590754409107
"Y07","Y23",3,0.429067328422169
"Y07","Y26",3,0.289355090500856
"Y07","Y28",3,0.185683722131319
"Y07","Y29",3,0.154287194759597
"Y07","Y31",3,0.0664191871007224
"Y07","Y34",3,0.349700053281193
"Y08","Y01",3,0.772995566428806
"Y08","Y02",3,0.815613634692652
"Y08","Y03",3,0.880018853098513
"Y08","Y04",3,0.904063476969475
"Y08","Y05",3,0.932413326616673
"Y08","Y06",3,0.948899122201314
"Y08","Y07",3,0.97599920448381
"Y08","Y09",3,0.972429958408277
"Y08","Y10",3,0.969356618972365
"Y08","Y11",3,0.81767513634561
"Y08","Y14",3,0.482560487779842
"Y08","Y17",3,0.53818970853418
"Y08","Y18",3,0.491093620692694
"Y08","Y19",3,0.694406364759098
"Y08","Y20",3,0.656900053547794
"Y08","Y22",3,0.606997441234916
"Y08","Y23",3,0.396800891193554
"Y08","Y26",3,0.257292787827121
"Y08","Y28",3,0.153620598845481
"Y08","Y29",3,0.122265446752752
"Y08","Y31",3,0.0343187061518634
"Y08","Y34",3,0.317333233127571
"Y09","Y01",3,0.737082562993168
"Y09","Y02",3,0.779087253560471
"Y09","Y03",3,0.844566152139974
"Y09","Y04",3,0.868863161018732
"Y09","Y05",3,0.897889792406676
"Y09","Y06",3,0.914131147401692
"Y09","Y07",3,0.941237737115207
"Y09","Y08",3,0.972429958408228
"Y09","Y10",3,0.96509426665087
"Y09","Y11",3,0.78397632084416
"Y09","Y14",3,0.47630494487308
"Y09","Y17",3,0.523465444653969
"Y09","Y18",3,0.476033226592119
"Y09","Y19",3,0.666261800557864
"Y09","Y20",3,0.627997805752235
"Y09","Y22",3,0.57654176058147
"Y09","Y23",3,0.367643381109097
"Y09","Y26",3,0.22882691956563
"Y09","Y28",3,0.125208256254848
"Y09","Y29",3,0.0939839380337428
"Y09","Y31",3,0.00584911245210173
"Y09","Y34",3,0.287921349781355
"Y10","Y01",3,0.764306753940243
"Y10","Y02",3,0.800940517483117
"Y10","Y03",3,0.853397727185458
"Y10","Y04",3,0.875885329916632
"Y10","Y05",3,0.901314987071586
"Y10","Y06",3,0.917252075379448
"Y10","Y07",3,0.941569949997949
"Y10","Y08",3,0.96935661897226
"Y10","Y09",3,0.965094266650621
"Y10","Y11",3,0.787965937959476
"Y10","Y14",3,0.443697815691593
"Y10","Y17",3,0.498555538337078
"Y10","Y18",3,0.451479511767139
"Y10","Y19",3,0.65902442000437
"Y10","Y20",3,0.622246780654307
"Y10","Y22",3,0.573977632576803
"Y10","Y23",3,0.362845249385477
"Y10","Y26",3,0.222847199078615
"Y10","Y28",3,0.119194412279117
"Y10","Y29",3,0.0877454161370914
"Y10","Y31",3,0
"Y10","Y34",3,0.28369655171056
"Y11","Y01",3,0.867848569100349
"Y11","Y02",3,0.914692487484366
"Y11","Y03",3,0.942178616204324
"Y11","Y04",3,0.921084285168825
"Y11","Y05",3,0.894228061828314
"Y11","Y06",3,0.877733262670809
"Y11","Y07",3,0.850676258159821
"Y11","Y08",3,0.817675136345606
"Y11","Y09",3,0.783976320844196
"Y11","Y10",3,0.787965937959638
"Y11","Y14",3,0.556762612863508
"Y11","Y17",3,0.652284288937647
"Y11","Y18",3,0.610384020190988
"Y11","Y19",3,0.866325364583819
"Y11","Y20",3,0.835141340377685
"Y11","Y22",3,0.792734973906198
"Y11","Y23",3,0.580815722678403
"Y11","Y26",3,0.440140682769476
"Y11","Y28",3,0.336760264907384
"Y11","Y29",3,0.305155270962641
"Y11","Y31",3,0.217977713721354
"Y11","Y34",3,0.502504048982445
"Y14","Y01",3,0.417625326607956
"Y14","Y02",3,0.462454617248209
"Y14","Y03",3,0.520691964338008
"Y14","Y04",3,0.519762032736721
"Y14","Y05",3,0.517983352102049
"Y14","Y06",3,0.510674898116013
"Y14","Y07",3,0.50037811145633
"Y14","Y08",3,0.482560487778933
"Y14","Y09",3,0.476304944873309
"Y14","Y10",3,0.443697815691482
"Y14","Y11",3,0.556762612863778
"Y14","Y17",3,0.87691162945844
"Y14","Y18",3,0.876130105987699
"Y14","Y19",3,0.657466729485412
"Y14","Y20",3,0.651442200792168
"Y14","Y22",3,0.621231210225572
"Y14","Y23",3,0.575673581363821
"Y14","Y26",3,0.501925137147744
"Y14","Y28",3,0.423583079041282
"Y14","Y29",3,0.401042655952199
"Y14","Y31",3,0.322697581743329
"Y14","Y34",3,0.520944260866695
"Y17","Y01",3,0.520068883472168
"Y17","Y02",3,0.559620412018347
"Y17","Y03",3,0.604342873903571
"Y17","Y04",3,0.597763488889485
"Y17","Y05",3,0.588985311873608
"Y17","Y06",3,0.578298332391195
"Y17","Y07",3,0.56218153775668
"Y17","Y08",3,0.538189708533395
"Y17","Y09",3,0.523465444654257
"Y17","Y10",3,0.498555538337672
"Y17","Y11",3,0.652284288938716
"Y17","Y14",3,0.876911629458211
"Y17","Y18",3,0.961453051950875
"Y17","Y19",3,0.773358342831797
"Y17","Y20",3,0.774913227733888
"Y17","Y22",3,0.75086854042534
"Y17","Y23",3,0.696270805669475
"Y17","Y26",3,0.603118791468527
"Y17","Y28",3,0.513663888842488
"Y17","Y29",3,0.487523336893361
"Y17","Y31",3,0.403388416495793
"Y17","Y34",3,0.633135035701693
"Y18","Y01",3,0.481208498789797
"Y18","Y02",3,0.51884681428399
"Y18","Y03",3,0.560169734103522
"Y18","Y04",3,0.552696116032093
"Y18","Y05",3,0.543039864031098
"Y18","Y06",3,0.532029815174383
"Y18","Y07",3,0.515445564458405
"Y18","Y08",3,0.491093620692783
"Y18","Y09",3,0.476033226591497
"Y18","Y10",3,0.45147951176714
"Y18","Y11",3,0.610384020192324
"Y18","Y14",3,0.876130105987794
"Y18","Y17",3,0.961453051949725
"Y18","Y19",3,0.73761376424634
"Y18","Y20",3,0.744518181791396
"Y18","Y22",3,0.728827185246543
"Y18","Y23",3,0.708549175919305
"Y18","Y26",3,0.629303846786506
"Y18","Y28",3,0.544765909328605
"Y18","Y29",3,0.519979977995014
"Y18","Y31",3,0.43768865527406
"Y18","Y34",3,0.652534238714421
"Y19","Y01",3,0.75114271308298
"Y19","Y02",3,0.783932779352537
"Y19","Y03",3,0.803001439816021
"Y19","Y04",3,0.786708817853837
"Y19","Y05",3,0.765900865271094
"Y19","Y06",3,0.750560330746589
"Y19","Y07",3,0.726082922174727
"Y19","Y08",3,0.694406364759731
"Y19","Y09",3,0.666261800558349
"Y19","Y10",3,0.659024420004419
"Y19","Y11",3,0.866325364583934
"Y19","Y14",3,0.657466729484611
"Y19","Y17",3,0.773358342833012
"Y19","Y18",3,0.737613764245676
"Y19","Y20",3,0.969406938147409
"Y19","Y22",3,0.912147250720733
"Y19","Y23",3,0.710121861170987
"Y19","Y26",3,0.571565260083251
"Y19","Y28",3,0.467929156309416
"Y19","Y29",3,0.436662029848483
"Y19","Y31",3,0.348576467975543
"Y19","Y34",3,0.630234471948871
"Y20","Y01",3,0.733418489037783
"Y20","Y02",3,0.760367959888928
"Y20","Y03",3,0.769677716881942
"Y20","Y04",3,0.751857460786288
"Y20","Y05",3,0.729648582106045
"Y20","Y06",3,0.713982074843416
"Y20","Y07",3,0.688937446757864
"Y20","Y08",3,0.656900053547435
"Y20","Y09",3,0.627997805751844
"Y20","Y10",3,0.622246780654361
"Y20","Y11",3,0.835141340377366
"Y20","Y14",3,0.651442200791573
"Y20","Y17",3,0.774913227733646
"Y20","Y18",3,0.744518181791081
"Y20","Y19",3,0.96940693814731
"Y20","Y22",3,0.950889510788165
"Y20","Y23",3,0.74865649826105
"Y20","Y26",3,0.609400974298585
"Y20","Y28",3,0.505727987973971
"Y20","Y29",3,0.474353423019875
"Y20","Y31",3,0.386430106874084
"Y20","Y34",3,0.668907235667348
"Y22","Y01",3,0.713172463307369
"Y22","Y02",3,0.730972101107568
"Y22","Y03",3,0.725929988703214
"Y22","Y04",3,0.705986762069374
"Y22","Y05",3,0.681655649684013
"Y22","Y06",3,0.665535361703952
"Y22","Y07",3,0.639590754408822
"Y22","Y08",3,0.606997441234558
"Y22","Y09",3,0.576541760581418
"Y22","Y10",3,0.573977632576601
"Y22","Y11",3,0.792734973906365
"Y22","Y14",3,0.621231210226319
"Y22","Y17",3,0.750868540425014
"Y22","Y18",3,0.728827185246382
"Y22","Y19",3,0.912147250720741
"Y22","Y20",3,0.950889510788164
"Y22","Y23",3,0.797092116324721
"Y22","Y26",3,0.656389566909266
"Y22","Y28",3,0.553036803646329
"Y22","Y29",3,0.521430021658311
"Y22","Y31",3,0.434215641108392
"Y22","Y34",3,0.718561619436903
"Y23","Y01",3,0.514452884641706
"Y23","Y02",3,0.524103035923818
"Y23","Y03",3,0.514016005979723
"Y23","Y04",3,0.494275022025046
"Y23","Y05",3,0.470520053262079
"Y23","Y06",3,0.454572593635682
"Y23","Y07",3,0.429067328422117
"Y23","Y08",3,0.396800891193729
"Y23","Y09",3,0.367643381109013
"Y23","Y10",3,0.362845249385087
"Y23","Y11",3,0.580815722678215
"Y23","Y14",3,0.575673581364001
"Y23","Y17",3,0.696270805669266
"Y23","Y18",3,0.708549175919143
"Y23","Y19",3,0.710121861171476
"Y23","Y20",3,0.748656498260883
"Y23","Y22",3,0.797092116324288
"Y23","Y26",3,0.868216475494267
"Y23","Y28",3,0.764955664943055
"Y23","Y29",3,0.733347451671613
"Y23","Y31",3,0.646039868552484
"Y23","Y34",3,0.92903249895197
"Y26","Y01",3,0.37640137273718
"Y26","Y02",3,0.384067049736144
"Y26","Y03",3,0.373370113867146
"Y26","Y04",3,0.353840105557167
"Y26","Y05",3,0.33044725513537
"Y26","Y06",3,0.314605996399771
"Y26","Y07",3,0.28935509050093
"Y26","Y08",3,0.257292787827574
"Y26","Y09",3,0.228826919565651
"Y26","Y10",3,0.222847199077921
"Y26","Y11",3,0.440140682769923
"Y26","Y14",3,0.501925137147935
"Y26","Y17",3,0.603118791468528
"Y26","Y18",3,0.629303846786514
"Y26","Y19",3,0.571565260083436
"Y26","Y20",3,0.609400974298163
"Y26","Y22",3,0.656389566909393
"Y26","Y23",3,0.868216475494797
"Y26","Y28",3,0.905338404134773
"Y26","Y29",3,0.873900466288519
"Y26","Y31",3,0.7860160947869
"Y26","Y34",3,0.941807153507589
"Y28","Y01",3,0.276510174679708
"Y28","Y02",3,0.282331546987821
"Y28","Y03",3,0.269960603487704
"Y28","Y04",3,0.250298163048047
"Y28","Y05",3,0.226807670364047
"Y28","Y06",3,0.210952029903354
"Y28","Y07",3,0.185683722131543
"Y28","Y08",3,0.153620598845601
"Y28","Y09",3,0.125208256254428
"Y28","Y10",3,0.119194412279086
"Y28","Y11",3,0.336760264907704
"Y28","Y14",3,0.423583079041314
"Y28","Y17",3,0.51366388884268
"Y28","Y18",3,0.544765909328601
"Y28","Y19",3,0.467929156309396
"Y28","Y20",3,0.505727987973388
"Y28","Y22",3,0.553036803645695
"Y28","Y23",3,0.764955664943685
"Y28","Y26",3,0.905338404134991
"Y28","Y29",3,0.977320981362211
"Y28","Y31",3,0.889649506478003
"Y28","Y34",3,0.842079597620713
"Y29","Y01",3,0.244993296929026
"Y29","Y02",3,0.250659683177949
"Y29","Y03",3,0.238362920673082
"Y29","Y04",3,0.218752364606316
"Y29","Y05",3,0.195338542912082
"Y29","Y06",3,0.179504714512588
"Y29","Y07",3,0.154287194759674
"Y29","Y08",3,0.122265446753161
"Y29","Y09",3,0.0939839380330687
"Y29","Y10",3,0.0877454161371534
"Y29","Y11",3,0.305155270962423
"Y29","Y14",3,0.401042655952231
"Y29","Y17",3,0.48752333689333
"Y29","Y18",3,0.519979977995126
"Y29","Y19",3,0.436662029849089
"Y29","Y20",3,0.474353423019267
"Y29","Y22",3,0.521430021657516
"Y29","Y23",3,0.733347451672082
"Y29","Y26",3,0.873900466287725
"Y29","Y28",3,0.977320981362889
"Y29","Y31",3,0.920629081145525
"Y29","Y34",3,0.810399767791174
"Y31","Y01",3,0.161419104520661
"Y31","Y02",3,0.165382283737627
"Y31","Y03",3,0.151153679558904
"Y31","Y04",3,0.13130487881141
"Y31","Y05",3,0.107641562201877
"Y31","Y06",3,0.0917513774242702
"Y31","Y07",3,0.0664191871006978
"Y31","Y08",3,0.0343187061517768
"Y31","Y09",3,0.00584911245185295
"Y31","Y10",3,8.11907230344353e-14
"Y31","Y11",3,0.217977713721431
"Y31","Y14",3,0.322697581743331
"Y31","Y17",3,0.403388416495674
"Y31","Y18",3,0.437688655274064
"Y31","Y19",3,0.348576467975871
"Y31","Y20",3,0.386430106873524
"Y31","Y22",3,0.434215641108279
"Y31","Y23",3,0.646039868553255
"Y31","Y26",3,0.786016094786531
"Y31","Y28",3,0.889649506477388
"Y31","Y29",3,0.920629081145337
"Y31","Y34",3,0.724258073936284
"Y34","Y01",3,0.442774569908471
"Y34","Y02",3,0.449258572459926
"Y34","Y03",3,0.435671182306536
"Y34","Y04",3,0.415537713015426
"Y34","Y05",3,0.39139292644321
"Y34","Y06",3,0.375366461365366
"Y34","Y07",3,0.349700053280552
"Y34","Y08",3,0.317333233127941
"Y34","Y09",3,0.287921349781526
"Y34","Y10",3,0.283696551710664
"Y34","Y11",3,0.502504048982679
"Y34","Y14",3,0.52094426086682
"Y34","Y17",3,0.633135035701699
"Y34","Y18",3,0.652534238714679
"Y34","Y19",3,0.630234471949052
"Y34","Y20",3,0.668907235667362
"Y34","Y22",3,0.718561619437024
"Y34","Y23",3,0.929032498951981
"Y34","Y26",3,0.941807153507437
"Y34","Y28",3,0.842079597619855
"Y34","Y29",3,0.810399767791341
"Y34","Y31",3,0.724258073936819
"Z02","Z03",3,0.899489729942415
"Z02","Z06",3,0.955709964009296
"Z02","Z07",3,0.939615250436166
"Z02","Z08",3,0.955881322392774
"Z02","Z10",3,0.848003463445224
"Z02","Z13",3,0.77397247636633
"Z02","Z14",3,0.810863488966778
"Z02","Z15",3,0.794067127359885
"Z02","Z18",3,0.789768289946261
"Z02","Z19",3,0.798585943199042
"Z02","Z20",3,0.792565999253919
"Z02","Z21",3,0.796024771063904
"Z02","Z23",3,0.774184092927259
"Z02","Z24",3,0.78378453505344
"Z02","Z25",3,0.770731972595926
"Z02","Z11",3,0.822118461349074
"Z02","Z09",3,0.858003035907119
"Z03","Z02",3,0.899489729942238
"Z03","Z06",3,0.858197452759176
"Z03","Z07",3,0.858524156550941
"Z03","Z08",3,0.91855393145996
"Z03","Z10",3,0.860277372953134
"Z03","Z13",3,0.821722679932133
"Z03","Z14",3,0.836580359174597
"Z03","Z15",3,0.814408476456357
"Z03","Z18",3,0.848592791773034
"Z03","Z19",3,0.863894728825423
"Z03","Z20",3,0.865788953535003
"Z03","Z21",3,0.872613794663877
"Z03","Z23",3,0.868131311386104
"Z03","Z24",3,0.88228052512564
"Z03","Z25",3,0.874163653441167
"Z03","Z11",3,0.855794875432902
"Z03","Z09",3,0.876790760406207
"Z06","Z02",3,0.955709964008615
"Z06","Z03",3,0.858197452759064
"Z06","Z07",3,0.982402285790253
"Z06","Z08",3,0.942465232413084
"Z06","Z10",3,0.858400843886133
"Z06","Z13",3,0.776000357308278
"Z06","Z14",3,0.82004920512633
"Z06","Z15",3,0.807669130306976
"Z06","Z18",3,0.784952235012722
"Z06","Z19",3,0.789734237150402
"Z06","Z20",3,0.780238636233091
"Z06","Z21",3,0.781675973943908
"Z06","Z23",3,0.751460215345462
"Z06","Z24",3,0.757583047943061
"Z06","Z25",3,0.741248821364128
"Z06","Z11",3,0.826017546109254
"Z06","Z09",3,0.863191018023275
"Z07","Z02",3,0.939615250434486
"Z07","Z03",3,0.858524156550181
"Z07","Z06",3,0.982402285790351
"Z07","Z08",3,0.948523725166258
"Z07","Z10",3,0.881994887546891
"Z07","Z13",3,0.798391270998654
"Z07","Z14",3,0.843895684285105
"Z07","Z15",3,0.832620893744712
"Z07","Z18",3,0.805087678069196
"Z07","Z19",3,0.808359511741109
"Z07","Z20",3,0.797674103861717
"Z07","Z21",3,0.798276709524711
"Z07","Z23",3,0.764825908841725
"Z07","Z24",3,0.769175744914097
"Z07","Z25",3,0.751362501420385
"Z07","Z11",3,0.848339664623924
"Z07","Z09",3,0.885146600963493
"Z08","Z02",3,0.955881322393113
"Z08","Z03",3,0.918553931459976
"Z08","Z06",3,0.94246523241335
"Z08","Z07",3,0.948523725165804
"Z08","Z10",3,0.900335574907783
"Z08","Z13",3,0.826943864194241
"Z08","Z14",3,0.863714498884763
"Z08","Z15",3,0.84629504254446
"Z08","Z18",3,0.841645454058807
"Z08","Z19",3,0.849294061087489
"Z08","Z20",3,0.841830262326783
"Z08","Z21",3,0.844343197890843
"Z08","Z23",3,0.817116637843459
"Z08","Z24",3,0.82391677277947
"Z08","Z25",3,0.807793567580312
"Z08","Z11",3,0.875248266547112
"Z08","Z09",3,0.911006082303016
"Z10","Z02",3,0.848003463445716
"Z10","Z03",3,0.86027737295208
"Z10","Z06",3,0.858400843886096
"Z10","Z07",3,0.881994887547008
"Z10","Z08",3,0.900335574907652
"Z10","Z13",3,0.92446468800582
"Z10","Z14",3,0.970617876017098
"Z10","Z15",3,0.954970872711894
"Z10","Z18",3,0.923892126110525
"Z10","Z19",3,0.919983949558987
"Z10","Z20",3,0.904809894767213
"Z10","Z21",3,0.901176940465576
"Z10","Z23",3,0.856251730085187
"Z10","Z24",3,0.851307297097525
"Z10","Z25",3,0.828717327270263
"Z10","Z11",3,0.972876090656087
"Z10","Z09",3,0.992220202758723
"Z13","Z02",3,0.773972476366593
"Z13","Z03",3,0.821722679932321
"Z13","Z06",3,0.776000357308146
"Z13","Z07",3,0.798391270998458
"Z13","Z08",3,0.826943864193724
"Z13","Z10",3,0.924464688005798
"Z13","Z14",3,0.959117577376326
"Z13","Z15",3,0.953997207103565
"Z13","Z18",3,0.977215261233255
"Z13","Z19",3,0.959249845994042
"Z13","Z20",3,0.946189581474896
"Z13","Z21",3,0.937421394534195
"Z13","Z23",3,0.894625708368907
"Z13","Z24",3,0.880281124119448
"Z13","Z25",3,0.858428622885196
"Z13","Z11",3,0.958985807403836
"Z13","Z09",3,0.921809716995068
"Z14","Z02",3,0.810863488966905
"Z14","Z03",3,0.836580359175157
"Z14","Z06",3,0.820049205126106
"Z14","Z07",3,0.843895684285055
"Z14","Z08",3,0.863714498884787
"Z14","Z10",3,0.970617876017112
"Z14","Z13",3,0.959117577376324
"Z14","Z15",3,0.986515828870264
"Z14","Z18",3,0.947628390158537
"Z14","Z19",3,0.936737836290168
"Z14","Z20",3,0.920225691132416
"Z14","Z21",3,0.913895422693163
"Z14","Z23",3,0.866921150876146
"Z14","Z24",3,0.857497844872369
"Z14","Z25",3,0.834458915048309
"Z14","Z11",3,0.988201079834377
"Z14","Z09",3,0.961547136203609
"Z15","Z02",3,0.794067127360253
"Z15","Z03",3,0.814408476457123
"Z15","Z06",3,0.807669130306902
"Z15","Z07",3,0.832620893744268
"Z15","Z08",3,0.846295042544386
"Z15","Z10",3,0.954970872712262
"Z15","Z13",3,0.953997207104074
"Z15","Z14",3,0.986515828870908
"Z15","Z18",3,0.93330117163299
"Z15","Z19",3,0.919580674792648
"Z15","Z20",3,0.903280742520858
"Z15","Z21",3,0.896102684102038
"Z15","Z23",3,0.849443420703891
"Z15","Z24",3,0.838610804464751
"Z15","Z25",3,0.815679805628517
"Z15","Z11",3,0.965899858049643
"Z15","Z09",3,0.942359851071077
"Z18","Z02",3,0.789768289946371
"Z18","Z03",3,0.84859279177268
"Z18","Z06",3,0.784952235012724
"Z18","Z07",3,0.80508767806917
"Z18","Z08",3,0.841645454058699
"Z18","Z10",3,0.923892126110505
"Z18","Z13",3,0.977215261232759
"Z18","Z14",3,0.947628390158187
"Z18","Z15",3,0.933301171632378
"Z18","Z19",3,0.990999789430192
"Z18","Z20",3,0.977285084052864
"Z18","Z21",3,0.968825214943891
"Z18","Z23",3,0.924052041934839
"Z18","Z24",3,0.911030898177488
"Z18","Z25",3,0.888705226667358
"Z18","Z11",3,0.959342020614445
"Z18","Z09",3,0.927526009183639
"Z19","Z02",3,0.798585943198664
"Z19","Z03",3,0.863894728824829
"Z19","Z06",3,0.789734237150449
"Z19","Z07",3,0.80835951174117
"Z19","Z08",3,0.84929406108751
"Z19","Z10",3,0.919983949558908
"Z19","Z13",3,0.959249845994716
"Z19","Z14",3,0.936737836289805
"Z19","Z15",3,0.919580674793909
"Z19","Z18",3,0.990999789431804
"Z19","Z20",3,0.992499085861663
"Z19","Z21",3,0.985422846106471
"Z19","Z23",3,0.93884212113143
"Z19","Z24",3,0.927439019763408
"Z19","Z25",3,0.904733962680987
"Z19","Z11",3,0.952537628129155
"Z19","Z09",3,0.926989761891093
"Z20","Z02",3,0.792565999254308
"Z20","Z03",3,0.865788953534878
"Z20","Z06",3,0.780238636233238
"Z20","Z07",3,0.797674103861715
"Z20","Z08",3,0.841830262326841
"Z20","Z10",3,0.904809894767042
"Z20","Z13",3,0.946189581474883
"Z20","Z14",3,0.920225691132243
"Z20","Z15",3,0.903280742521459
"Z20","Z18",3,0.977285084052748
"Z20","Z19",3,0.992499085861501
"Z20","Z21",3,0.999999999999648
"Z20","Z23",3,0.955160407384856
"Z20","Z24",3,0.942757267138448
"Z20","Z25",3,0.92037525061436
"Z20","Z11",3,0.936330651718722
"Z20","Z09",3,0.913064405101819
"Z21","Z02",3,0.79602477106427
"Z21","Z03",3,0.872613794664
"Z21","Z06",3,0.781675973943902
"Z21","Z07",3,0.79827670952471
"Z21","Z08",3,0.844343197890776
"Z21","Z10",3,0.901176940465649
"Z21","Z13",3,0.937421394533779
"Z21","Z14",3,0.913895422693504
"Z21","Z15",3,0.896102684101614
"Z21","Z18",3,0.968825214944743
"Z21","Z19",3,0.985422846106118
"Z21","Z20",3,1
"Z21","Z23",3,0.962036845558948
"Z21","Z24",3,0.95096956778705
"Z21","Z25",3,0.928318634657518
"Z21","Z11",3,0.931033319917823
"Z21","Z09",3,0.910623626202113
"Z23","Z02",3,0.774184092927187
"Z23","Z03",3,0.868131311386397
"Z23","Z06",3,0.751460215345447
"Z23","Z07",3,0.764825908841588
"Z23","Z08",3,0.81711663784345
"Z23","Z10",3,0.856251730085168
"Z23","Z13",3,0.89462570836914
"Z23","Z14",3,0.866921150875977
"Z23","Z15",3,0.849443420704465
"Z23","Z18",3,0.92405204193418
"Z23","Z19",3,0.938842121132286
"Z23","Z20",3,0.955160407384564
"Z23","Z21",3,0.962036845558945
"Z23","Z24",3,0.989566312789384
"Z23","Z25",3,0.972086725974677
"Z23","Z11",3,0.884314597003194
"Z23","Z09",3,0.86743172476745
"Z24","Z02",3,0.783784535053453
"Z24","Z03",3,0.882280525125682
"Z24","Z06",3,0.757583047942922
"Z24","Z07",3,0.769175744914076
"Z24","Z08",3,0.823916772779542
"Z24","Z10",3,0.851307297097425
"Z24","Z13",3,0.880281124119291
"Z24","Z14",3,0.857497844871626
"Z24","Z15",3,0.838610804465472
"Z24","Z18",3,0.911030898177025
"Z24","Z19",3,0.927439019763499
"Z24","Z20",3,0.942757267138771
"Z24","Z21",3,0.950969567787366
"Z24","Z23",3,0.989566312788102
"Z24","Z25",3,0.98596246861325
"Z24","Z11",3,0.876192422285929
"Z24","Z09",3,0.863988481238686
"Z25","Z02",3,0.770731972595918
"Z25","Z03",3,0.874163653441151
"Z25","Z06",3,0.741248821364124
"Z25","Z07",3,0.751362501420643
"Z25","Z08",3,0.807793567580555
"Z25","Z10",3,0.828717327270002
"Z25","Z13",3,0.858428622884599
"Z25","Z14",3,0.834458915048649
"Z25","Z15",3,0.815679805628987
"Z25","Z18",3,0.888705226666564
"Z25","Z19",3,0.904733962681417
"Z25","Z20",3,0.920375250614959
"Z25","Z21",3,0.928318634656791
"Z25","Z23",3,0.972086725975762
"Z25","Z24",3,0.985962468614111
"Z25","Z11",3,0.853153853091513
"Z25","Z09",3,0.841753417892055
"X27","X33",3,0.888519006292142
"X27","X38",3,0.85636525441736
"X27","X39",3,0.844003573841927
"X27","X31",3,0.90829136130572
"X33","X27",3,0.888519006291799
"X33","X38",3,0.951766651127185
"X33","X39",3,0.927823321240183
"X33","X31",3,0.983764009016112
"X38","X27",3,0.856365254417514
"X38","X33",3,0.951766651127005
"X38","X39",3,0.984252153377164
"X38","X31",3,0.951032712327732
"X39","X27",3,0.844003573841926
"X39","X33",3,0.927823321239347
"X39","X38",3,0.984252153377099
"X39","X31",3,0.931059649324832
"Z11","Z02",3,0.822118461349297
"Z11","Z03",3,0.855794875432665
"Z11","Z06",3,0.826017546109424
"Z11","Z07",3,0.848339664624
"Z11","Z08",3,0.875248266546496
"Z11","Z10",3,0.972876090656092
"Z11","Z13",3,0.958985807403767
"Z11","Z14",3,0.988201079834351
"Z11","Z15",3,0.965899858050015
"Z11","Z18",3,0.959342020614254
"Z11","Z19",3,0.952537628129426
"Z11","Z20",3,0.936330651718208
"Z11","Z21",3,0.931033319917956
"Z11","Z23",3,0.884314597003853
"Z11","Z24",3,0.876192422286823
"Z11","Z25",3,0.853153853090357
"Z11","Z09",3,0.971786135894722
"X31","X27",3,0.908291361305457
"X31","X33",3,0.983764009016
"X31","X38",3,0.951032712327593
"X31","X39",3,0.931059649324708
"Z09","Z02",3,0.858003035906876
"Z09","Z03",3,0.876790760406818
"Z09","Z06",3,0.863191018023525
"Z09","Z07",3,0.885146600963602
"Z09","Z08",3,0.911006082302206
"Z09","Z10",3,0.992220202757937
"Z09","Z13",3,0.921809716995157
"Z09","Z14",3,0.961547136203137
"Z09","Z15",3,0.942359851071312
"Z09","Z18",3,0.927526009183615
"Z09","Z19",3,0.926989761891051
"Z09","Z20",3,0.913064405101687
"Z09","Z21",3,0.910623626202109
"Z09","Z23",3,0.867431724767332
"Z09","Z24",3,0.863988481238953
"Z09","Z25",3,0.84175341789175
"Z09","Z11",3,0.971786135894918
"Y01","Y02",4,0.956238717259408
"Y01","Y03",4,0.872811658903512
"Y01","Y04",4,0.854543001993157
"Y01","Y05",4,0.830050869573223
"Y01","Y06",4,0.819294959613948
"Y01","Y07",4,0.797994131697845
"Y01","Y08",4,0.772995566428787
"Y01","Y09",4,0.737082562993018
"Y01","Y10",4,0.764306753940352
"Y01","Y11",4,0.86784856909983
"Y01","Y14",4,0.417625326608085
"Y01","Y17",4,0.520068883471741
"Y01","Y18",4,0.481208498790006
"Y01","Y19",4,0.751142713083917
"Y01","Y20",4,0.733418489037271
"Y01","Y21",4,0.718580727344162
"Y01","Y22",4,0.713172463307784
"Y01","Y23",4,0.514452884642963
"Y01","Y26",4,0.376401372736396
"Y01","Y27",4,0.302688127616541
"Y01","Y28",4,0.276510174678564
"Y01","Y30",4,0.241727465795175
"Y01","Y31",4,0.161419104521272
"Y01","Y32",4,0.204741554962506
"Y01","Y34",4,0.44277456990727
"Y01","Y35",4,0.446007468632214
"Y02","Y01",4,0.956238717258937
"Y02","Y03",4,0.92514016353246
"Y02","Y04",4,0.905507554457429
"Y02","Y05",4,0.879256906917024
"Y02","Y06",4,0.866946614292901
"Y02","Y07",4,0.843468363473595
"Y02","Y08",4,0.815613634692603
"Y02","Y09",4,0.779087253560612
"Y02","Y10",4,0.800940517483123
"Y02","Y11",4,0.91469248748456
"Y02","Y14",4,0.462454617248036
"Y02","Y17",4,0.559620412018844
"Y02","Y18",4,0.518846814283269
"Y02","Y19",4,0.783932779352566
"Y02","Y20",4,0.760367959889797
"Y02","Y21",4,0.741490312909566
"Y02","Y22",4,0.730972101107358
"Y02","Y23",4,0.524103035923706
"Y02","Y26",4,0.384067049736397
"Y02","Y27",4,0.308851624947408
"Y02","Y28",4,0.282331546987538
"Y02","Y30",4,0.25041128180607
"Y02","Y31",4,0.165382283737016
"Y02","Y32",4,0.205171768202542
"Y02","Y34",4,0.449258572459227
"Y02","Y35",4,0.448950677499439
"Y03","Y01",4,0.872811658904235
"Y03","Y02",4,0.925140163533147
"Y03","Y04",4,0.984568258611072
"Y03","Y05",4,0.95512409165282
"Y03","Y06",4,0.939349671623351
"Y03","Y07",4,0.91233958014368
"Y03","Y08",4,0.880018853098363
"Y03","Y09",4,0.844566152139879
"Y03","Y10",4,0.853397727185572
"Y03","Y11",4,0.942178616204292
"Y03","Y14",4,0.520691964339121
"Y03","Y17",4,0.604342873903435
"Y03","Y18",4,0.560169734102851
"Y03","Y19",4,0.803001439816478
"Y03","Y20",4,0.769677716881536
"Y03","Y21",4,0.744715862077512
"Y03","Y22",4,0.725929988702951
"Y03","Y23",4,0.51401600597987
"Y03","Y26",4,0.373370113867408
"Y03","Y27",4,0.296730990270647
"Y03","Y28",4,0.269960603488025
"Y03","Y30",4,0.242910782545003
"Y03","Y31",4,0.151153679558778
"Y03","Y32",4,0.185175820230855
"Y03","Y34",4,0.435671182306961
"Y03","Y35",4,0.429891308526955
"Y04","Y01",4,0.854543001992608
"Y04","Y02",4,0.905507554457192
"Y04","Y03",4,0.984568258611072
"Y04","Y05",4,0.979560239175743
"Y04","Y06",4,0.963723041298462
"Y04","Y07",4,0.936610583723942
"Y04","Y08",4,0.904063476969621
"Y04","Y09",4,0.868863161018782
"Y04","Y10",4,0.875885329917096
"Y04","Y11",4,0.921084285168754
"Y04","Y14",4,0.519762032736046
"Y04","Y17",4,0.597763488889658
"Y04","Y18",4,0.552696116031672
"Y04","Y19",4,0.786708817854357
"Y04","Y20",4,0.75185746078603
"Y04","Y21",4,0.726032014770509
"Y04","Y22",4,0.70598676206901
"Y04","Y23",4,0.494275022024882
"Y04","Y26",4,0.353840105556942
"Y04","Y27",4,0.277075721350183
"Y04","Y28",4,0.250298163048306
"Y04","Y30",4,0.224151218481394
"Y04","Y31",4,0.131304878811965
"Y04","Y32",4,0.164363936382387
"Y04","Y34",4,0.415537713015282
"Y04","Y35",4,0.408915367550183
"Y05","Y01",4,0.830050869573324
"Y05","Y02",4,0.879256906916754
"Y05","Y03",4,0.955124091652825
"Y05","Y04",4,0.979560239175737
"Y05","Y06",4,0.992515464961345
"Y05","Y07",4,0.965352301618871
"Y05","Y08",4,0.932413326616777
"Y05","Y09",4,0.897889792406561
"Y05","Y10",4,0.901314987072036
"Y05","Y11",4,0.89422806182856
"Y05","Y14",4,0.517983352101435
"Y05","Y17",4,0.588985311874185
"Y05","Y18",4,0.54303986403041
"Y05","Y19",4,0.765900865270748
"Y05","Y20",4,0.729648582106351
"Y05","Y21",4,0.70300612418807
"Y05","Y22",4,0.681655649683813
"Y05","Y23",4,0.470520053261627
"Y05","Y26",4,0.330447255135606
"Y05","Y27",4,0.253580167800136
"Y05","Y28",4,0.22680767036376
"Y05","Y30",4,0.201747315916516
"Y05","Y31",4,0.107641562201727
"Y05","Y32",4,0.13953326005802
"Y05","Y34",4,0.391392926443781
"Y05","Y35",4,0.38378514469566
"Y06","Y01",4,0.819294959613838
"Y06","Y02",4,0.866946614292886
"Y06","Y03",4,0.939349671623306
"Y06","Y04",4,0.963723041298484
"Y06","Y05",4,0.992515464961765
"Y06","Y07",4,0.981784849315309
"Y06","Y08",4,0.948899122201195
"Y06","Y09",4,0.91413114740175
"Y06","Y10",4,0.917252075379276
"Y06","Y11",4,0.877733262670484
"Y06","Y14",4,0.510674898116411
"Y06","Y17",4,0.578298332391466
"Y06","Y18",4,0.532029815175074
"Y06","Y19",4,0.750560330746523
"Y06","Y20",4,0.713982074843202
"Y06","Y21",4,0.687159914430059
"Y06","Y22",4,0.665535361704627
"Y06","Y23",4,0.454572593635484
"Y06","Y26",4,0.314605996399965
"Y06","Y27",4,0.237720967560355
"Y06","Y28",4,0.210952029903295
"Y06","Y30",4,0.186181933712877
"Y06","Y31",4,0.0917513774237283
"Y06","Y32",4,0.123376232349669
"Y06","Y34",4,0.375366461365491
"Y06","Y35",4,0.367556216191461
"Y07","Y01",4,0.797994131697884
"Y07","Y02",4,0.843468363473816
"Y07","Y03",4,0.912339580143748
"Y07","Y04",4,0.93661058372386
"Y07","Y05",4,0.965352301618753
"Y07","Y06",4,0.981784849315394
"Y07","Y08",4,0.975999204483789
"Y07","Y09",4,0.9412377371152
"Y07","Y10",4,0.941569949998255
"Y07","Y11",4,0.850676258159448
"Y07","Y14",4,0.500378111456555
"Y07","Y17",4,0.562181537756694
"Y07","Y18",4,0.51544556445882
"Y07","Y19",4,0.72608292217497
"Y07","Y20",4,0.688937446757614
"Y07","Y21",4,0.661781539407651
"Y07","Y22",4,0.639590754409107
"Y07","Y23",4,0.429067328422169
"Y07","Y26",4,0.289355090500856
"Y07","Y27",4,0.212441779135954
"Y07","Y28",4,0.185683722131319
"Y07","Y30",4,0.161530154643644
"Y07","Y31",4,0.0664191871007224
"Y07","Y32",4,0.0974290366290121
"Y07","Y34",4,0.349700053281193
"Y07","Y35",4,0.341414255505498
"Y08","Y01",4,0.772995566428806
"Y08","Y02",4,0.815613634692652
"Y08","Y03",4,0.880018853098513
"Y08","Y04",4,0.904063476969475
"Y08","Y05",4,0.932413326616673
"Y08","Y06",4,0.948899122201314
"Y08","Y07",4,0.97599920448381
"Y08","Y09",4,0.972429958408277
"Y08","Y10",4,0.969356618972365
"Y08","Y11",4,0.81767513634561
"Y08","Y14",4,0.482560487779842
"Y08","Y17",4,0.53818970853418
"Y08","Y18",4,0.491093620692694
"Y08","Y19",4,0.694406364759098
"Y08","Y20",4,0.656900053547794
"Y08","Y21",4,0.629535508493223
"Y08","Y22",4,0.606997441234916
"Y08","Y23",4,0.396800891193554
"Y08","Y26",4,0.257292787827121
"Y08","Y27",4,0.180367708172508
"Y08","Y28",4,0.153620598845481
"Y08","Y30",4,0.129950024725516
"Y08","Y31",4,0.0343187061518634
"Y08","Y32",4,0.0648921190515512
"Y08","Y34",4,0.317333233127571
"Y08","Y35",4,0.308742143975376
"Y09","Y01",4,0.737082562993168
"Y09","Y02",4,0.779087253560471
"Y09","Y03",4,0.844566152139974
"Y09","Y04",4,0.868863161018732
"Y09","Y05",4,0.897889792406676
"Y09","Y06",4,0.914131147401692
"Y09","Y07",4,0.941237737115207
"Y09","Y08",4,0.972429958408228
"Y09","Y10",4,0.96509426665087
"Y09","Y11",4,0.78397632084416
"Y09","Y14",4,0.47630494487308
"Y09","Y17",4,0.523465444653969
"Y09","Y18",4,0.476033226592119
"Y09","Y19",4,0.666261800557864
"Y09","Y20",4,0.627997805752235
"Y09","Y21",4,0.600133355105701
"Y09","Y22",4,0.57654176058147
"Y09","Y23",4,0.367643381109097
"Y09","Y26",4,0.22882691956563
"Y09","Y27",4,0.151911275258078
"Y09","Y28",4,0.125208256254848
"Y09","Y30",4,0.102819859294254
"Y09","Y31",4,0.00584911245210173
"Y09","Y32",4,0.0350105118540813
"Y09","Y34",4,0.287921349781355
"Y09","Y35",4,0.278244223749709
"Y10","Y01",4,0.764306753940243
"Y10","Y02",4,0.800940517483117
"Y10","Y03",4,0.853397727185458
"Y10","Y04",4,0.875885329916632
"Y10","Y05",4,0.901314987071586
"Y10","Y06",4,0.917252075379448
"Y10","Y07",4,0.941569949997949
"Y10","Y08",4,0.96935661897226
"Y10","Y09",4,0.965094266650621
"Y10","Y11",4,0.787965937959476
"Y10","Y14",4,0.443697815691593
"Y10","Y17",4,0.498555538337078
"Y10","Y18",4,0.451479511767139
"Y10","Y19",4,0.65902442000437
"Y10","Y20",4,0.622246780654307
"Y10","Y21",4,0.595403325007627
"Y10","Y22",4,0.573977632576803
"Y10","Y23",4,0.362845249385477
"Y10","Y26",4,0.222847199078615
"Y10","Y27",4,0.145963852013582
"Y10","Y28",4,0.119194412279117
"Y10","Y30",4,0.094529143132088
"Y10","Y31",4,0
"Y10","Y32",4,0.0318971562265349
"Y10","Y34",4,0.28369655171056
"Y10","Y35",4,0.276242861944973
"Y11","Y01",4,0.867848569100349
"Y11","Y02",4,0.914692487484366
"Y11","Y03",4,0.942178616204324
"Y11","Y04",4,0.921084285168825
"Y11","Y05",4,0.894228061828314
"Y11","Y06",4,0.877733262670809
"Y11","Y07",4,0.850676258159821
"Y11","Y08",4,0.817675136345606
"Y11","Y09",4,0.783976320844196
"Y11","Y10",4,0.787965937959638
"Y11","Y14",4,0.556762612863508
"Y11","Y17",4,0.652284288937647
"Y11","Y18",4,0.610384020190988
"Y11","Y19",4,0.866325364583819
"Y11","Y20",4,0.835141340377685
"Y11","Y21",4,0.810966532032262
"Y11","Y22",4,0.792734973906198
"Y11","Y23",4,0.580815722678403
"Y11","Y26",4,0.440140682769476
"Y11","Y27",4,0.363528581343578
"Y11","Y28",4,0.336760264907384
"Y11","Y30",4,0.309445572931563
"Y11","Y31",4,0.217977713721354
"Y11","Y32",4,0.251894776825055
"Y11","Y34",4,0.502504048982445
"Y11","Y35",4,0.496560185077591
"Y14","Y01",4,0.417625326607956
"Y14","Y02",4,0.462454617248209
"Y14","Y03",4,0.520691964338008
"Y14","Y04",4,0.519762032736721
"Y14","Y05",4,0.517983352102049
"Y14","Y06",4,0.510674898116013
"Y14","Y07",4,0.50037811145633
"Y14","Y08",4,0.482560487778933
"Y14","Y09",4,0.476304944873309
"Y14","Y10",4,0.443697815691482
"Y14","Y11",4,0.556762612863778
"Y14","Y17",4,0.87691162945844
"Y14","Y18",4,0.876130105987699
"Y14","Y19",4,0.657466729485412
"Y14","Y20",4,0.651442200792168
"Y14","Y21",4,0.643399023101711
"Y14","Y22",4,0.621231210225572
"Y14","Y23",4,0.575673581363821
"Y14","Y26",4,0.501925137147744
"Y14","Y27",4,0.443851392667886
"Y14","Y28",4,0.423583079041282
"Y14","Y30",4,0.432378648184667
"Y14","Y31",4,0.322697581743329
"Y14","Y32",4,0.315440169862413
"Y14","Y34",4,0.520944260866695
"Y14","Y35",4,0.487478842711672
"Y17","Y01",4,0.520068883472168
"Y17","Y02",4,0.559620412018347
"Y17","Y03",4,0.604342873903571
"Y17","Y04",4,0.597763488889485
"Y17","Y05",4,0.588985311873608
"Y17","Y06",4,0.578298332391195
"Y17","Y07",4,0.56218153775668
"Y17","Y08",4,0.538189708533395
"Y17","Y09",4,0.523465444654257
"Y17","Y10",4,0.498555538337672
"Y17","Y11",4,0.652284288938716
"Y17","Y14",4,0.876911629458211
"Y17","Y18",4,0.961453051950875
"Y17","Y19",4,0.773358342831797
"Y17","Y20",4,0.774913227733888
"Y17","Y21",4,0.770832478184843
"Y17","Y22",4,0.75086854042534
"Y17","Y23",4,0.696270805669475
"Y17","Y26",4,0.603118791468527
"Y17","Y27",4,0.536749756228663
"Y17","Y28",4,0.513663888842488
"Y17","Y30",4,0.512567847480424
"Y17","Y31",4,0.403388416495793
"Y17","Y32",4,0.406852349017296
"Y17","Y34",4,0.633135035701693
"Y17","Y35",4,0.602736957115256
"Y18","Y01",4,0.481208498789797
"Y18","Y02",4,0.51884681428399
"Y18","Y03",4,0.560169734103522
"Y18","Y04",4,0.552696116032093
"Y18","Y05",4,0.543039864031098
"Y18","Y06",4,0.532029815174383
"Y18","Y07",4,0.515445564458405
"Y18","Y08",4,0.491093620692783
"Y18","Y09",4,0.476033226591497
"Y18","Y10",4,0.45147951176714
"Y18","Y11",4,0.610384020192324
"Y18","Y14",4,0.876130105987794
"Y18","Y17",4,0.961453051949725
"Y18","Y19",4,0.73761376424634
"Y18","Y20",4,0.744518181791396
"Y18","Y21",4,0.744860379451491
"Y18","Y22",4,0.728827185246543
"Y18","Y23",4,0.708549175919305
"Y18","Y26",4,0.629303846786506
"Y18","Y27",4,0.566726051801019
"Y18","Y28",4,0.544765909328605
"Y18","Y30",4,0.547436345626567
"Y18","Y31",4,0.43768865527406
"Y18","Y32",4,0.437045596967158
"Y18","Y34",4,0.652534238714421
"Y18","Y35",4,0.619734561808808
"Y19","Y01",4,0.75114271308298
"Y19","Y02",4,0.783932779352537
"Y19","Y03",4,0.803001439816021
"Y19","Y04",4,0.786708817853837
"Y19","Y05",4,0.765900865271094
"Y19","Y06",4,0.750560330746589
"Y19","Y07",4,0.726082922174727
"Y19","Y08",4,0.694406364759731
"Y19","Y09",4,0.666261800558349
"Y19","Y10",4,0.659024420004419
"Y19","Y11",4,0.866325364583934
"Y19","Y14",4,0.657466729484611
"Y19","Y17",4,0.773358342833012
"Y19","Y18",4,0.737613764245676
"Y19","Y20",4,0.969406938147409
"Y19","Y21",4,0.940485516899333
"Y19","Y22",4,0.912147250720733
"Y19","Y23",4,0.710121861170987
"Y19","Y26",4,0.571565260083251
"Y19","Y27",4,0.494643396856274
"Y19","Y28",4,0.467929156309416
"Y19","Y30",4,0.444458738740526
"Y19","Y31",4,0.348576467975543
"Y19","Y32",4,0.37698493425096
"Y19","Y34",4,0.630234471948871
"Y19","Y35",4,0.618556578010464
"Y20","Y01",4,0.733418489037783
"Y20","Y02",4,0.760367959888928
"Y20","Y03",4,0.769677716881942
"Y20","Y04",4,0.751857460786288
"Y20","Y05",4,0.729648582106045
"Y20","Y06",4,0.713982074843416
"Y20","Y07",4,0.688937446757864
"Y20","Y08",4,0.656900053547435
"Y20","Y09",4,0.627997805751844
"Y20","Y10",4,0.622246780654361
"Y20","Y11",4,0.835141340377366
"Y20","Y14",4,0.651442200791573
"Y20","Y17",4,0.774913227733646
"Y20","Y18",4,0.744518181791081
"Y20","Y19",4,0.96940693814731
"Y20","Y21",4,0.980079642957055
"Y20","Y22",4,0.950889510788165
"Y20","Y23",4,0.74865649826105
"Y20","Y26",4,0.609400974298585
"Y20","Y27",4,0.532477729425562
"Y20","Y28",4,0.505727987973971
"Y20","Y30",4,0.481072588299445
"Y20","Y31",4,0.386430106874084
"Y20","Y32",4,0.415814407222956
"Y20","Y34",4,0.668907235667348
"Y20","Y35",4,0.657885257298021
"Y21","Y01",4,0.718580727344684
"Y21","Y02",4,0.741490312909354
"Y21","Y03",4,0.744715862077492
"Y21","Y04",4,0.726032014770191
"Y21","Y05",4,0.70300612418797
"Y21","Y06",4,0.687159914429794
"Y21","Y07",4,0.661781539407699
"Y21","Y08",4,0.629535508492612
"Y21","Y09",4,0.600133355105562
"Y21","Y10",4,0.595403325007811
"Y21","Y11",4,0.81096653203193
"Y21","Y14",4,0.643399023102106
"Y21","Y17",4,0.770832478183976
"Y21","Y18",4,0.744860379451984
"Y21","Y19",4,0.940485516899192
"Y21","Y20",4,0.980079642957103
"Y21","Y22",4,0.978272834704124
"Y21","Y23",4,0.776276540286885
"Y21","Y26",4,0.636450222895516
"Y21","Y27",4,0.559572019542198
"Y21","Y28",4,0.532802224417928
"Y21","Y30",4,0.507090600926472
"Y21","Y31",4,0.41359685176644
"Y21","Y32",4,0.443875256180227
"Y21","Y34",4,0.696737847041272
"Y21","Y35",4,0.686415016785059
"Y22","Y01",4,0.713172463307369
"Y22","Y02",4,0.730972101107568
"Y22","Y03",4,0.725929988703214
"Y22","Y04",4,0.705986762069374
"Y22","Y05",4,0.681655649684013
"Y22","Y06",4,0.665535361703952
"Y22","Y07",4,0.639590754408822
"Y22","Y08",4,0.606997441234558
"Y22","Y09",4,0.576541760581418
"Y22","Y10",4,0.573977632576601
"Y22","Y11",4,0.792734973906365
"Y22","Y14",4,0.621231210226319
"Y22","Y17",4,0.750868540425014
"Y22","Y18",4,0.728827185246382
"Y22","Y19",4,0.912147250720741
"Y22","Y20",4,0.950889510788164
"Y22","Y21",4,0.978272834704092
"Y22","Y23",4,0.797092116324721
"Y22","Y26",4,0.656389566909266
"Y22","Y27",4,0.579804930364612
"Y22","Y28",4,0.553036803646329
"Y22","Y30",4,0.525044624582766
"Y22","Y31",4,0.434215641108392
"Y22","Y32",4,0.466836641221025
"Y22","Y34",4,0.718561619436903
"Y22","Y35",4,0.710681733684105
"Y23","Y01",4,0.514452884641706
"Y23","Y02",4,0.524103035923818
"Y23","Y03",4,0.514016005979723
"Y23","Y04",4,0.494275022025046
"Y23","Y05",4,0.470520053262079
"Y23","Y06",4,0.454572593635682
"Y23","Y07",4,0.429067328422117
"Y23","Y08",4,0.396800891193729
"Y23","Y09",4,0.367643381109013
"Y23","Y10",4,0.362845249385087
"Y23","Y11",4,0.580815722678215
"Y23","Y14",4,0.575673581364001
"Y23","Y17",4,0.696270805669266
"Y23","Y18",4,0.708549175919143
"Y23","Y19",4,0.710121861171476
"Y23","Y20",4,0.748656498260883
"Y23","Y21",4,0.776276540286948
"Y23","Y22",4,0.797092116324288
"Y23","Y26",4,0.868216475494267
"Y23","Y27",4,0.791724326582106
"Y23","Y28",4,0.764955664943055
"Y23","Y30",4,0.735319624227763
"Y23","Y31",4,0.646039868552484
"Y23","Y32",4,0.675693926012238
"Y23","Y34",4,0.92903249895197
"Y23","Y35",4,0.910654884544792
"Y26","Y01",4,0.37640137273718
"Y26","Y02",4,0.384067049736144
"Y26","Y03",4,0.373370113867146
"Y26","Y04",4,0.353840105557167
"Y26","Y05",4,0.33044725513537
"Y26","Y06",4,0.314605996399771
"Y26","Y07",4,0.28935509050093
"Y26","Y08",4,0.257292787827574
"Y26","Y09",4,0.228826919565651
"Y26","Y10",4,0.222847199077921
"Y26","Y11",4,0.440140682769923
"Y26","Y14",4,0.501925137147935
"Y26","Y17",4,0.603118791468528
"Y26","Y18",4,0.629303846786514
"Y26","Y19",4,0.571565260083436
"Y26","Y20",4,0.609400974298163
"Y26","Y21",4,0.636450222896158
"Y26","Y22",4,0.656389566909393
"Y26","Y23",4,0.868216475494797
"Y26","Y27",4,0.932082573741259
"Y26","Y28",4,0.905338404134773
"Y26","Y30",4,0.874071972717485
"Y26","Y31",4,0.7860160947869
"Y26","Y32",4,0.808202331620603
"Y26","Y34",4,0.941807153507589
"Y26","Y35",4,0.923064016655003
"Y27","Y01",4,0.302688127615883
"Y27","Y02",4,0.308851624947014
"Y27","Y03",4,0.29673099027051
"Y27","Y04",4,0.277075721349772
"Y27","Y05",4,0.253580167800446
"Y27","Y06",4,0.23772096755998
"Y27","Y07",4,0.212441779135822
"Y27","Y08",4,0.180367708173284
"Y27","Y09",4,0.151911275258438
"Y27","Y10",4,0.145963852014051
"Y27","Y11",4,0.363528581343549
"Y27","Y14",4,0.443851392667928
"Y27","Y17",4,0.536749756228649
"Y27","Y18",4,0.566726051801022
"Y27","Y19",4,0.494643396856122
"Y27","Y20",4,0.532477729425181
"Y27","Y21",4,0.559572019542507
"Y27","Y22",4,0.579804930364215
"Y27","Y23",4,0.791724326582279
"Y27","Y26",4,0.932082573741189
"Y27","Y28",4,0.982233773047135
"Y27","Y30",4,0.939606125123309
"Y27","Y31",4,0.862943424164933
"Y27","Y32",4,0.879104619960193
"Y27","Y34",4,0.868590345923324
"Y27","Y35",4,0.862048479289469
"Y28","Y01",4,0.276510174679708
"Y28","Y02",4,0.282331546987821
"Y28","Y03",4,0.269960603487704
"Y28","Y04",4,0.250298163048047
"Y28","Y05",4,0.226807670364047
"Y28","Y06",4,0.210952029903354
"Y28","Y07",4,0.185683722131543
"Y28","Y08",4,0.153620598845601
"Y28","Y09",4,0.125208256254428
"Y28","Y10",4,0.119194412279086
"Y28","Y11",4,0.336760264907704
"Y28","Y14",4,0.423583079041314
"Y28","Y17",4,0.51366388884268
"Y28","Y18",4,0.544765909328601
"Y28","Y19",4,0.467929156309396
"Y28","Y20",4,0.505727987973388
"Y28","Y21",4,0.532802224417734
"Y28","Y22",4,0.553036803645695
"Y28","Y23",4,0.764955664943685
"Y28","Y26",4,0.905338404134991
"Y28","Y27",4,0.982233773047391
"Y28","Y30",4,0.956258679840628
"Y28","Y31",4,0.889649506478003
"Y28","Y32",4,0.900866830587597
"Y28","Y34",4,0.842079597620713
"Y28","Y35",4,0.837202490500197
"Y30","Y01",4,0.241727465795156
"Y30","Y02",4,0.25041128180612
"Y30","Y03",4,0.242910782544304
"Y30","Y04",4,0.224151218481242
"Y30","Y05",4,0.201747315916212
"Y30","Y06",4,0.186181933712786
"Y30","Y07",4,0.161530154644035
"Y30","Y08",4,0.129950024726205
"Y30","Y09",4,0.10281985929466
"Y30","Y10",4,0.094529143132507
"Y30","Y11",4,0.30944557293123
"Y30","Y14",4,0.432378648184653
"Y30","Y17",4,0.512567847480229
"Y30","Y18",4,0.547436345626339
"Y30","Y19",4,0.444458738740418
"Y30","Y20",4,0.481072588299098
"Y30","Y21",4,0.507090600926871
"Y30","Y22",4,0.525044624582752
"Y30","Y23",4,0.735319624228673
"Y30","Y26",4,0.874071972717301
"Y30","Y27",4,0.939606125122146
"Y30","Y28",4,0.956258679840683
"Y30","Y31",4,0.899107258512192
"Y30","Y32",4,0.879355285230874
"Y30","Y34",4,0.807010270750202
"Y30","Y35",4,0.79508926663817
"Y31","Y01",4,0.161419104520661
"Y31","Y02",4,0.165382283737627
"Y31","Y03",4,0.151153679558904
"Y31","Y04",4,0.13130487881141
"Y31","Y05",4,0.107641562201877
"Y31","Y06",4,0.0917513774242702
"Y31","Y07",4,0.0664191871006978
"Y31","Y08",4,0.0343187061517768
"Y31","Y09",4,0.00584911245185295
"Y31","Y10",4,8.11907230344353e-14
"Y31","Y11",4,0.217977713721431
"Y31","Y14",4,0.322697581743331
"Y31","Y17",4,0.403388416495674
"Y31","Y18",4,0.437688655274064
"Y31","Y19",4,0.348576467975871
"Y31","Y20",4,0.386430106873524
"Y31","Y21",4,0.41359685176574
"Y31","Y22",4,0.434215641108279
"Y31","Y23",4,0.646039868553255
"Y31","Y26",4,0.786016094786531
"Y31","Y27",4,0.862943424164984
"Y31","Y28",4,0.889649506477388
"Y31","Y30",4,0.899107258512175
"Y31","Y32",4,0.939864920596952
"Y31","Y34",4,0.724258073936284
"Y31","Y35",4,0.72441239657391
"Y32","Y01",4,0.204741554961696
"Y32","Y02",4,0.205171768202935
"Y32","Y03",4,0.18517582023012
"Y32","Y04",4,0.16436393638243
"Y32","Y05",4,0.139533260058008
"Y32","Y06",4,0.123376232350472
"Y32","Y07",4,0.0974290366296344
"Y32","Y08",4,0.0648921190513275
"Y32","Y09",4,0.035010511854181
"Y32","Y10",4,0.0318971562259633
"Y32","Y11",4,0.251894776824903
"Y32","Y14",4,0.315440169862469
"Y32","Y17",4,0.406852349017263
"Y32","Y18",4,0.437045596967157
"Y32","Y19",4,0.376984934251202
"Y32","Y20",4,0.415814407222616
"Y32","Y21",4,0.4438752561804
"Y32","Y22",4,0.466836641221425
"Y32","Y23",4,0.675693926012541
"Y32","Y26",4,0.808202331620679
"Y32","Y27",4,0.879104619960167
"Y32","Y28",4,0.900866830587655
"Y32","Y30",4,0.879355285230755
"Y32","Y31",4,0.939864920595564
"Y32","Y34",4,0.755671039457699
"Y32","Y35",4,0.764199981283168
"Y34","Y01",4,0.442774569908471
"Y34","Y02",4,0.449258572459926
"Y34","Y03",4,0.435671182306536
"Y34","Y04",4,0.415537713015426
"Y34","Y05",4,0.39139292644321
"Y34","Y06",4,0.375366461365366
"Y34","Y07",4,0.349700053280552
"Y34","Y08",4,0.317333233127941
"Y34","Y09",4,0.287921349781526
"Y34","Y10",4,0.283696551710664
"Y34","Y11",4,0.502504048982679
"Y34","Y14",4,0.52094426086682
"Y34","Y17",4,0.633135035701699
"Y34","Y18",4,0.652534238714679
"Y34","Y19",4,0.630234471949052
"Y34","Y20",4,0.668907235667362
"Y34","Y21",4,0.696737847041059
"Y34","Y22",4,0.718561619437024
"Y34","Y23",4,0.929032498951981
"Y34","Y26",4,0.941807153507437
"Y34","Y27",4,0.868590345923737
"Y34","Y28",4,0.842079597619855
"Y34","Y30",4,0.807010270750517
"Y34","Y31",4,0.724258073936819
"Y34","Y32",4,0.755671039457439
"Y34","Y35",4,0.97110691487707
"Y35","Y01",4,0.4460074686316
"Y35","Y02",4,0.44895067749875
"Y35","Y03",4,0.429891308526362
"Y35","Y04",4,0.408915367550811
"Y35","Y05",4,0.383785144695833
"Y35","Y06",4,0.367556216191475
"Y35","Y07",4,0.341414255505581
"Y35","Y08",4,0.308742143975568
"Y35","Y09",4,0.278244223749767
"Y35","Y10",4,0.276242861945105
"Y35","Y11",4,0.496560185077296
"Y35","Y14",4,0.487478842711676
"Y35","Y17",4,0.602736957115108
"Y35","Y18",4,0.619734561808762
"Y35","Y19",4,0.618556578010372
"Y35","Y20",4,0.657885257297768
"Y35","Y21",4,0.686415016785027
"Y35","Y22",4,0.710681733683985
"Y35","Y23",4,0.910654884544804
"Y35","Y26",4,0.923064016654616
"Y35","Y27",4,0.862048479289373
"Y35","Y28",4,0.837202490500458
"Y35","Y30",4,0.795089266637975
"Y35","Y31",4,0.724412396573824
"Y35","Y32",4,0.764199981283231
"Y35","Y34",4,0.971106914877417
"Z02","Z03",4,0.899489729942415
"Z02","Z05",4,0.940009137492122
"Z02","Z06",4,0.955709964009296
"Z02","Z07",4,0.939615250436166
"Z02","Z08",4,0.955881322392774
"Z02","Z10",4,0.848003463445224
"Z02","Z14",4,0.810863488966778
"Z02","Z15",4,0.794067127359885
"Z02","Z16",4,0.768489237974719
"Z02","Z17",4,0.737522602602468
"Z02","Z18",4,0.789768289946261
"Z02","Z19",4,0.798585943199042
"Z02","Z20",4,0.792565999253919
"Z02","Z21",4,0.796024771063904
"Z02","Z22",4,0.750863019362264
"Z02","Z23",4,0.774184092927259
"Z02","Z24",4,0.78378453505344
"Z02","Z25",4,0.770731972595926
"Z02","Z26",4,0.746442577412345
"Z02","Z27",4,0.633814979855636
"Z02","Z28",4,0.630200163325783
"Z02","Z30",4,0.612503463042211
"Z02","Z31",4,0.598961547903636
"Z02","Z32",4,0.573923137130518
"Z02","Z33",4,0.545304358588927
"Z02","Z11",4,0.822118461349074
"Z03","Z02",4,0.899489729942238
"Z03","Z05",4,0.832579898072641
"Z03","Z06",4,0.858197452759176
"Z03","Z07",4,0.858524156550941
"Z03","Z08",4,0.91855393145996
"Z03","Z10",4,0.860277372953134
"Z03","Z14",4,0.836580359174597
"Z03","Z15",4,0.814408476456357
"Z03","Z16",4,0.781294700204924
"Z03","Z17",4,0.757210495449669
"Z03","Z18",4,0.848592791773034
"Z03","Z19",4,0.863894728825423
"Z03","Z20",4,0.865788953535003
"Z03","Z21",4,0.872613794663877
"Z03","Z22",4,0.843092143961889
"Z03","Z23",4,0.868131311386104
"Z03","Z24",4,0.88228052512564
"Z03","Z25",4,0.874163653441167
"Z03","Z26",4,0.852627171083259
"Z03","Z27",4,0.739078407038579
"Z03","Z28",4,0.732647894627752
"Z03","Z30",4,0.698430099810321
"Z03","Z31",4,0.679321331017036
"Z03","Z32",4,0.6486851982423
"Z03","Z33",4,0.613936249549161
"Z03","Z11",4,0.855794875432902
"Z05","Z02",4,0.940009137492419
"Z05","Z03",4,0.832579898073084
"Z05","Z06",4,0.974529621849337
"Z05","Z07",4,0.951191601835307
"Z05","Z08",4,0.910553239698973
"Z05","Z10",4,0.824628328475195
"Z05","Z14",4,0.786375497069964
"Z05","Z15",4,0.774801369915101
"Z05","Z16",4,0.756562528603072
"Z05","Z17",4,0.724281904642266
"Z05","Z18",4,0.750471718899084
"Z05","Z19",4,0.755367553734161
"Z05","Z20",4,0.746085770808098
"Z05","Z21",4,0.747718203229692
"Z05","Z22",4,0.697085380710533
"Z05","Z23",4,0.718684527439894
"Z05","Z24",4,0.725608576663391
"Z05","Z25",4,0.710115828033337
"Z05","Z26",4,0.684321348914775
"Z05","Z27",4,0.573522155716801
"Z05","Z28",4,0.572232205477647
"Z05","Z30",4,0.565942548535661
"Z05","Z31",4,0.556153524649714
"Z05","Z32",4,0.535119600557938
"Z05","Z33",4,0.510916169034756
"Z05","Z11",4,0.791775028091492
"Z06","Z02",4,0.955709964008615
"Z06","Z03",4,0.858197452759064
"Z06","Z05",4,0.974529621849072
"Z06","Z07",4,0.982402285790253
"Z06","Z08",4,0.942465232413084
"Z06","Z10",4,0.858400843886133
"Z06","Z14",4,0.82004920512633
"Z06","Z15",4,0.807669130306976
"Z06","Z16",4,0.787888685210208
"Z06","Z17",4,0.755710730739925
"Z06","Z18",4,0.784952235012722
"Z06","Z19",4,0.789734237150402
"Z06","Z20",4,0.780238636233091
"Z06","Z21",4,0.781675973943908
"Z06","Z22",4,0.730323920277553
"Z06","Z23",4,0.751460215345462
"Z06","Z24",4,0.757583047943061
"Z06","Z25",4,0.741248821364128
"Z06","Z26",4,0.714869597204051
"Z06","Z27",4,0.605190062869499
"Z06","Z28",4,0.604701830757446
"Z06","Z30",4,0.600280761497548
"Z06","Z31",4,0.590629062041279
"Z06","Z32",4,0.569548676797684
"Z06","Z33",4,0.545089471534465
"Z06","Z11",4,0.826017546109254
"Z07","Z02",4,0.939615250434486
"Z07","Z03",4,0.858524156550181
"Z07","Z05",4,0.951191601834884
"Z07","Z06",4,0.982402285790351
"Z07","Z08",4,0.948523725166258
"Z07","Z10",4,0.881994887546891
"Z07","Z14",4,0.843895684285105
"Z07","Z15",4,0.832620893744712
"Z07","Z16",4,0.813892729304284
"Z07","Z17",4,0.78165509242345
"Z07","Z18",4,0.805087678069196
"Z07","Z19",4,0.808359511741109
"Z07","Z20",4,0.797674103861717
"Z07","Z21",4,0.798276709524711
"Z07","Z22",4,0.744946635954771
"Z07","Z23",4,0.764825908841725
"Z07","Z24",4,0.769175744914097
"Z07","Z25",4,0.751362501420385
"Z07","Z26",4,0.724143999256004
"Z07","Z27",4,0.616869530070518
"Z07","Z28",4,0.617956411190149
"Z07","Z30",4,0.619169812733192
"Z07","Z31",4,0.61091203952937
"Z07","Z32",4,0.591149318084746
"Z07","Z33",4,0.567921287063169
"Z07","Z11",4,0.848339664623924
"Z08","Z02",4,0.955881322393113
"Z08","Z03",4,0.918553931459976
"Z08","Z05",4,0.910553239698953
"Z08","Z06",4,0.94246523241335
"Z08","Z07",4,0.948523725165804
"Z08","Z10",4,0.900335574907783
"Z08","Z14",4,0.863714498884763
"Z08","Z15",4,0.84629504254446
"Z08","Z16",4,0.819372549698466
"Z08","Z17",4,0.789032722108608
"Z08","Z18",4,0.841645454058807
"Z08","Z19",4,0.849294061087489
"Z08","Z20",4,0.841830262326783
"Z08","Z21",4,0.844343197890843
"Z08","Z22",4,0.795272724591535
"Z08","Z23",4,0.817116637843459
"Z08","Z24",4,0.82391677277947
"Z08","Z25",4,0.807793567580312
"Z08","Z26",4,0.781372796333646
"Z08","Z27",4,0.671621036184006
"Z08","Z28",4,0.670677770703364
"Z08","Z30",4,0.661142052086725
"Z08","Z31",4,0.649139147273445
"Z08","Z32",4,0.625306381228272
"Z08","Z33",4,0.597606221729111
"Z08","Z11",4,0.875248266547112
"Z10","Z02",4,0.848003463445716
"Z10","Z03",4,0.86027737295208
"Z10","Z05",4,0.824628328475051
"Z10","Z06",4,0.858400843886096
"Z10","Z07",4,0.881994887547008
"Z10","Z08",4,0.900335574907652
"Z10","Z14",4,0.970617876017098
"Z10","Z15",4,0.954970872711894
"Z10","Z16",4,0.92629270997341
"Z10","Z17",4,0.89726982120617
"Z10","Z18",4,0.923892126110525
"Z10","Z19",4,0.919983949558987
"Z10","Z20",4,0.904809894767213
"Z10","Z21",4,0.901176940465576
"Z10","Z22",4,0.844371878352514
"Z10","Z23",4,0.856251730085187
"Z10","Z24",4,0.851307297097525
"Z10","Z25",4,0.828717327270263
"Z10","Z26",4,0.800651322803261
"Z10","Z27",4,0.711002140612619
"Z10","Z28",4,0.718411298519284
"Z10","Z30",4,0.739040495361945
"Z10","Z31",4,0.734296776941442
"Z10","Z32",4,0.716964688001327
"Z10","Z33",4,0.694870001687937
"Z10","Z11",4,0.972876090656087
"Z14","Z02",4,0.810863488966905
"Z14","Z03",4,0.836580359175157
"Z14","Z05",4,0.786375497069595
"Z14","Z06",4,0.820049205126106
"Z14","Z07",4,0.843895684285055
"Z14","Z08",4,0.863714498884787
"Z14","Z10",4,0.970617876017112
"Z14","Z15",4,0.986515828870264
"Z14","Z16",4,0.952652389543202
"Z14","Z17",4,0.929314620842244
"Z14","Z18",4,0.947628390158537
"Z14","Z19",4,0.936737836290168
"Z14","Z20",4,0.920225691132416
"Z14","Z21",4,0.913895422693163
"Z14","Z22",4,0.860582147232001
"Z14","Z23",4,0.866921150876146
"Z14","Z24",4,0.857497844872369
"Z14","Z25",4,0.834458915048309
"Z14","Z26",4,0.807811066042522
"Z14","Z27",4,0.729486488939233
"Z14","Z28",4,0.739797660540714
"Z14","Z30",4,0.770944472944167
"Z14","Z31",4,0.768644831930848
"Z14","Z32",4,0.753310460794317
"Z14","Z33",4,0.732556814735066
"Z14","Z11",4,0.988201079834377
"Z15","Z02",4,0.794067127360253
"Z15","Z03",4,0.814408476457123
"Z15","Z05",4,0.774801369915169
"Z15","Z06",4,0.807669130306902
"Z15","Z07",4,0.832620893744268
"Z15","Z08",4,0.846295042544386
"Z15","Z10",4,0.954970872712262
"Z15","Z14",4,0.986515828870908
"Z15","Z16",4,0.975111090722241
"Z15","Z17",4,0.950515038774429
"Z15","Z18",4,0.93330117163299
"Z15","Z19",4,0.919580674792648
"Z15","Z20",4,0.903280742520858
"Z15","Z21",4,0.896102684102038
"Z15","Z22",4,0.845597971911436
"Z15","Z23",4,0.849443420703891
"Z15","Z24",4,0.838610804464751
"Z15","Z25",4,0.815679805628517
"Z15","Z26",4,0.789734552584598
"Z15","Z27",4,0.71705777758245
"Z15","Z28",4,0.729035151970577
"Z15","Z30",4,0.768593259323227
"Z15","Z31",4,0.769343644255471
"Z15","Z32",4,0.757352365817679
"Z15","Z33",4,0.739885399277037
"Z15","Z11",4,0.965899858049643
"Z16","Z02",4,0.768489237974513
"Z16","Z03",4,0.781294700204361
"Z16","Z05",4,0.756562528603531
"Z16","Z06",4,0.787888685210177
"Z16","Z07",4,0.813892729303438
"Z16","Z08",4,0.819372549697134
"Z16","Z10",4,0.926292709974182
"Z16","Z14",4,0.952652389542849
"Z16","Z15",4,0.975111090721594
"Z16","Z17",4,0.976718540786432
"Z16","Z18",4,0.90482483743738
"Z16","Z19",4,0.889275992737
"Z16","Z20",4,0.873510106299555
"Z16","Z21",4,0.865701582685076
"Z16","Z22",4,0.818703064380927
"Z16","Z23",4,0.819882757265056
"Z16","Z24",4,0.807714369703671
"Z16","Z25",4,0.785011748052116
"Z16","Z26",4,0.759931052965573
"Z16","Z27",4,0.694347428544296
"Z16","Z28",4,0.708368056400307
"Z16","Z30",4,0.758827154700465
"Z16","Z31",4,0.763966730253038
"Z16","Z32",4,0.757199563841687
"Z16","Z33",4,0.745153998546744
"Z16","Z11",4,0.932002246109659
"Z17","Z02",4,0.737522602602617
"Z17","Z03",4,0.757210495450225
"Z17","Z05",4,0.724281904642564
"Z17","Z06",4,0.755710730739683
"Z17","Z07",4,0.781655092423766
"Z17","Z08",4,0.789032722107811
"Z17","Z10",4,0.897269821205627
"Z17","Z14",4,0.929314620842987
"Z17","Z15",4,0.950515038774355
"Z17","Z16",4,0.976718540785826
"Z17","Z18",4,0.896351690512177
"Z17","Z19",4,0.878957393695786
"Z17","Z20",4,0.864760384201522
"Z17","Z21",4,0.856169946098957
"Z17","Z22",4,0.81603960390657
"Z17","Z23",4,0.813044031291704
"Z17","Z24",4,0.798648517694971
"Z17","Z25",4,0.776750123736566
"Z17","Z26",4,0.753630475837131
"Z17","Z27",4,0.699128124716122
"Z17","Z28",4,0.715432535440729
"Z17","Z30",4,0.776006816635221
"Z17","Z31",4,0.784637332837615
"Z17","Z32",4,0.781663675898947
"Z17","Z33",4,0.772923982214936
"Z17","Z11",4,0.910385656659742
"Z18","Z02",4,0.789768289946371
"Z18","Z03",4,0.84859279177268
"Z18","Z05",4,0.750471718898897
"Z18","Z06",4,0.784952235012724
"Z18","Z07",4,0.80508767806917
"Z18","Z08",4,0.841645454058699
"Z18","Z10",4,0.923892126110505
"Z18","Z14",4,0.947628390158187
"Z18","Z15",4,0.933301171632378
"Z18","Z16",4,0.90482483743734
"Z18","Z17",4,0.896351690511948
"Z18","Z19",4,0.990999789430192
"Z18","Z20",4,0.977285084052864
"Z18","Z21",4,0.968825214943891
"Z18","Z22",4,0.9212458841273
"Z18","Z23",4,0.924052041934839
"Z18","Z24",4,0.911030898177488
"Z18","Z25",4,0.888705226667358
"Z18","Z26",4,0.864098139867258
"Z18","Z27",4,0.790868968782858
"Z18","Z28",4,0.800832359557372
"Z18","Z30",4,0.822537461776099
"Z18","Z31",4,0.814662352018683
"Z18","Z32",4,0.792582445225486
"Z18","Z33",4,0.764435201868419
"Z18","Z11",4,0.959342020614445
"Z19","Z02",4,0.798585943198664
"Z19","Z03",4,0.863894728824829
"Z19","Z05",4,0.755367553734115
"Z19","Z06",4,0.789734237150449
"Z19","Z07",4,0.80835951174117
"Z19","Z08",4,0.84929406108751
"Z19","Z10",4,0.919983949558908
"Z19","Z14",4,0.936737836289805
"Z19","Z15",4,0.919580674793909
"Z19","Z16",4,0.889275992737738
"Z19","Z17",4,0.878957393695899
"Z19","Z18",4,0.990999789431804
"Z19","Z20",4,0.992499085861663
"Z19","Z21",4,0.985422846106471
"Z19","Z22",4,0.932179399624896
"Z19","Z23",4,0.93884212113143
"Z19","Z24",4,0.927439019763408
"Z19","Z25",4,0.904733962680987
"Z19","Z26",4,0.879155928918197
"Z19","Z27",4,0.799427000449793
"Z19","Z28",4,0.807431782962627
"Z19","Z30",4,0.819546001829001
"Z19","Z31",4,0.808844790630733
"Z19","Z32",4,0.784252851760156
"Z19","Z33",4,0.753947948905317
"Z19","Z11",4,0.952537628129155
"Z20","Z02",4,0.792565999254308
"Z20","Z03",4,0.865788953534878
"Z20","Z05",4,0.746085770808106
"Z20","Z06",4,0.780238636233238
"Z20","Z07",4,0.797674103861715
"Z20","Z08",4,0.841830262326841
"Z20","Z10",4,0.904809894767042
"Z20","Z14",4,0.920225691132243
"Z20","Z15",4,0.903280742521459
"Z20","Z16",4,0.873510106300087
"Z20","Z17",4,0.864760384200653
"Z20","Z18",4,0.977285084052748
"Z20","Z19",4,0.992499085861501
"Z20","Z21",4,0.999999999999648
"Z20","Z22",4,0.948285805120619
"Z20","Z23",4,0.955160407384856
"Z20","Z24",4,0.942757267138448
"Z20","Z25",4,0.92037525061436
"Z20","Z26",4,0.895315294329652
"Z20","Z27",4,0.815132034735817
"Z20","Z28",4,0.82234813594771
"Z20","Z30",4,0.828320257793107
"Z20","Z31",4,0.81529686293162
"Z20","Z32",4,0.788485139635741
"Z20","Z33",4,0.756069569425759
"Z20","Z11",4,0.936330651718722
"Z21","Z02",4,0.79602477106427
"Z21","Z03",4,0.872613794664
"Z21","Z05",4,0.747718203229614
"Z21","Z06",4,0.781675973943902
"Z21","Z07",4,0.79827670952471
"Z21","Z08",4,0.844343197890776
"Z21","Z10",4,0.901176940465649
"Z21","Z14",4,0.913895422693504
"Z21","Z15",4,0.896102684101614
"Z21","Z16",4,0.865701582684739
"Z21","Z17",4,0.856169946100178
"Z21","Z18",4,0.968825214944743
"Z21","Z19",4,0.985422846106118
"Z21","Z20",4,1
"Z21","Z22",4,0.952039229455365
"Z21","Z23",4,0.962036845558948
"Z21","Z24",4,0.95096956778705
"Z21","Z25",4,0.928318634657518
"Z21","Z26",4,0.902627938408764
"Z21","Z27",4,0.818643056803296
"Z21","Z28",4,0.824693802426026
"Z21","Z30",4,0.82545335899053
"Z21","Z31",4,0.811134075532685
"Z21","Z32",4,0.783281578799819
"Z21","Z33",4,0.750001641787111
"Z21","Z11",4,0.931033319917823
"Z22","Z02",4,0.750863019362145
"Z22","Z03",4,0.843092143961908
"Z22","Z05",4,0.697085380710533
"Z22","Z06",4,0.730323920277577
"Z22","Z07",4,0.744946635954666
"Z22","Z08",4,0.795272724591545
"Z22","Z10",4,0.844371878351988
"Z22","Z14",4,0.860582147232585
"Z22","Z15",4,0.845597971911436
"Z22","Z16",4,0.818703064380378
"Z22","Z17",4,0.816039603906744
"Z22","Z18",4,0.921245884126554
"Z22","Z19",4,0.93217939962523
"Z22","Z20",4,0.948285805120451
"Z22","Z21",4,0.952039229455333
"Z22","Z23",4,0.983886060264549
"Z22","Z24",4,0.966512154931047
"Z22","Z25",4,0.957128246932105
"Z22","Z26",4,0.943316234365874
"Z22","Z27",4,0.875599538066881
"Z22","Z28",4,0.881084261754049
"Z22","Z30",4,0.864019985915656
"Z22","Z31",4,0.842642847330871
"Z22","Z32",4,0.808752251567166
"Z22","Z33",4,0.769802055501201
"Z22","Z11",4,0.875713200664692
"Z23","Z02",4,0.774184092927187
"Z23","Z03",4,0.868131311386397
"Z23","Z05",4,0.718684527439893
"Z23","Z06",4,0.751460215345447
"Z23","Z07",4,0.764825908841588
"Z23","Z08",4,0.81711663784345
"Z23","Z10",4,0.856251730085168
"Z23","Z14",4,0.866921150875977
"Z23","Z15",4,0.849443420704465
"Z23","Z16",4,0.819882757265419
"Z23","Z17",4,0.813044031291272
"Z23","Z18",4,0.92405204193418
"Z23","Z19",4,0.938842121132286
"Z23","Z20",4,0.955160407384564
"Z23","Z21",4,0.962036845558945
"Z23","Z22",4,0.983886060264364
"Z23","Z24",4,0.989566312789384
"Z23","Z25",4,0.972086725974677
"Z23","Z26",4,0.949057263599778
"Z23","Z27",4,0.860057952854297
"Z23","Z28",4,0.862091873184024
"Z23","Z30",4,0.838897247118098
"Z23","Z31",4,0.817846834325652
"Z23","Z32",4,0.784518319456242
"Z23","Z33",4,0.746284425613486
"Z23","Z11",4,0.884314597003194
"Z24","Z02",4,0.783784535053453
"Z24","Z03",4,0.882280525125682
"Z24","Z05",4,0.725608576663478
"Z24","Z06",4,0.757583047942922
"Z24","Z07",4,0.769175744914076
"Z24","Z08",4,0.823916772779542
"Z24","Z10",4,0.851307297097425
"Z24","Z14",4,0.857497844871626
"Z24","Z15",4,0.838610804465472
"Z24","Z16",4,0.807714369704917
"Z24","Z17",4,0.798648517693719
"Z24","Z18",4,0.911030898177025
"Z24","Z19",4,0.927439019763499
"Z24","Z20",4,0.942757267138771
"Z24","Z21",4,0.950969567787366
"Z24","Z22",4,0.966512154931299
"Z24","Z23",4,0.989566312788102
"Z24","Z25",4,0.98596246861325
"Z24","Z26",4,0.958348767532888
"Z24","Z27",4,0.856545969837959
"Z24","Z28",4,0.855260848942601
"Z24","Z30",4,0.822562609502093
"Z24","Z31",4,0.800293522535935
"Z24","Z32",4,0.766256960541617
"Z24","Z33",4,0.727519665087398
"Z24","Z11",4,0.876192422285929
"Z25","Z02",4,0.770731972595918
"Z25","Z03",4,0.874163653441151
"Z25","Z05",4,0.71011582803332
"Z25","Z06",4,0.741248821364124
"Z25","Z07",4,0.751362501420643
"Z25","Z08",4,0.807793567580555
"Z25","Z10",4,0.828717327270002
"Z25","Z14",4,0.834458915048649
"Z25","Z15",4,0.815679805628987
"Z25","Z16",4,0.78501174805225
"Z25","Z17",4,0.776750123736181
"Z25","Z18",4,0.888705226666564
"Z25","Z19",4,0.904733962681417
"Z25","Z20",4,0.920375250614959
"Z25","Z21",4,0.928318634656791
"Z25","Z22",4,0.957128246931767
"Z25","Z23",4,0.972086725975762
"Z25","Z24",4,0.985962468614111
"Z25","Z26",4,0.980606438452341
"Z25","Z27",4,0.872043330436254
"Z25","Z28",4,0.867420302959228
"Z25","Z30",4,0.821448401840118
"Z25","Z31",4,0.796594665660028
"Z25","Z32",4,0.760770533331298
"Z25","Z33",4,0.720405496272611
"Z25","Z11",4,0.853153853091513
"Z26","Z02",4,0.746442577412277
"Z26","Z03",4,0.852627171083245
"Z26","Z05",4,0.68432134891453
"Z26","Z06",4,0.714869597203973
"Z26","Z07",4,0.724143999256225
"Z26","Z08",4,0.781372796333779
"Z26","Z10",4,0.80065132280393
"Z26","Z14",4,0.807811066042221
"Z26","Z15",4,0.789734552584158
"Z26","Z16",4,0.759931052966005
"Z26","Z17",4,0.753630475837736
"Z26","Z18",4,0.864098139867156
"Z26","Z19",4,0.879155928918461
"Z26","Z20",4,0.895315294329824
"Z26","Z21",4,0.902627938408842
"Z26","Z22",4,0.94331623436685
"Z26","Z23",4,0.94905726359911
"Z26","Z24",4,0.958348767533456
"Z26","Z25",4,0.980606438451632
"Z26","Z27",4,0.895447937110568
"Z26","Z28",4,0.887113039272656
"Z26","Z30",4,0.826200731442712
"Z26","Z31",4,0.798617487982309
"Z26","Z32",4,0.761060449298265
"Z26","Z33",4,0.719043729017867
"Z26","Z11",4,0.826013417009216
"Z27","Z02",4,0.633814979855653
"Z27","Z03",4,0.739078407038606
"Z27","Z05",4,0.57352215571684
"Z27","Z06",4,0.605190062869614
"Z27","Z07",4,0.616869530070574
"Z27","Z08",4,0.671621036184215
"Z27","Z10",4,0.711002140612311
"Z27","Z14",4,0.729486488938788
"Z27","Z15",4,0.717057777583179
"Z27","Z16",4,0.694347428544029
"Z27","Z17",4,0.699128124716741
"Z27","Z18",4,0.790868968782719
"Z27","Z19",4,0.799427000449978
"Z27","Z20",4,0.815132034736067
"Z27","Z21",4,0.818643056803264
"Z27","Z22",4,0.875599538066947
"Z27","Z23",4,0.860057952854242
"Z27","Z24",4,0.856545969837933
"Z27","Z25",4,0.872043330436267
"Z27","Z26",4,0.895447937110625
"Z27","Z28",4,0.982352798045512
"Z27","Z30",4,0.876147354549535
"Z27","Z31",4,0.843678225519277
"Z27","Z32",4,0.805247766440667
"Z27","Z33",4,0.761487912386175
"Z27","Z11",4,0.743105310327248
"Z28","Z02",4,0.630200163325813
"Z28","Z03",4,0.732647894627745
"Z28","Z05",4,0.572232205477653
"Z28","Z06",4,0.604701830757378
"Z28","Z07",4,0.617956411190312
"Z28","Z08",4,0.670677770703351
"Z28","Z10",4,0.718411298519102
"Z28","Z14",4,0.739797660540932
"Z28","Z15",4,0.729035151970226
"Z28","Z16",4,0.708368056400163
"Z28","Z17",4,0.715432535441576
"Z28","Z18",4,0.800832359557852
"Z28","Z19",4,0.807431782962391
"Z28","Z20",4,0.822348135947792
"Z28","Z21",4,0.824693802425898
"Z28","Z22",4,0.881084261754314
"Z28","Z23",4,0.862091873184002
"Z28","Z24",4,0.8552608489426
"Z28","Z25",4,0.867420302959313
"Z28","Z26",4,0.887113039272602
"Z28","Z27",4,0.982352798044468
"Z28","Z30",4,0.902593593265228
"Z28","Z31",4,0.870176261311784
"Z28","Z32",4,0.831860053212112
"Z28","Z33",4,0.788132335966461
"Z28","Z11",4,0.751897051363422
"Z30","Z02",4,0.612503463041843
"Z30","Z03",4,0.698430099810469
"Z30","Z05",4,0.565942548535734
"Z30","Z06",4,0.600280761497666
"Z30","Z07",4,0.619169812733167
"Z30","Z08",4,0.661142052086742
"Z30","Z10",4,0.73904049536195
"Z30","Z14",4,0.770944472944157
"Z30","Z15",4,0.768593259323479
"Z30","Z16",4,0.758827154700653
"Z30","Z17",4,0.776006816634793
"Z30","Z18",4,0.822537461776157
"Z30","Z19",4,0.819546001829087
"Z30","Z20",4,0.828320257792961
"Z30","Z21",4,0.825453358990681
"Z30","Z22",4,0.864019985915214
"Z30","Z23",4,0.838897247118081
"Z30","Z24",4,0.822562609501656
"Z30","Z25",4,0.821448401840618
"Z30","Z26",4,0.826200731442684
"Z30","Z27",4,0.876147354549003
"Z30","Z28",4,0.902593593266342
"Z30","Z31",4,0.976490639784088
"Z30","Z32",4,0.937473500942695
"Z30","Z33",4,0.893390825462502
"Z30","Z11",4,0.775172017032312
"Z31","Z02",4,0.598961547903278
"Z31","Z03",4,0.679321331016898
"Z31","Z05",4,0.556153524649547
"Z31","Z06",4,0.590629062041079
"Z31","Z07",4,0.610912039529322
"Z31","Z08",4,0.649139147273296
"Z31","Z10",4,0.73429677694143
"Z31","Z14",4,0.768644831930813
"Z31","Z15",4,0.76934364425546
"Z31","Z16",4,0.763966730252941
"Z31","Z17",4,0.784637332837742
"Z31","Z18",4,0.814662352018309
"Z31","Z19",4,0.808844790630938
"Z31","Z20",4,0.815296862931851
"Z31","Z21",4,0.811134075532244
"Z31","Z22",4,0.842642847330375
"Z31","Z23",4,0.817846834325584
"Z31","Z24",4,0.800293522535248
"Z31","Z25",4,0.796594665659929
"Z31","Z26",4,0.798617487982061
"Z31","Z27",4,0.84367822551925
"Z31","Z28",4,0.870176261312436
"Z31","Z30",4,0.976490639782962
"Z31","Z32",4,0.969680702196633
"Z31","Z33",4,0.925621283697834
"Z31","Z11",4,0.770071151987859
"Z32","Z02",4,0.573923137130017
"Z32","Z03",4,0.648685198242151
"Z32","Z05",4,0.535119600558218
"Z32","Z06",4,0.569548676797904
"Z32","Z07",4,0.591149318084495
"Z32","Z08",4,0.625306381228463
"Z32","Z10",4,0.716964688001165
"Z32","Z14",4,0.753310460794391
"Z32","Z15",4,0.757352365817612
"Z32","Z16",4,0.757199563841688
"Z32","Z17",4,0.781663675899031
"Z32","Z18",4,0.792582445225678
"Z32","Z19",4,0.784252851760344
"Z32","Z20",4,0.788485139635109
"Z32","Z21",4,0.783281578799764
"Z32","Z22",4,0.808752251566403
"Z32","Z23",4,0.784518319455706
"Z32","Z24",4,0.766256960541218
"Z32","Z25",4,0.760770533332
"Z32","Z26",4,0.761060449297625
"Z32","Z27",4,0.805247766440033
"Z32","Z28",4,0.831860053211894
"Z32","Z30",4,0.937473500942965
"Z32","Z31",4,0.96968070219705
"Z32","Z33",4,0.964918227846626
"Z32","Z11",4,0.751753365704559
"Z33","Z02",4,0.545304358588347
"Z33","Z03",4,0.613936249549101
"Z33","Z05",4,0.510916169034938
"Z33","Z06",4,0.545089471534654
"Z33","Z07",4,0.56792128706345
"Z33","Z08",4,0.597606221728972
"Z33","Z10",4,0.694870001688009
"Z33","Z14",4,0.732556814735353
"Z33","Z15",4,0.739885399277018
"Z33","Z16",4,0.745153998546769
"Z33","Z17",4,0.772923982214988
"Z33","Z18",4,0.76443520186845
"Z33","Z19",4,0.75394794890499
"Z33","Z20",4,0.756069569426056
"Z33","Z21",4,0.7500016417866
"Z33","Z22",4,0.769802055501236
"Z33","Z23",4,0.746284425613469
"Z33","Z24",4,0.727519665087282
"Z33","Z25",4,0.720405496272977
"Z33","Z26",4,0.719043729018694
"Z33","Z27",4,0.761487912385895
"Z33","Z28",4,0.788132335965834
"Z33","Z30",4,0.893390825462414
"Z33","Z31",4,0.925621283698041
"Z33","Z32",4,0.964918227846427
"Z33","Z11",4,0.728067557111981
"X23","X25",4,0.995382404212466
"X23","X35",4,0.79619392987067
"X23","X36",4,0.794345906840078
"X23","X38",4,0.795903332695739
"X23","X39",4,0.782087790446511
"X23","X31",4,0.85087676303821
"X23","X32",4,0.838180652083239
"X25","X23",4,0.995382404212147
"X25","X35",4,0.805672017898711
"X25","X36",4,0.799640494080748
"X25","X38",4,0.804054013177839
"X25","X39",4,0.791257036936271
"X25","X31",4,0.857753710315269
"X25","X32",4,0.846634087900796
"X35","X23",4,0.7961939298706
"X35","X25",4,0.805672017898691
"X35","X36",4,0.931643159771745
"X35","X38",4,0.982329604003265
"X35","X39",4,0.993259850983589
"X35","X31",4,0.94046693032707
"X35","X32",4,0.963543783699386
"X36","X23",4,0.794345906840143
"X36","X25",4,0.799640494081131
"X36","X35",4,0.931643159773216
"X36","X38",4,0.958094269014947
"X36","X39",4,0.935053793426547
"X36","X31",4,0.947026349564624
"X36","X32",4,0.941007585941743
"X38","X23",4,0.795903332695769
"X38","X25",4,0.80405401317776
"X38","X35",4,0.982329604002153
"X38","X36",4,0.958094269013816
"X38","X39",4,0.984252153377164
"X38","X31",4,0.951032712327732
"X38","X32",4,0.96624448598388
"X39","X23",4,0.782087790446534
"X39","X25",4,0.791257036936274
"X39","X35",4,0.993259850983479
"X39","X36",4,0.935053793426658
"X39","X38",4,0.984252153377099
"X39","X31",4,0.931059649324832
"X39","X32",4,0.951703014986683
"Z11","Z02",4,0.822118461349297
"Z11","Z03",4,0.855794875432665
"Z11","Z05",4,0.791775028091881
"Z11","Z06",4,0.826017546109424
"Z11","Z07",4,0.848339664624
"Z11","Z08",4,0.875248266546496
"Z11","Z10",4,0.972876090656092
"Z11","Z14",4,0.988201079834351
"Z11","Z15",4,0.965899858050015
"Z11","Z16",4,0.932002246109203
"Z11","Z17",4,0.910385656659953
"Z11","Z18",4,0.959342020614254
"Z11","Z19",4,0.952537628129426
"Z11","Z20",4,0.936330651718208
"Z11","Z21",4,0.931033319917956
"Z11","Z22",4,0.875713200665164
"Z11","Z23",4,0.884314597003853
"Z11","Z24",4,0.876192422286823
"Z11","Z25",4,0.853153853090357
"Z11","Z26",4,0.826013417010438
"Z11","Z27",4,0.743105310327091
"Z11","Z28",4,0.751897051363753
"Z11","Z30",4,0.775172017032305
"Z11","Z31",4,0.770071151987939
"Z11","Z32",4,0.751753365704328
"Z11","Z33",4,0.72806755711183
"X31","X23",4,0.850876763038147
"X31","X25",4,0.857753710315247
"X31","X35",4,0.940466930326957
"X31","X36",4,0.947026349565024
"X31","X38",4,0.951032712327593
"X31","X39",4,0.931059649324708
"X31","X32",4,0.983571245235882
"X32","X23",4,0.838180652083241
"X32","X25",4,0.846634087900754
"X32","X35",4,0.963543783699355
"X32","X36",4,0.941007585941086
"X32","X38",4,0.966244485983857
"X32","X39",4,0.951703014986842
"X32","X31",4,0.98357124523548
"Y01","Y02",5,0.956238717259408
"Y01","Y03",5,0.872811658903512
"Y01","Y04",5,0.854543001993157
"Y01","Y05",5,0.830050869573223
"Y01","Y06",5,0.819294959613948
"Y01","Y07",5,0.797994131697845
"Y01","Y08",5,0.772995566428787
"Y01","Y09",5,0.737082562993018
"Y01","Y10",5,0.764306753940352
"Y01","Y11",5,0.86784856909983
"Y01","Y12",5,0.704025964693
"Y01","Y14",5,0.417625326608085
"Y01","Y16",5,0.530277865063632
"Y01","Y17",5,0.520068883471741
"Y01","Y18",5,0.481208498790006
"Y01","Y19",5,0.751142713083917
"Y01","Y20",5,0.733418489037271
"Y01","Y21",5,0.718580727344162
"Y01","Y22",5,0.713172463307784
"Y01","Y26",5,0.376401372736396
"Y01","Y30",5,0.241727465795175
"Y01","Y31",5,0.161419104521272
"Y01","Y32",5,0.204741554962506
"Y01","Y33",5,0.268816613783404
"Y01","Y34",5,0.44277456990727
"Y02","Y01",5,0.956238717258937
"Y02","Y03",5,0.92514016353246
"Y02","Y04",5,0.905507554457429
"Y02","Y05",5,0.879256906917024
"Y02","Y06",5,0.866946614292901
"Y02","Y07",5,0.843468363473595
"Y02","Y08",5,0.815613634692603
"Y02","Y09",5,0.779087253560612
"Y02","Y10",5,0.800940517483123
"Y02","Y11",5,0.91469248748456
"Y02","Y12",5,0.749631610859484
"Y02","Y14",5,0.462454617248036
"Y02","Y16",5,0.570732901399881
"Y02","Y17",5,0.559620412018844
"Y02","Y18",5,0.518846814283269
"Y02","Y19",5,0.783932779352566
"Y02","Y20",5,0.760367959889797
"Y02","Y21",5,0.741490312909566
"Y02","Y22",5,0.730972101107358
"Y02","Y26",5,0.384067049736397
"Y02","Y30",5,0.25041128180607
"Y02","Y31",5,0.165382283737016
"Y02","Y32",5,0.205171768202542
"Y02","Y33",5,0.261983295477407
"Y02","Y34",5,0.449258572459227
"Y03","Y01",5,0.872811658904235
"Y03","Y02",5,0.925140163533147
"Y03","Y04",5,0.984568258611072
"Y03","Y05",5,0.95512409165282
"Y03","Y06",5,0.939349671623351
"Y03","Y07",5,0.91233958014368
"Y03","Y08",5,0.880018853098363
"Y03","Y09",5,0.844566152139879
"Y03","Y10",5,0.853397727185572
"Y03","Y11",5,0.942178616204292
"Y03","Y12",5,0.80347990295237
"Y03","Y14",5,0.520691964339121
"Y03","Y16",5,0.61726154885278
"Y03","Y17",5,0.604342873903435
"Y03","Y18",5,0.560169734102851
"Y03","Y19",5,0.803001439816478
"Y03","Y20",5,0.769677716881536
"Y03","Y21",5,0.744715862077512
"Y03","Y22",5,0.725929988702951
"Y03","Y26",5,0.373370113867408
"Y03","Y30",5,0.242910782545003
"Y03","Y31",5,0.151153679558778
"Y03","Y32",5,0.185175820230855
"Y03","Y33",5,0.230700958295348
"Y03","Y34",5,0.435671182306961
"Y04","Y01",5,0.854543001992608
"Y04","Y02",5,0.905507554457192
"Y04","Y03",5,0.984568258611072
"Y04","Y05",5,0.979560239175743
"Y04","Y06",5,0.963723041298462
"Y04","Y07",5,0.936610583723942
"Y04","Y08",5,0.904063476969621
"Y04","Y09",5,0.868863161018782
"Y04","Y10",5,0.875885329917096
"Y04","Y11",5,0.921084285168754
"Y04","Y12",5,0.797937351754494
"Y04","Y14",5,0.519762032736046
"Y04","Y16",5,0.611232846293154
"Y04","Y17",5,0.597763488889658
"Y04","Y18",5,0.552696116031672
"Y04","Y19",5,0.786708817854357
"Y04","Y20",5,0.75185746078603
"Y04","Y21",5,0.726032014770509
"Y04","Y22",5,0.70598676206901
"Y04","Y26",5,0.353840105556942
"Y04","Y30",5,0.224151218481394
"Y04","Y31",5,0.131304878811965
"Y04","Y32",5,0.164363936382387
"Y04","Y33",5,0.208296423865357
"Y04","Y34",5,0.415537713015282
"Y05","Y01",5,0.830050869573324
"Y05","Y02",5,0.879256906916754
"Y05","Y03",5,0.955124091652825
"Y05","Y04",5,0.979560239175737
"Y05","Y06",5,0.992515464961345
"Y05","Y07",5,0.965352301618871
"Y05","Y08",5,0.932413326616777
"Y05","Y09",5,0.897889792406561
"Y05","Y10",5,0.901314987072036
"Y05","Y11",5,0.89422806182856
"Y05","Y12",5,0.788714496372039
"Y05","Y14",5,0.517983352101435
"Y05","Y16",5,0.603040890004266
"Y05","Y17",5,0.588985311874185
"Y05","Y18",5,0.54303986403041
"Y05","Y19",5,0.765900865270748
"Y05","Y20",5,0.729648582106351
"Y05","Y21",5,0.70300612418807
"Y05","Y22",5,0.681655649683813
"Y05","Y26",5,0.330447255135606
"Y05","Y30",5,0.201747315916516
"Y05","Y31",5,0.107641562201727
"Y05","Y32",5,0.13953326005802
"Y05","Y33",5,0.181528533358416
"Y05","Y34",5,0.391392926443781
"Y06","Y01",5,0.819294959613838
"Y06","Y02",5,0.866946614292886
"Y06","Y03",5,0.939349671623306
"Y06","Y04",5,0.963723041298484
"Y06","Y05",5,0.992515464961765
"Y06","Y07",5,0.981784849315309
"Y06","Y08",5,0.948899122201195
"Y06","Y09",5,0.91413114740175
"Y06","Y10",5,0.917252075379276
"Y06","Y11",5,0.877733262670484
"Y06","Y12",5,0.777313823534807
"Y06","Y14",5,0.510674898116411
"Y06","Y16",5,0.592590167161721
"Y06","Y17",5,0.578298332391466
"Y06","Y18",5,0.532029815175074
"Y06","Y19",5,0.750560330746523
"Y06","Y20",5,0.713982074843202
"Y06","Y21",5,0.687159914430059
"Y06","Y22",5,0.665535361704627
"Y06","Y26",5,0.314605996399965
"Y06","Y30",5,0.186181933712877
"Y06","Y31",5,0.0917513774237283
"Y06","Y32",5,0.123376232349669
"Y06","Y33",5,0.165071102569456
"Y06","Y34",5,0.375366461365491
"Y07","Y01",5,0.797994131697884
"Y07","Y02",5,0.843468363473816
"Y07","Y03",5,0.912339580143748
"Y07","Y04",5,0.93661058372386
"Y07","Y05",5,0.965352301618753
"Y07","Y06",5,0.981784849315394
"Y07","Y08",5,0.975999204483789
"Y07","Y09",5,0.9412377371152
"Y07","Y10",5,0.941569949998255
"Y07","Y11",5,0.850676258159448
"Y07","Y12",5,0.759336544227609
"Y07","Y14",5,0.500378111456555
"Y07","Y16",5,0.57684272856906
"Y07","Y17",5,0.562181537756694
"Y07","Y18",5,0.51544556445882
"Y07","Y19",5,0.72608292217497
"Y07","Y20",5,0.688937446757614
"Y07","Y21",5,0.661781539407651
"Y07","Y22",5,0.639590754409107
"Y07","Y26",5,0.289355090500856
"Y07","Y30",5,0.161530154643644
"Y07","Y31",5,0.0664191871007224
"Y07","Y32",5,0.0974290366290121
"Y07","Y33",5,0.138265845141186
"Y07","Y34",5,0.349700053281193
"Y08","Y01",5,0.772995566428806
"Y08","Y02",5,0.815613634692652
"Y08","Y03",5,0.880018853098513
"Y08","Y04",5,0.904063476969475
"Y08","Y05",5,0.932413326616673
"Y08","Y06",5,0.948899122201314
"Y08","Y07",5,0.97599920448381
"Y08","Y09",5,0.972429958408277
"Y08","Y10",5,0.969356618972365
"Y08","Y11",5,0.81767513634561
"Y08","Y12",5,0.732840650057126
"Y08","Y14",5,0.482560487779842
"Y08","Y16",5,0.553178565845296
"Y08","Y17",5,0.53818970853418
"Y08","Y18",5,0.491093620692694
"Y08","Y19",5,0.694406364759098
"Y08","Y20",5,0.656900053547794
"Y08","Y21",5,0.629535508493223
"Y08","Y22",5,0.606997441234916
"Y08","Y26",5,0.257292787827121
"Y08","Y30",5,0.129950024725516
"Y08","Y31",5,0.0343187061518634
"Y08","Y32",5,0.0648921190515512
"Y08","Y33",5,0.105283111149361
"Y08","Y34",5,0.317333233127571
"Y09","Y01",5,0.737082562993168
"Y09","Y02",5,0.779087253560471
"Y09","Y03",5,0.844566152139974
"Y09","Y04",5,0.868863161018732
"Y09","Y05",5,0.897889792406676
"Y09","Y06",5,0.914131147401692
"Y09","Y07",5,0.941237737115207
"Y09","Y08",5,0.972429958408228
"Y09","Y10",5,0.96509426665087
"Y09","Y11",5,0.78397632084416
"Y09","Y12",5,0.713278468333017
"Y09","Y14",5,0.47630494487308
"Y09","Y16",5,0.538850683499776
"Y09","Y17",5,0.523465444653969
"Y09","Y18",5,0.476033226592119
"Y09","Y19",5,0.666261800557864
"Y09","Y20",5,0.627997805752235
"Y09","Y21",5,0.600133355105701
"Y09","Y22",5,0.57654176058147
"Y09","Y26",5,0.22882691956563
"Y09","Y30",5,0.102819859294254
"Y09","Y31",5,0.00584911245210173
"Y09","Y32",5,0.0350105118540813
"Y09","Y33",5,0.0730252665345788
"Y09","Y34",5,0.287921349781355
"Y10","Y01",5,0.764306753940243
"Y10","Y02",5,0.800940517483117
"Y10","Y03",5,0.853397727185458
"Y10","Y04",5,0.875885329916632
"Y10","Y05",5,0.901314987071586
"Y10","Y06",5,0.917252075379448
"Y10","Y07",5,0.941569949997949
"Y10","Y08",5,0.96935661897226
"Y10","Y09",5,0.965094266650621
"Y10","Y11",5,0.787965937959476
"Y10","Y12",5,0.693650768418466
"Y10","Y14",5,0.443697815691593
"Y10","Y16",5,0.513531346378011
"Y10","Y17",5,0.498555538337078
"Y10","Y18",5,0.451479511767139
"Y10","Y19",5,0.65902442000437
"Y10","Y20",5,0.622246780654307
"Y10","Y21",5,0.595403325007627
"Y10","Y22",5,0.573977632576803
"Y10","Y26",5,0.222847199078615
"Y10","Y30",5,0.094529143132088
"Y10","Y31",5,0
"Y10","Y32",5,0.0318971562265349
"Y10","Y33",5,0.0752292176902118
"Y10","Y34",5,0.28369655171056
"Y11","Y01",5,0.867848569100349
"Y11","Y02",5,0.914692487484366
"Y11","Y03",5,0.942178616204324
"Y11","Y04",5,0.921084285168825
"Y11","Y05",5,0.894228061828314
"Y11","Y06",5,0.877733262670809
"Y11","Y07",5,0.850676258159821
"Y11","Y08",5,0.817675136345606
"Y11","Y09",5,0.783976320844196
"Y11","Y10",5,0.787965937959638
"Y11","Y12",5,0.843925841909762
"Y11","Y14",5,0.556762612863508
"Y11","Y16",5,0.663871151892473
"Y11","Y17",5,0.652284288937647
"Y11","Y18",5,0.610384020190988
"Y11","Y19",5,0.866325364583819
"Y11","Y20",5,0.835141340377685
"Y11","Y21",5,0.810966532032262
"Y11","Y22",5,0.792734973906198
"Y11","Y26",5,0.440140682769476
"Y11","Y30",5,0.309445572931563
"Y11","Y31",5,0.217977713721354
"Y11","Y32",5,0.251894776825055
"Y11","Y33",5,0.29610341077372
"Y11","Y34",5,0.502504048982445
"Y12","Y01",5,0.704025964693763
"Y12","Y02",5,0.749631610859229
"Y12","Y03",5,0.803479902952401
"Y12","Y04",5,0.797937351754968
"Y12","Y05",5,0.788714496373179
"Y12","Y06",5,0.777313823535634
"Y12","Y07",5,0.759336544227433
"Y12","Y08",5,0.732840650058164
"Y12","Y09",5,0.713278468334196
"Y12","Y10",5,0.693650768417719
"Y12","Y11",5,0.84392584190997
"Y12","Y14",5,0.721829781805366
"Y12","Y16",5,0.82229769639649
"Y12","Y17",5,0.808784004682823
"Y12","Y18",5,0.763264192405757
"Y12","Y19",5,0.904207224390735
"Y12","Y20",5,0.871295518545856
"Y12","Y21",5,0.844965323272078
"Y12","Y22",5,0.814285912246383
"Y12","Y26",5,0.505173388959937
"Y12","Y30",5,0.386927689065435
"Y12","Y31",5,0.284747372247642
"Y12","Y32",5,0.305545571471341
"Y12","Y33",5,0.3231923898888
"Y12","Y34",5,0.557129418530594
"Y14","Y01",5,0.417625326607956
"Y14","Y02",5,0.462454617248209
"Y14","Y03",5,0.520691964338008
"Y14","Y04",5,0.519762032736721
"Y14","Y05",5,0.517983352102049
"Y14","Y06",5,0.510674898116013
"Y14","Y07",5,0.50037811145633
"Y14","Y08",5,0.482560487778933
"Y14","Y09",5,0.476304944873309
"Y14","Y10",5,0.443697815691482
"Y14","Y11",5,0.556762612863778
"Y14","Y12",5,0.721829781805083
"Y14","Y16",5,0.877034863763208
"Y14","Y17",5,0.87691162945844
"Y14","Y18",5,0.876130105987699
"Y14","Y19",5,0.657466729485412
"Y14","Y20",5,0.651442200792168
"Y14","Y21",5,0.643399023101711
"Y14","Y22",5,0.621231210225572
"Y14","Y26",5,0.501925137147744
"Y14","Y30",5,0.432378648184667
"Y14","Y31",5,0.322697581743329
"Y14","Y32",5,0.315440169862413
"Y14","Y33",5,0.283113128517149
"Y14","Y34",5,0.520944260866695
"Y16","Y01",5,0.530277865063147
"Y16","Y02",5,0.570732901401127
"Y16","Y03",5,0.617261548852146
"Y16","Y04",5,0.611232846293004
"Y16","Y05",5,0.603040890004463
"Y16","Y06",5,0.592590167161471
"Y16","Y07",5,0.576842728570005
"Y16","Y08",5,0.553178565845383
"Y16","Y09",5,0.538850683498969
"Y16","Y10",5,0.513531346377578
"Y16","Y11",5,0.66387115189262
"Y16","Y12",5,0.822297696395309
"Y16","Y14",5,0.8770348637625
"Y16","Y17",5,0.992831481685896
"Y16","Y18",5,0.945600578249955
"Y16","Y19",5,0.781440516560935
"Y16","Y20",5,0.780487299634333
"Y16","Y21",5,0.774517540902137
"Y16","Y22",5,0.753087356946194
"Y16","Y26",5,0.590662571552438
"Y16","Y30",5,0.498172326101377
"Y16","Y31",5,0.389174485967439
"Y16","Y32",5,0.393601647760537
"Y16","Y33",5,0.379165816323928
"Y16","Y34",5,0.622371047680603
"Y17","Y01",5,0.520068883472168
"Y17","Y02",5,0.559620412018347
"Y17","Y03",5,0.604342873903571
"Y17","Y04",5,0.597763488889485
"Y17","Y05",5,0.588985311873608
"Y17","Y06",5,0.578298332391195
"Y17","Y07",5,0.56218153775668
"Y17","Y08",5,0.538189708533395
"Y17","Y09",5,0.523465444654257
"Y17","Y10",5,0.498555538337672
"Y17","Y11",5,0.652284288938716
"Y17","Y12",5,0.80878400468171
"Y17","Y14",5,0.876911629458211
"Y17","Y16",5,0.992831481685727
"Y17","Y18",5,0.961453051950875
"Y17","Y19",5,0.773358342831797
"Y17","Y20",5,0.774913227733888
"Y17","Y21",5,0.770832478184843
"Y17","Y22",5,0.75086854042534
"Y17","Y26",5,0.603118791468527
"Y17","Y30",5,0.512567847480424
"Y17","Y31",5,0.403388416495793
"Y17","Y32",5,0.406852349017296
"Y17","Y33",5,0.390336042605833
"Y17","Y34",5,0.633135035701693
"Y18","Y01",5,0.481208498789797
"Y18","Y02",5,0.51884681428399
"Y18","Y03",5,0.560169734103522
"Y18","Y04",5,0.552696116032093
"Y18","Y05",5,0.543039864031098
"Y18","Y06",5,0.532029815174383
"Y18","Y07",5,0.515445564458405
"Y18","Y08",5,0.491093620692783
"Y18","Y09",5,0.476033226591497
"Y18","Y10",5,0.45147951176714
"Y18","Y11",5,0.610384020192324
"Y18","Y12",5,0.763264192406543
"Y18","Y14",5,0.876130105987794
"Y18","Y16",5,0.945600578250141
"Y18","Y17",5,0.961453051949725
"Y18","Y19",5,0.73761376424634
"Y18","Y20",5,0.744518181791396
"Y18","Y21",5,0.744860379451491
"Y18","Y22",5,0.728827185246543
"Y18","Y26",5,0.629303846786506
"Y18","Y30",5,0.547436345626567
"Y18","Y31",5,0.43768865527406
"Y18","Y32",5,0.437045596967158
"Y18","Y33",5,0.412512005962447
"Y18","Y34",5,0.652534238714421
"Y19","Y01",5,0.75114271308298
"Y19","Y02",5,0.783932779352537
"Y19","Y03",5,0.803001439816021
"Y19","Y04",5,0.786708817853837
"Y19","Y05",5,0.765900865271094
"Y19","Y06",5,0.750560330746589
"Y19","Y07",5,0.726082922174727
"Y19","Y08",5,0.694406364759731
"Y19","Y09",5,0.666261800558349
"Y19","Y10",5,0.659024420004419
"Y19","Y11",5,0.866325364583934
"Y19","Y12",5,0.904207224390704
"Y19","Y14",5,0.657466729484611
"Y19","Y16",5,0.781440516561028
"Y19","Y17",5,0.773358342833012
"Y19","Y18",5,0.737613764245676
"Y19","Y20",5,0.969406938147409
"Y19","Y21",5,0.940485516899333
"Y19","Y22",5,0.912147250720733
"Y19","Y26",5,0.571565260083251
"Y19","Y30",5,0.444458738740526
"Y19","Y31",5,0.348576467975543
"Y19","Y32",5,0.37698493425096
"Y19","Y33",5,0.407450800043159
"Y19","Y34",5,0.630234471948871
"Y20","Y01",5,0.733418489037783
"Y20","Y02",5,0.760367959888928
"Y20","Y03",5,0.769677716881942
"Y20","Y04",5,0.751857460786288
"Y20","Y05",5,0.729648582106045
"Y20","Y06",5,0.713982074843416
"Y20","Y07",5,0.688937446757864
"Y20","Y08",5,0.656900053547435
"Y20","Y09",5,0.627997805751844
"Y20","Y10",5,0.622246780654361
"Y20","Y11",5,0.835141340377366
"Y20","Y12",5,0.871295518545742
"Y20","Y14",5,0.651442200791573
"Y20","Y16",5,0.780487299634041
"Y20","Y17",5,0.774913227733646
"Y20","Y18",5,0.744518181791081
"Y20","Y19",5,0.96940693814731
"Y20","Y21",5,0.980079642957055
"Y20","Y22",5,0.950889510788165
"Y20","Y26",5,0.609400974298585
"Y20","Y30",5,0.481072588299445
"Y20","Y31",5,0.386430106874084
"Y20","Y32",5,0.415814407222956
"Y20","Y33",5,0.447055354950099
"Y20","Y34",5,0.668907235667348
"Y21","Y01",5,0.718580727344684
"Y21","Y02",5,0.741490312909354
"Y21","Y03",5,0.744715862077492
"Y21","Y04",5,0.726032014770191
"Y21","Y05",5,0.70300612418797
"Y21","Y06",5,0.687159914429794
"Y21","Y07",5,0.661781539407699
"Y21","Y08",5,0.629535508492612
"Y21","Y09",5,0.600133355105562
"Y21","Y10",5,0.595403325007811
"Y21","Y11",5,0.81096653203193
"Y21","Y12",5,0.844965323272142
"Y21","Y14",5,0.643399023102106
"Y21","Y16",5,0.774517540902197
"Y21","Y17",5,0.770832478183976
"Y21","Y18",5,0.744860379451984
"Y21","Y19",5,0.940485516899192
"Y21","Y20",5,0.980079642957103
"Y21","Y22",5,0.978272834704124
"Y21","Y26",5,0.636450222895516
"Y21","Y30",5,0.507090600926472
"Y21","Y31",5,0.41359685176644
"Y21","Y32",5,0.443875256180227
"Y21","Y33",5,0.475969257153377
"Y21","Y34",5,0.696737847041272
"Y22","Y01",5,0.713172463307369
"Y22","Y02",5,0.730972101107568
"Y22","Y03",5,0.725929988703214
"Y22","Y04",5,0.705986762069374
"Y22","Y05",5,0.681655649684013
"Y22","Y06",5,0.665535361703952
"Y22","Y07",5,0.639590754408822
"Y22","Y08",5,0.606997441234558
"Y22","Y09",5,0.576541760581418
"Y22","Y10",5,0.573977632576601
"Y22","Y11",5,0.792734973906365
"Y22","Y12",5,0.814285912246477
"Y22","Y14",5,0.621231210226319
"Y22","Y16",5,0.75308735694754
"Y22","Y17",5,0.750868540425014
"Y22","Y18",5,0.728827185246382
"Y22","Y19",5,0.912147250720741
"Y22","Y20",5,0.950889510788164
"Y22","Y21",5,0.978272834704092
"Y22","Y26",5,0.656389566909266
"Y22","Y30",5,0.525044624582766
"Y22","Y31",5,0.434215641108392
"Y22","Y32",5,0.466836641221025
"Y22","Y33",5,0.502837799701183
"Y22","Y34",5,0.718561619436903
"Y26","Y01",5,0.37640137273718
"Y26","Y02",5,0.384067049736144
"Y26","Y03",5,0.373370113867146
"Y26","Y04",5,0.353840105557167
"Y26","Y05",5,0.33044725513537
"Y26","Y06",5,0.314605996399771
"Y26","Y07",5,0.28935509050093
"Y26","Y08",5,0.257292787827574
"Y26","Y09",5,0.228826919565651
"Y26","Y10",5,0.222847199077921
"Y26","Y11",5,0.440140682769923
"Y26","Y12",5,0.505173388959827
"Y26","Y14",5,0.501925137147935
"Y26","Y16",5,0.590662571552434
"Y26","Y17",5,0.603118791468528
"Y26","Y18",5,0.629303846786514
"Y26","Y19",5,0.571565260083436
"Y26","Y20",5,0.609400974298163
"Y26","Y21",5,0.636450222896158
"Y26","Y22",5,0.656389566909393
"Y26","Y30",5,0.874071972717485
"Y26","Y31",5,0.7860160947869
"Y26","Y32",5,0.808202331620603
"Y26","Y33",5,0.788779250974638
"Y26","Y34",5,0.941807153507589
"Y30","Y01",5,0.241727465795156
"Y30","Y02",5,0.25041128180612
"Y30","Y03",5,0.242910782544304
"Y30","Y04",5,0.224151218481242
"Y30","Y05",5,0.201747315916212
"Y30","Y06",5,0.186181933712786
"Y30","Y07",5,0.161530154644035
"Y30","Y08",5,0.129950024726205
"Y30","Y09",5,0.10281985929466
"Y30","Y10",5,0.094529143132507
"Y30","Y11",5,0.30944557293123
"Y30","Y12",5,0.386927689065692
"Y30","Y14",5,0.432378648184653
"Y30","Y16",5,0.498172326101679
"Y30","Y17",5,0.512567847480229
"Y30","Y18",5,0.547436345626339
"Y30","Y19",5,0.444458738740418
"Y30","Y20",5,0.481072588299098
"Y30","Y21",5,0.507090600926871
"Y30","Y22",5,0.525044624582752
"Y30","Y26",5,0.874071972717301
"Y30","Y31",5,0.899107258512192
"Y30","Y32",5,0.879355285230874
"Y30","Y33",5,0.786661127576508
"Y30","Y34",5,0.807010270750202
"Y31","Y01",5,0.161419104520661
"Y31","Y02",5,0.165382283737627
"Y31","Y03",5,0.151153679558904
"Y31","Y04",5,0.13130487881141
"Y31","Y05",5,0.107641562201877
"Y31","Y06",5,0.0917513774242702
"Y31","Y07",5,0.0664191871006978
"Y31","Y08",5,0.0343187061517768
"Y31","Y09",5,0.00584911245185295
"Y31","Y10",5,8.11907230344353e-14
"Y31","Y11",5,0.217977713721431
"Y31","Y12",5,0.284747372247406
"Y31","Y14",5,0.322697581743331
"Y31","Y16",5,0.389174485967342
"Y31","Y17",5,0.403388416495674
"Y31","Y18",5,0.437688655274064
"Y31","Y19",5,0.348576467975871
"Y31","Y20",5,0.386430106873524
"Y31","Y21",5,0.41359685176574
"Y31","Y22",5,0.434215641108279
"Y31","Y26",5,0.786016094786531
"Y31","Y30",5,0.899107258512175
"Y31","Y32",5,0.939864920596952
"Y31","Y33",5,0.817299540568869
"Y31","Y34",5,0.724258073936284
"Y32","Y01",5,0.204741554961696
"Y32","Y02",5,0.205171768202935
"Y32","Y03",5,0.18517582023012
"Y32","Y04",5,0.16436393638243
"Y32","Y05",5,0.139533260058008
"Y32","Y06",5,0.123376232350472
"Y32","Y07",5,0.0974290366296344
"Y32","Y08",5,0.0648921190513275
"Y32","Y09",5,0.035010511854181
"Y32","Y10",5,0.0318971562259633
"Y32","Y11",5,0.251894776824903
"Y32","Y12",5,0.305545571471403
"Y32","Y14",5,0.315440169862469
"Y32","Y16",5,0.393601647760577
"Y32","Y17",5,0.406852349017263
"Y32","Y18",5,0.437045596967157
"Y32","Y19",5,0.376984934251202
"Y32","Y20",5,0.415814407222616
"Y32","Y21",5,0.4438752561804
"Y32","Y22",5,0.466836641221425
"Y32","Y26",5,0.808202331620679
"Y32","Y30",5,0.879355285230755
"Y32","Y31",5,0.939864920595564
"Y32","Y33",5,0.886429258312251
"Y32","Y34",5,0.755671039457699
"Y33","Y01",5,0.268816613783589
"Y33","Y02",5,0.261983295477201
"Y33","Y03",5,0.230700958295895
"Y33","Y04",5,0.208296423864909
"Y33","Y05",5,0.181528533358337
"Y33","Y06",5,0.165071102569163
"Y33","Y07",5,0.138265845141295
"Y33","Y08",5,0.105283111149215
"Y33","Y09",5,0.0730252665348369
"Y33","Y10",5,0.075229217690431
"Y33","Y11",5,0.296103410773892
"Y33","Y12",5,0.323192389888864
"Y33","Y14",5,0.283113128517453
"Y33","Y16",5,0.379165816323941
"Y33","Y17",5,0.390336042605798
"Y33","Y18",5,0.412512005962491
"Y33","Y19",5,0.40745080004342
"Y33","Y20",5,0.447055354950468
"Y33","Y21",5,0.475969257153617
"Y33","Y22",5,0.502837799701313
"Y33","Y26",5,0.788779250974432
"Y33","Y30",5,0.786661127576452
"Y33","Y31",5,0.817299540568456
"Y33","Y32",5,0.886429258312718
"Y33","Y34",5,0.765420905509481
"Y34","Y01",5,0.442774569908471
"Y34","Y02",5,0.449258572459926
"Y34","Y03",5,0.435671182306536
"Y34","Y04",5,0.415537713015426
"Y34","Y05",5,0.39139292644321
"Y34","Y06",5,0.375366461365366
"Y34","Y07",5,0.349700053280552
"Y34","Y08",5,0.317333233127941
"Y34","Y09",5,0.287921349781526
"Y34","Y10",5,0.283696551710664
"Y34","Y11",5,0.502504048982679
"Y34","Y12",5,0.557129418530471
"Y34","Y14",5,0.52094426086682
"Y34","Y16",5,0.622371047680633
"Y34","Y17",5,0.633135035701699
"Y34","Y18",5,0.652534238714679
"Y34","Y19",5,0.630234471949052
"Y34","Y20",5,0.668907235667362
"Y34","Y21",5,0.696737847041059
"Y34","Y22",5,0.718561619437024
"Y34","Y26",5,0.941807153507437
"Y34","Y30",5,0.807010270750517
"Y34","Y31",5,0.724258073936819
"Y34","Y32",5,0.755671039457439
"Y34","Y33",5,0.765420905509493
"Z02","Z03",5,0.899489729942415
"Z02","Z05",5,0.940009137492122
"Z02","Z10",5,0.848003463445224
"Z02","Z13",5,0.77397247636633
"Z02","Z16",5,0.768489237974719
"Z02","Z17",5,0.737522602602468
"Z02","Z18",5,0.789768289946261
"Z02","Z20",5,0.792565999253919
"Z02","Z21",5,0.796024771063904
"Z02","Z23",5,0.774184092927259
"Z02","Z24",5,0.78378453505344
"Z02","Z27",5,0.633814979855636
"Z02","Z28",5,0.630200163325783
"Z02","Z29",5,0.62491462282652
"Z02","Z31",5,0.598961547903636
"Z02","Z32",5,0.573923137130518
"Z02","Z33",5,0.545304358588927
"Z03","Z02",5,0.899489729942238
"Z03","Z05",5,0.832579898072641
"Z03","Z10",5,0.860277372953134
"Z03","Z13",5,0.821722679932133
"Z03","Z16",5,0.781294700204924
"Z03","Z17",5,0.757210495449669
"Z03","Z18",5,0.848592791773034
"Z03","Z20",5,0.865788953535003
"Z03","Z21",5,0.872613794663877
"Z03","Z23",5,0.868131311386104
"Z03","Z24",5,0.88228052512564
"Z03","Z27",5,0.739078407038579
"Z03","Z28",5,0.732647894627752
"Z03","Z29",5,0.723664637690654
"Z03","Z31",5,0.679321331017036
"Z03","Z32",5,0.6486851982423
"Z03","Z33",5,0.613936249549161
"Z05","Z02",5,0.940009137492419
"Z05","Z03",5,0.832579898073084
"Z05","Z10",5,0.824628328475195
"Z05","Z13",5,0.741749327521284
"Z05","Z16",5,0.756562528603072
"Z05","Z17",5,0.724281904642266
"Z05","Z18",5,0.750471718899084
"Z05","Z20",5,0.746085770808098
"Z05","Z21",5,0.747718203229692
"Z05","Z23",5,0.718684527439894
"Z05","Z24",5,0.725608576663391
"Z05","Z27",5,0.573522155716801
"Z05","Z28",5,0.572232205477647
"Z05","Z29",5,0.569718145398668
"Z05","Z31",5,0.556153524649714
"Z05","Z32",5,0.535119600557938
"Z05","Z33",5,0.510916169034756
"Z10","Z02",5,0.848003463445716
"Z10","Z03",5,0.86027737295208
"Z10","Z05",5,0.824628328475051
"Z10","Z13",5,0.92446468800582
"Z10","Z16",5,0.92629270997341
"Z10","Z17",5,0.89726982120617
"Z10","Z18",5,0.923892126110525
"Z10","Z20",5,0.904809894767213
"Z10","Z21",5,0.901176940465576
"Z10","Z23",5,0.856251730085187
"Z10","Z24",5,0.851307297097525
"Z10","Z27",5,0.711002140612619
"Z10","Z28",5,0.718411298519284
"Z10","Z29",5,0.724564260924135
"Z10","Z31",5,0.734296776941442
"Z10","Z32",5,0.716964688001327
"Z10","Z33",5,0.694870001687937
"Z13","Z02",5,0.773972476366593
"Z13","Z03",5,0.821722679932321
"Z13","Z05",5,0.741749327520793
"Z13","Z10",5,0.924464688005798
"Z13","Z16",5,0.931593289365901
"Z13","Z17",5,0.927330944839209
"Z13","Z18",5,0.977215261233255
"Z13","Z20",5,0.946189581474896
"Z13","Z21",5,0.937421394534195
"Z13","Z23",5,0.894625708368907
"Z13","Z24",5,0.880281124119448
"Z13","Z27",5,0.770945966897188
"Z13","Z28",5,0.783711611285455
"Z13","Z29",5,0.795357482428476
"Z13","Z31",5,0.818274104140276
"Z13","Z32",5,0.80146471399592
"Z13","Z33",5,0.778049899352715
"Z16","Z02",5,0.768489237974513
"Z16","Z03",5,0.781294700204361
"Z16","Z05",5,0.756562528603531
"Z16","Z10",5,0.926292709974182
"Z16","Z13",5,0.931593289365774
"Z16","Z17",5,0.976718540786432
"Z16","Z18",5,0.90482483743738
"Z16","Z20",5,0.873510106299555
"Z16","Z21",5,0.865701582685076
"Z16","Z23",5,0.819882757265056
"Z16","Z24",5,0.807714369703671
"Z16","Z27",5,0.694347428544296
"Z16","Z28",5,0.708368056400307
"Z16","Z29",5,0.722232783890495
"Z16","Z31",5,0.763966730253038
"Z16","Z32",5,0.757199563841687
"Z16","Z33",5,0.745153998546744
"Z17","Z02",5,0.737522602602617
"Z17","Z03",5,0.757210495450225
"Z17","Z05",5,0.724281904642564
"Z17","Z10",5,0.897269821205627
"Z17","Z13",5,0.927330944839558
"Z17","Z16",5,0.976718540785826
"Z17","Z18",5,0.896351690512177
"Z17","Z20",5,0.864760384201522
"Z17","Z21",5,0.856169946098957
"Z17","Z23",5,0.813044031291704
"Z17","Z24",5,0.798648517694971
"Z17","Z27",5,0.699128124716122
"Z17","Z28",5,0.715432535440729
"Z17","Z29",5,0.731955477523695
"Z17","Z31",5,0.784637332837615
"Z17","Z32",5,0.781663675898947
"Z17","Z33",5,0.772923982214936
"Z18","Z02",5,0.789768289946371
"Z18","Z03",5,0.84859279177268
"Z18","Z05",5,0.750471718898897
"Z18","Z10",5,0.923892126110505
"Z18","Z13",5,0.977215261232759
"Z18","Z16",5,0.90482483743734
"Z18","Z17",5,0.896351690511948
"Z18","Z20",5,0.977285084052864
"Z18","Z21",5,0.968825214943891
"Z18","Z23",5,0.924052041934839
"Z18","Z24",5,0.911030898177488
"Z18","Z27",5,0.790868968782858
"Z18","Z28",5,0.800832359557372
"Z18","Z29",5,0.808893050219765
"Z18","Z31",5,0.814662352018683
"Z18","Z32",5,0.792582445225486
"Z18","Z33",5,0.764435201868419
"Z20","Z02",5,0.792565999254308
"Z20","Z03",5,0.865788953534878
"Z20","Z05",5,0.746085770808106
"Z20","Z10",5,0.904809894767042
"Z20","Z13",5,0.946189581474883
"Z20","Z16",5,0.873510106300087
"Z20","Z17",5,0.864760384200653
"Z20","Z18",5,0.977285084052748
"Z20","Z21",5,0.999999999999648
"Z20","Z23",5,0.955160407384856
"Z20","Z24",5,0.942757267138448
"Z20","Z27",5,0.815132034735817
"Z20","Z28",5,0.82234813594771
"Z20","Z29",5,0.826788013302328
"Z20","Z31",5,0.81529686293162
"Z20","Z32",5,0.788485139635741
"Z20","Z33",5,0.756069569425759
"Z21","Z02",5,0.79602477106427
"Z21","Z03",5,0.872613794664
"Z21","Z05",5,0.747718203229614
"Z21","Z10",5,0.901176940465649
"Z21","Z13",5,0.937421394533779
"Z21","Z16",5,0.865701582684739
"Z21","Z17",5,0.856169946100178
"Z21","Z18",5,0.968825214944743
"Z21","Z20",5,1
"Z21","Z23",5,0.962036845558948
"Z21","Z24",5,0.95096956778705
"Z21","Z27",5,0.818643056803296
"Z21","Z28",5,0.824693802426026
"Z21","Z29",5,0.827747066746881
"Z21","Z31",5,0.811134075532685
"Z21","Z32",5,0.783281578799819
"Z21","Z33",5,0.750001641787111
"Z23","Z02",5,0.774184092927187
"Z23","Z03",5,0.868131311386397
"Z23","Z05",5,0.718684527439893
"Z23","Z10",5,0.856251730085168
"Z23","Z13",5,0.89462570836914
"Z23","Z16",5,0.819882757265419
"Z23","Z17",5,0.813044031291272
"Z23","Z18",5,0.92405204193418
"Z23","Z20",5,0.955160407384564
"Z23","Z21",5,0.962036845558945
"Z23","Z24",5,0.989566312789384
"Z23","Z27",5,0.860057952854297
"Z23","Z28",5,0.862091873184024
"Z23","Z29",5,0.859578265765465
"Z23","Z31",5,0.817846834325652
"Z23","Z32",5,0.784518319456242
"Z23","Z33",5,0.746284425613486
"Z24","Z02",5,0.783784535053453
"Z24","Z03",5,0.882280525125682
"Z24","Z05",5,0.725608576663478
"Z24","Z10",5,0.851307297097425
"Z24","Z13",5,0.880281124119291
"Z24","Z16",5,0.807714369704917
"Z24","Z17",5,0.798648517693719
"Z24","Z18",5,0.911030898177025
"Z24","Z20",5,0.942757267138771
"Z24","Z21",5,0.950969567787366
"Z24","Z23",5,0.989566312788102
"Z24","Z27",5,0.856545969837959
"Z24","Z28",5,0.855260848942601
"Z24","Z29",5,0.849455579627063
"Z24","Z31",5,0.800293522535935
"Z24","Z32",5,0.766256960541617
"Z24","Z33",5,0.727519665087398
"Z27","Z02",5,0.633814979855653
"Z27","Z03",5,0.739078407038606
"Z27","Z05",5,0.57352215571684
"Z27","Z10",5,0.711002140612311
"Z27","Z13",5,0.77094596689815
"Z27","Z16",5,0.694347428544029
"Z27","Z17",5,0.699128124716741
"Z27","Z18",5,0.790868968782719
"Z27","Z20",5,0.815132034736067
"Z27","Z21",5,0.818643056803264
"Z27","Z23",5,0.860057952854242
"Z27","Z24",5,0.856545969837933
"Z27","Z28",5,0.982352798045512
"Z27","Z29",5,0.953371871446955
"Z27","Z31",5,0.843678225519277
"Z27","Z32",5,0.805247766440667
"Z27","Z33",5,0.761487912386175
"Z28","Z02",5,0.630200163325813
"Z28","Z03",5,0.732647894627745
"Z28","Z05",5,0.572232205477653
"Z28","Z10",5,0.718411298519102
"Z28","Z13",5,0.78371161128587
"Z28","Z16",5,0.708368056400163
"Z28","Z17",5,0.715432535441576
"Z28","Z18",5,0.800832359557852
"Z28","Z20",5,0.822348135947792
"Z28","Z21",5,0.824693802425898
"Z28","Z23",5,0.862091873184002
"Z28","Z24",5,0.8552608489426
"Z28","Z27",5,0.982352798044468
"Z28","Z29",5,0.980026218880059
"Z28","Z31",5,0.870176261311784
"Z28","Z32",5,0.831860053212112
"Z28","Z33",5,0.788132335966461
"Z29","Z02",5,0.624914622826463
"Z29","Z03",5,0.723664637690456
"Z29","Z05",5,0.569718145398668
"Z29","Z10",5,0.724564260924274
"Z29","Z13",5,0.7953574824286
"Z29","Z16",5,0.722232783889685
"Z29","Z17",5,0.731955477523951
"Z29","Z18",5,0.80889305022032
"Z29","Z20",5,0.826788013302165
"Z29","Z21",5,0.827747066747
"Z29","Z23",5,0.859578265765464
"Z29","Z24",5,0.849455579626864
"Z29","Z27",5,0.953371871446924
"Z29","Z28",5,0.980026218880705
"Z29","Z31",5,0.898997085243906
"Z29","Z32",5,0.860820033081929
"Z29","Z33",5,0.817116099191002
"Z31","Z02",5,0.598961547903278
"Z31","Z03",5,0.679321331016898
"Z31","Z05",5,0.556153524649547
"Z31","Z10",5,0.73429677694143
"Z31","Z13",5,0.818274104140265
"Z31","Z16",5,0.763966730252941
"Z31","Z17",5,0.784637332837742
"Z31","Z18",5,0.814662352018309
"Z31","Z20",5,0.815296862931851
"Z31","Z21",5,0.811134075532244
"Z31","Z23",5,0.817846834325584
"Z31","Z24",5,0.800293522535248
"Z31","Z27",5,0.84367822551925
"Z31","Z28",5,0.870176261312436
"Z31","Z29",5,0.898997085243906
"Z31","Z32",5,0.969680702196633
"Z31","Z33",5,0.925621283697834
"Z32","Z02",5,0.573923137130017
"Z32","Z03",5,0.648685198242151
"Z32","Z05",5,0.535119600558218
"Z32","Z10",5,0.716964688001165
"Z32","Z13",5,0.801464713995935
"Z32","Z16",5,0.757199563841688
"Z32","Z17",5,0.781663675899031
"Z32","Z18",5,0.792582445225678
"Z32","Z20",5,0.788485139635109
"Z32","Z21",5,0.783281578799764
"Z32","Z23",5,0.784518319455706
"Z32","Z24",5,0.766256960541218
"Z32","Z27",5,0.805247766440033
"Z32","Z28",5,0.831860053211894
"Z32","Z29",5,0.860820033082351
"Z32","Z31",5,0.96968070219705
"Z32","Z33",5,0.964918227846626
"Z33","Z02",5,0.545304358588347
"Z33","Z03",5,0.613936249549101
"Z33","Z05",5,0.510916169034938
"Z33","Z10",5,0.694870001688009
"Z33","Z13",5,0.778049899353358
"Z33","Z16",5,0.745153998546769
"Z33","Z17",5,0.772923982214988
"Z33","Z18",5,0.76443520186845
"Z33","Z20",5,0.756069569426056
"Z33","Z21",5,0.7500016417866
"Z33","Z23",5,0.746284425613469
"Z33","Z24",5,0.727519665087282
"Z33","Z27",5,0.761487912385895
"Z33","Z28",5,0.788132335965834
"Z33","Z29",5,0.81711609919118
"Z33","Z31",5,0.925621283698041
"Z33","Z32",5,0.964918227846427
"X23","X25",5,0.995382404212466
"X23","X33",5,0.834868286954083
"X23","X35",5,0.79619392987067
"X23","X36",5,0.794345906840078
"X23","X38",5,0.795903332695739
"X23","X39",5,0.782087790446511
"X23","X31",5,0.85087676303821
"X23","X32",5,0.838180652083239
"X25","X23",5,0.995382404212147
"X25","X33",5,0.840334241444453
"X25","X35",5,0.805672017898711
"X25","X36",5,0.799640494080748
"X25","X38",5,0.804054013177839
"X25","X39",5,0.791257036936271
"X25","X31",5,0.857753710315269
"X25","X32",5,0.846634087900796
"X33","X23",5,0.834868286953955
"X33","X25",5,0.840334241444704
"X33","X35",5,0.932686778693691
"X33","X36",5,0.968297870106255
"X33","X38",5,0.951766651127185
"X33","X39",5,0.927823321240183
"X33","X31",5,0.983764009016112
"X33","X32",5,0.965544057581017
"X35","X23",5,0.7961939298706
"X35","X25",5,0.805672017898691
"X35","X33",5,0.932686778694173
"X35","X36",5,0.931643159771745
"X35","X38",5,0.982329604003265
"X35","X39",5,0.993259850983589
"X35","X31",5,0.94046693032707
"X35","X32",5,0.963543783699386
"X36","X23",5,0.794345906840143
"X36","X25",5,0.799640494081131
"X36","X33",5,0.968297870105874
"X36","X35",5,0.931643159773216
"X36","X38",5,0.958094269014947
"X36","X39",5,0.935053793426547
"X36","X31",5,0.947026349564624
"X36","X32",5,0.941007585941743
"X38","X23",5,0.795903332695769
"X38","X25",5,0.80405401317776
"X38","X33",5,0.951766651127005
"X38","X35",5,0.982329604002153
"X38","X36",5,0.958094269013816
"X38","X39",5,0.984252153377164
"X38","X31",5,0.951032712327732
"X38","X32",5,0.96624448598388
"X39","X23",5,0.782087790446534
"X39","X25",5,0.791257036936274
"X39","X33",5,0.927823321239347
"X39","X35",5,0.993259850983479
"X39","X36",5,0.935053793426658
"X39","X38",5,0.984252153377099
"X39","X31",5,0.931059649324832
"X39","X32",5,0.951703014986683
"X31","X23",5,0.850876763038147
"X31","X25",5,0.857753710315247
"X31","X33",5,0.983764009016
"X31","X35",5,0.940466930326957
"X31","X36",5,0.947026349565024
"X31","X38",5,0.951032712327593
"X31","X39",5,0.931059649324708
"X31","X32",5,0.983571245235882
"X32","X23",5,0.838180652083241
"X32","X25",5,0.846634087900754
"X32","X33",5,0.965544057581542
"X32","X35",5,0.963543783699355
"X32","X36",5,0.941007585941086
"X32","X38",5,0.966244485983857
"X32","X39",5,0.951703014986842
"X32","X31",5,0.98357124523548
"Y01","Y02",6,0.954683514095832
"Y01","Y03",6,0.868291596920507
"Y01","Y05",6,0.82401116029748
"Y01","Y06",6,0.812873003197623
"Y01","Y08",6,0.764928206627464
"Y01","Y11",6,0.863152127164492
"Y01","Y12",6,0.693507540021254
"Y01","Y16",6,0.513584722072711
"Y01","Y17",6,0.503012930264247
"Y01","Y19",6,0.742298739240986
"Y01","Y23",6,0.497197348182919
"Y01","Y25",6,0.3854215492565
"Y01","Y26",6,0.354239715280624
"Y01","Y27",6,0.277906824098576
"Y01","Y29",6,0.21816161514144
"Y01","Y30",6,0.214779721803327
"Y01","Y31",6,0.131617335014332
"Y01","Y34",6,0.422971705424471
"Y01","Y35",6,0.426319495990095
"Y02","Y01",6,0.954683514095344
"Y02","Y03",6,0.922479769521863
"Y02","Y05",6,0.874965898322606
"Y02","Y06",6,0.862218118384707
"Y02","Y08",6,0.809060850114823
"Y02","Y11",6,0.911660800453646
"Y02","Y12",6,0.740733934958187
"Y02","Y16",6,0.555477463077391
"Y02","Y17",6,0.543970054316522
"Y02","Y19",6,0.77625410989747
"Y02","Y23",6,0.507190449780949
"Y02","Y25",6,0.394399016753916
"Y02","Y26",6,0.362177817684423
"Y02","Y27",6,0.284289361867643
"Y02","Y29",6,0.224029375327589
"Y02","Y30",6,0.223772146184139
"Y02","Y31",6,0.135721359024107
"Y02","Y34",6,0.429686138636819
"Y02","Y35",6,0.429367301602541
"Y03","Y01",6,0.868291596921256
"Y03","Y02",6,0.922479769522574
"Y03","Y05",6,0.953529276550082
"Y03","Y06",6,0.937194259883654
"Y03","Y08",6,0.875754922803243
"Y03","Y11",6,0.940123740447233
"Y03","Y12",6,0.796495905740805
"Y03","Y16",6,0.603659661230452
"Y03","Y17",6,0.590281878071928
"Y03","Y19",6,0.796000438821294
"Y03","Y23",6,0.496744943579167
"Y03","Y25",6,0.384495381054624
"Y03","Y26",6,0.35110073051588
"Y03","Y27",6,0.271737980004937
"Y03","Y29",6,0.21129560634642
"Y03","Y30",6,0.216005091661236
"Y03","Y31",6,0.120987093931804
"Y03","Y34",6,0.415615875249899
"Y03","Y35",6,0.409630594374287
"Y05","Y01",6,0.824011160297585
"Y05","Y02",6,0.874965898322327
"Y05","Y03",6,0.953529276550086
"Y05","Y06",6,0.992249477041407
"Y05","Y08",6,0.930011408718615
"Y05","Y11",6,0.890469103165558
"Y05","Y12",6,0.781205761182355
"Y05","Y16",6,0.588933623831669
"Y05","Y17",6,0.574378533845335
"Y05","Y19",6,0.757581371596864
"Y05","Y23",6,0.451703217084796
"Y05","Y25",6,0.340331162110808
"Y05","Y26",6,0.306652464814517
"Y05","Y27",6,0.227053649112955
"Y05","Y29",6,0.166742213799026
"Y05","Y30",6,0.17337874393066
"Y05","Y31",6,0.0759286283342609
"Y05","Y34",6,0.369764043858683
"Y05","Y35",6,0.36188589420767
"Y06","Y01",6,0.812873003197509
"Y06","Y02",6,0.862218118384691
"Y06","Y03",6,0.937194259883606
"Y06","Y05",6,0.992249477041841
"Y06","Y08",6,0.947083082043384
"Y06","Y11",6,0.873388106295106
"Y06","Y12",6,0.769399927404835
"Y06","Y16",6,0.578111499690795
"Y06","Y17",6,0.56331175689646
"Y06","Y19",6,0.741695660004489
"Y06","Y23",6,0.43518901128239
"Y06","Y25",6,0.323958711820179
"Y06","Y26",6,0.290248234105528
"Y06","Y27",6,0.210630839288627
"Y06","Y29",6,0.150345677487187
"Y06","Y30",6,0.157260193946522
"Y06","Y31",6,0.0594737328327893
"Y06","Y34",6,0.353168024881837
"Y06","Y35",6,0.345080216591685
"Y08","Y01",6,0.764928206627483
"Y08","Y02",6,0.809060850114875
"Y08","Y03",6,0.875754922803398
"Y08","Y05",6,0.930011408718507
"Y08","Y06",6,0.947083082043507
"Y08","Y11",6,0.811195614105946
"Y08","Y12",6,0.72334625135147
"Y08","Y16",6,0.537299275650118
"Y08","Y17",6,0.521777739293765
"Y08","Y19",6,0.683546075514089
"Y08","Y23",6,0.375364198676037
"Y08","Y25",6,0.264712849699056
"Y08","Y26",6,0.230898209477369
"Y08","Y27",6,0.151239340506151
"Y08","Y29",6,0.0910722214059967
"Y08","Y30",6,0.0990298964916776
"Y08","Y31",6,8.962830191177e-14
"Y08","Y34",6,0.293072392287922
"Y08","Y35",6,0.284175990124057
"Y11","Y01",6,0.86315212716503
"Y11","Y02",6,0.911660800453445
"Y11","Y03",6,0.940123740447266
"Y11","Y05",6,0.890469103165304
"Y11","Y06",6,0.873388106295442
"Y11","Y08",6,0.811195614105941
"Y11","Y12",6,0.838379226060924
"Y11","Y16",6,0.65192569199714
"Y11","Y17",6,0.639927051215094
"Y11","Y19",6,0.861574790494813
"Y11","Y23",6,0.565918611044898
"Y11","Y25",6,0.453602813026158
"Y11","Y26",6,0.420244214320964
"Y11","Y27",6,0.340909446303868
"Y11","Y29",6,0.280461645613519
"Y11","Y30",6,0.284904417774741
"Y11","Y31",6,0.190185943063782
"Y11","Y34",6,0.484823870787595
"Y11","Y35",6,0.478668771851
"Y12","Y01",6,0.693507540022044
"Y12","Y02",6,0.740733934957923
"Y12","Y03",6,0.796495905740838
"Y12","Y05",6,0.781205761183535
"Y12","Y06",6,0.769399927405692
"Y12","Y08",6,0.723346251352544
"Y12","Y11",6,0.838379226061139
"Y12","Y16",6,0.815982452248434
"Y12","Y17",6,0.801988506419975
"Y12","Y19",6,0.900802908558441
"Y12","Y23",6,0.62323904662322
"Y12","Y25",6,0.521428364886041
"Y12","Y26",6,0.487588074665724
"Y12","Y27",6,0.409139722516493
"Y12","Y29",6,0.350751211392596
"Y12","Y30",6,0.365140119374703
"Y12","Y31",6,0.259328484139847
"Y12","Y34",6,0.541390535065068
"Y12","Y35",6,0.523109889640827
"Y16","Y01",6,0.513584722072208
"Y16","Y02",6,0.555477463078682
"Y16","Y03",6,0.603659661229796
"Y16","Y05",6,0.588933623831873
"Y16","Y06",6,0.578111499690537
"Y16","Y08",6,0.537299275650209
"Y16","Y11",6,0.651925691997292
"Y16","Y12",6,0.81598245224721
"Y16","Y17",6,0.992576724474451
"Y16","Y19",6,0.773673276233706
"Y16","Y23",6,0.676156120953933
"Y16","Y25",6,0.606326708515678
"Y16","Y26",6,0.576115400541353
"Y16","Y27",6,0.506517398346309
"Y16","Y29",6,0.454979993993604
"Y16","Y30",6,0.480338205683939
"Y16","Y31",6,0.367466763699614
"Y16","Y34",6,0.60895074314368
"Y16","Y35",6,0.578221353288102
"Y17","Y01",6,0.503012930264689
"Y17","Y02",6,0.543970054316008
"Y17","Y03",6,0.590281878072068
"Y17","Y05",6,0.574378533844737
"Y17","Y06",6,0.563311756896179
"Y17","Y08",6,0.521777739292951
"Y17","Y11",6,0.639927051216201
"Y17","Y12",6,0.801988506418823
"Y17","Y16",6,0.992576724474276
"Y17","Y19",6,0.765303875500125
"Y17","Y23",6,0.685476775551725
"Y17","Y25",6,0.618799913814504
"Y17","Y26",6,0.589014293784331
"Y17","Y27",6,0.520286613479596
"Y17","Y29",6,0.469310769120909
"Y17","Y30",6,0.495245319936594
"Y17","Y31",6,0.382185833664935
"Y17","Y34",6,0.620097265386227
"Y17","Y35",6,0.588618889673571
"Y19","Y01",6,0.742298739240016
"Y19","Y02",6,0.776254109897439
"Y19","Y03",6,0.796000438820821
"Y19","Y05",6,0.757581371597222
"Y19","Y06",6,0.741695660004557
"Y19","Y08",6,0.683546075514745
"Y19","Y11",6,0.861574790494931
"Y19","Y12",6,0.900802908558409
"Y19","Y16",6,0.773673276233801
"Y19","Y17",6,0.765303875501383
"Y19","Y23",6,0.699820074515626
"Y19","Y25",6,0.59023154634705
"Y19","Y26",6,0.556339402403205
"Y19","Y27",6,0.476683864166108
"Y19","Y29",6,0.416641935864135
"Y19","Y30",6,0.424715726815365
"Y19","Y31",6,0.325425959709186
"Y19","Y34",6,0.617093620424582
"Y19","Y35",6,0.605000713569287
"Y23","Y01",6,0.497197348181617
"Y23","Y02",6,0.507190449781065
"Y23","Y03",6,0.496744943579016
"Y23","Y05",6,0.451703217085264
"Y23","Y06",6,0.435189011282595
"Y23","Y08",6,0.375364198676219
"Y23","Y11",6,0.565918611044703
"Y23","Y12",6,0.623239046623296
"Y23","Y16",6,0.676156120953636
"Y23","Y17",6,0.685476775551509
"Y23","Y19",6,0.699820074516133
"Y23","Y25",6,0.89642205286779
"Y23","Y26",6,0.863533108339939
"Y23","Y27",6,0.7843225557493
"Y23","Y29",6,0.723871063851945
"Y23","Y30",6,0.725913324138764
"Y23","Y31",6,0.63346071452105
"Y23","Y34",6,0.92651043206478
"Y23","Y35",6,0.907479707824546
"Y25","Y01",6,0.385421549255766
"Y25","Y02",6,0.394399016753038
"Y25","Y03",6,0.38449538105518
"Y25","Y05",6,0.340331162110636
"Y25","Y06",6,0.323958711819793
"Y25","Y08",6,0.264712849699379
"Y25","Y11",6,0.453602813025696
"Y25","Y12",6,0.521428364885882
"Y25","Y16",6,0.606326708515664
"Y25","Y17",6,0.618799913814513
"Y25","Y19",6,0.590231546346697
"Y25","Y23",6,0.896422052867008
"Y25","Y26",6,0.975327771183765
"Y25","Y27",6,0.895767358455359
"Y25","Y29",6,0.83568868032793
"Y25","Y30",6,0.838570514513646
"Y25","Y31",6,0.744520889857208
"Y25","Y34",6,0.965045209648339
"Y25","Y35",6,0.933604961236649
"Y26","Y01",6,0.354239715281436
"Y26","Y02",6,0.362177817684161
"Y26","Y03",6,0.351100730515608
"Y26","Y05",6,0.306652464814273
"Y26","Y06",6,0.290248234105327
"Y26","Y08",6,0.230898209477839
"Y26","Y11",6,0.420244214321427
"Y26","Y12",6,0.48758807466561
"Y26","Y16",6,0.576115400541349
"Y26","Y17",6,0.589014293784332
"Y26","Y19",6,0.556339402403396
"Y26","Y23",6,0.863533108340487
"Y26","Y25",6,0.975327771183657
"Y26","Y27",6,0.92966890143632
"Y26","Y29",6,0.869419098708047
"Y26","Y30",6,0.869596700190087
"Y26","Y31",6,0.778411462895406
"Y26","Y34",6,0.939739076584456
"Y26","Y35",6,0.920329839839386
"Y27","Y01",6,0.277906824097895
"Y27","Y02",6,0.284289361867235
"Y27","Y03",6,0.271737980004795
"Y27","Y05",6,0.227053649113276
"Y27","Y06",6,0.210630839288239
"Y27","Y08",6,0.151239340506954
"Y27","Y11",6,0.340909446303838
"Y27","Y12",6,0.40913972251609
"Y27","Y16",6,0.506517398346285
"Y27","Y17",6,0.52028661347958
"Y27","Y19",6,0.47668386416595
"Y27","Y23",6,0.784322555749479
"Y27","Y25",6,0.895767358454908
"Y27","Y26",6,0.929668901436248
"Y27","Y29",6,0.948862571908366
"Y27","Y30",6,0.937459827314224
"Y27","Y31",6,0.858072661541471
"Y27","Y34",6,0.863920265501871
"Y27","Y35",6,0.857145911814449
"Y29","Y01",6,0.218161615140865
"Y29","Y02",6,0.224029375327399
"Y29","Y03",6,0.211295606346678
"Y29","Y05",6,0.166742213798761
"Y29","Y06",6,0.150345677487702
"Y29","Y08",6,0.0910722214064204
"Y29","Y11",6,0.280461645613292
"Y29","Y12",6,0.350751211392893
"Y29","Y16",6,0.45497999399361
"Y29","Y17",6,0.469310769120877
"Y29","Y19",6,0.416641935864762
"Y29","Y23",6,0.723871063852431
"Y29","Y25",6,0.835688680327825
"Y29","Y26",6,0.869419098707224
"Y29","Y27",6,0.948862571908513
"Y29","Y30",6,0.963751048090777
"Y29","Y31",6,0.917808370773982
"Y29","Y34",6,0.803661691060337
"Y29","Y35",6,0.799468547023904
"Y30","Y01",6,0.214779721803307
"Y30","Y02",6,0.223772146184191
"Y30","Y03",6,0.216005091660512
"Y30","Y05",6,0.173378743930344
"Y30","Y06",6,0.157260193946428
"Y30","Y08",6,0.0990298964923911
"Y30","Y11",6,0.284904417774395
"Y30","Y12",6,0.365140119374969
"Y30","Y16",6,0.480338205684252
"Y30","Y17",6,0.495245319936392
"Y30","Y19",6,0.424715726815252
"Y30","Y23",6,0.725913324139706
"Y30","Y25",6,0.838570514512881
"Y30","Y26",6,0.869596700189896
"Y30","Y27",6,0.93745982731302
"Y30","Y29",6,0.963751048090391
"Y30","Y31",6,0.895521698379646
"Y30","Y34",6,0.800151736935136
"Y30","Y35",6,0.787807080175216
"Y31","Y01",6,0.131617335013699
"Y31","Y02",6,0.13572135902474
"Y31","Y03",6,0.120987093931935
"Y31","Y05",6,0.075928628334416
"Y31","Y06",6,0.0594737328333504
"Y31","Y08",6,0
"Y31","Y11",6,0.190185943063862
"Y31","Y12",6,0.259328484139602
"Y31","Y16",6,0.367466763699513
"Y31","Y17",6,0.382185833664811
"Y31","Y19",6,0.325425959709525
"Y31","Y23",6,0.633460714521848
"Y31","Y25",6,0.744520889857678
"Y31","Y26",6,0.778411462895023
"Y31","Y27",6,0.858072661541524
"Y31","Y29",6,0.917808370773787
"Y31","Y30",6,0.895521698379629
"Y31","Y34",6,0.714458664757925
"Y31","Y35",6,0.714618471765277
"Y34","Y01",6,0.422971705425715
"Y34","Y02",6,0.429686138637543
"Y34","Y03",6,0.415615875249459
"Y34","Y05",6,0.369764043858092
"Y34","Y06",6,0.353168024881708
"Y34","Y08",6,0.293072392288305
"Y34","Y11",6,0.484823870787837
"Y34","Y12",6,0.541390535064942
"Y34","Y16",6,0.608950743143712
"Y34","Y17",6,0.620097265386233
"Y34","Y19",6,0.617093620424768
"Y34","Y23",6,0.926510432064792
"Y34","Y25",6,0.965045209647593
"Y34","Y26",6,0.939739076584299
"Y34","Y27",6,0.863920265502299
"Y34","Y29",6,0.80366169106051
"Y34","Y30",6,0.800151736935462
"Y34","Y31",6,0.714458664758479
"Y34","Y35",6,0.970080102714021
"Y35","Y01",6,0.426319495989459
"Y35","Y02",6,0.429367301601828
"Y35","Y03",6,0.409630594373673
"Y35","Y05",6,0.361885894207848
"Y35","Y06",6,0.3450802165917
"Y35","Y08",6,0.284175990124256
"Y35","Y11",6,0.478668771850695
"Y35","Y12",6,0.523109889640812
"Y35","Y16",6,0.578221353288288
"Y35","Y17",6,0.588618889673418
"Y35","Y19",6,0.605000713569192
"Y35","Y23",6,0.907479707824559
"Y35","Y25",6,0.933604961236643
"Y35","Y26",6,0.920329839838985
"Y35","Y27",6,0.85714591181435
"Y35","Y29",6,0.799468547023996
"Y35","Y30",6,0.787807080175014
"Y35","Y31",6,0.714618471765189
"Y35","Y34",6,0.970080102714381
"Z03","Z05",6,0.826630066261103
"Z03","Z06",6,0.853158026209928
"Z03","Z07",6,0.85349634051077
"Z03","Z08",6,0.915659473721937
"Z03","Z10",6,0.855311863306295
"Z03","Z15",6,0.807812862560417
"Z03","Z17",6,0.748582160494361
"Z03","Z18",6,0.843212031555866
"Z03","Z19",6,0.859057773986488
"Z03","Z20",6,0.861019316289986
"Z03","Z21",6,0.86808670091507
"Z03","Z25",6,0.869691639094119
"Z03","Z26",6,0.847389785992993
"Z03","Z28",6,0.723146645714908
"Z03","Z31",6,0.667924944776486
"Z03","Z32",6,0.636200054825835
"Z03","Z35",6,0.833607161900714
"Z05","Z03",6,0.826630066261561
"Z05","Z06",6,0.97362444699621
"Z05","Z07",6,0.94945703258868
"Z05","Z08",6,0.907374450690058
"Z05","Z10",6,0.818395911112711
"Z05","Z15",6,0.766798185364566
"Z05","Z17",6,0.714483342367541
"Z05","Z18",6,0.741603899039455
"Z05","Z19",6,0.746673723697202
"Z05","Z20",6,0.737062081652158
"Z05","Z21",6,0.738752528005415
"Z05","Z25",6,0.699813826970304
"Z05","Z26",6,0.673102654989566
"Z05","Z28",6,0.557030049927026
"Z05","Z31",6,0.540379959539689
"Z05","Z32",6,0.518598524789145
"Z05","Z35",6,0.689009563134902
"Z06","Z03",6,0.853158026209811
"Z06","Z05",6,0.973624446995935
"Z06","Z07",6,0.981776892312349
"Z06","Z08",6,0.940420542519115
"Z06","Z10",6,0.853368645519065
"Z06","Z15",6,0.800834011264121
"Z06","Z17",6,0.747029096642654
"Z06","Z18",6,0.777309795315268
"Z06","Z19",6,0.782261741850986
"Z06","Z20",6,0.77242868307911
"Z06","Z21",6,0.773917101380234
"Z06","Z25",6,0.732053235074324
"Z06","Z26",6,0.704736537186395
"Z06","Z28",6,0.590653591655174
"Z06","Z31",6,0.576080700157932
"Z06","Z32",6,0.554251153103552
"Z06","Z35",6,0.723837716706352
"Z07","Z03",6,0.853496340509983
"Z07","Z05",6,0.949457032588241
"Z07","Z06",6,0.98177689231245
"Z07","Z08",6,0.94669434402254
"Z07","Z10",6,0.877801182227668
"Z07","Z15",6,0.826672518851137
"Z07","Z17",6,0.773895477765289
"Z07","Z18",6,0.798160818509716
"Z07","Z19",6,0.80154892770553
"Z07","Z20",6,0.790483778212149
"Z07","Z21",6,0.791107799477584
"Z07","Z25",6,0.742526338489173
"Z07","Z26",6,0.714340536053344
"Z07","Z28",6,0.604379217818941
"Z07","Z31",6,0.597084500912179
"Z07","Z32",6,0.576619445235404
"Z07","Z35",6,0.740123369716259
"Z08","Z03",6,0.915659473721954
"Z08","Z05",6,0.907374450690038
"Z08","Z06",6,0.940420542519391
"Z08","Z07",6,0.946694344022069
"Z08","Z10",6,0.896793667095843
"Z08","Z15",6,0.840832624143491
"Z08","Z17",6,0.781535296132028
"Z08","Z18",6,0.836017797020637
"Z08","Z19",6,0.843938222814744
"Z08","Z20",6,0.83620917306691
"Z08","Z21",6,0.838811414179033
"Z08","Z25",6,0.80096287083107
"Z08","Z26",6,0.773603149342235
"Z08","Z28",6,0.658974206713384
"Z08","Z31",6,0.636670136450111
"Z08","Z32",6,0.611990393560819
"Z08","Z35",6,0.790130378380097
"Z10","Z03",6,0.855311863305203
"Z10","Z05",6,0.818395911112562
"Z10","Z06",6,0.853368645519027
"Z10","Z07",6,0.877801182227789
"Z10","Z08",6,0.896793667095707
"Z10","Z15",6,0.953370612462974
"Z10","Z17",6,0.893618961609526
"Z10","Z18",6,0.921187378926865
"Z10","Z19",6,0.917140312284449
"Z10","Z20",6,0.90142699683717
"Z10","Z21",6,0.897664933385408
"Z10","Z25",6,0.822630226120278
"Z10","Z26",6,0.793566802560358
"Z10","Z28",6,0.708404104672474
"Z10","Z31",6,0.724854126562051
"Z10","Z32",6,0.706906084024076
"Z10","Z35",6,0.847869161092136
"Z15","Z03",6,0.80781286256121
"Z15","Z05",6,0.766798185364637
"Z15","Z06",6,0.800834011264044
"Z15","Z07",6,0.826672518850676
"Z15","Z08",6,0.840832624143415
"Z15","Z10",6,0.953370612463354
"Z15","Z17",6,0.948756425602515
"Z15","Z18",6,0.930930806269202
"Z15","Z19",6,0.916722705804021
"Z15","Z20",6,0.899843501064707
"Z15","Z21",6,0.892410346394996
"Z15","Z25",6,0.809129372655682
"Z15","Z26",6,0.782262068495189
"Z15","Z28",6,0.719405512195817
"Z15","Z31",6,0.761146501217428
"Z15","Z32",6,0.748729072699157
"Z15","Z35",6,0.852446964938784
"Z17","Z03",6,0.748582160494936
"Z17","Z05",6,0.714483342367849
"Z17","Z06",6,0.747029096642404
"Z17","Z07",6,0.773895477765616
"Z17","Z08",6,0.781535296131202
"Z17","Z10",6,0.893618961608964
"Z17","Z15",6,0.948756425602438
"Z17","Z18",6,0.892668202078569
"Z17","Z19",6,0.874655740899918
"Z17","Z20",6,0.859954193314079
"Z17","Z21",6,0.851058465337065
"Z17","Z25",6,0.768816194653842
"Z17","Z26",6,0.744874912942456
"Z17","Z28",6,0.705319481311195
"Z17","Z31",6,0.7769837020409
"Z17","Z32",6,0.773904366283221
"Z17","Z35",6,0.823573241796907
"Z18","Z03",6,0.843212031555499
"Z18","Z05",6,0.741603899039261
"Z18","Z06",6,0.777309795315269
"Z18","Z07",6,0.798160818509689
"Z18","Z08",6,0.836017797020525
"Z18","Z10",6,0.921187378926844
"Z18","Z15",6,0.930930806268569
"Z18","Z17",6,0.892668202078332
"Z18","Z19",6,0.990679936924177
"Z18","Z20",6,0.976477833740967
"Z18","Z21",6,0.967717314962292
"Z18","Z25",6,0.884749995633513
"Z18","Z26",6,0.859268413918245
"Z18","Z28",6,0.793754273059439
"Z18","Z31",6,0.808075760437743
"Z18","Z32",6,0.785211170501234
"Z18","Z35",6,0.930381074829434
"Z19","Z03",6,0.859057773985873
"Z19","Z05",6,0.746673723697154
"Z19","Z06",6,0.782261741851035
"Z19","Z07",6,0.801548927705593
"Z19","Z08",6,0.843938222814765
"Z19","Z10",6,0.917140312284367
"Z19","Z15",6,0.916722705805327
"Z19","Z17",6,0.874655740900035
"Z19","Z18",6,0.990679936925846
"Z19","Z20",6,0.992232515855779
"Z19","Z21",6,0.984904798315561
"Z19","Z25",6,0.901348366250961
"Z19","Z26",6,0.874861331733742
"Z19","Z28",6,0.800588228990134
"Z19","Z31",6,0.802051452599318
"Z19","Z32",6,0.776585557145779
"Z19","Z35",6,0.939855021447592
"Z20","Z03",6,0.861019316289856
"Z20","Z05",6,0.737062081652167
"Z20","Z06",6,0.772428683079263
"Z20","Z07",6,0.790483778212147
"Z20","Z08",6,0.83620917306697
"Z20","Z10",6,0.901426996836993
"Z20","Z15",6,0.89984350106533
"Z20","Z17",6,0.859954193313179
"Z20","Z18",6,0.976477833740847
"Z20","Z19",6,0.992232515855611
"Z20","Z21",6,0.999999999999636
"Z20","Z25",6,0.917545519528149
"Z20","Z26",6,0.891594974100429
"Z20","Z28",6,0.816034684337365
"Z20","Z31",6,0.808732820812609
"Z20","Z32",6,0.780968253489331
"Z20","Z35",6,0.955681529095764
"Z21","Z03",6,0.868086700915197
"Z21","Z05",6,0.738752528005335
"Z21","Z06",6,0.773917101380228
"Z21","Z07",6,0.791107799477584
"Z21","Z08",6,0.838811414178963
"Z21","Z10",6,0.897664933385482
"Z21","Z15",6,0.892410346394557
"Z21","Z17",6,0.85105846533833
"Z21","Z18",6,0.967717314963174
"Z21","Z19",6,0.984904798315195
"Z21","Z20",6,1
"Z21","Z25",6,0.925771198221276
"Z21","Z26",6,0.899167497380828
"Z21","Z28",6,0.818463711898797
"Z21","Z31",6,0.804422094876988
"Z21","Z32",6,0.775579766760768
"Z21","Z35",6,0.957700330323955
"Z25","Z03",6,0.869691639094102
"Z25","Z05",6,0.699813826970287
"Z25","Z06",6,0.732053235074321
"Z25","Z07",6,0.74252633848944
"Z25","Z08",6,0.800962870831322
"Z25","Z10",6,0.822630226120007
"Z25","Z15",6,0.809129372656169
"Z25","Z17",6,0.768816194653443
"Z25","Z18",6,0.884749995632691
"Z25","Z19",6,0.901348366251406
"Z25","Z20",6,0.91754551952877
"Z25","Z21",6,0.925771198220523
"Z25","Z26",6,0.979917223548594
"Z25","Z28",6,0.862708641157949
"Z25","Z31",6,0.789365978573112
"Z25","Z32",6,0.75226871619789
"Z25","Z35",6,0.942706539219512
"Z26","Z03",6,0.847389785992979
"Z26","Z05",6,0.673102654989312
"Z26","Z06",6,0.704736537186314
"Z26","Z07",6,0.714340536053574
"Z26","Z08",6,0.773603149342372
"Z26","Z10",6,0.793566802561051
"Z26","Z15",6,0.782262068494733
"Z26","Z17",6,0.744874912943083
"Z26","Z18",6,0.859268413918139
"Z26","Z19",6,0.874861331734015
"Z26","Z20",6,0.891594974100607
"Z26","Z21",6,0.899167497380909
"Z26","Z25",6,0.97991722354786
"Z26","Z28",6,0.883101224548431
"Z26","Z31",6,0.791460688634462
"Z26","Z32",6,0.752568935295862
"Z26","Z35",6,0.926812633959419
"Z28","Z03",6,0.723146645714901
"Z28","Z05",6,0.557030049927031
"Z28","Z06",6,0.590653591655104
"Z28","Z07",6,0.60437921781911
"Z28","Z08",6,0.658974206713371
"Z28","Z10",6,0.708404104672286
"Z28","Z15",6,0.719405512195454
"Z28","Z17",6,0.705319481312072
"Z28","Z18",6,0.793754273059936
"Z28","Z19",6,0.800588228989889
"Z28","Z20",6,0.81603468433745
"Z28","Z21",6,0.818463711898664
"Z28","Z25",6,0.862708641158038
"Z28","Z26",6,0.883101224548375
"Z28","Z31",6,0.865562541684047
"Z28","Z32",6,0.825884639312155
"Z28","Z35",6,0.869673964775197
"Z31","Z03",6,0.667924944776342
"Z31","Z05",6,0.540379959539516
"Z31","Z06",6,0.576080700157725
"Z31","Z07",6,0.597084500912129
"Z31","Z08",6,0.636670136449957
"Z31","Z10",6,0.724854126562038
"Z31","Z15",6,0.761146501217417
"Z31","Z17",6,0.776983702041031
"Z31","Z18",6,0.808075760437355
"Z31","Z19",6,0.80205145259953
"Z31","Z20",6,0.808732820812848
"Z31","Z21",6,0.804422094876532
"Z31","Z25",6,0.789365978573009
"Z31","Z26",6,0.791460688634204
"Z31","Z28",6,0.865562541684722
"Z31","Z32",6,0.968603204808343
"Z31","Z35",6,0.843291348815198
"Z32","Z03",6,0.636200054825681
"Z32","Z05",6,0.518598524789435
"Z32","Z06",6,0.55425115310378
"Z32","Z07",6,0.576619445235144
"Z32","Z08",6,0.611990393561017
"Z32","Z10",6,0.706906084023908
"Z32","Z15",6,0.748729072699087
"Z32","Z17",6,0.773904366283308
"Z32","Z18",6,0.785211170501432
"Z32","Z19",6,0.776585557145974
"Z32","Z20",6,0.780968253488676
"Z32","Z21",6,0.775579766760712
"Z32","Z25",6,0.752268716198618
"Z32","Z26",6,0.752568935295199
"Z32","Z28",6,0.82588463931193
"Z32","Z31",6,0.968603204808775
"Z32","Z35",6,0.809701786647226
"Z35","Z03",6,0.83360716190114
"Z35","Z05",6,0.689009563134892
"Z35","Z06",6,0.723837716706349
"Z35","Z07",6,0.740123369716243
"Z35","Z08",6,0.790130378380054
"Z35","Z10",6,0.847869161092426
"Z35","Z15",6,0.852446964938318
"Z35","Z17",6,0.823573241797486
"Z35","Z18",6,0.930381074829168
"Z35","Z19",6,0.93985502144765
"Z35","Z20",6,0.955681529095263
"Z35","Z21",6,0.957700330323677
"Z35","Z25",6,0.942706539219055
"Z35","Z26",6,0.926812633960473
"Z35","Z28",6,0.869673964774891
"Z35","Z31",6,0.843291348814776
"Z35","Z32",6,0.809701786647246
"X25","X27",6,0.954706338571072
"X25","X36",6,0.792520050667211
"X25","X38",6,0.797090418888286
"X25","X39",6,0.783838659407089
"X25","X31",6,0.852698513898015
"X25","X32",6,0.841183718607571
"X27","X25",6,0.954706338571072
"X27","X36",6,0.842608151006218
"X27","X38",6,0.851260714588084
"X27","X39",6,0.838459720456601
"X27","X31",6,0.905032188902797
"X27","X32",6,0.895485881982488
"X36","X25",6,0.792520050667607
"X36","X27",6,0.842608151005889
"X36","X38",6,0.956605009072859
"X36","X39",6,0.932745713324689
"X36","X31",6,0.945143754183871
"X36","X32",6,0.938911093717915
"X38","X25",6,0.797090418888204
"X38","X27",6,0.851260714588242
"X38","X36",6,0.956605009071689
"X38","X39",6,0.983692501114854
"X38","X31",6,0.94929249641242
"X38","X32",6,0.965044871189743
"X39","X25",6,0.783838659407092
"X39","X27",6,0.8384597204566
"X39","X36",6,0.932745713324805
"X39","X38",6,0.983692501114787
"X39","X31",6,0.928609623988426
"X39","X32",6,0.949986620512391
"X31","X25",6,0.852698513897992
"X31","X27",6,0.905032188902525
"X31","X36",6,0.945143754184285
"X31","X38",6,0.949292496412276
"X31","X39",6,0.928609623988298
"X31","X32",6,0.982987394631359
"X32","X25",6,0.841183718607528
"X32","X27",6,0.895485881982471
"X32","X36",6,0.938911093717234
"X32","X38",6,0.965044871189719
"X32","X39",6,0.949986620512555
"X32","X31",6,0.982987394630943
"Y04","Y05",8,0.984343085318074
"Y04","Y06",8,0.965203190725661
"Y04","Y18",8,0.468460516597962
"Y04","Y19",8,0.751274337633643
"Y04","Y20",8,0.709155062124227
"Y04","Y22",8,0.653718466261296
"Y04","Y23",8,0.397856260091986
"Y04","Y33",8,0.0522395501870422
"Y05","Y04",8,0.984343085318066
"Y05","Y06",8,0.999999999999493
"Y05","Y18",8,0.456790545249869
"Y05","Y19",8,0.726127084803928
"Y05","Y20",8,0.682314733409604
"Y05","Y22",8,0.624313332223229
"Y05","Y23",8,0.369147418938527
"Y05","Y33",8,0.019889471168388
"Y06","Y04",8,0.965203190725686
"Y06","Y05",8,1
"Y06","Y18",8,0.44348445561322
"Y06","Y19",8,0.707587427974474
"Y06","Y20",8,0.663381125332502
"Y06","Y22",8,0.604831311785536
"Y06","Y23",8,0.349874268560138
"Y06","Y33",8,3.53240188958209e-13
"Y18","Y04",8,0.46846051659847
"Y18","Y05",8,0.456790545250701
"Y18","Y06",8,0.443484455612385
"Y18","Y19",8,0.69194097838994
"Y18","Y20",8,0.700285246426393
"Y18","Y22",8,0.68132204206123
"Y18","Y23",8,0.656815247104524
"Y18","Y33",8,0.299042346095386
"Y19","Y04",8,0.751274337633014
"Y19","Y05",8,0.726127084804346
"Y19","Y06",8,0.707587427974554
"Y19","Y18",8,0.691940978389137
"Y19","Y20",8,0.972072410104365
"Y19","Y22",8,0.902871760454512
"Y19","Y23",8,0.658715900880367
"Y19","Y33",8,0.292925673906511
"Y20","Y04",8,0.709155062124539
"Y20","Y05",8,0.682314733409234
"Y20","Y06",8,0.663381125332761
"Y20","Y18",8,0.700285246426013
"Y20","Y19",8,0.972072410104246
"Y20","Y22",8,0.949693349709657
"Y20","Y23",8,0.705286569364516
"Y20","Y33",8,0.340789381373707
"Y22","Y04",8,0.653718466261735
"Y22","Y05",8,0.62431333222347
"Y22","Y06",8,0.60483131178472
"Y22","Y18",8,0.681322042061036
"Y22","Y19",8,0.902871760454522
"Y22","Y20",8,0.949693349709657
"Y22","Y23",8,0.763822974064424
"Y22","Y33",8,0.40820472346364
"Y23","Y04",8,0.397856260092185
"Y23","Y05",8,0.369147418939073
"Y23","Y06",8,0.349874268560377
"Y23","Y18",8,0.656815247104328
"Y23","Y19",8,0.658715900880959
"Y23","Y20",8,0.705286569364314
"Y23","Y22",8,0.7638229740639
"Y23","Y33",8,0.637515043884487
"Y33","Y04",8,0.0522395501865014
"Y33","Y05",8,0.0198894711682925
"Y33","Y06",8,0
"Y33","Y18",8,0.299042346095439
"Y33","Y19",8,0.292925673906825
"Y33","Y20",8,0.340789381374153
"Y33","Y22",8,0.408204723463797
"Y33","Y23",8,0.637515043884534
"Z28","Z29",8,0.984906240649712
"Z28","Z32",8,0.805841432909025
"Z29","Z28",8,0.984906240650493
"Z29","Z32",8,0.840840740640215
"Z32","Z28",8,0.805841432908762
"Z32","Z29",8,0.840840740640726
"X36","X32",8,0.937750643594835
"X32","X36",8,0.937750643594041
