"nest1","nest2","weight","site_comb","site_same_other","site_same_semi_other","dyad_ID","year","nest1_anthro","nest2_anthro","anthro","anthro_binary"
"X20","X18",0.428571428571428,"XX","same","same","X18_X20",2024,0,0,0,1
"X21","X18",0.714285714285714,"XX","same","same","X18_X21",2024,0,0,0,1
"X22","X18",0.714285714285714,"XX","same","same","X18_X22",2024,0,0,0,1
"X23","X18",0.285714285714286,"XX","same","same","X18_X23",2024,1,0,1,0
"X25","X18",0.714285714285714,"XX","same","same","X18_X25",2024,1,0,1,0
"X27","X18",0.625,"XX","same","same","X18_X27",2024,1,0,1,0
"X31","X18",0.777777777777778,"XX","same","same","X18_X31",2024,1,0,1,0
"X32","X18",0.714285714285714,"XX","same","same","X18_X32",2024,0,0,0,1
"X33","X18",0.571428571428571,"XX","same","same","X18_X33",2024,0,0,0,1
"X35","X18",0.5,"XX","same","same","X18_X35",2024,0,0,0,1
"X36","X18",0.571428571428571,"XX","same","same","X18_X36",2024,0,0,0,1
"X38","X18",0.5,"XX","same","same","X18_X38",2024,0,0,0,1
"X39","X18",0.857142857142857,"XX","same","same","X18_X39",2024,1,0,1,0
"Y01","X18",0.714285714285714,"YX","other","other","X18_Y01",2024,1,0,1,0
"Y02","X18",0.666666666666667,"YX","other","other","X18_Y02",2024,1,0,1,0
"Y03","X18",0.714285714285714,"YX","other","other","X18_Y03",2024,0,0,0,1
"Y04","X18",0.625,"YX","other","other","X18_Y04",2024,1,0,1,0
"Y05","X18",0.375,"YX","other","other","X18_Y05",2024,1,0,1,0
"Y06","X18",0.666666666666667,"YX","other","other","X18_Y06",2024,1,0,1,0
"Y07","X18",0.75,"YX","other","other","X18_Y07",2024,1,0,1,0
"Y08","X18",0.777777777777778,"YX","other","other","X18_Y08",2024,1,0,1,0
"Y09","X18",0.666666666666667,"YX","other","other","X18_Y09",2024,1,0,1,0
"Y10","X18",0.666666666666667,"YX","other","other","X18_Y10",2024,1,0,1,0
"Y11","X18",0.75,"YX","other","other","X18_Y11",2024,1,0,1,0
"Y12","X18",0.857142857142857,"YX","other","other","X18_Y12",2024,1,0,1,0
"Y14","X18",0.875,"YX","other","other","X18_Y14",2024,1,0,1,0
"Y16","X18",0.428571428571428,"YX","other","other","X18_Y16",2024,0,0,0,1
"Y17","X18",0.625,"YX","other","other","X18_Y17",2024,1,0,1,0
"Y18","X18",0.75,"YX","other","other","X18_Y18",2024,1,0,1,0
"Y19","X18",0.714285714285714,"YX","other","other","X18_Y19",2024,1,0,1,0
"Y20","X18",0.625,"YX","other","other","X18_Y20",2024,1,0,1,0
"Y21","X18",0.875,"YX","other","other","X18_Y21",2024,1,0,1,0
"Y22","X18",0.428571428571428,"YX","other","other","X18_Y22",2024,0,0,0,1
"Y23","X18",1,"YX","other","other","X18_Y23",2024,0,0,0,1
"Y24","X18",0.428571428571428,"YX","other","other","X18_Y24",2024,0,0,0,1
"Y25","X18",0.714285714285714,"YX","other","other","X18_Y25",2024,0,0,0,1
"Y26","X18",0.625,"YX","other","other","X18_Y26",2024,1,0,1,0
"Y27","X18",0.714285714285714,"YX","other","other","X18_Y27",2024,0,0,0,1
"Y28","X18",0.857142857142857,"YX","other","other","X18_Y28",2024,0,0,0,1
"Y29","X18",0.857142857142857,"YX","other","other","X18_Y29",2024,1,0,1,0
"Y30","X18",0.571428571428571,"YX","other","other","X18_Y30",2024,0,0,0,1
"Y31","X18",0.571428571428571,"YX","other","other","X18_Y31",2024,0,0,0,1
"Y32","X18",0.571428571428571,"YX","other","other","X18_Y32",2024,0,0,0,1
"Y33","X18",0.428571428571428,"YX","other","other","X18_Y33",2024,0,0,0,1
"Y34","X18",0.5,"YX","other","other","X18_Y34",2024,1,0,1,0
"Y35","X18",0.714285714285714,"YX","other","other","X18_Y35",2024,0,0,0,1
"Z02","X18",0.555555555555556,"ZX","other","other","X18_Z02",2024,1,0,1,0
"Z03","X18",0.714285714285714,"ZX","other","other","X18_Z03",2024,1,0,1,0
"Z05","X18",1,"ZX","other","other","X18_Z05",2024,1,0,1,0
"Z06","X18",0.625,"ZX","other","other","X18_Z06",2024,0,0,0,1
"Z07","X18",0.714285714285714,"ZX","other","other","X18_Z07",2024,0,0,0,1
"Z08","X18",0.75,"ZX","other","other","X18_Z08",2024,1,0,1,0
"Z10","X18",0.714285714285714,"ZX","other","other","X18_Z10",2024,1,0,1,0
"Z11","X18",0.625,"ZX","other","other","X18_Z11",2024,1,0,1,0
"Z13","X18",0.5,"ZX","other","other","X18_Z13",2024,1,0,1,0
"Z14","X18",0.625,"ZX","other","other","X18_Z14",2024,1,0,1,0
"Z15","X18",0.625,"ZX","other","other","X18_Z15",2024,1,0,1,0
"Z16","X18",0.5,"ZX","other","other","X18_Z16",2024,1,0,1,0
"Z17","X18",0.444444444444444,"ZX","other","other","X18_Z17",2024,1,0,1,0
"Z18","X18",0.428571428571428,"ZX","other","other","X18_Z18",2024,0,0,0,1
"Z19","X18",0.571428571428571,"ZX","other","other","X18_Z19",2024,0,0,0,1
"Z20","X18",0.714285714285714,"ZX","other","other","X18_Z20",2024,1,0,1,0
"Z21","X18",0.5,"ZX","other","other","X18_Z21",2024,1,0,1,0
"Z22","X18",0.857142857142857,"ZX","other","other","X18_Z22",2024,1,0,1,0
"Z23","X18",0.555555555555556,"ZX","other","other","X18_Z23",2024,1,0,1,0
"Z24","X18",0.571428571428571,"ZX","other","other","X18_Z24",2024,0,0,0,1
"Z26","X18",0.625,"ZX","other","other","X18_Z26",2024,1,0,1,0
"Z27","X18",0.714285714285714,"ZX","other","other","X18_Z27",2024,0,0,0,1
"Z28","X18",0.714285714285714,"ZX","other","other","X18_Z28",2024,1,0,1,0
"Z29","X18",1,"ZX","other","other","X18_Z29",2024,1,0,1,0
"Z30","X18",0.714285714285714,"ZX","other","other","X18_Z30",2024,1,0,1,0
"Z31","X18",0.714285714285714,"ZX","other","other","X18_Z31",2024,1,0,1,0
"Z32","X18",0.571428571428571,"ZX","other","other","X18_Z32",2024,1,0,1,0
"Z33","X18",0.857142857142857,"ZX","other","other","X18_Z33",2024,1,0,1,0
"Z35","X18",0.444444444444444,"ZX","other","other","X18_Z35",2024,1,0,1,0
"Z38","X18",0.714285714285714,"ZX","other","other","X18_Z38",2024,0,0,0,1
"Z39","X18",1,"ZX","other","other","X18_Z39",2024,1,0,1,0
"Z40","X18",0.428571428571428,"ZX","other","other","X18_Z40",2024,0,0,0,1
"Z41","X18",0.714285714285714,"ZX","other","other","X18_Z41",2024,1,0,1,0
"Z42","X18",0.625,"ZX","other","other","X18_Z42",2024,1,0,1,0
"Z43","X18",0.5,"ZX","other","other","X18_Z43",2024,1,0,1,0
"Z44","X18",0.571428571428571,"ZX","other","other","X18_Z44",2024,0,0,0,1
"Z45","X18",0.428571428571428,"ZX","other","other","X18_Z45",2024,1,0,1,0
"X21","X20",0.6,"XX","same","same","X20_X21",2024,0,0,0,1
"X22","X20",0.6,"XX","same","same","X20_X22",2024,0,0,0,1
"X23","X20",0.666666666666667,"XX","same","same","X20_X23",2024,1,0,1,0
"X25","X20",0.6,"XX","same","same","X20_X25",2024,1,0,1,0
"X27","X20",0.5,"XX","same","same","X20_X27",2024,1,0,1,0
"X31","X20",0.333333333333333,"XX","same","same","X20_X31",2024,1,0,1,0
"X32","X20",0.6,"XX","same","same","X20_X32",2024,0,0,0,1
"X33","X20",0.75,"XX","same","same","X20_X33",2024,0,0,0,1
"X35","X20",0.333333333333333,"XX","same","same","X20_X35",2024,0,0,0,1
"X36","X20",0.75,"XX","same","same","X20_X36",2024,0,0,0,1
"X38","X20",0.6,"XX","same","same","X20_X38",2024,0,0,0,1
"X39","X20",0.5,"XX","same","same","X20_X39",2024,1,0,1,0
"Y01","X20",0.6,"YX","other","other","X20_Y01",2024,1,0,1,0
"Y02","X20",0.222222222222222,"YX","other","other","X20_Y02",2024,1,0,1,0
"Y03","X20",0.6,"YX","other","other","X20_Y03",2024,0,0,0,1
"Y04","X20",0.285714285714286,"YX","other","other","X20_Y04",2024,1,0,1,0
"Y05","X20",0.4,"YX","other","other","X20_Y05",2024,1,0,1,0
"Y06","X20",0.375,"YX","other","other","X20_Y06",2024,1,0,1,0
"Y07","X20",0.25,"YX","other","other","X20_Y07",2024,1,0,1,0
"Y08","X20",0.333333333333333,"YX","other","other","X20_Y08",2024,1,0,1,0
"Y09","X20",0.375,"YX","other","other","X20_Y09",2024,1,0,1,0
"Y10","X20",0.222222222222222,"YX","other","other","X20_Y10",2024,1,0,1,0
"Y11","X20",0.428571428571428,"YX","other","other","X20_Y11",2024,1,0,1,0
"Y12","X20",0.285714285714286,"YX","other","other","X20_Y12",2024,1,0,1,0
"Y14","X20",0.375,"YX","other","other","X20_Y14",2024,1,0,1,0
"Y16","X20",0.5,"YX","other","other","X20_Y16",2024,0,0,0,1
"Y17","X20",0.285714285714286,"YX","other","other","X20_Y17",2024,1,0,1,0
"Y18","X20",0.428571428571428,"YX","other","other","X20_Y18",2024,1,0,1,0
"Y19","X20",0.6,"YX","other","other","X20_Y19",2024,1,0,1,0
"Y20","X20",0.5,"YX","other","other","X20_Y20",2024,1,0,1,0
"Y21","X20",0.375,"YX","other","other","X20_Y21",2024,1,0,1,0
"Y22","X20",0.5,"YX","other","other","X20_Y22",2024,0,0,0,1
"Y23","X20",0.428571428571428,"YX","other","other","X20_Y23",2024,0,0,0,1
"Y24","X20",0.5,"YX","other","other","X20_Y24",2024,0,0,0,1
"Y25","X20",0.6,"YX","other","other","X20_Y25",2024,0,0,0,1
"Y26","X20",0.285714285714286,"YX","other","other","X20_Y26",2024,1,0,1,0
"Y27","X20",0.6,"YX","other","other","X20_Y27",2024,0,0,0,1
"Y28","X20",0.5,"YX","other","other","X20_Y28",2024,0,0,0,1
"Y29","X20",0.285714285714286,"YX","other","other","X20_Y29",2024,1,0,1,0
"Y30","X20",0.75,"YX","other","other","X20_Y30",2024,0,0,0,1
"Y31","X20",0.4,"YX","other","other","X20_Y31",2024,0,0,0,1
"Y32","X20",0.4,"YX","other","other","X20_Y32",2024,0,0,0,1
"Y33","X20",0.5,"YX","other","other","X20_Y33",2024,0,0,0,1
"Y34","X20",0.333333333333333,"YX","other","other","X20_Y34",2024,1,0,1,0
"Y35","X20",0.6,"YX","other","other","X20_Y35",2024,0,0,0,1
"Z02","X20",0.428571428571428,"ZX","other","other","X20_Z02",2024,1,0,1,0
"Z03","X20",0.333333333333333,"ZX","other","other","X20_Z03",2024,1,0,1,0
"Z05","X20",0.428571428571428,"ZX","other","other","X20_Z05",2024,1,0,1,0
"Z06","X20",0.5,"ZX","other","other","X20_Z06",2024,0,0,0,1
"Z07","X20",0.6,"ZX","other","other","X20_Z07",2024,0,0,0,1
"Z08","X20",0.428571428571428,"ZX","other","other","X20_Z08",2024,1,0,1,0
"Z10","X20",0.333333333333333,"ZX","other","other","X20_Z10",2024,1,0,1,0
"Z11","X20",0.5,"ZX","other","other","X20_Z11",2024,1,0,1,0
"Z13","X20",0.333333333333333,"ZX","other","other","X20_Z13",2024,1,0,1,0
"Z14","X20",0.285714285714286,"ZX","other","other","X20_Z14",2024,1,0,1,0
"Z15","X20",0.5,"ZX","other","other","X20_Z15",2024,1,0,1,0
"Z16","X20",0.333333333333333,"ZX","other","other","X20_Z16",2024,1,0,1,0
"Z17","X20",0.285714285714286,"ZX","other","other","X20_Z17",2024,1,0,1,0
"Z18","X20",0.5,"ZX","other","other","X20_Z18",2024,0,0,0,1
"Z19","X20",0.4,"ZX","other","other","X20_Z19",2024,0,0,0,1
"Z20","X20",0.333333333333333,"ZX","other","other","X20_Z20",2024,1,0,1,0
"Z21","X20",0.333333333333333,"ZX","other","other","X20_Z21",2024,1,0,1,0
"Z22","X20",0.285714285714286,"ZX","other","other","X20_Z22",2024,1,0,1,0
"Z23","X20",0.25,"ZX","other","other","X20_Z23",2024,1,0,1,0
"Z24","X20",0.4,"ZX","other","other","X20_Z24",2024,0,0,0,1
"Z26","X20",0.285714285714286,"ZX","other","other","X20_Z26",2024,1,0,1,0
"Z27","X20",0.333333333333333,"ZX","other","other","X20_Z27",2024,0,0,0,1
"Z28","X20",0.333333333333333,"ZX","other","other","X20_Z28",2024,1,0,1,0
"Z29","X20",0.428571428571428,"ZX","other","other","X20_Z29",2024,1,0,1,0
"Z30","X20",0.333333333333333,"ZX","other","other","X20_Z30",2024,1,0,1,0
"Z31","X20",0.333333333333333,"ZX","other","other","X20_Z31",2024,1,0,1,0
"Z32","X20",0.4,"ZX","other","other","X20_Z32",2024,1,0,1,0
"Z33","X20",0.285714285714286,"ZX","other","other","X20_Z33",2024,1,0,1,0
"Z35","X20",0.285714285714286,"ZX","other","other","X20_Z35",2024,1,0,1,0
"Z38","X20",0.333333333333333,"ZX","other","other","X20_Z38",2024,0,0,0,1
"Z39","X20",0.428571428571428,"ZX","other","other","X20_Z39",2024,1,0,1,0
"Z40","X20",0.5,"ZX","other","other","X20_Z40",2024,0,0,0,1
"Z41","X20",0.6,"ZX","other","other","X20_Z41",2024,1,0,1,0
"Z42","X20",0.5,"ZX","other","other","X20_Z42",2024,1,0,1,0
"Z43","X20",0.333333333333333,"ZX","other","other","X20_Z43",2024,1,0,1,0
"Z44","X20",0.4,"ZX","other","other","X20_Z44",2024,0,0,0,1
"Z45","X20",0.2,"ZX","other","other","X20_Z45",2024,1,0,1,0
"X22","X21",0.666666666666667,"XX","same","same","X21_X22",2024,0,0,0,1
"X23","X21",0.4,"XX","same","same","X21_X23",2024,1,0,1,0
"X25","X21",0.666666666666667,"XX","same","same","X21_X25",2024,1,0,1,0
"X27","X21",0.571428571428571,"XX","same","same","X21_X27",2024,1,0,1,0
"X31","X21",0.555555555555556,"XX","same","same","X21_X31",2024,1,0,1,0
"X32","X21",1,"XX","same","same","X21_X32",2024,0,0,0,1
"X33","X21",0.8,"XX","same","same","X21_X33",2024,0,0,0,1
"X35","X21",0.428571428571428,"XX","same","same","X21_X35",2024,0,0,0,1
"X36","X21",0.8,"XX","same","same","X21_X36",2024,0,0,0,1
"X38","X21",0.666666666666667,"XX","same","same","X21_X38",2024,0,0,0,1
"X39","X21",0.571428571428571,"XX","same","same","X21_X39",2024,1,0,1,0
"Y01","X21",0.666666666666667,"YX","other","other","X21_Y01",2024,1,0,1,0
"Y02","X21",0.444444444444444,"YX","other","other","X21_Y02",2024,1,0,1,0
"Y03","X21",0.666666666666667,"YX","other","other","X21_Y03",2024,0,0,0,1
"Y04","X21",0.375,"YX","other","other","X21_Y04",2024,1,0,1,0
"Y05","X21",0.285714285714286,"YX","other","other","X21_Y05",2024,1,0,1,0
"Y06","X21",0.444444444444444,"YX","other","other","X21_Y06",2024,1,0,1,0
"Y07","X21",0.5,"YX","other","other","X21_Y07",2024,1,0,1,0
"Y08","X21",0.555555555555556,"YX","other","other","X21_Y08",2024,1,0,1,0
"Y09","X21",0.444444444444444,"YX","other","other","X21_Y09",2024,1,0,1,0
"Y10","X21",0.444444444444444,"YX","other","other","X21_Y10",2024,1,0,1,0
"Y11","X21",0.5,"YX","other","other","X21_Y11",2024,1,0,1,0
"Y12","X21",0.571428571428571,"YX","other","other","X21_Y12",2024,1,0,1,0
"Y14","X21",0.625,"YX","other","other","X21_Y14",2024,1,0,1,0
"Y16","X21",0.6,"YX","other","other","X21_Y16",2024,0,0,0,1
"Y17","X21",0.375,"YX","other","other","X21_Y17",2024,1,0,1,0
"Y18","X21",0.5,"YX","other","other","X21_Y18",2024,1,0,1,0
"Y19","X21",0.666666666666667,"YX","other","other","X21_Y19",2024,1,0,1,0
"Y20","X21",0.571428571428571,"YX","other","other","X21_Y20",2024,1,0,1,0
"Y21","X21",0.625,"YX","other","other","X21_Y21",2024,1,0,1,0
"Y22","X21",0.6,"YX","other","other","X21_Y22",2024,0,0,0,1
"Y23","X21",0.714285714285714,"YX","other","other","X21_Y23",2024,0,0,0,1
"Y24","X21",0.6,"YX","other","other","X21_Y24",2024,0,0,0,1
"Y25","X21",1,"YX","other","other","X21_Y25",2024,0,0,0,1
"Y26","X21",0.571428571428571,"YX","other","other","X21_Y26",2024,1,0,1,0
"Y27","X21",1,"YX","other","other","X21_Y27",2024,0,0,0,1
"Y28","X21",0.833333333333333,"YX","other","other","X21_Y28",2024,0,0,0,1
"Y29","X21",0.571428571428571,"YX","other","other","X21_Y29",2024,1,0,1,0
"Y30","X21",0.8,"YX","other","other","X21_Y30",2024,0,0,0,1
"Y31","X21",0.5,"YX","other","other","X21_Y31",2024,0,0,0,1
"Y32","X21",0.8,"YX","other","other","X21_Y32",2024,0,0,0,1
"Y33","X21",0.6,"YX","other","other","X21_Y33",2024,0,0,0,1
"Y34","X21",0.428571428571428,"YX","other","other","X21_Y34",2024,1,0,1,0
"Y35","X21",1,"YX","other","other","X21_Y35",2024,0,0,0,1
"Z02","X21",0.5,"ZX","other","other","X21_Z02",2024,1,0,1,0
"Z03","X21",0.428571428571428,"ZX","other","other","X21_Z03",2024,1,0,1,0
"Z05","X21",0.714285714285714,"ZX","other","other","X21_Z05",2024,1,0,1,0
"Z06","X21",0.571428571428571,"ZX","other","other","X21_Z06",2024,0,0,0,1
"Z07","X21",0.666666666666667,"ZX","other","other","X21_Z07",2024,0,0,0,1
"Z08","X21",0.5,"ZX","other","other","X21_Z08",2024,1,0,1,0
"Z10","X21",0.428571428571428,"ZX","other","other","X21_Z10",2024,1,0,1,0
"Z11","X21",0.571428571428571,"ZX","other","other","X21_Z11",2024,1,0,1,0
"Z13","X21",0.428571428571428,"ZX","other","other","X21_Z13",2024,1,0,1,0
"Z14","X21",0.375,"ZX","other","other","X21_Z14",2024,1,0,1,0
"Z15","X21",0.571428571428571,"ZX","other","other","X21_Z15",2024,1,0,1,0
"Z16","X21",0.428571428571428,"ZX","other","other","X21_Z16",2024,1,0,1,0
"Z17","X21",0.375,"ZX","other","other","X21_Z17",2024,1,0,1,0
"Z18","X21",0.333333333333333,"ZX","other","other","X21_Z18",2024,0,0,0,1
"Z19","X21",0.5,"ZX","other","other","X21_Z19",2024,0,0,0,1
"Z20","X21",0.428571428571428,"ZX","other","other","X21_Z20",2024,1,0,1,0
"Z21","X21",0.428571428571428,"ZX","other","other","X21_Z21",2024,1,0,1,0
"Z22","X21",0.571428571428571,"ZX","other","other","X21_Z22",2024,1,0,1,0
"Z23","X21",0.5,"ZX","other","other","X21_Z23",2024,1,0,1,0
"Z24","X21",0.5,"ZX","other","other","X21_Z24",2024,0,0,0,1
"Z26","X21",0.571428571428571,"ZX","other","other","X21_Z26",2024,1,0,1,0
"Z27","X21",0.666666666666667,"ZX","other","other","X21_Z27",2024,0,0,0,1
"Z28","X21",0.666666666666667,"ZX","other","other","X21_Z28",2024,1,0,1,0
"Z29","X21",0.714285714285714,"ZX","other","other","X21_Z29",2024,1,0,1,0
"Z30","X21",0.666666666666667,"ZX","other","other","X21_Z30",2024,1,0,1,0
"Z31","X21",0.428571428571428,"ZX","other","other","X21_Z31",2024,1,0,1,0
"Z32","X21",0.5,"ZX","other","other","X21_Z32",2024,1,0,1,0
"Z33","X21",0.571428571428571,"ZX","other","other","X21_Z33",2024,1,0,1,0
"Z35","X21",0.375,"ZX","other","other","X21_Z35",2024,1,0,1,0
"Z38","X21",0.666666666666667,"ZX","other","other","X21_Z38",2024,0,0,0,1
"Z39","X21",0.714285714285714,"ZX","other","other","X21_Z39",2024,1,0,1,0
"Z40","X21",0.6,"ZX","other","other","X21_Z40",2024,0,0,0,1
"Z41","X21",0.666666666666667,"ZX","other","other","X21_Z41",2024,1,0,1,0
"Z42","X21",0.571428571428571,"ZX","other","other","X21_Z42",2024,1,0,1,0
"Z43","X21",0.428571428571428,"ZX","other","other","X21_Z43",2024,1,0,1,0
"Z44","X21",0.5,"ZX","other","other","X21_Z44",2024,0,0,0,1
"Z45","X21",0.333333333333333,"ZX","other","other","X21_Z45",2024,1,0,1,0
"X23","X22",0.4,"XX","same","same","X22_X23",2024,1,0,1,0
"X25","X22",0.666666666666667,"XX","same","same","X22_X25",2024,1,0,1,0
"X27","X22",0.833333333333333,"XX","same","same","X22_X27",2024,1,0,1,0
"X31","X22",0.555555555555556,"XX","same","same","X22_X31",2024,1,0,1,0
"X32","X22",0.666666666666667,"XX","same","same","X22_X32",2024,0,0,0,1
"X33","X22",0.8,"XX","same","same","X22_X33",2024,0,0,0,1
"X35","X22",0.428571428571428,"XX","same","same","X22_X35",2024,0,0,0,1
"X36","X22",0.8,"XX","same","same","X22_X36",2024,0,0,0,1
"X38","X22",0.666666666666667,"XX","same","same","X22_X38",2024,0,0,0,1
"X39","X22",0.833333333333333,"XX","same","same","X22_X39",2024,1,0,1,0
"Y01","X22",1,"YX","other","other","X22_Y01",2024,1,0,1,0
"Y02","X22",0.444444444444444,"YX","other","other","X22_Y02",2024,1,0,1,0
"Y03","X22",1,"YX","other","other","X22_Y03",2024,0,0,0,1
"Y04","X22",0.571428571428571,"YX","other","other","X22_Y04",2024,1,0,1,0
"Y05","X22",0.285714285714286,"YX","other","other","X22_Y05",2024,1,0,1,0
"Y06","X22",0.625,"YX","other","other","X22_Y06",2024,1,0,1,0
"Y07","X22",0.5,"YX","other","other","X22_Y07",2024,1,0,1,0
"Y08","X22",0.555555555555556,"YX","other","other","X22_Y08",2024,1,0,1,0
"Y09","X22",0.625,"YX","other","other","X22_Y09",2024,1,0,1,0
"Y10","X22",0.444444444444444,"YX","other","other","X22_Y10",2024,1,0,1,0
"Y11","X22",0.714285714285714,"YX","other","other","X22_Y11",2024,1,0,1,0
"Y12","X22",0.571428571428571,"YX","other","other","X22_Y12",2024,1,0,1,0
"Y14","X22",0.625,"YX","other","other","X22_Y14",2024,1,0,1,0
"Y16","X22",0.6,"YX","other","other","X22_Y16",2024,0,0,0,1
"Y17","X22",0.571428571428571,"YX","other","other","X22_Y17",2024,1,0,1,0
"Y18","X22",0.714285714285714,"YX","other","other","X22_Y18",2024,1,0,1,0
"Y19","X22",1,"YX","other","other","X22_Y19",2024,1,0,1,0
"Y20","X22",0.833333333333333,"YX","other","other","X22_Y20",2024,1,0,1,0
"Y21","X22",0.625,"YX","other","other","X22_Y21",2024,1,0,1,0
"Y22","X22",0.6,"YX","other","other","X22_Y22",2024,0,0,0,1
"Y23","X22",0.714285714285714,"YX","other","other","X22_Y23",2024,0,0,0,1
"Y24","X22",0.6,"YX","other","other","X22_Y24",2024,0,0,0,1
"Y25","X22",0.666666666666667,"YX","other","other","X22_Y25",2024,0,0,0,1
"Y26","X22",0.571428571428571,"YX","other","other","X22_Y26",2024,1,0,1,0
"Y27","X22",0.666666666666667,"YX","other","other","X22_Y27",2024,0,0,0,1
"Y28","X22",0.833333333333333,"YX","other","other","X22_Y28",2024,0,0,0,1
"Y29","X22",0.571428571428571,"YX","other","other","X22_Y29",2024,1,0,1,0
"Y30","X22",0.8,"YX","other","other","X22_Y30",2024,0,0,0,1
"Y31","X22",0.8,"YX","other","other","X22_Y31",2024,0,0,0,1
"Y32","X22",0.5,"YX","other","other","X22_Y32",2024,0,0,0,1
"Y33","X22",0.6,"YX","other","other","X22_Y33",2024,0,0,0,1
"Y34","X22",0.428571428571428,"YX","other","other","X22_Y34",2024,1,0,1,0
"Y35","X22",0.666666666666667,"YX","other","other","X22_Y35",2024,0,0,0,1
"Z02","X22",0.714285714285714,"ZX","other","other","X22_Z02",2024,1,0,1,0
"Z03","X22",0.666666666666667,"ZX","other","other","X22_Z03",2024,1,0,1,0
"Z05","X22",0.714285714285714,"ZX","other","other","X22_Z05",2024,1,0,1,0
"Z06","X22",0.833333333333333,"ZX","other","other","X22_Z06",2024,0,0,0,1
"Z07","X22",1,"ZX","other","other","X22_Z07",2024,0,0,0,1
"Z08","X22",0.714285714285714,"ZX","other","other","X22_Z08",2024,1,0,1,0
"Z10","X22",0.666666666666667,"ZX","other","other","X22_Z10",2024,1,0,1,0
"Z11","X22",0.833333333333333,"ZX","other","other","X22_Z11",2024,1,0,1,0
"Z13","X22",0.666666666666667,"ZX","other","other","X22_Z13",2024,1,0,1,0
"Z14","X22",0.571428571428571,"ZX","other","other","X22_Z14",2024,1,0,1,0
"Z15","X22",0.833333333333333,"ZX","other","other","X22_Z15",2024,1,0,1,0
"Z16","X22",0.666666666666667,"ZX","other","other","X22_Z16",2024,1,0,1,0
"Z17","X22",0.571428571428571,"ZX","other","other","X22_Z17",2024,1,0,1,0
"Z18","X22",0.6,"ZX","other","other","X22_Z18",2024,0,0,0,1
"Z19","X22",0.8,"ZX","other","other","X22_Z19",2024,0,0,0,1
"Z20","X22",0.666666666666667,"ZX","other","other","X22_Z20",2024,1,0,1,0
"Z21","X22",0.666666666666667,"ZX","other","other","X22_Z21",2024,1,0,1,0
"Z22","X22",0.571428571428571,"ZX","other","other","X22_Z22",2024,1,0,1,0
"Z23","X22",0.5,"ZX","other","other","X22_Z23",2024,1,0,1,0
"Z24","X22",0.8,"ZX","other","other","X22_Z24",2024,0,0,0,1
"Z26","X22",0.571428571428571,"ZX","other","other","X22_Z26",2024,1,0,1,0
"Z27","X22",0.666666666666667,"ZX","other","other","X22_Z27",2024,0,0,0,1
"Z28","X22",0.666666666666667,"ZX","other","other","X22_Z28",2024,1,0,1,0
"Z29","X22",0.714285714285714,"ZX","other","other","X22_Z29",2024,1,0,1,0
"Z30","X22",0.666666666666667,"ZX","other","other","X22_Z30",2024,1,0,1,0
"Z31","X22",0.666666666666667,"ZX","other","other","X22_Z31",2024,1,0,1,0
"Z32","X22",0.8,"ZX","other","other","X22_Z32",2024,1,0,1,0
"Z33","X22",0.571428571428571,"ZX","other","other","X22_Z33",2024,1,0,1,0
"Z35","X22",0.571428571428571,"ZX","other","other","X22_Z35",2024,1,0,1,0
"Z38","X22",0.666666666666667,"ZX","other","other","X22_Z38",2024,0,0,0,1
"Z39","X22",0.714285714285714,"ZX","other","other","X22_Z39",2024,1,0,1,0
"Z40","X22",0.6,"ZX","other","other","X22_Z40",2024,0,0,0,1
"Z41","X22",0.666666666666667,"ZX","other","other","X22_Z41",2024,1,0,1,0
"Z42","X22",0.833333333333333,"ZX","other","other","X22_Z42",2024,1,0,1,0
"Z43","X22",0.666666666666667,"ZX","other","other","X22_Z43",2024,1,0,1,0
"Z44","X22",0.8,"ZX","other","other","X22_Z44",2024,0,0,0,1
"Z45","X22",0.6,"ZX","other","other","X22_Z45",2024,1,0,1,0
"X25","X23",0.4,"XX","same","same","X23_X25",2024,1,1,2,1
"X27","X23",0.333333333333333,"XX","same","same","X23_X27",2024,1,1,2,1
"X31","X23",0.222222222222222,"XX","same","same","X23_X31",2024,1,1,2,1
"X32","X23",0.4,"XX","same","same","X23_X32",2024,0,1,1,0
"X33","X23",0.5,"XX","same","same","X23_X33",2024,0,1,1,0
"X35","X23",0.166666666666667,"XX","same","same","X23_X35",2024,0,1,1,0
"X36","X23",0.5,"XX","same","same","X23_X36",2024,0,1,1,0
"X38","X23",0.4,"XX","same","same","X23_X38",2024,0,1,1,0
"X39","X23",0.333333333333333,"XX","same","same","X23_X39",2024,1,1,2,1
"Y01","X23",0.4,"YX","other","other","X23_Y01",2024,1,1,2,1
"Y02","X23",0.111111111111111,"YX","other","other","X23_Y02",2024,1,1,2,1
"Y03","X23",0.4,"YX","other","other","X23_Y03",2024,0,1,1,0
"Y04","X23",0.142857142857143,"YX","other","other","X23_Y04",2024,1,1,2,1
"Y05","X23",0.2,"YX","other","other","X23_Y05",2024,1,1,2,1
"Y06","X23",0.25,"YX","other","other","X23_Y06",2024,1,1,2,1
"Y07","X23",0.125,"YX","other","other","X23_Y07",2024,1,1,2,1
"Y08","X23",0.222222222222222,"YX","other","other","X23_Y08",2024,1,1,2,1
"Y09","X23",0.25,"YX","other","other","X23_Y09",2024,1,1,2,1
"Y10","X23",0.111111111111111,"YX","other","other","X23_Y10",2024,1,1,2,1
"Y11","X23",0.285714285714286,"YX","other","other","X23_Y11",2024,1,1,2,1
"Y12","X23",0.142857142857143,"YX","other","other","X23_Y12",2024,1,1,2,1
"Y14","X23",0.25,"YX","other","other","X23_Y14",2024,1,1,2,1
"Y16","X23",0.25,"YX","other","other","X23_Y16",2024,0,1,1,0
"Y17","X23",0.142857142857143,"YX","other","other","X23_Y17",2024,1,1,2,1
"Y18","X23",0.285714285714286,"YX","other","other","X23_Y18",2024,1,1,2,1
"Y19","X23",0.4,"YX","other","other","X23_Y19",2024,1,1,2,1
"Y20","X23",0.333333333333333,"YX","other","other","X23_Y20",2024,1,1,2,1
"Y21","X23",0.25,"YX","other","other","X23_Y21",2024,1,1,2,1
"Y22","X23",0.25,"YX","other","other","X23_Y22",2024,0,1,1,0
"Y23","X23",0.285714285714286,"YX","other","other","X23_Y23",2024,0,1,1,0
"Y24","X23",0.25,"YX","other","other","X23_Y24",2024,0,1,1,0
"Y25","X23",0.4,"YX","other","other","X23_Y25",2024,0,1,1,0
"Y26","X23",0.142857142857143,"YX","other","other","X23_Y26",2024,1,1,2,1
"Y27","X23",0.4,"YX","other","other","X23_Y27",2024,0,1,1,0
"Y28","X23",0.333333333333333,"YX","other","other","X23_Y28",2024,0,1,1,0
"Y29","X23",0.142857142857143,"YX","other","other","X23_Y29",2024,1,1,2,1
"Y30","X23",0.5,"YX","other","other","X23_Y30",2024,0,1,1,0
"Y31","X23",0.2,"YX","other","other","X23_Y31",2024,0,1,1,0
"Y32","X23",0.2,"YX","other","other","X23_Y32",2024,0,1,1,0
"Y33","X23",0.25,"YX","other","other","X23_Y33",2024,0,1,1,0
"Y34","X23",0.166666666666667,"YX","other","other","X23_Y34",2024,1,1,2,1
"Y35","X23",0.4,"YX","other","other","X23_Y35",2024,0,1,1,0
"Z02","X23",0.285714285714286,"ZX","other","other","X23_Z02",2024,1,1,2,1
"Z03","X23",0.166666666666667,"ZX","other","other","X23_Z03",2024,1,1,2,1
"Z05","X23",0.285714285714286,"ZX","other","other","X23_Z05",2024,1,1,2,1
"Z06","X23",0.333333333333333,"ZX","other","other","X23_Z06",2024,0,1,1,0
"Z07","X23",0.4,"ZX","other","other","X23_Z07",2024,0,1,1,0
"Z08","X23",0.285714285714286,"ZX","other","other","X23_Z08",2024,1,1,2,1
"Z10","X23",0.166666666666667,"ZX","other","other","X23_Z10",2024,1,1,2,1
"Z11","X23",0.333333333333333,"ZX","other","other","X23_Z11",2024,1,1,2,1
"Z13","X23",0.166666666666667,"ZX","other","other","X23_Z13",2024,1,1,2,1
"Z14","X23",0.142857142857143,"ZX","other","other","X23_Z14",2024,1,1,2,1
"Z15","X23",0.333333333333333,"ZX","other","other","X23_Z15",2024,1,1,2,1
"Z16","X23",0.166666666666667,"ZX","other","other","X23_Z16",2024,1,1,2,1
"Z17","X23",0.142857142857143,"ZX","other","other","X23_Z17",2024,1,1,2,1
"Z18","X23",0.25,"ZX","other","other","X23_Z18",2024,0,1,1,0
"Z19","X23",0.2,"ZX","other","other","X23_Z19",2024,0,1,1,0
"Z20","X23",0.166666666666667,"ZX","other","other","X23_Z20",2024,1,1,2,1
"Z21","X23",0.166666666666667,"ZX","other","other","X23_Z21",2024,1,1,2,1
"Z22","X23",0.142857142857143,"ZX","other","other","X23_Z22",2024,1,1,2,1
"Z23","X23",0.125,"ZX","other","other","X23_Z23",2024,1,1,2,1
"Z24","X23",0.2,"ZX","other","other","X23_Z24",2024,0,1,1,0
"Z26","X23",0.142857142857143,"ZX","other","other","X23_Z26",2024,1,1,2,1
"Z27","X23",0.166666666666667,"ZX","other","other","X23_Z27",2024,0,1,1,0
"Z28","X23",0.166666666666667,"ZX","other","other","X23_Z28",2024,1,1,2,1
"Z29","X23",0.285714285714286,"ZX","other","other","X23_Z29",2024,1,1,2,1
"Z30","X23",0.166666666666667,"ZX","other","other","X23_Z30",2024,1,1,2,1
"Z31","X23",0.166666666666667,"ZX","other","other","X23_Z31",2024,1,1,2,1
"Z32","X23",0.2,"ZX","other","other","X23_Z32",2024,1,1,2,1
"Z33","X23",0.142857142857143,"ZX","other","other","X23_Z33",2024,1,1,2,1
"Z35","X23",0.142857142857143,"ZX","other","other","X23_Z35",2024,1,1,2,1
"Z38","X23",0.166666666666667,"ZX","other","other","X23_Z38",2024,0,1,1,0
"Z39","X23",0.285714285714286,"ZX","other","other","X23_Z39",2024,1,1,2,1
"Z40","X23",0.25,"ZX","other","other","X23_Z40",2024,0,1,1,0
"Z41","X23",0.4,"ZX","other","other","X23_Z41",2024,1,1,2,1
"Z42","X23",0.333333333333333,"ZX","other","other","X23_Z42",2024,1,1,2,1
"Z43","X23",0.166666666666667,"ZX","other","other","X23_Z43",2024,1,1,2,1
"Z44","X23",0.2,"ZX","other","other","X23_Z44",2024,0,1,1,0
"Z45","X23",0.25,"ZX","other","other","X23_Z45",2024,1,1,2,1
"X27","X25",0.571428571428571,"XX","same","same","X25_X27",2024,1,1,2,1
"X31","X25",0.555555555555556,"XX","same","same","X25_X31",2024,1,1,2,1
"X32","X25",0.666666666666667,"XX","same","same","X25_X32",2024,0,1,1,0
"X33","X25",0.8,"XX","same","same","X25_X33",2024,0,1,1,0
"X35","X25",0.666666666666667,"XX","same","same","X25_X35",2024,0,1,1,0
"X36","X25",0.8,"XX","same","same","X25_X36",2024,0,1,1,0
"X38","X25",0.666666666666667,"XX","same","same","X25_X38",2024,0,1,1,0
"X39","X25",0.833333333333333,"XX","same","same","X25_X39",2024,1,1,2,1
"Y01","X25",0.666666666666667,"YX","other","other","X25_Y01",2024,1,1,2,1
"Y02","X25",0.444444444444444,"YX","other","other","X25_Y02",2024,1,1,2,1
"Y03","X25",0.666666666666667,"YX","other","other","X25_Y03",2024,0,1,1,0
"Y04","X25",0.571428571428571,"YX","other","other","X25_Y04",2024,1,1,2,1
"Y05","X25",0.5,"YX","other","other","X25_Y05",2024,1,1,2,1
"Y06","X25",0.625,"YX","other","other","X25_Y06",2024,1,1,2,1
"Y07","X25",0.5,"YX","other","other","X25_Y07",2024,1,1,2,1
"Y08","X25",0.555555555555556,"YX","other","other","X25_Y08",2024,1,1,2,1
"Y09","X25",0.625,"YX","other","other","X25_Y09",2024,1,1,2,1
"Y10","X25",0.444444444444444,"YX","other","other","X25_Y10",2024,1,1,2,1
"Y11","X25",0.714285714285714,"YX","other","other","X25_Y11",2024,1,1,2,1
"Y12","X25",0.571428571428571,"YX","other","other","X25_Y12",2024,1,1,2,1
"Y14","X25",0.625,"YX","other","other","X25_Y14",2024,1,1,2,1
"Y16","X25",0.6,"YX","other","other","X25_Y16",2024,0,1,1,0
"Y17","X25",0.571428571428571,"YX","other","other","X25_Y17",2024,1,1,2,1
"Y18","X25",0.714285714285714,"YX","other","other","X25_Y18",2024,1,1,2,1
"Y19","X25",0.666666666666667,"YX","other","other","X25_Y19",2024,1,1,2,1
"Y20","X25",0.571428571428571,"YX","other","other","X25_Y20",2024,1,1,2,1
"Y21","X25",0.625,"YX","other","other","X25_Y21",2024,1,1,2,1
"Y22","X25",0.6,"YX","other","other","X25_Y22",2024,0,1,1,0
"Y23","X25",0.714285714285714,"YX","other","other","X25_Y23",2024,0,1,1,0
"Y24","X25",0.6,"YX","other","other","X25_Y24",2024,0,1,1,0
"Y25","X25",0.666666666666667,"YX","other","other","X25_Y25",2024,0,1,1,0
"Y26","X25",0.375,"YX","other","other","X25_Y26",2024,1,1,2,1
"Y27","X25",0.666666666666667,"YX","other","other","X25_Y27",2024,0,1,1,0
"Y28","X25",0.571428571428571,"YX","other","other","X25_Y28",2024,0,1,1,0
"Y29","X25",0.571428571428571,"YX","other","other","X25_Y29",2024,1,1,2,1
"Y30","X25",0.8,"YX","other","other","X25_Y30",2024,0,1,1,0
"Y31","X25",0.5,"YX","other","other","X25_Y31",2024,0,1,1,0
"Y32","X25",0.5,"YX","other","other","X25_Y32",2024,0,1,1,0
"Y33","X25",0.6,"YX","other","other","X25_Y33",2024,0,1,1,0
"Y34","X25",0.666666666666667,"YX","other","other","X25_Y34",2024,1,1,2,1
"Y35","X25",0.666666666666667,"YX","other","other","X25_Y35",2024,0,1,1,0
"Z02","X25",0.5,"ZX","other","other","X25_Z02",2024,1,1,2,1
"Z03","X25",0.666666666666667,"ZX","other","other","X25_Z03",2024,1,1,2,1
"Z05","X25",0.714285714285714,"ZX","other","other","X25_Z05",2024,1,1,2,1
"Z06","X25",0.571428571428571,"ZX","other","other","X25_Z06",2024,0,1,1,0
"Z07","X25",0.666666666666667,"ZX","other","other","X25_Z07",2024,0,1,1,0
"Z08","X25",0.714285714285714,"ZX","other","other","X25_Z08",2024,1,1,2,1
"Z10","X25",0.666666666666667,"ZX","other","other","X25_Z10",2024,1,1,2,1
"Z11","X25",0.571428571428571,"ZX","other","other","X25_Z11",2024,1,1,2,1
"Z13","X25",0.428571428571428,"ZX","other","other","X25_Z13",2024,1,1,2,1
"Z14","X25",0.571428571428571,"ZX","other","other","X25_Z14",2024,1,1,2,1
"Z15","X25",0.571428571428571,"ZX","other","other","X25_Z15",2024,1,1,2,1
"Z16","X25",0.428571428571428,"ZX","other","other","X25_Z16",2024,1,1,2,1
"Z17","X25",0.375,"ZX","other","other","X25_Z17",2024,1,1,2,1
"Z18","X25",0.333333333333333,"ZX","other","other","X25_Z18",2024,0,1,1,0
"Z19","X25",0.5,"ZX","other","other","X25_Z19",2024,0,1,1,0
"Z20","X25",0.666666666666667,"ZX","other","other","X25_Z20",2024,1,1,2,1
"Z21","X25",0.428571428571428,"ZX","other","other","X25_Z21",2024,1,1,2,1
"Z22","X25",0.571428571428571,"ZX","other","other","X25_Z22",2024,1,1,2,1
"Z23","X25",0.333333333333333,"ZX","other","other","X25_Z23",2024,1,1,2,1
"Z24","X25",0.5,"ZX","other","other","X25_Z24",2024,0,1,1,0
"Z26","X25",0.375,"ZX","other","other","X25_Z26",2024,1,1,2,1
"Z27","X25",0.428571428571428,"ZX","other","other","X25_Z27",2024,0,1,1,0
"Z28","X25",0.428571428571428,"ZX","other","other","X25_Z28",2024,1,1,2,1
"Z29","X25",0.714285714285714,"ZX","other","other","X25_Z29",2024,1,1,2,1
"Z30","X25",0.428571428571428,"ZX","other","other","X25_Z30",2024,1,1,2,1
"Z31","X25",0.666666666666667,"ZX","other","other","X25_Z31",2024,1,1,2,1
"Z32","X25",0.5,"ZX","other","other","X25_Z32",2024,1,1,2,1
"Z33","X25",0.571428571428571,"ZX","other","other","X25_Z33",2024,1,1,2,1
"Z35","X25",0.375,"ZX","other","other","X25_Z35",2024,1,1,2,1
"Z38","X25",0.428571428571428,"ZX","other","other","X25_Z38",2024,0,1,1,0
"Z39","X25",0.714285714285714,"ZX","other","other","X25_Z39",2024,1,1,2,1
"Z40","X25",0.6,"ZX","other","other","X25_Z40",2024,0,1,1,0
"Z41","X25",1,"ZX","other","other","X25_Z41",2024,1,1,2,1
"Z42","X25",0.571428571428571,"ZX","other","other","X25_Z42",2024,1,1,2,1
"Z43","X25",0.428571428571428,"ZX","other","other","X25_Z43",2024,1,1,2,1
"Z44","X25",0.5,"ZX","other","other","X25_Z44",2024,0,1,1,0
"Z45","X25",0.333333333333333,"ZX","other","other","X25_Z45",2024,1,1,2,1
"X31","X27",0.666666666666667,"XX","same","same","X27_X31",2024,1,1,2,1
"X32","X27",0.571428571428571,"XX","same","same","X27_X32",2024,0,1,1,0
"X33","X27",0.666666666666667,"XX","same","same","X27_X33",2024,0,1,1,0
"X35","X27",0.571428571428571,"XX","same","same","X27_X35",2024,0,1,1,0
"X36","X27",0.666666666666667,"XX","same","same","X27_X36",2024,0,1,1,0
"X38","X27",0.833333333333333,"XX","same","same","X27_X38",2024,0,1,1,0
"X39","X27",0.714285714285714,"XX","same","same","X27_X39",2024,1,1,2,1
"Y01","X27",0.833333333333333,"YX","other","other","X27_Y01",2024,1,1,2,1
"Y02","X27",0.555555555555556,"YX","other","other","X27_Y02",2024,1,1,2,1
"Y03","X27",0.833333333333333,"YX","other","other","X27_Y03",2024,0,1,1,0
"Y04","X27",0.714285714285714,"YX","other","other","X27_Y04",2024,1,1,2,1
"Y05","X27",0.428571428571428,"YX","other","other","X27_Y05",2024,1,1,2,1
"Y06","X27",0.75,"YX","other","other","X27_Y06",2024,1,1,2,1
"Y07","X27",0.625,"YX","other","other","X27_Y07",2024,1,1,2,1
"Y08","X27",0.666666666666667,"YX","other","other","X27_Y08",2024,1,1,2,1
"Y09","X27",0.75,"YX","other","other","X27_Y09",2024,1,1,2,1
"Y10","X27",0.555555555555556,"YX","other","other","X27_Y10",2024,1,1,2,1
"Y11","X27",0.857142857142857,"YX","other","other","X27_Y11",2024,1,1,2,1
"Y12","X27",0.5,"YX","other","other","X27_Y12",2024,1,1,2,1
"Y14","X27",0.75,"YX","other","other","X27_Y14",2024,1,1,2,1
"Y16","X27",0.5,"YX","other","other","X27_Y16",2024,0,1,1,0
"Y17","X27",0.714285714285714,"YX","other","other","X27_Y17",2024,1,1,2,1
"Y18","X27",0.857142857142857,"YX","other","other","X27_Y18",2024,1,1,2,1
"Y19","X27",0.833333333333333,"YX","other","other","X27_Y19",2024,1,1,2,1
"Y20","X27",1,"YX","other","other","X27_Y20",2024,1,1,2,1
"Y21","X27",0.75,"YX","other","other","X27_Y21",2024,1,1,2,1
"Y22","X27",0.5,"YX","other","other","X27_Y22",2024,0,1,1,0
"Y23","X27",0.625,"YX","other","other","X27_Y23",2024,0,1,1,0
"Y24","X27",0.5,"YX","other","other","X27_Y24",2024,0,1,1,0
"Y25","X27",0.571428571428571,"YX","other","other","X27_Y25",2024,0,1,1,0
"Y26","X27",0.714285714285714,"YX","other","other","X27_Y26",2024,1,1,2,1
"Y27","X27",0.571428571428571,"YX","other","other","X27_Y27",2024,0,1,1,0
"Y28","X27",0.714285714285714,"YX","other","other","X27_Y28",2024,0,1,1,0
"Y29","X27",0.5,"YX","other","other","X27_Y29",2024,1,1,2,1
"Y30","X27",0.666666666666667,"YX","other","other","X27_Y30",2024,0,1,1,0
"Y31","X27",0.666666666666667,"YX","other","other","X27_Y31",2024,0,1,1,0
"Y32","X27",0.428571428571428,"YX","other","other","X27_Y32",2024,0,1,1,0
"Y33","X27",0.5,"YX","other","other","X27_Y33",2024,0,1,1,0
"Y34","X27",0.375,"YX","other","other","X27_Y34",2024,1,1,2,1
"Y35","X27",0.571428571428571,"YX","other","other","X27_Y35",2024,0,1,1,0
"Z02","X27",0.857142857142857,"ZX","other","other","X27_Z02",2024,1,1,2,1
"Z03","X27",0.571428571428571,"ZX","other","other","X27_Z03",2024,1,1,2,1
"Z05","X27",0.625,"ZX","other","other","X27_Z05",2024,1,1,2,1
"Z06","X27",1,"ZX","other","other","X27_Z06",2024,0,1,1,0
"Z07","X27",0.833333333333333,"ZX","other","other","X27_Z07",2024,0,1,1,0
"Z08","X27",0.625,"ZX","other","other","X27_Z08",2024,1,1,2,1
"Z10","X27",0.571428571428571,"ZX","other","other","X27_Z10",2024,1,1,2,1
"Z11","X27",1,"ZX","other","other","X27_Z11",2024,1,1,2,1
"Z13","X27",0.833333333333333,"ZX","other","other","X27_Z13",2024,1,1,2,1
"Z14","X27",0.714285714285714,"ZX","other","other","X27_Z14",2024,1,1,2,1
"Z15","X27",0.714285714285714,"ZX","other","other","X27_Z15",2024,1,1,2,1
"Z16","X27",0.571428571428571,"ZX","other","other","X27_Z16",2024,1,1,2,1
"Z17","X27",0.714285714285714,"ZX","other","other","X27_Z17",2024,1,1,2,1
"Z18","X27",0.5,"ZX","other","other","X27_Z18",2024,0,1,1,0
"Z19","X27",0.666666666666667,"ZX","other","other","X27_Z19",2024,0,1,1,0
"Z20","X27",0.571428571428571,"ZX","other","other","X27_Z20",2024,1,1,2,1
"Z21","X27",0.833333333333333,"ZX","other","other","X27_Z21",2024,1,1,2,1
"Z22","X27",0.5,"ZX","other","other","X27_Z22",2024,1,1,2,1
"Z23","X27",0.625,"ZX","other","other","X27_Z23",2024,1,1,2,1
"Z24","X27",0.666666666666667,"ZX","other","other","X27_Z24",2024,0,1,1,0
"Z26","X27",0.5,"ZX","other","other","X27_Z26",2024,1,1,2,1
"Z27","X27",0.571428571428571,"ZX","other","other","X27_Z27",2024,0,1,1,0
"Z28","X27",0.571428571428571,"ZX","other","other","X27_Z28",2024,1,1,2,1
"Z29","X27",0.625,"ZX","other","other","X27_Z29",2024,1,1,2,1
"Z30","X27",0.571428571428571,"ZX","other","other","X27_Z30",2024,1,1,2,1
"Z31","X27",0.571428571428571,"ZX","other","other","X27_Z31",2024,1,1,2,1
"Z32","X27",0.666666666666667,"ZX","other","other","X27_Z32",2024,1,1,2,1
"Z33","X27",0.5,"ZX","other","other","X27_Z33",2024,1,1,2,1
"Z35","X27",0.714285714285714,"ZX","other","other","X27_Z35",2024,1,1,2,1
"Z38","X27",0.571428571428571,"ZX","other","other","X27_Z38",2024,0,1,1,0
"Z39","X27",0.625,"ZX","other","other","X27_Z39",2024,1,1,2,1
"Z40","X27",0.5,"ZX","other","other","X27_Z40",2024,0,1,1,0
"Z41","X27",0.571428571428571,"ZX","other","other","X27_Z41",2024,1,1,2,1
"Z42","X27",0.714285714285714,"ZX","other","other","X27_Z42",2024,1,1,2,1
"Z43","X27",0.571428571428571,"ZX","other","other","X27_Z43",2024,1,1,2,1
"Z44","X27",0.666666666666667,"ZX","other","other","X27_Z44",2024,0,1,1,0
"Z45","X27",0.5,"ZX","other","other","X27_Z45",2024,1,1,2,1
"X32","X31",0.555555555555556,"XX","same","same","X31_X32",2024,0,1,1,0
"X33","X31",0.444444444444444,"XX","same","same","X31_X33",2024,0,1,1,0
"X35","X31",0.555555555555556,"XX","same","same","X31_X35",2024,0,1,1,0
"X36","X31",0.444444444444444,"XX","same","same","X31_X36",2024,0,1,1,0
"X38","X31",0.555555555555556,"XX","same","same","X31_X38",2024,0,1,1,0
"X39","X31",0.666666666666667,"XX","same","same","X31_X39",2024,1,1,2,1
"Y01","X31",0.555555555555556,"YX","other","other","X31_Y01",2024,1,1,2,1
"Y02","X31",0.7,"YX","other","other","X31_Y02",2024,1,1,2,1
"Y03","X31",0.555555555555556,"YX","other","other","X31_Y03",2024,0,1,1,0
"Y04","X31",0.666666666666667,"YX","other","other","X31_Y04",2024,1,1,2,1
"Y05","X31",0.444444444444444,"YX","other","other","X31_Y05",2024,1,1,2,1
"Y06","X31",0.7,"YX","other","other","X31_Y06",2024,1,1,2,1
"Y07","X31",0.777777777777778,"YX","other","other","X31_Y07",2024,1,1,2,1
"Y08","X31",0.8,"YX","other","other","X31_Y08",2024,1,1,2,1
"Y09","X31",0.7,"YX","other","other","X31_Y09",2024,1,1,2,1
"Y10","X31",0.7,"YX","other","other","X31_Y10",2024,1,1,2,1
"Y11","X31",0.777777777777778,"YX","other","other","X31_Y11",2024,1,1,2,1
"Y12","X31",0.666666666666667,"YX","other","other","X31_Y12",2024,1,1,2,1
"Y14","X31",0.888888888888889,"YX","other","other","X31_Y14",2024,1,1,2,1
"Y16","X31",0.333333333333333,"YX","other","other","X31_Y16",2024,0,1,1,0
"Y17","X31",0.666666666666667,"YX","other","other","X31_Y17",2024,1,1,2,1
"Y18","X31",0.777777777777778,"YX","other","other","X31_Y18",2024,1,1,2,1
"Y19","X31",0.555555555555556,"YX","other","other","X31_Y19",2024,1,1,2,1
"Y20","X31",0.666666666666667,"YX","other","other","X31_Y20",2024,1,1,2,1
"Y21","X31",0.888888888888889,"YX","other","other","X31_Y21",2024,1,1,2,1
"Y22","X31",0.333333333333333,"YX","other","other","X31_Y22",2024,0,1,1,0
"Y23","X31",0.777777777777778,"YX","other","other","X31_Y23",2024,0,1,1,0
"Y24","X31",0.333333333333333,"YX","other","other","X31_Y24",2024,0,1,1,0
"Y25","X31",0.555555555555556,"YX","other","other","X31_Y25",2024,0,1,1,0
"Y26","X31",0.666666666666667,"YX","other","other","X31_Y26",2024,1,1,2,1
"Y27","X31",0.555555555555556,"YX","other","other","X31_Y27",2024,0,1,1,0
"Y28","X31",0.666666666666667,"YX","other","other","X31_Y28",2024,0,1,1,0
"Y29","X31",0.666666666666667,"YX","other","other","X31_Y29",2024,1,1,2,1
"Y30","X31",0.444444444444444,"YX","other","other","X31_Y30",2024,0,1,1,0
"Y31","X31",0.444444444444444,"YX","other","other","X31_Y31",2024,0,1,1,0
"Y32","X31",0.444444444444444,"YX","other","other","X31_Y32",2024,0,1,1,0
"Y33","X31",0.333333333333333,"YX","other","other","X31_Y33",2024,0,1,1,0
"Y34","X31",0.4,"YX","other","other","X31_Y34",2024,1,1,2,1
"Y35","X31",0.555555555555556,"YX","other","other","X31_Y35",2024,0,1,1,0
"Z02","X31",0.777777777777778,"ZX","other","other","X31_Z02",2024,1,1,2,1
"Z03","X31",0.555555555555556,"ZX","other","other","X31_Z03",2024,1,1,2,1
"Z05","X31",0.777777777777778,"ZX","other","other","X31_Z05",2024,1,1,2,1
"Z06","X31",0.666666666666667,"ZX","other","other","X31_Z06",2024,0,1,1,0
"Z07","X31",0.555555555555556,"ZX","other","other","X31_Z07",2024,0,1,1,0
"Z08","X31",0.777777777777778,"ZX","other","other","X31_Z08",2024,1,1,2,1
"Z10","X31",0.555555555555556,"ZX","other","other","X31_Z10",2024,1,1,2,1
"Z11","X31",0.666666666666667,"ZX","other","other","X31_Z11",2024,1,1,2,1
"Z13","X31",0.555555555555556,"ZX","other","other","X31_Z13",2024,1,1,2,1
"Z14","X31",0.666666666666667,"ZX","other","other","X31_Z14",2024,1,1,2,1
"Z15","X31",0.5,"ZX","other","other","X31_Z15",2024,1,1,2,1
"Z16","X31",0.4,"ZX","other","other","X31_Z16",2024,1,1,2,1
"Z17","X31",0.5,"ZX","other","other","X31_Z17",2024,1,1,2,1
"Z18","X31",0.333333333333333,"ZX","other","other","X31_Z18",2024,0,1,1,0
"Z19","X31",0.444444444444444,"ZX","other","other","X31_Z19",2024,0,1,1,0
"Z20","X31",0.555555555555556,"ZX","other","other","X31_Z20",2024,1,1,2,1
"Z21","X31",0.555555555555556,"ZX","other","other","X31_Z21",2024,1,1,2,1
"Z22","X31",0.666666666666667,"ZX","other","other","X31_Z22",2024,1,1,2,1
"Z23","X31",0.6,"ZX","other","other","X31_Z23",2024,1,1,2,1
"Z24","X31",0.444444444444444,"ZX","other","other","X31_Z24",2024,0,1,1,0
"Z26","X31",0.666666666666667,"ZX","other","other","X31_Z26",2024,1,1,2,1
"Z27","X31",0.555555555555556,"ZX","other","other","X31_Z27",2024,0,1,1,0
"Z28","X31",0.555555555555556,"ZX","other","other","X31_Z28",2024,1,1,2,1
"Z29","X31",0.777777777777778,"ZX","other","other","X31_Z29",2024,1,1,2,1
"Z30","X31",0.555555555555556,"ZX","other","other","X31_Z30",2024,1,1,2,1
"Z31","X31",0.555555555555556,"ZX","other","other","X31_Z31",2024,1,1,2,1
"Z32","X31",0.444444444444444,"ZX","other","other","X31_Z32",2024,1,1,2,1
"Z33","X31",0.666666666666667,"ZX","other","other","X31_Z33",2024,1,1,2,1
"Z35","X31",0.5,"ZX","other","other","X31_Z35",2024,1,1,2,1
"Z38","X31",0.555555555555556,"ZX","other","other","X31_Z38",2024,0,1,1,0
"Z39","X31",0.777777777777778,"ZX","other","other","X31_Z39",2024,1,1,2,1
"Z40","X31",0.333333333333333,"ZX","other","other","X31_Z40",2024,0,1,1,0
"Z41","X31",0.555555555555556,"ZX","other","other","X31_Z41",2024,1,1,2,1
"Z42","X31",0.666666666666667,"ZX","other","other","X31_Z42",2024,1,1,2,1
"Z43","X31",0.555555555555556,"ZX","other","other","X31_Z43",2024,1,1,2,1
"Z44","X31",0.444444444444444,"ZX","other","other","X31_Z44",2024,0,1,1,0
"Z45","X31",0.333333333333333,"ZX","other","other","X31_Z45",2024,1,1,2,1
"X33","X32",0.8,"XX","same","same","X32_X33",2024,0,0,0,1
"X35","X32",0.428571428571428,"XX","same","same","X32_X35",2024,0,0,0,1
"X36","X32",0.8,"XX","same","same","X32_X36",2024,0,0,0,1
"X38","X32",0.666666666666667,"XX","same","same","X32_X38",2024,0,0,0,1
"X39","X32",0.571428571428571,"XX","same","same","X32_X39",2024,1,0,1,0
"Y01","X32",0.666666666666667,"YX","other","other","X32_Y01",2024,1,0,1,0
"Y02","X32",0.444444444444444,"YX","other","other","X32_Y02",2024,1,0,1,0
"Y03","X32",0.666666666666667,"YX","other","other","X32_Y03",2024,0,0,0,1
"Y04","X32",0.375,"YX","other","other","X32_Y04",2024,1,0,1,0
"Y05","X32",0.285714285714286,"YX","other","other","X32_Y05",2024,1,0,1,0
"Y06","X32",0.444444444444444,"YX","other","other","X32_Y06",2024,1,0,1,0
"Y07","X32",0.5,"YX","other","other","X32_Y07",2024,1,0,1,0
"Y08","X32",0.555555555555556,"YX","other","other","X32_Y08",2024,1,0,1,0
"Y09","X32",0.444444444444444,"YX","other","other","X32_Y09",2024,1,0,1,0
"Y10","X32",0.444444444444444,"YX","other","other","X32_Y10",2024,1,0,1,0
"Y11","X32",0.5,"YX","other","other","X32_Y11",2024,1,0,1,0
"Y12","X32",0.571428571428571,"YX","other","other","X32_Y12",2024,1,0,1,0
"Y14","X32",0.625,"YX","other","other","X32_Y14",2024,1,0,1,0
"Y16","X32",0.6,"YX","other","other","X32_Y16",2024,0,0,0,1
"Y17","X32",0.375,"YX","other","other","X32_Y17",2024,1,0,1,0
"Y18","X32",0.5,"YX","other","other","X32_Y18",2024,1,0,1,0
"Y19","X32",0.666666666666667,"YX","other","other","X32_Y19",2024,1,0,1,0
"Y20","X32",0.571428571428571,"YX","other","other","X32_Y20",2024,1,0,1,0
"Y21","X32",0.625,"YX","other","other","X32_Y21",2024,1,0,1,0
"Y22","X32",0.6,"YX","other","other","X32_Y22",2024,0,0,0,1
"Y23","X32",0.714285714285714,"YX","other","other","X32_Y23",2024,0,0,0,1
"Y24","X32",0.6,"YX","other","other","X32_Y24",2024,0,0,0,1
"Y25","X32",1,"YX","other","other","X32_Y25",2024,0,0,0,1
"Y26","X32",0.571428571428571,"YX","other","other","X32_Y26",2024,1,0,1,0
"Y27","X32",1,"YX","other","other","X32_Y27",2024,0,0,0,1
"Y28","X32",0.833333333333333,"YX","other","other","X32_Y28",2024,0,0,0,1
"Y29","X32",0.571428571428571,"YX","other","other","X32_Y29",2024,1,0,1,0
"Y30","X32",0.8,"YX","other","other","X32_Y30",2024,0,0,0,1
"Y31","X32",0.5,"YX","other","other","X32_Y31",2024,0,0,0,1
"Y32","X32",0.8,"YX","other","other","X32_Y32",2024,0,0,0,1
"Y33","X32",0.6,"YX","other","other","X32_Y33",2024,0,0,0,1
"Y34","X32",0.428571428571428,"YX","other","other","X32_Y34",2024,1,0,1,0
"Y35","X32",1,"YX","other","other","X32_Y35",2024,0,0,0,1
"Z02","X32",0.5,"ZX","other","other","X32_Z02",2024,1,0,1,0
"Z03","X32",0.428571428571428,"ZX","other","other","X32_Z03",2024,1,0,1,0
"Z05","X32",0.714285714285714,"ZX","other","other","X32_Z05",2024,1,0,1,0
"Z06","X32",0.571428571428571,"ZX","other","other","X32_Z06",2024,0,0,0,1
"Z07","X32",0.666666666666667,"ZX","other","other","X32_Z07",2024,0,0,0,1
"Z08","X32",0.5,"ZX","other","other","X32_Z08",2024,1,0,1,0
"Z10","X32",0.428571428571428,"ZX","other","other","X32_Z10",2024,1,0,1,0
"Z11","X32",0.571428571428571,"ZX","other","other","X32_Z11",2024,1,0,1,0
"Z13","X32",0.428571428571428,"ZX","other","other","X32_Z13",2024,1,0,1,0
"Z14","X32",0.375,"ZX","other","other","X32_Z14",2024,1,0,1,0
"Z15","X32",0.571428571428571,"ZX","other","other","X32_Z15",2024,1,0,1,0
"Z16","X32",0.428571428571428,"ZX","other","other","X32_Z16",2024,1,0,1,0
"Z17","X32",0.375,"ZX","other","other","X32_Z17",2024,1,0,1,0
"Z18","X32",0.333333333333333,"ZX","other","other","X32_Z18",2024,0,0,0,1
"Z19","X32",0.5,"ZX","other","other","X32_Z19",2024,0,0,0,1
"Z20","X32",0.428571428571428,"ZX","other","other","X32_Z20",2024,1,0,1,0
"Z21","X32",0.428571428571428,"ZX","other","other","X32_Z21",2024,1,0,1,0
"Z22","X32",0.571428571428571,"ZX","other","other","X32_Z22",2024,1,0,1,0
"Z23","X32",0.5,"ZX","other","other","X32_Z23",2024,1,0,1,0
"Z24","X32",0.5,"ZX","other","other","X32_Z24",2024,0,0,0,1
"Z26","X32",0.571428571428571,"ZX","other","other","X32_Z26",2024,1,0,1,0
"Z27","X32",0.666666666666667,"ZX","other","other","X32_Z27",2024,0,0,0,1
"Z28","X32",0.666666666666667,"ZX","other","other","X32_Z28",2024,1,0,1,0
"Z29","X32",0.714285714285714,"ZX","other","other","X32_Z29",2024,1,0,1,0
"Z30","X32",0.666666666666667,"ZX","other","other","X32_Z30",2024,1,0,1,0
"Z31","X32",0.428571428571428,"ZX","other","other","X32_Z31",2024,1,0,1,0
"Z32","X32",0.5,"ZX","other","other","X32_Z32",2024,1,0,1,0
"Z33","X32",0.571428571428571,"ZX","other","other","X32_Z33",2024,1,0,1,0
"Z35","X32",0.375,"ZX","other","other","X32_Z35",2024,1,0,1,0
"Z38","X32",0.666666666666667,"ZX","other","other","X32_Z38",2024,0,0,0,1
"Z39","X32",0.714285714285714,"ZX","other","other","X32_Z39",2024,1,0,1,0
"Z40","X32",0.6,"ZX","other","other","X32_Z40",2024,0,0,0,1
"Z41","X32",0.666666666666667,"ZX","other","other","X32_Z41",2024,1,0,1,0
"Z42","X32",0.571428571428571,"ZX","other","other","X32_Z42",2024,1,0,1,0
"Z43","X32",0.428571428571428,"ZX","other","other","X32_Z43",2024,1,0,1,0
"Z44","X32",0.5,"ZX","other","other","X32_Z44",2024,0,0,0,1
"Z45","X32",0.333333333333333,"ZX","other","other","X32_Z45",2024,1,0,1,0
"X35","X33",0.5,"XX","same","same","X33_X35",2024,0,0,0,1
"X36","X33",1,"XX","same","same","X33_X36",2024,0,0,0,1
"X38","X33",0.8,"XX","same","same","X33_X38",2024,0,0,0,1
"X39","X33",0.666666666666667,"XX","same","same","X33_X39",2024,1,0,1,0
"Y01","X33",0.8,"YX","other","other","X33_Y01",2024,1,0,1,0
"Y02","X33",0.333333333333333,"YX","other","other","X33_Y02",2024,1,0,1,0
"Y03","X33",0.8,"YX","other","other","X33_Y03",2024,0,0,0,1
"Y04","X33",0.428571428571428,"YX","other","other","X33_Y04",2024,1,0,1,0
"Y05","X33",0.333333333333333,"YX","other","other","X33_Y05",2024,1,0,1,0
"Y06","X33",0.5,"YX","other","other","X33_Y06",2024,1,0,1,0
"Y07","X33",0.375,"YX","other","other","X33_Y07",2024,1,0,1,0
"Y08","X33",0.444444444444444,"YX","other","other","X33_Y08",2024,1,0,1,0
"Y09","X33",0.5,"YX","other","other","X33_Y09",2024,1,0,1,0
"Y10","X33",0.333333333333333,"YX","other","other","X33_Y10",2024,1,0,1,0
"Y11","X33",0.571428571428571,"YX","other","other","X33_Y11",2024,1,0,1,0
"Y12","X33",0.428571428571428,"YX","other","other","X33_Y12",2024,1,0,1,0
"Y14","X33",0.5,"YX","other","other","X33_Y14",2024,1,0,1,0
"Y16","X33",0.75,"YX","other","other","X33_Y16",2024,0,0,0,1
"Y17","X33",0.428571428571428,"YX","other","other","X33_Y17",2024,1,0,1,0
"Y18","X33",0.571428571428571,"YX","other","other","X33_Y18",2024,1,0,1,0
"Y19","X33",0.8,"YX","other","other","X33_Y19",2024,1,0,1,0
"Y20","X33",0.666666666666667,"YX","other","other","X33_Y20",2024,1,0,1,0
"Y21","X33",0.5,"YX","other","other","X33_Y21",2024,1,0,1,0
"Y22","X33",0.75,"YX","other","other","X33_Y22",2024,0,0,0,1
"Y23","X33",0.571428571428571,"YX","other","other","X33_Y23",2024,0,0,0,1
"Y24","X33",0.75,"YX","other","other","X33_Y24",2024,0,0,0,1
"Y25","X33",0.8,"YX","other","other","X33_Y25",2024,0,0,0,1
"Y26","X33",0.428571428571428,"YX","other","other","X33_Y26",2024,1,0,1,0
"Y27","X33",0.8,"YX","other","other","X33_Y27",2024,0,0,0,1
"Y28","X33",0.666666666666667,"YX","other","other","X33_Y28",2024,0,0,0,1
"Y29","X33",0.428571428571428,"YX","other","other","X33_Y29",2024,1,0,1,0
"Y30","X33",1,"YX","other","other","X33_Y30",2024,0,0,0,1
"Y31","X33",0.6,"YX","other","other","X33_Y31",2024,0,0,0,1
"Y32","X33",0.6,"YX","other","other","X33_Y32",2024,0,0,0,1
"Y33","X33",0.75,"YX","other","other","X33_Y33",2024,0,0,0,1
"Y34","X33",0.5,"YX","other","other","X33_Y34",2024,1,0,1,0
"Y35","X33",0.8,"YX","other","other","X33_Y35",2024,0,0,0,1
"Z02","X33",0.571428571428571,"ZX","other","other","X33_Z02",2024,1,0,1,0
"Z03","X33",0.5,"ZX","other","other","X33_Z03",2024,1,0,1,0
"Z05","X33",0.571428571428571,"ZX","other","other","X33_Z05",2024,1,0,1,0
"Z06","X33",0.666666666666667,"ZX","other","other","X33_Z06",2024,0,0,0,1
"Z07","X33",0.8,"ZX","other","other","X33_Z07",2024,0,0,0,1
"Z08","X33",0.571428571428571,"ZX","other","other","X33_Z08",2024,1,0,1,0
"Z10","X33",0.5,"ZX","other","other","X33_Z10",2024,1,0,1,0
"Z11","X33",0.666666666666667,"ZX","other","other","X33_Z11",2024,1,0,1,0
"Z13","X33",0.5,"ZX","other","other","X33_Z13",2024,1,0,1,0
"Z14","X33",0.428571428571428,"ZX","other","other","X33_Z14",2024,1,0,1,0
"Z15","X33",0.666666666666667,"ZX","other","other","X33_Z15",2024,1,0,1,0
"Z16","X33",0.5,"ZX","other","other","X33_Z16",2024,1,0,1,0
"Z17","X33",0.428571428571428,"ZX","other","other","X33_Z17",2024,1,0,1,0
"Z18","X33",0.4,"ZX","other","other","X33_Z18",2024,0,0,0,1
"Z19","X33",0.6,"ZX","other","other","X33_Z19",2024,0,0,0,1
"Z20","X33",0.5,"ZX","other","other","X33_Z20",2024,1,0,1,0
"Z21","X33",0.5,"ZX","other","other","X33_Z21",2024,1,0,1,0
"Z22","X33",0.428571428571428,"ZX","other","other","X33_Z22",2024,1,0,1,0
"Z23","X33",0.375,"ZX","other","other","X33_Z23",2024,1,0,1,0
"Z24","X33",0.6,"ZX","other","other","X33_Z24",2024,0,0,0,1
"Z26","X33",0.428571428571428,"ZX","other","other","X33_Z26",2024,1,0,1,0
"Z27","X33",0.5,"ZX","other","other","X33_Z27",2024,0,0,0,1
"Z28","X33",0.5,"ZX","other","other","X33_Z28",2024,1,0,1,0
"Z29","X33",0.571428571428571,"ZX","other","other","X33_Z29",2024,1,0,1,0
"Z30","X33",0.5,"ZX","other","other","X33_Z30",2024,1,0,1,0
"Z31","X33",0.5,"ZX","other","other","X33_Z31",2024,1,0,1,0
"Z32","X33",0.6,"ZX","other","other","X33_Z32",2024,1,0,1,0
"Z33","X33",0.428571428571428,"ZX","other","other","X33_Z33",2024,1,0,1,0
"Z35","X33",0.428571428571428,"ZX","other","other","X33_Z35",2024,1,0,1,0
"Z38","X33",0.5,"ZX","other","other","X33_Z38",2024,0,0,0,1
"Z39","X33",0.571428571428571,"ZX","other","other","X33_Z39",2024,1,0,1,0
"Z40","X33",0.75,"ZX","other","other","X33_Z40",2024,0,0,0,1
"Z41","X33",0.8,"ZX","other","other","X33_Z41",2024,1,0,1,0
"Z42","X33",0.666666666666667,"ZX","other","other","X33_Z42",2024,1,0,1,0
"Z43","X33",0.5,"ZX","other","other","X33_Z43",2024,1,0,1,0
"Z44","X33",0.6,"ZX","other","other","X33_Z44",2024,0,0,0,1
"Z45","X33",0.4,"ZX","other","other","X33_Z45",2024,1,0,1,0
"X36","X35",0.5,"XX","same","same","X35_X36",2024,0,0,0,1
"X38","X35",0.666666666666667,"XX","same","same","X35_X38",2024,0,0,0,1
"X39","X35",0.571428571428571,"XX","same","same","X35_X39",2024,1,0,1,0
"Y01","X35",0.428571428571428,"YX","other","other","X35_Y01",2024,1,0,1,0
"Y02","X35",0.625,"YX","other","other","X35_Y02",2024,1,0,1,0
"Y03","X35",0.428571428571428,"YX","other","other","X35_Y03",2024,0,0,0,1
"Y04","X35",0.833333333333333,"YX","other","other","X35_Y04",2024,1,0,1,0
"Y05","X35",0.8,"YX","other","other","X35_Y05",2024,1,0,1,0
"Y06","X35",0.625,"YX","other","other","X35_Y06",2024,1,0,1,0
"Y07","X35",0.714285714285714,"YX","other","other","X35_Y07",2024,1,0,1,0
"Y08","X35",0.555555555555556,"YX","other","other","X35_Y08",2024,1,0,1,0
"Y09","X35",0.625,"YX","other","other","X35_Y09",2024,1,0,1,0
"Y10","X35",0.625,"YX","other","other","X35_Y10",2024,1,0,1,0
"Y11","X35",0.714285714285714,"YX","other","other","X35_Y11",2024,1,0,1,0
"Y12","X35",0.571428571428571,"YX","other","other","X35_Y12",2024,1,0,1,0
"Y14","X35",0.625,"YX","other","other","X35_Y14",2024,1,0,1,0
"Y16","X35",0.6,"YX","other","other","X35_Y16",2024,0,0,0,1
"Y17","X35",0.833333333333333,"YX","other","other","X35_Y17",2024,1,0,1,0
"Y18","X35",0.714285714285714,"YX","other","other","X35_Y18",2024,1,0,1,0
"Y19","X35",0.428571428571428,"YX","other","other","X35_Y19",2024,1,0,1,0
"Y20","X35",0.571428571428571,"YX","other","other","X35_Y20",2024,1,0,1,0
"Y21","X35",0.625,"YX","other","other","X35_Y21",2024,1,0,1,0
"Y22","X35",0.6,"YX","other","other","X35_Y22",2024,0,0,0,1
"Y23","X35",0.5,"YX","other","other","X35_Y23",2024,0,0,0,1
"Y24","X35",0.6,"YX","other","other","X35_Y24",2024,0,0,0,1
"Y25","X35",0.428571428571428,"YX","other","other","X35_Y25",2024,0,0,0,1
"Y26","X35",0.571428571428571,"YX","other","other","X35_Y26",2024,1,0,1,0
"Y27","X35",0.428571428571428,"YX","other","other","X35_Y27",2024,0,0,0,1
"Y28","X35",0.375,"YX","other","other","X35_Y28",2024,0,0,0,1
"Y29","X35",0.571428571428571,"YX","other","other","X35_Y29",2024,1,0,1,0
"Y30","X35",0.5,"YX","other","other","X35_Y30",2024,0,0,0,1
"Y31","X35",0.5,"YX","other","other","X35_Y31",2024,0,0,0,1
"Y32","X35",0.5,"YX","other","other","X35_Y32",2024,0,0,0,1
"Y33","X35",0.6,"YX","other","other","X35_Y33",2024,0,0,0,1
"Y34","X35",0.666666666666667,"YX","other","other","X35_Y34",2024,1,0,1,0
"Y35","X35",0.428571428571428,"YX","other","other","X35_Y35",2024,0,0,0,1
"Z02","X35",0.5,"ZX","other","other","X35_Z02",2024,1,0,1,0
"Z03","X35",0.666666666666667,"ZX","other","other","X35_Z03",2024,1,0,1,0
"Z05","X35",0.5,"ZX","other","other","X35_Z05",2024,1,0,1,0
"Z06","X35",0.571428571428571,"ZX","other","other","X35_Z06",2024,0,0,0,1
"Z07","X35",0.428571428571428,"ZX","other","other","X35_Z07",2024,0,0,0,1
"Z08","X35",0.5,"ZX","other","other","X35_Z08",2024,1,0,1,0
"Z10","X35",0.666666666666667,"ZX","other","other","X35_Z10",2024,1,0,1,0
"Z11","X35",0.571428571428571,"ZX","other","other","X35_Z11",2024,1,0,1,0
"Z13","X35",0.666666666666667,"ZX","other","other","X35_Z13",2024,1,0,1,0
"Z14","X35",0.833333333333333,"ZX","other","other","X35_Z14",2024,1,0,1,0
"Z15","X35",0.375,"ZX","other","other","X35_Z15",2024,1,0,1,0
"Z16","X35",0.428571428571428,"ZX","other","other","X35_Z16",2024,1,0,1,0
"Z17","X35",0.571428571428571,"ZX","other","other","X35_Z17",2024,1,0,1,0
"Z18","X35",0.333333333333333,"ZX","other","other","X35_Z18",2024,0,0,0,1
"Z19","X35",0.5,"ZX","other","other","X35_Z19",2024,0,0,0,1
"Z20","X35",0.666666666666667,"ZX","other","other","X35_Z20",2024,1,0,1,0
"Z21","X35",0.666666666666667,"ZX","other","other","X35_Z21",2024,1,0,1,0
"Z22","X35",0.571428571428571,"ZX","other","other","X35_Z22",2024,1,0,1,0
"Z23","X35",0.5,"ZX","other","other","X35_Z23",2024,1,0,1,0
"Z24","X35",0.5,"ZX","other","other","X35_Z24",2024,0,0,0,1
"Z26","X35",0.375,"ZX","other","other","X35_Z26",2024,1,0,1,0
"Z27","X35",0.428571428571428,"ZX","other","other","X35_Z27",2024,0,0,0,1
"Z28","X35",0.428571428571428,"ZX","other","other","X35_Z28",2024,1,0,1,0
"Z29","X35",0.5,"ZX","other","other","X35_Z29",2024,1,0,1,0
"Z30","X35",0.428571428571428,"ZX","other","other","X35_Z30",2024,1,0,1,0
"Z31","X35",0.666666666666667,"ZX","other","other","X35_Z31",2024,1,0,1,0
"Z32","X35",0.5,"ZX","other","other","X35_Z32",2024,1,0,1,0
"Z33","X35",0.571428571428571,"ZX","other","other","X35_Z33",2024,1,0,1,0
"Z35","X35",0.571428571428571,"ZX","other","other","X35_Z35",2024,1,0,1,0
"Z38","X35",0.428571428571428,"ZX","other","other","X35_Z38",2024,0,0,0,1
"Z39","X35",0.5,"ZX","other","other","X35_Z39",2024,1,0,1,0
"Z40","X35",0.6,"ZX","other","other","X35_Z40",2024,0,0,0,1
"Z41","X35",0.666666666666667,"ZX","other","other","X35_Z41",2024,1,0,1,0
"Z42","X35",0.375,"ZX","other","other","X35_Z42",2024,1,0,1,0
"Z43","X35",0.428571428571428,"ZX","other","other","X35_Z43",2024,1,0,1,0
"Z44","X35",0.5,"ZX","other","other","X35_Z44",2024,0,0,0,1
"Z45","X35",0.333333333333333,"ZX","other","other","X35_Z45",2024,1,0,1,0
"X38","X36",0.8,"XX","same","same","X36_X38",2024,0,0,0,1
"X39","X36",0.666666666666667,"XX","same","same","X36_X39",2024,1,0,1,0
"Y01","X36",0.8,"YX","other","other","X36_Y01",2024,1,0,1,0
"Y02","X36",0.333333333333333,"YX","other","other","X36_Y02",2024,1,0,1,0
"Y03","X36",0.8,"YX","other","other","X36_Y03",2024,0,0,0,1
"Y04","X36",0.428571428571428,"YX","other","other","X36_Y04",2024,1,0,1,0
"Y05","X36",0.333333333333333,"YX","other","other","X36_Y05",2024,1,0,1,0
"Y06","X36",0.5,"YX","other","other","X36_Y06",2024,1,0,1,0
"Y07","X36",0.375,"YX","other","other","X36_Y07",2024,1,0,1,0
"Y08","X36",0.444444444444444,"YX","other","other","X36_Y08",2024,1,0,1,0
"Y09","X36",0.5,"YX","other","other","X36_Y09",2024,1,0,1,0
"Y10","X36",0.333333333333333,"YX","other","other","X36_Y10",2024,1,0,1,0
"Y11","X36",0.571428571428571,"YX","other","other","X36_Y11",2024,1,0,1,0
"Y12","X36",0.428571428571428,"YX","other","other","X36_Y12",2024,1,0,1,0
"Y14","X36",0.5,"YX","other","other","X36_Y14",2024,1,0,1,0
"Y16","X36",0.75,"YX","other","other","X36_Y16",2024,0,0,0,1
"Y17","X36",0.428571428571428,"YX","other","other","X36_Y17",2024,1,0,1,0
"Y18","X36",0.571428571428571,"YX","other","other","X36_Y18",2024,1,0,1,0
"Y19","X36",0.8,"YX","other","other","X36_Y19",2024,1,0,1,0
"Y20","X36",0.666666666666667,"YX","other","other","X36_Y20",2024,1,0,1,0
"Y21","X36",0.5,"YX","other","other","X36_Y21",2024,1,0,1,0
"Y22","X36",0.75,"YX","other","other","X36_Y22",2024,0,0,0,1
"Y23","X36",0.571428571428571,"YX","other","other","X36_Y23",2024,0,0,0,1
"Y24","X36",0.75,"YX","other","other","X36_Y24",2024,0,0,0,1
"Y25","X36",0.8,"YX","other","other","X36_Y25",2024,0,0,0,1
"Y26","X36",0.428571428571428,"YX","other","other","X36_Y26",2024,1,0,1,0
"Y27","X36",0.8,"YX","other","other","X36_Y27",2024,0,0,0,1
"Y28","X36",0.666666666666667,"YX","other","other","X36_Y28",2024,0,0,0,1
"Y29","X36",0.428571428571428,"YX","other","other","X36_Y29",2024,1,0,1,0
"Y30","X36",1,"YX","other","other","X36_Y30",2024,0,0,0,1
"Y31","X36",0.6,"YX","other","other","X36_Y31",2024,0,0,0,1
"Y32","X36",0.6,"YX","other","other","X36_Y32",2024,0,0,0,1
"Y33","X36",0.75,"YX","other","other","X36_Y33",2024,0,0,0,1
"Y34","X36",0.5,"YX","other","other","X36_Y34",2024,1,0,1,0
"Y35","X36",0.8,"YX","other","other","X36_Y35",2024,0,0,0,1
"Z02","X36",0.571428571428571,"ZX","other","other","X36_Z02",2024,1,0,1,0
"Z03","X36",0.5,"ZX","other","other","X36_Z03",2024,1,0,1,0
"Z05","X36",0.571428571428571,"ZX","other","other","X36_Z05",2024,1,0,1,0
"Z06","X36",0.666666666666667,"ZX","other","other","X36_Z06",2024,0,0,0,1
"Z07","X36",0.8,"ZX","other","other","X36_Z07",2024,0,0,0,1
"Z08","X36",0.571428571428571,"ZX","other","other","X36_Z08",2024,1,0,1,0
"Z10","X36",0.5,"ZX","other","other","X36_Z10",2024,1,0,1,0
"Z11","X36",0.666666666666667,"ZX","other","other","X36_Z11",2024,1,0,1,0
"Z13","X36",0.5,"ZX","other","other","X36_Z13",2024,1,0,1,0
"Z14","X36",0.428571428571428,"ZX","other","other","X36_Z14",2024,1,0,1,0
"Z15","X36",0.666666666666667,"ZX","other","other","X36_Z15",2024,1,0,1,0
"Z16","X36",0.5,"ZX","other","other","X36_Z16",2024,1,0,1,0
"Z17","X36",0.428571428571428,"ZX","other","other","X36_Z17",2024,1,0,1,0
"Z18","X36",0.4,"ZX","other","other","X36_Z18",2024,0,0,0,1
"Z19","X36",0.6,"ZX","other","other","X36_Z19",2024,0,0,0,1
"Z20","X36",0.5,"ZX","other","other","X36_Z20",2024,1,0,1,0
"Z21","X36",0.5,"ZX","other","other","X36_Z21",2024,1,0,1,0
"Z22","X36",0.428571428571428,"ZX","other","other","X36_Z22",2024,1,0,1,0
"Z23","X36",0.375,"ZX","other","other","X36_Z23",2024,1,0,1,0
"Z24","X36",0.6,"ZX","other","other","X36_Z24",2024,0,0,0,1
"Z26","X36",0.428571428571428,"ZX","other","other","X36_Z26",2024,1,0,1,0
"Z27","X36",0.5,"ZX","other","other","X36_Z27",2024,0,0,0,1
"Z28","X36",0.5,"ZX","other","other","X36_Z28",2024,1,0,1,0
"Z29","X36",0.571428571428571,"ZX","other","other","X36_Z29",2024,1,0,1,0
"Z30","X36",0.5,"ZX","other","other","X36_Z30",2024,1,0,1,0
"Z31","X36",0.5,"ZX","other","other","X36_Z31",2024,1,0,1,0
"Z32","X36",0.6,"ZX","other","other","X36_Z32",2024,1,0,1,0
"Z33","X36",0.428571428571428,"ZX","other","other","X36_Z33",2024,1,0,1,0
"Z35","X36",0.428571428571428,"ZX","other","other","X36_Z35",2024,1,0,1,0
"Z38","X36",0.5,"ZX","other","other","X36_Z38",2024,0,0,0,1
"Z39","X36",0.571428571428571,"ZX","other","other","X36_Z39",2024,1,0,1,0
"Z40","X36",0.75,"ZX","other","other","X36_Z40",2024,0,0,0,1
"Z41","X36",0.8,"ZX","other","other","X36_Z41",2024,1,0,1,0
"Z42","X36",0.666666666666667,"ZX","other","other","X36_Z42",2024,1,0,1,0
"Z43","X36",0.5,"ZX","other","other","X36_Z43",2024,1,0,1,0
"Z44","X36",0.6,"ZX","other","other","X36_Z44",2024,0,0,0,1
"Z45","X36",0.4,"ZX","other","other","X36_Z45",2024,1,0,1,0
"X39","X38",0.571428571428571,"XX","same","same","X38_X39",2024,1,0,1,0
"Y01","X38",0.666666666666667,"YX","other","other","X38_Y01",2024,1,0,1,0
"Y02","X38",0.444444444444444,"YX","other","other","X38_Y02",2024,1,0,1,0
"Y03","X38",0.666666666666667,"YX","other","other","X38_Y03",2024,0,0,0,1
"Y04","X38",0.571428571428571,"YX","other","other","X38_Y04",2024,1,0,1,0
"Y05","X38",0.5,"YX","other","other","X38_Y05",2024,1,0,1,0
"Y06","X38",0.625,"YX","other","other","X38_Y06",2024,1,0,1,0
"Y07","X38",0.5,"YX","other","other","X38_Y07",2024,1,0,1,0
"Y08","X38",0.555555555555556,"YX","other","other","X38_Y08",2024,1,0,1,0
"Y09","X38",0.625,"YX","other","other","X38_Y09",2024,1,0,1,0
"Y10","X38",0.444444444444444,"YX","other","other","X38_Y10",2024,1,0,1,0
"Y11","X38",0.714285714285714,"YX","other","other","X38_Y11",2024,1,0,1,0
"Y12","X38",0.375,"YX","other","other","X38_Y12",2024,1,0,1,0
"Y14","X38",0.625,"YX","other","other","X38_Y14",2024,1,0,1,0
"Y16","X38",0.6,"YX","other","other","X38_Y16",2024,0,0,0,1
"Y17","X38",0.571428571428571,"YX","other","other","X38_Y17",2024,1,0,1,0
"Y18","X38",0.714285714285714,"YX","other","other","X38_Y18",2024,1,0,1,0
"Y19","X38",0.666666666666667,"YX","other","other","X38_Y19",2024,1,0,1,0
"Y20","X38",0.833333333333333,"YX","other","other","X38_Y20",2024,1,0,1,0
"Y21","X38",0.625,"YX","other","other","X38_Y21",2024,1,0,1,0
"Y22","X38",0.6,"YX","other","other","X38_Y22",2024,0,0,0,1
"Y23","X38",0.5,"YX","other","other","X38_Y23",2024,0,0,0,1
"Y24","X38",0.6,"YX","other","other","X38_Y24",2024,0,0,0,1
"Y25","X38",0.666666666666667,"YX","other","other","X38_Y25",2024,0,0,0,1
"Y26","X38",0.571428571428571,"YX","other","other","X38_Y26",2024,1,0,1,0
"Y27","X38",0.666666666666667,"YX","other","other","X38_Y27",2024,0,0,0,1
"Y28","X38",0.571428571428571,"YX","other","other","X38_Y28",2024,0,0,0,1
"Y29","X38",0.375,"YX","other","other","X38_Y29",2024,1,0,1,0
"Y30","X38",0.8,"YX","other","other","X38_Y30",2024,0,0,0,1
"Y31","X38",0.5,"YX","other","other","X38_Y31",2024,0,0,0,1
"Y32","X38",0.5,"YX","other","other","X38_Y32",2024,0,0,0,1
"Y33","X38",0.6,"YX","other","other","X38_Y33",2024,0,0,0,1
"Y34","X38",0.428571428571428,"YX","other","other","X38_Y34",2024,1,0,1,0
"Y35","X38",0.666666666666667,"YX","other","other","X38_Y35",2024,0,0,0,1
"Z02","X38",0.714285714285714,"ZX","other","other","X38_Z02",2024,1,0,1,0
"Z03","X38",0.428571428571428,"ZX","other","other","X38_Z03",2024,1,0,1,0
"Z05","X38",0.5,"ZX","other","other","X38_Z05",2024,1,0,1,0
"Z06","X38",0.833333333333333,"ZX","other","other","X38_Z06",2024,0,0,0,1
"Z07","X38",0.666666666666667,"ZX","other","other","X38_Z07",2024,0,0,0,1
"Z08","X38",0.5,"ZX","other","other","X38_Z08",2024,1,0,1,0
"Z10","X38",0.428571428571428,"ZX","other","other","X38_Z10",2024,1,0,1,0
"Z11","X38",0.833333333333333,"ZX","other","other","X38_Z11",2024,1,0,1,0
"Z13","X38",0.666666666666667,"ZX","other","other","X38_Z13",2024,1,0,1,0
"Z14","X38",0.571428571428571,"ZX","other","other","X38_Z14",2024,1,0,1,0
"Z15","X38",0.571428571428571,"ZX","other","other","X38_Z15",2024,1,0,1,0
"Z16","X38",0.428571428571428,"ZX","other","other","X38_Z16",2024,1,0,1,0
"Z17","X38",0.571428571428571,"ZX","other","other","X38_Z17",2024,1,0,1,0
"Z18","X38",0.333333333333333,"ZX","other","other","X38_Z18",2024,0,0,0,1
"Z19","X38",0.5,"ZX","other","other","X38_Z19",2024,0,0,0,1
"Z20","X38",0.428571428571428,"ZX","other","other","X38_Z20",2024,1,0,1,0
"Z21","X38",0.666666666666667,"ZX","other","other","X38_Z21",2024,1,0,1,0
"Z22","X38",0.375,"ZX","other","other","X38_Z22",2024,1,0,1,0
"Z23","X38",0.5,"ZX","other","other","X38_Z23",2024,1,0,1,0
"Z24","X38",0.5,"ZX","other","other","X38_Z24",2024,0,0,0,1
"Z26","X38",0.375,"ZX","other","other","X38_Z26",2024,1,0,1,0
"Z27","X38",0.428571428571428,"ZX","other","other","X38_Z27",2024,0,0,0,1
"Z28","X38",0.428571428571428,"ZX","other","other","X38_Z28",2024,1,0,1,0
"Z29","X38",0.5,"ZX","other","other","X38_Z29",2024,1,0,1,0
"Z30","X38",0.428571428571428,"ZX","other","other","X38_Z30",2024,1,0,1,0
"Z31","X38",0.428571428571428,"ZX","other","other","X38_Z31",2024,1,0,1,0
"Z32","X38",0.5,"ZX","other","other","X38_Z32",2024,1,0,1,0
"Z33","X38",0.375,"ZX","other","other","X38_Z33",2024,1,0,1,0
"Z35","X38",0.571428571428571,"ZX","other","other","X38_Z35",2024,1,0,1,0
"Z38","X38",0.428571428571428,"ZX","other","other","X38_Z38",2024,0,0,0,1
"Z39","X38",0.5,"ZX","other","other","X38_Z39",2024,1,0,1,0
"Z40","X38",0.6,"ZX","other","other","X38_Z40",2024,0,0,0,1
"Z41","X38",0.666666666666667,"ZX","other","other","X38_Z41",2024,1,0,1,0
"Z42","X38",0.571428571428571,"ZX","other","other","X38_Z42",2024,1,0,1,0
"Z43","X38",0.428571428571428,"ZX","other","other","X38_Z43",2024,1,0,1,0
"Z44","X38",0.5,"ZX","other","other","X38_Z44",2024,0,0,0,1
"Z45","X38",0.333333333333333,"ZX","other","other","X38_Z45",2024,1,0,1,0
"Y01","X39",0.833333333333333,"YX","other","other","X39_Y01",2024,1,1,2,1
"Y02","X39",0.555555555555556,"YX","other","other","X39_Y02",2024,1,1,2,1
"Y03","X39",0.833333333333333,"YX","other","other","X39_Y03",2024,0,1,1,0
"Y04","X39",0.714285714285714,"YX","other","other","X39_Y04",2024,1,1,2,1
"Y05","X39",0.428571428571428,"YX","other","other","X39_Y05",2024,1,1,2,1
"Y06","X39",0.75,"YX","other","other","X39_Y06",2024,1,1,2,1
"Y07","X39",0.625,"YX","other","other","X39_Y07",2024,1,1,2,1
"Y08","X39",0.666666666666667,"YX","other","other","X39_Y08",2024,1,1,2,1
"Y09","X39",0.75,"YX","other","other","X39_Y09",2024,1,1,2,1
"Y10","X39",0.555555555555556,"YX","other","other","X39_Y10",2024,1,1,2,1
"Y11","X39",0.857142857142857,"YX","other","other","X39_Y11",2024,1,1,2,1
"Y12","X39",0.714285714285714,"YX","other","other","X39_Y12",2024,1,1,2,1
"Y14","X39",0.75,"YX","other","other","X39_Y14",2024,1,1,2,1
"Y16","X39",0.5,"YX","other","other","X39_Y16",2024,0,1,1,0
"Y17","X39",0.714285714285714,"YX","other","other","X39_Y17",2024,1,1,2,1
"Y18","X39",0.857142857142857,"YX","other","other","X39_Y18",2024,1,1,2,1
"Y19","X39",0.833333333333333,"YX","other","other","X39_Y19",2024,1,1,2,1
"Y20","X39",0.714285714285714,"YX","other","other","X39_Y20",2024,1,1,2,1
"Y21","X39",0.75,"YX","other","other","X39_Y21",2024,1,1,2,1
"Y22","X39",0.5,"YX","other","other","X39_Y22",2024,0,1,1,0
"Y23","X39",0.857142857142857,"YX","other","other","X39_Y23",2024,0,1,1,0
"Y24","X39",0.5,"YX","other","other","X39_Y24",2024,0,1,1,0
"Y25","X39",0.571428571428571,"YX","other","other","X39_Y25",2024,0,1,1,0
"Y26","X39",0.5,"YX","other","other","X39_Y26",2024,1,1,2,1
"Y27","X39",0.571428571428571,"YX","other","other","X39_Y27",2024,0,1,1,0
"Y28","X39",0.714285714285714,"YX","other","other","X39_Y28",2024,0,1,1,0
"Y29","X39",0.714285714285714,"YX","other","other","X39_Y29",2024,1,1,2,1
"Y30","X39",0.666666666666667,"YX","other","other","X39_Y30",2024,0,1,1,0
"Y31","X39",0.666666666666667,"YX","other","other","X39_Y31",2024,0,1,1,0
"Y32","X39",0.428571428571428,"YX","other","other","X39_Y32",2024,0,1,1,0
"Y33","X39",0.5,"YX","other","other","X39_Y33",2024,0,1,1,0
"Y34","X39",0.571428571428571,"YX","other","other","X39_Y34",2024,1,1,2,1
"Y35","X39",0.571428571428571,"YX","other","other","X39_Y35",2024,0,1,1,0
"Z02","X39",0.625,"ZX","other","other","X39_Z02",2024,1,1,2,1
"Z03","X39",0.833333333333333,"ZX","other","other","X39_Z03",2024,1,1,2,1
"Z05","X39",0.857142857142857,"ZX","other","other","X39_Z05",2024,1,1,2,1
"Z06","X39",0.714285714285714,"ZX","other","other","X39_Z06",2024,0,1,1,0
"Z07","X39",0.833333333333333,"ZX","other","other","X39_Z07",2024,0,1,1,0
"Z08","X39",0.857142857142857,"ZX","other","other","X39_Z08",2024,1,1,2,1
"Z10","X39",0.833333333333333,"ZX","other","other","X39_Z10",2024,1,1,2,1
"Z11","X39",0.714285714285714,"ZX","other","other","X39_Z11",2024,1,1,2,1
"Z13","X39",0.571428571428571,"ZX","other","other","X39_Z13",2024,1,1,2,1
"Z14","X39",0.714285714285714,"ZX","other","other","X39_Z14",2024,1,1,2,1
"Z15","X39",0.714285714285714,"ZX","other","other","X39_Z15",2024,1,1,2,1
"Z16","X39",0.571428571428571,"ZX","other","other","X39_Z16",2024,1,1,2,1
"Z17","X39",0.5,"ZX","other","other","X39_Z17",2024,1,1,2,1
"Z18","X39",0.5,"ZX","other","other","X39_Z18",2024,0,1,1,0
"Z19","X39",0.666666666666667,"ZX","other","other","X39_Z19",2024,0,1,1,0
"Z20","X39",0.833333333333333,"ZX","other","other","X39_Z20",2024,1,1,2,1
"Z21","X39",0.571428571428571,"ZX","other","other","X39_Z21",2024,1,1,2,1
"Z22","X39",0.714285714285714,"ZX","other","other","X39_Z22",2024,1,1,2,1
"Z23","X39",0.444444444444444,"ZX","other","other","X39_Z23",2024,1,1,2,1
"Z24","X39",0.666666666666667,"ZX","other","other","X39_Z24",2024,0,1,1,0
"Z26","X39",0.5,"ZX","other","other","X39_Z26",2024,1,1,2,1
"Z27","X39",0.571428571428571,"ZX","other","other","X39_Z27",2024,0,1,1,0
"Z28","X39",0.571428571428571,"ZX","other","other","X39_Z28",2024,1,1,2,1
"Z29","X39",0.857142857142857,"ZX","other","other","X39_Z29",2024,1,1,2,1
"Z30","X39",0.571428571428571,"ZX","other","other","X39_Z30",2024,1,1,2,1
"Z31","X39",0.833333333333333,"ZX","other","other","X39_Z31",2024,1,1,2,1
"Z32","X39",0.666666666666667,"ZX","other","other","X39_Z32",2024,1,1,2,1
"Z33","X39",0.714285714285714,"ZX","other","other","X39_Z33",2024,1,1,2,1
"Z35","X39",0.5,"ZX","other","other","X39_Z35",2024,1,1,2,1
"Z38","X39",0.571428571428571,"ZX","other","other","X39_Z38",2024,0,1,1,0
"Z39","X39",0.857142857142857,"ZX","other","other","X39_Z39",2024,1,1,2,1
"Z40","X39",0.5,"ZX","other","other","X39_Z40",2024,0,1,1,0
"Z41","X39",0.833333333333333,"ZX","other","other","X39_Z41",2024,1,1,2,1
"Z42","X39",0.714285714285714,"ZX","other","other","X39_Z42",2024,1,1,2,1
"Z43","X39",0.571428571428571,"ZX","other","other","X39_Z43",2024,1,1,2,1
"Z44","X39",0.666666666666667,"ZX","other","other","X39_Z44",2024,0,1,1,0
"Z45","X39",0.5,"ZX","other","other","X39_Z45",2024,1,1,2,1
"Y02","Y01",0.444444444444444,"YY","same","same","Y01_Y02",2024,1,1,2,1
"Y03","Y01",1,"YY","same","same","Y01_Y03",2024,0,1,1,0
"Y04","Y01",0.571428571428571,"YY","same","same","Y01_Y04",2024,1,1,2,1
"Y05","Y01",0.285714285714286,"YY","same","same","Y01_Y05",2024,1,1,2,1
"Y06","Y01",0.625,"YY","same","same","Y01_Y06",2024,1,1,2,1
"Y07","Y01",0.5,"YY","same","same","Y01_Y07",2024,1,1,2,1
"Y08","Y01",0.555555555555556,"YY","same","same","Y01_Y08",2024,1,1,2,1
"Y09","Y01",0.625,"YY","same","same","Y01_Y09",2024,1,1,2,1
"Y10","Y01",0.444444444444444,"YY","same","same","Y01_Y10",2024,1,1,2,1
"Y11","Y01",0.714285714285714,"YY","same","same","Y01_Y11",2024,1,1,2,1
"Y12","Y01",0.571428571428571,"YY","same","same","Y01_Y12",2024,1,1,2,1
"Y14","Y01",0.625,"YY","same","same","Y01_Y14",2024,1,1,2,1
"Y16","Y01",0.6,"YY","same","same","Y01_Y16",2024,0,1,1,0
"Y17","Y01",0.571428571428571,"YY","same","same","Y01_Y17",2024,1,1,2,1
"Y18","Y01",0.714285714285714,"YY","same","same","Y01_Y18",2024,1,1,2,1
"Y19","Y01",1,"YY","same","same","Y01_Y19",2024,1,1,2,1
"Y20","Y01",0.833333333333333,"YY","same","same","Y01_Y20",2024,1,1,2,1
"Y21","Y01",0.625,"YY","same","same","Y01_Y21",2024,1,1,2,1
"Y22","Y01",0.6,"YY","same","same","Y01_Y22",2024,0,1,1,0
"Y23","Y01",0.714285714285714,"YY","same","same","Y01_Y23",2024,0,1,1,0
"Y24","Y01",0.6,"YY","same","same","Y01_Y24",2024,0,1,1,0
"Y25","Y01",0.666666666666667,"YY","same","same","Y01_Y25",2024,0,1,1,0
"Y26","Y01",0.571428571428571,"YY","same","same","Y01_Y26",2024,1,1,2,1
"Y27","Y01",0.666666666666667,"YY","same","same","Y01_Y27",2024,0,1,1,0
"Y28","Y01",0.833333333333333,"YY","same","same","Y01_Y28",2024,0,1,1,0
"Y29","Y01",0.571428571428571,"YY","same","same","Y01_Y29",2024,1,1,2,1
"Y30","Y01",0.8,"YY","same","same","Y01_Y30",2024,0,1,1,0
"Y31","Y01",0.8,"YY","same","same","Y01_Y31",2024,0,1,1,0
"Y32","Y01",0.5,"YY","same","same","Y01_Y32",2024,0,1,1,0
"Y33","Y01",0.6,"YY","same","same","Y01_Y33",2024,0,1,1,0
"Y34","Y01",0.428571428571428,"YY","same","same","Y01_Y34",2024,1,1,2,1
"Y35","Y01",0.666666666666667,"YY","same","same","Y01_Y35",2024,0,1,1,0
"Z02","Y01",0.714285714285714,"ZY","other","semi","Y01_Z02",2024,1,1,2,1
"Z03","Y01",0.666666666666667,"ZY","other","semi","Y01_Z03",2024,1,1,2,1
"Z05","Y01",0.714285714285714,"ZY","other","semi","Y01_Z05",2024,1,1,2,1
"Z06","Y01",0.833333333333333,"ZY","other","semi","Y01_Z06",2024,0,1,1,0
"Z07","Y01",1,"ZY","other","semi","Y01_Z07",2024,0,1,1,0
"Z08","Y01",0.714285714285714,"ZY","other","semi","Y01_Z08",2024,1,1,2,1
"Z10","Y01",0.666666666666667,"ZY","other","semi","Y01_Z10",2024,1,1,2,1
"Z11","Y01",0.833333333333333,"ZY","other","semi","Y01_Z11",2024,1,1,2,1
"Z13","Y01",0.666666666666667,"ZY","other","semi","Y01_Z13",2024,1,1,2,1
"Z14","Y01",0.571428571428571,"ZY","other","semi","Y01_Z14",2024,1,1,2,1
"Z15","Y01",0.833333333333333,"ZY","other","semi","Y01_Z15",2024,1,1,2,1
"Z16","Y01",0.666666666666667,"ZY","other","semi","Y01_Z16",2024,1,1,2,1
"Z17","Y01",0.571428571428571,"ZY","other","semi","Y01_Z17",2024,1,1,2,1
"Z18","Y01",0.6,"ZY","other","semi","Y01_Z18",2024,0,1,1,0
"Z19","Y01",0.8,"ZY","other","semi","Y01_Z19",2024,0,1,1,0
"Z20","Y01",0.666666666666667,"ZY","other","semi","Y01_Z20",2024,1,1,2,1
"Z21","Y01",0.666666666666667,"ZY","other","semi","Y01_Z21",2024,1,1,2,1
"Z22","Y01",0.571428571428571,"ZY","other","semi","Y01_Z22",2024,1,1,2,1
"Z23","Y01",0.5,"ZY","other","semi","Y01_Z23",2024,1,1,2,1
"Z24","Y01",0.8,"ZY","other","semi","Y01_Z24",2024,0,1,1,0
"Z26","Y01",0.571428571428571,"ZY","other","semi","Y01_Z26",2024,1,1,2,1
"Z27","Y01",0.666666666666667,"ZY","other","semi","Y01_Z27",2024,0,1,1,0
"Z28","Y01",0.666666666666667,"ZY","other","semi","Y01_Z28",2024,1,1,2,1
"Z29","Y01",0.714285714285714,"ZY","other","semi","Y01_Z29",2024,1,1,2,1
"Z30","Y01",0.666666666666667,"ZY","other","semi","Y01_Z30",2024,1,1,2,1
"Z31","Y01",0.666666666666667,"ZY","other","semi","Y01_Z31",2024,1,1,2,1
"Z32","Y01",0.8,"ZY","other","semi","Y01_Z32",2024,1,1,2,1
"Z33","Y01",0.571428571428571,"ZY","other","semi","Y01_Z33",2024,1,1,2,1
"Z35","Y01",0.571428571428571,"ZY","other","semi","Y01_Z35",2024,1,1,2,1
"Z38","Y01",0.666666666666667,"ZY","other","semi","Y01_Z38",2024,0,1,1,0
"Z39","Y01",0.714285714285714,"ZY","other","semi","Y01_Z39",2024,1,1,2,1
"Z40","Y01",0.6,"ZY","other","semi","Y01_Z40",2024,0,1,1,0
"Z41","Y01",0.666666666666667,"ZY","other","semi","Y01_Z41",2024,1,1,2,1
"Z42","Y01",0.833333333333333,"ZY","other","semi","Y01_Z42",2024,1,1,2,1
"Z43","Y01",0.666666666666667,"ZY","other","semi","Y01_Z43",2024,1,1,2,1
"Z44","Y01",0.8,"ZY","other","semi","Y01_Z44",2024,0,1,1,0
"Z45","Y01",0.6,"ZY","other","semi","Y01_Z45",2024,1,1,2,1
"Y03","Y02",0.444444444444444,"YY","same","same","Y02_Y03",2024,0,1,1,0
"Y04","Y02",0.75,"YY","same","same","Y02_Y04",2024,1,1,2,1
"Y05","Y02",0.5,"YY","same","same","Y02_Y05",2024,1,1,2,1
"Y06","Y02",0.777777777777778,"YY","same","same","Y02_Y06",2024,1,1,2,1
"Y07","Y02",0.875,"YY","same","same","Y02_Y07",2024,1,1,2,1
"Y08","Y02",0.888888888888889,"YY","same","same","Y02_Y08",2024,1,1,2,1
"Y09","Y02",0.777777777777778,"YY","same","same","Y02_Y09",2024,1,1,2,1
"Y10","Y02",1,"YY","same","same","Y02_Y10",2024,1,1,2,1
"Y11","Y02",0.666666666666667,"YY","same","same","Y02_Y11",2024,1,1,2,1
"Y12","Y02",0.75,"YY","same","same","Y02_Y12",2024,1,1,2,1
"Y14","Y02",0.777777777777778,"YY","same","same","Y02_Y14",2024,1,1,2,1
"Y16","Y02",0.375,"YY","same","same","Y02_Y16",2024,0,1,1,0
"Y17","Y02",0.75,"YY","same","same","Y02_Y17",2024,1,1,2,1
"Y18","Y02",0.666666666666667,"YY","same","same","Y02_Y18",2024,1,1,2,1
"Y19","Y02",0.444444444444444,"YY","same","same","Y02_Y19",2024,1,1,2,1
"Y20","Y02",0.555555555555556,"YY","same","same","Y02_Y20",2024,1,1,2,1
"Y21","Y02",0.777777777777778,"YY","same","same","Y02_Y21",2024,1,1,2,1
"Y22","Y02",0.375,"YY","same","same","Y02_Y22",2024,0,1,1,0
"Y23","Y02",0.666666666666667,"YY","same","same","Y02_Y23",2024,0,1,1,0
"Y24","Y02",0.375,"YY","same","same","Y02_Y24",2024,0,1,1,0
"Y25","Y02",0.444444444444444,"YY","same","same","Y02_Y25",2024,0,1,1,0
"Y26","Y02",0.75,"YY","same","same","Y02_Y26",2024,1,1,2,1
"Y27","Y02",0.444444444444444,"YY","same","same","Y02_Y27",2024,0,1,1,0
"Y28","Y02",0.555555555555556,"YY","same","same","Y02_Y28",2024,0,1,1,0
"Y29","Y02",0.75,"YY","same","same","Y02_Y29",2024,1,1,2,1
"Y30","Y02",0.333333333333333,"YY","same","same","Y02_Y30",2024,0,1,1,0
"Y31","Y02",0.5,"YY","same","same","Y02_Y31",2024,0,1,1,0
"Y32","Y02",0.5,"YY","same","same","Y02_Y32",2024,0,1,1,0
"Y33","Y02",0.375,"YY","same","same","Y02_Y33",2024,0,1,1,0
"Y34","Y02",0.625,"YY","same","same","Y02_Y34",2024,1,1,2,1
"Y35","Y02",0.444444444444444,"YY","same","same","Y02_Y35",2024,0,1,1,0
"Z02","Y02",0.5,"ZY","other","semi","Y02_Z02",2024,1,1,2,1
"Z03","Y02",0.625,"ZY","other","semi","Y02_Z03",2024,1,1,2,1
"Z05","Y02",0.666666666666667,"ZY","other","semi","Y02_Z05",2024,1,1,2,1
"Z06","Y02",0.555555555555556,"ZY","other","semi","Y02_Z06",2024,0,1,1,0
"Z07","Y02",0.444444444444444,"ZY","other","semi","Y02_Z07",2024,0,1,1,0
"Z08","Y02",0.5,"ZY","other","semi","Y02_Z08",2024,1,1,2,1
"Z10","Y02",0.625,"ZY","other","semi","Y02_Z10",2024,1,1,2,1
"Z11","Y02",0.555555555555556,"ZY","other","semi","Y02_Z11",2024,1,1,2,1
"Z13","Y02",0.625,"ZY","other","semi","Y02_Z13",2024,1,1,2,1
"Z14","Y02",0.75,"ZY","other","semi","Y02_Z14",2024,1,1,2,1
"Z15","Y02",0.555555555555556,"ZY","other","semi","Y02_Z15",2024,1,1,2,1
"Z16","Y02",0.625,"ZY","other","semi","Y02_Z16",2024,1,1,2,1
"Z17","Y02",0.75,"ZY","other","semi","Y02_Z17",2024,1,1,2,1
"Z18","Y02",0.375,"ZY","other","semi","Y02_Z18",2024,0,1,1,0
"Z19","Y02",0.5,"ZY","other","semi","Y02_Z19",2024,0,1,1,0
"Z20","Y02",0.625,"ZY","other","semi","Y02_Z20",2024,1,1,2,1
"Z21","Y02",0.625,"ZY","other","semi","Y02_Z21",2024,1,1,2,1
"Z22","Y02",0.75,"ZY","other","semi","Y02_Z22",2024,1,1,2,1
"Z23","Y02",0.875,"ZY","other","semi","Y02_Z23",2024,1,1,2,1
"Z24","Y02",0.5,"ZY","other","semi","Y02_Z24",2024,0,1,1,0
"Z26","Y02",0.555555555555556,"ZY","other","semi","Y02_Z26",2024,1,1,2,1
"Z27","Y02",0.625,"ZY","other","semi","Y02_Z27",2024,0,1,1,0
"Z28","Y02",0.625,"ZY","other","semi","Y02_Z28",2024,1,1,2,1
"Z29","Y02",0.666666666666667,"ZY","other","semi","Y02_Z29",2024,1,1,2,1
"Z30","Y02",0.625,"ZY","other","semi","Y02_Z30",2024,1,1,2,1
"Z31","Y02",0.625,"ZY","other","semi","Y02_Z31",2024,1,1,2,1
"Z32","Y02",0.5,"ZY","other","semi","Y02_Z32",2024,1,1,2,1
"Z33","Y02",0.75,"ZY","other","semi","Y02_Z33",2024,1,1,2,1
"Z35","Y02",0.75,"ZY","other","semi","Y02_Z35",2024,1,1,2,1
"Z38","Y02",0.625,"ZY","other","semi","Y02_Z38",2024,0,1,1,0
"Z39","Y02",0.666666666666667,"ZY","other","semi","Y02_Z39",2024,1,1,2,1
"Z40","Y02",0.375,"ZY","other","semi","Y02_Z40",2024,0,1,1,0
"Z41","Y02",0.444444444444444,"ZY","other","semi","Y02_Z41",2024,1,1,2,1
"Z42","Y02",0.4,"ZY","other","semi","Y02_Z42",2024,1,1,2,1
"Z43","Y02",0.444444444444444,"ZY","other","semi","Y02_Z43",2024,1,1,2,1
"Z44","Y02",0.5,"ZY","other","semi","Y02_Z44",2024,0,1,1,0
"Z45","Y02",0.375,"ZY","other","semi","Y02_Z45",2024,1,1,2,1
"Y04","Y03",0.571428571428571,"YY","same","same","Y03_Y04",2024,1,0,1,0
"Y05","Y03",0.285714285714286,"YY","same","same","Y03_Y05",2024,1,0,1,0
"Y06","Y03",0.625,"YY","same","same","Y03_Y06",2024,1,0,1,0
"Y07","Y03",0.5,"YY","same","same","Y03_Y07",2024,1,0,1,0
"Y08","Y03",0.555555555555556,"YY","same","same","Y03_Y08",2024,1,0,1,0
"Y09","Y03",0.625,"YY","same","same","Y03_Y09",2024,1,0,1,0
"Y10","Y03",0.444444444444444,"YY","same","same","Y03_Y10",2024,1,0,1,0
"Y11","Y03",0.714285714285714,"YY","same","same","Y03_Y11",2024,1,0,1,0
"Y12","Y03",0.571428571428571,"YY","same","same","Y03_Y12",2024,1,0,1,0
"Y14","Y03",0.625,"YY","same","same","Y03_Y14",2024,1,0,1,0
"Y16","Y03",0.6,"YY","same","same","Y03_Y16",2024,0,0,0,1
"Y17","Y03",0.571428571428571,"YY","same","same","Y03_Y17",2024,1,0,1,0
"Y18","Y03",0.714285714285714,"YY","same","same","Y03_Y18",2024,1,0,1,0
"Y19","Y03",1,"YY","same","same","Y03_Y19",2024,1,0,1,0
"Y20","Y03",0.833333333333333,"YY","same","same","Y03_Y20",2024,1,0,1,0
"Y21","Y03",0.625,"YY","same","same","Y03_Y21",2024,1,0,1,0
"Y22","Y03",0.6,"YY","same","same","Y03_Y22",2024,0,0,0,1
"Y23","Y03",0.714285714285714,"YY","same","same","Y03_Y23",2024,0,0,0,1
"Y24","Y03",0.6,"YY","same","same","Y03_Y24",2024,0,0,0,1
"Y25","Y03",0.666666666666667,"YY","same","same","Y03_Y25",2024,0,0,0,1
"Y26","Y03",0.571428571428571,"YY","same","same","Y03_Y26",2024,1,0,1,0
"Y27","Y03",0.666666666666667,"YY","same","same","Y03_Y27",2024,0,0,0,1
"Y28","Y03",0.833333333333333,"YY","same","same","Y03_Y28",2024,0,0,0,1
"Y29","Y03",0.571428571428571,"YY","same","same","Y03_Y29",2024,1,0,1,0
"Y30","Y03",0.8,"YY","same","same","Y03_Y30",2024,0,0,0,1
"Y31","Y03",0.8,"YY","same","same","Y03_Y31",2024,0,0,0,1
"Y32","Y03",0.5,"YY","same","same","Y03_Y32",2024,0,0,0,1
"Y33","Y03",0.6,"YY","same","same","Y03_Y33",2024,0,0,0,1
"Y34","Y03",0.428571428571428,"YY","same","same","Y03_Y34",2024,1,0,1,0
"Y35","Y03",0.666666666666667,"YY","same","same","Y03_Y35",2024,0,0,0,1
"Z02","Y03",0.714285714285714,"ZY","other","semi","Y03_Z02",2024,1,0,1,0
"Z03","Y03",0.666666666666667,"ZY","other","semi","Y03_Z03",2024,1,0,1,0
"Z05","Y03",0.714285714285714,"ZY","other","semi","Y03_Z05",2024,1,0,1,0
"Z06","Y03",0.833333333333333,"ZY","other","semi","Y03_Z06",2024,0,0,0,1
"Z07","Y03",1,"ZY","other","semi","Y03_Z07",2024,0,0,0,1
"Z08","Y03",0.714285714285714,"ZY","other","semi","Y03_Z08",2024,1,0,1,0
"Z10","Y03",0.666666666666667,"ZY","other","semi","Y03_Z10",2024,1,0,1,0
"Z11","Y03",0.833333333333333,"ZY","other","semi","Y03_Z11",2024,1,0,1,0
"Z13","Y03",0.666666666666667,"ZY","other","semi","Y03_Z13",2024,1,0,1,0
"Z14","Y03",0.571428571428571,"ZY","other","semi","Y03_Z14",2024,1,0,1,0
"Z15","Y03",0.833333333333333,"ZY","other","semi","Y03_Z15",2024,1,0,1,0
"Z16","Y03",0.666666666666667,"ZY","other","semi","Y03_Z16",2024,1,0,1,0
"Z17","Y03",0.571428571428571,"ZY","other","semi","Y03_Z17",2024,1,0,1,0
"Z18","Y03",0.6,"ZY","other","semi","Y03_Z18",2024,0,0,0,1
"Z19","Y03",0.8,"ZY","other","semi","Y03_Z19",2024,0,0,0,1
"Z20","Y03",0.666666666666667,"ZY","other","semi","Y03_Z20",2024,1,0,1,0
"Z21","Y03",0.666666666666667,"ZY","other","semi","Y03_Z21",2024,1,0,1,0
"Z22","Y03",0.571428571428571,"ZY","other","semi","Y03_Z22",2024,1,0,1,0
"Z23","Y03",0.5,"ZY","other","semi","Y03_Z23",2024,1,0,1,0
"Z24","Y03",0.8,"ZY","other","semi","Y03_Z24",2024,0,0,0,1
"Z26","Y03",0.571428571428571,"ZY","other","semi","Y03_Z26",2024,1,0,1,0
"Z27","Y03",0.666666666666667,"ZY","other","semi","Y03_Z27",2024,0,0,0,1
"Z28","Y03",0.666666666666667,"ZY","other","semi","Y03_Z28",2024,1,0,1,0
"Z29","Y03",0.714285714285714,"ZY","other","semi","Y03_Z29",2024,1,0,1,0
"Z30","Y03",0.666666666666667,"ZY","other","semi","Y03_Z30",2024,1,0,1,0
"Z31","Y03",0.666666666666667,"ZY","other","semi","Y03_Z31",2024,1,0,1,0
"Z32","Y03",0.8,"ZY","other","semi","Y03_Z32",2024,1,0,1,0
"Z33","Y03",0.571428571428571,"ZY","other","semi","Y03_Z33",2024,1,0,1,0
"Z35","Y03",0.571428571428571,"ZY","other","semi","Y03_Z35",2024,1,0,1,0
"Z38","Y03",0.666666666666667,"ZY","other","semi","Y03_Z38",2024,0,0,0,1
"Z39","Y03",0.714285714285714,"ZY","other","semi","Y03_Z39",2024,1,0,1,0
"Z40","Y03",0.6,"ZY","other","semi","Y03_Z40",2024,0,0,0,1
"Z41","Y03",0.666666666666667,"ZY","other","semi","Y03_Z41",2024,1,0,1,0
"Z42","Y03",0.833333333333333,"ZY","other","semi","Y03_Z42",2024,1,0,1,0
"Z43","Y03",0.666666666666667,"ZY","other","semi","Y03_Z43",2024,1,0,1,0
"Z44","Y03",0.8,"ZY","other","semi","Y03_Z44",2024,0,0,0,1
"Z45","Y03",0.6,"ZY","other","semi","Y03_Z45",2024,1,0,1,0
"Y05","Y04",0.666666666666667,"YY","same","same","Y04_Y05",2024,1,1,2,1
"Y06","Y04",0.75,"YY","same","same","Y04_Y06",2024,1,1,2,1
"Y07","Y04",0.857142857142857,"YY","same","same","Y04_Y07",2024,1,1,2,1
"Y08","Y04",0.666666666666667,"YY","same","same","Y04_Y08",2024,1,1,2,1
"Y09","Y04",0.75,"YY","same","same","Y04_Y09",2024,1,1,2,1
"Y10","Y04",0.75,"YY","same","same","Y04_Y10",2024,1,1,2,1
"Y11","Y04",0.857142857142857,"YY","same","same","Y04_Y11",2024,1,1,2,1
"Y12","Y04",0.714285714285714,"YY","same","same","Y04_Y12",2024,1,1,2,1
"Y14","Y04",0.75,"YY","same","same","Y04_Y14",2024,1,1,2,1
"Y16","Y04",0.5,"YY","same","same","Y04_Y16",2024,0,1,1,0
"Y17","Y04",1,"YY","same","same","Y04_Y17",2024,1,1,2,1
"Y18","Y04",0.857142857142857,"YY","same","same","Y04_Y18",2024,1,1,2,1
"Y19","Y04",0.571428571428571,"YY","same","same","Y04_Y19",2024,1,1,2,1
"Y20","Y04",0.714285714285714,"YY","same","same","Y04_Y20",2024,1,1,2,1
"Y21","Y04",0.75,"YY","same","same","Y04_Y21",2024,1,1,2,1
"Y22","Y04",0.5,"YY","same","same","Y04_Y22",2024,0,1,1,0
"Y23","Y04",0.625,"YY","same","same","Y04_Y23",2024,0,1,1,0
"Y24","Y04",0.5,"YY","same","same","Y04_Y24",2024,0,1,1,0
"Y25","Y04",0.375,"YY","same","same","Y04_Y25",2024,0,1,1,0
"Y26","Y04",0.714285714285714,"YY","same","same","Y04_Y26",2024,1,1,2,1
"Y27","Y04",0.375,"YY","same","same","Y04_Y27",2024,0,1,1,0
"Y28","Y04",0.5,"YY","same","same","Y04_Y28",2024,0,1,1,0
"Y29","Y04",0.714285714285714,"YY","same","same","Y04_Y29",2024,1,1,2,1
"Y30","Y04",0.428571428571428,"YY","same","same","Y04_Y30",2024,0,1,1,0
"Y31","Y04",0.666666666666667,"YY","same","same","Y04_Y31",2024,0,1,1,0
"Y32","Y04",0.428571428571428,"YY","same","same","Y04_Y32",2024,0,1,1,0
"Y33","Y04",0.5,"YY","same","same","Y04_Y33",2024,0,1,1,0
"Y34","Y04",0.571428571428571,"YY","same","same","Y04_Y34",2024,1,1,2,1
"Y35","Y04",0.375,"YY","same","same","Y04_Y35",2024,0,1,1,0
"Z02","Y04",0.625,"ZY","other","semi","Y04_Z02",2024,1,1,2,1
"Z03","Y04",0.833333333333333,"ZY","other","semi","Y04_Z03",2024,1,1,2,1
"Z05","Y04",0.625,"ZY","other","semi","Y04_Z05",2024,1,1,2,1
"Z06","Y04",0.714285714285714,"ZY","other","semi","Y04_Z06",2024,0,1,1,0
"Z07","Y04",0.571428571428571,"ZY","other","semi","Y04_Z07",2024,0,1,1,0
"Z08","Y04",0.625,"ZY","other","semi","Y04_Z08",2024,1,1,2,1
"Z10","Y04",0.833333333333333,"ZY","other","semi","Y04_Z10",2024,1,1,2,1
"Z11","Y04",0.714285714285714,"ZY","other","semi","Y04_Z11",2024,1,1,2,1
"Z13","Y04",0.833333333333333,"ZY","other","semi","Y04_Z13",2024,1,1,2,1
"Z14","Y04",1,"ZY","other","semi","Y04_Z14",2024,1,1,2,1
"Z15","Y04",0.5,"ZY","other","semi","Y04_Z15",2024,1,1,2,1
"Z16","Y04",0.571428571428571,"ZY","other","semi","Y04_Z16",2024,1,1,2,1
"Z17","Y04",0.714285714285714,"ZY","other","semi","Y04_Z17",2024,1,1,2,1
"Z18","Y04",0.5,"ZY","other","semi","Y04_Z18",2024,0,1,1,0
"Z19","Y04",0.666666666666667,"ZY","other","semi","Y04_Z19",2024,0,1,1,0
"Z20","Y04",0.833333333333333,"ZY","other","semi","Y04_Z20",2024,1,1,2,1
"Z21","Y04",0.833333333333333,"ZY","other","semi","Y04_Z21",2024,1,1,2,1
"Z22","Y04",0.714285714285714,"ZY","other","semi","Y04_Z22",2024,1,1,2,1
"Z23","Y04",0.625,"ZY","other","semi","Y04_Z23",2024,1,1,2,1
"Z24","Y04",0.666666666666667,"ZY","other","semi","Y04_Z24",2024,0,1,1,0
"Z26","Y04",0.5,"ZY","other","semi","Y04_Z26",2024,1,1,2,1
"Z27","Y04",0.571428571428571,"ZY","other","semi","Y04_Z27",2024,0,1,1,0
"Z28","Y04",0.571428571428571,"ZY","other","semi","Y04_Z28",2024,1,1,2,1
"Z29","Y04",0.625,"ZY","other","semi","Y04_Z29",2024,1,1,2,1
"Z30","Y04",0.571428571428571,"ZY","other","semi","Y04_Z30",2024,1,1,2,1
"Z31","Y04",0.833333333333333,"ZY","other","semi","Y04_Z31",2024,1,1,2,1
"Z32","Y04",0.666666666666667,"ZY","other","semi","Y04_Z32",2024,1,1,2,1
"Z33","Y04",0.714285714285714,"ZY","other","semi","Y04_Z33",2024,1,1,2,1
"Z35","Y04",0.714285714285714,"ZY","other","semi","Y04_Z35",2024,1,1,2,1
"Z38","Y04",0.571428571428571,"ZY","other","semi","Y04_Z38",2024,0,1,1,0
"Z39","Y04",0.625,"ZY","other","semi","Y04_Z39",2024,1,1,2,1
"Z40","Y04",0.5,"ZY","other","semi","Y04_Z40",2024,0,1,1,0
"Z41","Y04",0.571428571428571,"ZY","other","semi","Y04_Z41",2024,1,1,2,1
"Z42","Y04",0.5,"ZY","other","semi","Y04_Z42",2024,1,1,2,1
"Z43","Y04",0.571428571428571,"ZY","other","semi","Y04_Z43",2024,1,1,2,1
"Z44","Y04",0.666666666666667,"ZY","other","semi","Y04_Z44",2024,0,1,1,0
"Z45","Y04",0.5,"ZY","other","semi","Y04_Z45",2024,1,1,2,1
"Y06","Y05",0.5,"YY","same","same","Y05_Y06",2024,1,1,2,1
"Y07","Y05",0.571428571428571,"YY","same","same","Y05_Y07",2024,1,1,2,1
"Y08","Y05",0.444444444444444,"YY","same","same","Y05_Y08",2024,1,1,2,1
"Y09","Y05",0.5,"YY","same","same","Y05_Y09",2024,1,1,2,1
"Y10","Y05",0.5,"YY","same","same","Y05_Y10",2024,1,1,2,1
"Y11","Y05",0.571428571428571,"YY","same","same","Y05_Y11",2024,1,1,2,1
"Y12","Y05",0.428571428571428,"YY","same","same","Y05_Y12",2024,1,1,2,1
"Y14","Y05",0.5,"YY","same","same","Y05_Y14",2024,1,1,2,1
"Y16","Y05",0.4,"YY","same","same","Y05_Y16",2024,0,1,1,0
"Y17","Y05",0.666666666666667,"YY","same","same","Y05_Y17",2024,1,1,2,1
"Y18","Y05",0.571428571428571,"YY","same","same","Y05_Y18",2024,1,1,2,1
"Y19","Y05",0.285714285714286,"YY","same","same","Y05_Y19",2024,1,1,2,1
"Y20","Y05",0.428571428571428,"YY","same","same","Y05_Y20",2024,1,1,2,1
"Y21","Y05",0.5,"YY","same","same","Y05_Y21",2024,1,1,2,1
"Y22","Y05",0.4,"YY","same","same","Y05_Y22",2024,0,1,1,0
"Y23","Y05",0.375,"YY","same","same","Y05_Y23",2024,0,1,1,0
"Y24","Y05",0.4,"YY","same","same","Y05_Y24",2024,0,1,1,0
"Y25","Y05",0.285714285714286,"YY","same","same","Y05_Y25",2024,0,1,1,0
"Y26","Y05",0.428571428571428,"YY","same","same","Y05_Y26",2024,1,1,2,1
"Y27","Y05",0.285714285714286,"YY","same","same","Y05_Y27",2024,0,1,1,0
"Y28","Y05",0.25,"YY","same","same","Y05_Y28",2024,0,1,1,0
"Y29","Y05",0.428571428571428,"YY","same","same","Y05_Y29",2024,1,1,2,1
"Y30","Y05",0.333333333333333,"YY","same","same","Y05_Y30",2024,0,1,1,0
"Y31","Y05",0.333333333333333,"YY","same","same","Y05_Y31",2024,0,1,1,0
"Y32","Y05",0.333333333333333,"YY","same","same","Y05_Y32",2024,0,1,1,0
"Y33","Y05",0.4,"YY","same","same","Y05_Y33",2024,0,1,1,0
"Y34","Y05",0.5,"YY","same","same","Y05_Y34",2024,1,1,2,1
"Y35","Y05",0.285714285714286,"YY","same","same","Y05_Y35",2024,0,1,1,0
"Z02","Y05",0.375,"ZY","other","semi","Y05_Z02",2024,1,1,2,1
"Z03","Y05",0.5,"ZY","other","semi","Y05_Z03",2024,1,1,2,1
"Z05","Y05",0.375,"ZY","other","semi","Y05_Z05",2024,1,1,2,1
"Z06","Y05",0.428571428571428,"ZY","other","semi","Y05_Z06",2024,0,1,1,0
"Z07","Y05",0.285714285714286,"ZY","other","semi","Y05_Z07",2024,0,1,1,0
"Z08","Y05",0.375,"ZY","other","semi","Y05_Z08",2024,1,1,2,1
"Z10","Y05",0.5,"ZY","other","semi","Y05_Z10",2024,1,1,2,1
"Z11","Y05",0.428571428571428,"ZY","other","semi","Y05_Z11",2024,1,1,2,1
"Z13","Y05",0.5,"ZY","other","semi","Y05_Z13",2024,1,1,2,1
"Z14","Y05",0.666666666666667,"ZY","other","semi","Y05_Z14",2024,1,1,2,1
"Z15","Y05",0.25,"ZY","other","semi","Y05_Z15",2024,1,1,2,1
"Z16","Y05",0.285714285714286,"ZY","other","semi","Y05_Z16",2024,1,1,2,1
"Z17","Y05",0.428571428571428,"ZY","other","semi","Y05_Z17",2024,1,1,2,1
"Z18","Y05",0.4,"ZY","other","semi","Y05_Z18",2024,0,1,1,0
"Z19","Y05",0.333333333333333,"ZY","other","semi","Y05_Z19",2024,0,1,1,0
"Z20","Y05",0.5,"ZY","other","semi","Y05_Z20",2024,1,1,2,1
"Z21","Y05",0.5,"ZY","other","semi","Y05_Z21",2024,1,1,2,1
"Z22","Y05",0.428571428571428,"ZY","other","semi","Y05_Z22",2024,1,1,2,1
"Z23","Y05",0.375,"ZY","other","semi","Y05_Z23",2024,1,1,2,1
"Z24","Y05",0.333333333333333,"ZY","other","semi","Y05_Z24",2024,0,1,1,0
"Z26","Y05",0.25,"ZY","other","semi","Y05_Z26",2024,1,1,2,1
"Z27","Y05",0.285714285714286,"ZY","other","semi","Y05_Z27",2024,0,1,1,0
"Z28","Y05",0.285714285714286,"ZY","other","semi","Y05_Z28",2024,1,1,2,1
"Z29","Y05",0.375,"ZY","other","semi","Y05_Z29",2024,1,1,2,1
"Z30","Y05",0.285714285714286,"ZY","other","semi","Y05_Z30",2024,1,1,2,1
"Z31","Y05",0.5,"ZY","other","semi","Y05_Z31",2024,1,1,2,1
"Z32","Y05",0.333333333333333,"ZY","other","semi","Y05_Z32",2024,1,1,2,1
"Z33","Y05",0.428571428571428,"ZY","other","semi","Y05_Z33",2024,1,1,2,1
"Z35","Y05",0.428571428571428,"ZY","other","semi","Y05_Z35",2024,1,1,2,1
"Z38","Y05",0.285714285714286,"ZY","other","semi","Y05_Z38",2024,0,1,1,0
"Z39","Y05",0.375,"ZY","other","semi","Y05_Z39",2024,1,1,2,1
"Z40","Y05",0.4,"ZY","other","semi","Y05_Z40",2024,0,1,1,0
"Z41","Y05",0.5,"ZY","other","semi","Y05_Z41",2024,1,1,2,1
"Z42","Y05",0.25,"ZY","other","semi","Y05_Z42",2024,1,1,2,1
"Z43","Y05",0.285714285714286,"ZY","other","semi","Y05_Z43",2024,1,1,2,1
"Z44","Y05",0.333333333333333,"ZY","other","semi","Y05_Z44",2024,0,1,1,0
"Z45","Y05",0.166666666666667,"ZY","other","semi","Y05_Z45",2024,1,1,2,1
"Y07","Y06",0.666666666666667,"YY","same","same","Y06_Y07",2024,1,1,2,1
"Y08","Y06",0.888888888888889,"YY","same","same","Y06_Y08",2024,1,1,2,1
"Y09","Y06",1,"YY","same","same","Y06_Y09",2024,1,1,2,1
"Y10","Y06",0.777777777777778,"YY","same","same","Y06_Y10",2024,1,1,2,1
"Y11","Y06",0.875,"YY","same","same","Y06_Y11",2024,1,1,2,1
"Y12","Y06",0.555555555555556,"YY","same","same","Y06_Y12",2024,1,1,2,1
"Y14","Y06",0.777777777777778,"YY","same","same","Y06_Y14",2024,1,1,2,1
"Y16","Y06",0.375,"YY","same","same","Y06_Y16",2024,0,1,1,0
"Y17","Y06",0.75,"YY","same","same","Y06_Y17",2024,1,1,2,1
"Y18","Y06",0.875,"YY","same","same","Y06_Y18",2024,1,1,2,1
"Y19","Y06",0.625,"YY","same","same","Y06_Y19",2024,1,1,2,1
"Y20","Y06",0.75,"YY","same","same","Y06_Y20",2024,1,1,2,1
"Y21","Y06",0.777777777777778,"YY","same","same","Y06_Y21",2024,1,1,2,1
"Y22","Y06",0.375,"YY","same","same","Y06_Y22",2024,0,1,1,0
"Y23","Y06",0.666666666666667,"YY","same","same","Y06_Y23",2024,0,1,1,0
"Y24","Y06",0.375,"YY","same","same","Y06_Y24",2024,0,1,1,0
"Y25","Y06",0.444444444444444,"YY","same","same","Y06_Y25",2024,0,1,1,0
"Y26","Y06",0.555555555555556,"YY","same","same","Y06_Y26",2024,1,1,2,1
"Y27","Y06",0.444444444444444,"YY","same","same","Y06_Y27",2024,0,1,1,0
"Y28","Y06",0.555555555555556,"YY","same","same","Y06_Y28",2024,0,1,1,0
"Y29","Y06",0.555555555555556,"YY","same","same","Y06_Y29",2024,1,1,2,1
"Y30","Y06",0.5,"YY","same","same","Y06_Y30",2024,0,1,1,0
"Y31","Y06",0.5,"YY","same","same","Y06_Y31",2024,0,1,1,0
"Y32","Y06",0.333333333333333,"YY","same","same","Y06_Y32",2024,0,1,1,0
"Y33","Y06",0.375,"YY","same","same","Y06_Y33",2024,0,1,1,0
"Y34","Y06",0.625,"YY","same","same","Y06_Y34",2024,1,1,2,1
"Y35","Y06",0.444444444444444,"YY","same","same","Y06_Y35",2024,0,1,1,0
"Z02","Y06",0.666666666666667,"ZY","other","semi","Y06_Z02",2024,1,1,2,1
"Z03","Y06",0.625,"ZY","other","semi","Y06_Z03",2024,1,1,2,1
"Z05","Y06",0.666666666666667,"ZY","other","semi","Y06_Z05",2024,1,1,2,1
"Z06","Y06",0.75,"ZY","other","semi","Y06_Z06",2024,0,1,1,0
"Z07","Y06",0.625,"ZY","other","semi","Y06_Z07",2024,0,1,1,0
"Z08","Y06",0.666666666666667,"ZY","other","semi","Y06_Z08",2024,1,1,2,1
"Z10","Y06",0.625,"ZY","other","semi","Y06_Z10",2024,1,1,2,1
"Z11","Y06",0.75,"ZY","other","semi","Y06_Z11",2024,1,1,2,1
"Z13","Y06",0.625,"ZY","other","semi","Y06_Z13",2024,1,1,2,1
"Z14","Y06",0.75,"ZY","other","semi","Y06_Z14",2024,1,1,2,1
"Z15","Y06",0.75,"ZY","other","semi","Y06_Z15",2024,1,1,2,1
"Z16","Y06",0.625,"ZY","other","semi","Y06_Z16",2024,1,1,2,1
"Z17","Y06",0.75,"ZY","other","semi","Y06_Z17",2024,1,1,2,1
"Z18","Y06",0.375,"ZY","other","semi","Y06_Z18",2024,0,1,1,0
"Z19","Y06",0.5,"ZY","other","semi","Y06_Z19",2024,0,1,1,0
"Z20","Y06",0.625,"ZY","other","semi","Y06_Z20",2024,1,1,2,1
"Z21","Y06",0.625,"ZY","other","semi","Y06_Z21",2024,1,1,2,1
"Z22","Y06",0.555555555555556,"ZY","other","semi","Y06_Z22",2024,1,1,2,1
"Z23","Y06",0.666666666666667,"ZY","other","semi","Y06_Z23",2024,1,1,2,1
"Z24","Y06",0.5,"ZY","other","semi","Y06_Z24",2024,0,1,1,0
"Z26","Y06",0.4,"ZY","other","semi","Y06_Z26",2024,1,1,2,1
"Z27","Y06",0.444444444444444,"ZY","other","semi","Y06_Z27",2024,0,1,1,0
"Z28","Y06",0.444444444444444,"ZY","other","semi","Y06_Z28",2024,1,1,2,1
"Z29","Y06",0.666666666666667,"ZY","other","semi","Y06_Z29",2024,1,1,2,1
"Z30","Y06",0.444444444444444,"ZY","other","semi","Y06_Z30",2024,1,1,2,1
"Z31","Y06",0.625,"ZY","other","semi","Y06_Z31",2024,1,1,2,1
"Z32","Y06",0.5,"ZY","other","semi","Y06_Z32",2024,1,1,2,1
"Z33","Y06",0.555555555555556,"ZY","other","semi","Y06_Z33",2024,1,1,2,1
"Z35","Y06",0.75,"ZY","other","semi","Y06_Z35",2024,1,1,2,1
"Z38","Y06",0.444444444444444,"ZY","other","semi","Y06_Z38",2024,0,1,1,0
"Z39","Y06",0.666666666666667,"ZY","other","semi","Y06_Z39",2024,1,1,2,1
"Z40","Y06",0.375,"ZY","other","semi","Y06_Z40",2024,0,1,1,0
"Z41","Y06",0.625,"ZY","other","semi","Y06_Z41",2024,1,1,2,1
"Z42","Y06",0.555555555555556,"ZY","other","semi","Y06_Z42",2024,1,1,2,1
"Z43","Y06",0.444444444444444,"ZY","other","semi","Y06_Z43",2024,1,1,2,1
"Z44","Y06",0.5,"ZY","other","semi","Y06_Z44",2024,0,1,1,0
"Z45","Y06",0.375,"ZY","other","semi","Y06_Z45",2024,1,1,2,1
"Y08","Y07",0.777777777777778,"YY","same","same","Y07_Y08",2024,1,1,2,1
"Y09","Y07",0.666666666666667,"YY","same","same","Y07_Y09",2024,1,1,2,1
"Y10","Y07",0.875,"YY","same","same","Y07_Y10",2024,1,1,2,1
"Y11","Y07",0.75,"YY","same","same","Y07_Y11",2024,1,1,2,1
"Y12","Y07",0.857142857142857,"YY","same","same","Y07_Y12",2024,1,1,2,1
"Y14","Y07",0.875,"YY","same","same","Y07_Y14",2024,1,1,2,1
"Y16","Y07",0.428571428571428,"YY","same","same","Y07_Y16",2024,0,1,1,0
"Y17","Y07",0.857142857142857,"YY","same","same","Y07_Y17",2024,1,1,2,1
"Y18","Y07",0.75,"YY","same","same","Y07_Y18",2024,1,1,2,1
"Y19","Y07",0.5,"YY","same","same","Y07_Y19",2024,1,1,2,1
"Y20","Y07",0.625,"YY","same","same","Y07_Y20",2024,1,1,2,1
"Y21","Y07",0.875,"YY","same","same","Y07_Y21",2024,1,1,2,1
"Y22","Y07",0.428571428571428,"YY","same","same","Y07_Y22",2024,0,1,1,0
"Y23","Y07",0.75,"YY","same","same","Y07_Y23",2024,0,1,1,0
"Y24","Y07",0.428571428571428,"YY","same","same","Y07_Y24",2024,0,1,1,0
"Y25","Y07",0.5,"YY","same","same","Y07_Y25",2024,0,1,1,0
"Y26","Y07",0.857142857142857,"YY","same","same","Y07_Y26",2024,1,1,2,1
"Y27","Y07",0.5,"YY","same","same","Y07_Y27",2024,0,1,1,0
"Y28","Y07",0.625,"YY","same","same","Y07_Y28",2024,0,1,1,0
"Y29","Y07",0.857142857142857,"YY","same","same","Y07_Y29",2024,1,1,2,1
"Y30","Y07",0.375,"YY","same","same","Y07_Y30",2024,0,1,1,0
"Y31","Y07",0.571428571428571,"YY","same","same","Y07_Y31",2024,0,1,1,0
"Y32","Y07",0.571428571428571,"YY","same","same","Y07_Y32",2024,0,1,1,0
"Y33","Y07",0.428571428571428,"YY","same","same","Y07_Y33",2024,0,1,1,0
"Y34","Y07",0.5,"YY","same","same","Y07_Y34",2024,1,1,2,1
"Y35","Y07",0.5,"YY","same","same","Y07_Y35",2024,0,1,1,0
"Z02","Y07",0.555555555555556,"ZY","other","semi","Y07_Z02",2024,1,1,2,1
"Z03","Y07",0.714285714285714,"ZY","other","semi","Y07_Z03",2024,1,1,2,1
"Z05","Y07",0.75,"ZY","other","semi","Y07_Z05",2024,1,1,2,1
"Z06","Y07",0.625,"ZY","other","semi","Y07_Z06",2024,0,1,1,0
"Z07","Y07",0.5,"ZY","other","semi","Y07_Z07",2024,0,1,1,0
"Z08","Y07",0.555555555555556,"ZY","other","semi","Y07_Z08",2024,1,1,2,1
"Z10","Y07",0.714285714285714,"ZY","other","semi","Y07_Z10",2024,1,1,2,1
"Z11","Y07",0.625,"ZY","other","semi","Y07_Z11",2024,1,1,2,1
"Z13","Y07",0.714285714285714,"ZY","other","semi","Y07_Z13",2024,1,1,2,1
"Z14","Y07",0.857142857142857,"ZY","other","semi","Y07_Z14",2024,1,1,2,1
"Z15","Y07",0.444444444444444,"ZY","other","semi","Y07_Z15",2024,1,1,2,1
"Z16","Y07",0.5,"ZY","other","semi","Y07_Z16",2024,1,1,2,1
"Z17","Y07",0.625,"ZY","other","semi","Y07_Z17",2024,1,1,2,1
"Z18","Y07",0.428571428571428,"ZY","other","semi","Y07_Z18",2024,0,1,1,0
"Z19","Y07",0.571428571428571,"ZY","other","semi","Y07_Z19",2024,0,1,1,0
"Z20","Y07",0.714285714285714,"ZY","other","semi","Y07_Z20",2024,1,1,2,1
"Z21","Y07",0.714285714285714,"ZY","other","semi","Y07_Z21",2024,1,1,2,1
"Z22","Y07",0.857142857142857,"ZY","other","semi","Y07_Z22",2024,1,1,2,1
"Z23","Y07",0.75,"ZY","other","semi","Y07_Z23",2024,1,1,2,1
"Z24","Y07",0.571428571428571,"ZY","other","semi","Y07_Z24",2024,0,1,1,0
"Z26","Y07",0.625,"ZY","other","semi","Y07_Z26",2024,1,1,2,1
"Z27","Y07",0.714285714285714,"ZY","other","semi","Y07_Z27",2024,0,1,1,0
"Z28","Y07",0.714285714285714,"ZY","other","semi","Y07_Z28",2024,1,1,2,1
"Z29","Y07",0.75,"ZY","other","semi","Y07_Z29",2024,1,1,2,1
"Z30","Y07",0.714285714285714,"ZY","other","semi","Y07_Z30",2024,1,1,2,1
"Z31","Y07",0.714285714285714,"ZY","other","semi","Y07_Z31",2024,1,1,2,1
"Z32","Y07",0.571428571428571,"ZY","other","semi","Y07_Z32",2024,1,1,2,1
"Z33","Y07",0.857142857142857,"ZY","other","semi","Y07_Z33",2024,1,1,2,1
"Z35","Y07",0.625,"ZY","other","semi","Y07_Z35",2024,1,1,2,1
"Z38","Y07",0.714285714285714,"ZY","other","semi","Y07_Z38",2024,0,1,1,0
"Z39","Y07",0.75,"ZY","other","semi","Y07_Z39",2024,1,1,2,1
"Z40","Y07",0.428571428571428,"ZY","other","semi","Y07_Z40",2024,0,1,1,0
"Z41","Y07",0.5,"ZY","other","semi","Y07_Z41",2024,1,1,2,1
"Z42","Y07",0.444444444444444,"ZY","other","semi","Y07_Z42",2024,1,1,2,1
"Z43","Y07",0.5,"ZY","other","semi","Y07_Z43",2024,1,1,2,1
"Z44","Y07",0.571428571428571,"ZY","other","semi","Y07_Z44",2024,0,1,1,0
"Z45","Y07",0.428571428571428,"ZY","other","semi","Y07_Z45",2024,1,1,2,1
"Y09","Y08",0.888888888888889,"YY","same","same","Y08_Y09",2024,1,1,2,1
"Y10","Y08",0.888888888888889,"YY","same","same","Y08_Y10",2024,1,1,2,1
"Y11","Y08",0.777777777777778,"YY","same","same","Y08_Y11",2024,1,1,2,1
"Y12","Y08",0.666666666666667,"YY","same","same","Y08_Y12",2024,1,1,2,1
"Y14","Y08",0.888888888888889,"YY","same","same","Y08_Y14",2024,1,1,2,1
"Y16","Y08",0.333333333333333,"YY","same","same","Y08_Y16",2024,0,1,1,0
"Y17","Y08",0.666666666666667,"YY","same","same","Y08_Y17",2024,1,1,2,1
"Y18","Y08",0.777777777777778,"YY","same","same","Y08_Y18",2024,1,1,2,1
"Y19","Y08",0.555555555555556,"YY","same","same","Y08_Y19",2024,1,1,2,1
"Y20","Y08",0.666666666666667,"YY","same","same","Y08_Y20",2024,1,1,2,1
"Y21","Y08",0.888888888888889,"YY","same","same","Y08_Y21",2024,1,1,2,1
"Y22","Y08",0.333333333333333,"YY","same","same","Y08_Y22",2024,0,1,1,0
"Y23","Y08",0.777777777777778,"YY","same","same","Y08_Y23",2024,0,1,1,0
"Y24","Y08",0.333333333333333,"YY","same","same","Y08_Y24",2024,0,1,1,0
"Y25","Y08",0.555555555555556,"YY","same","same","Y08_Y25",2024,0,1,1,0
"Y26","Y08",0.666666666666667,"YY","same","same","Y08_Y26",2024,1,1,2,1
"Y27","Y08",0.555555555555556,"YY","same","same","Y08_Y27",2024,0,1,1,0
"Y28","Y08",0.666666666666667,"YY","same","same","Y08_Y28",2024,0,1,1,0
"Y29","Y08",0.666666666666667,"YY","same","same","Y08_Y29",2024,1,1,2,1
"Y30","Y08",0.444444444444444,"YY","same","same","Y08_Y30",2024,0,1,1,0
"Y31","Y08",0.444444444444444,"YY","same","same","Y08_Y31",2024,0,1,1,0
"Y32","Y08",0.444444444444444,"YY","same","same","Y08_Y32",2024,0,1,1,0
"Y33","Y08",0.333333333333333,"YY","same","same","Y08_Y33",2024,0,1,1,0
"Y34","Y08",0.555555555555556,"YY","same","same","Y08_Y34",2024,1,1,2,1
"Y35","Y08",0.555555555555556,"YY","same","same","Y08_Y35",2024,0,1,1,0
"Z02","Y08",0.6,"ZY","other","semi","Y08_Z02",2024,1,1,2,1
"Z03","Y08",0.555555555555556,"ZY","other","semi","Y08_Z03",2024,1,1,2,1
"Z05","Y08",0.777777777777778,"ZY","other","semi","Y08_Z05",2024,1,1,2,1
"Z06","Y08",0.666666666666667,"ZY","other","semi","Y08_Z06",2024,0,1,1,0
"Z07","Y08",0.555555555555556,"ZY","other","semi","Y08_Z07",2024,0,1,1,0
"Z08","Y08",0.6,"ZY","other","semi","Y08_Z08",2024,1,1,2,1
"Z10","Y08",0.555555555555556,"ZY","other","semi","Y08_Z10",2024,1,1,2,1
"Z11","Y08",0.666666666666667,"ZY","other","semi","Y08_Z11",2024,1,1,2,1
"Z13","Y08",0.555555555555556,"ZY","other","semi","Y08_Z13",2024,1,1,2,1
"Z14","Y08",0.666666666666667,"ZY","other","semi","Y08_Z14",2024,1,1,2,1
"Z15","Y08",0.666666666666667,"ZY","other","semi","Y08_Z15",2024,1,1,2,1
"Z16","Y08",0.555555555555556,"ZY","other","semi","Y08_Z16",2024,1,1,2,1
"Z17","Y08",0.666666666666667,"ZY","other","semi","Y08_Z17",2024,1,1,2,1
"Z18","Y08",0.333333333333333,"ZY","other","semi","Y08_Z18",2024,0,1,1,0
"Z19","Y08",0.444444444444444,"ZY","other","semi","Y08_Z19",2024,0,1,1,0
"Z20","Y08",0.555555555555556,"ZY","other","semi","Y08_Z20",2024,1,1,2,1
"Z21","Y08",0.555555555555556,"ZY","other","semi","Y08_Z21",2024,1,1,2,1
"Z22","Y08",0.666666666666667,"ZY","other","semi","Y08_Z22",2024,1,1,2,1
"Z23","Y08",0.777777777777778,"ZY","other","semi","Y08_Z23",2024,1,1,2,1
"Z24","Y08",0.444444444444444,"ZY","other","semi","Y08_Z24",2024,0,1,1,0
"Z26","Y08",0.5,"ZY","other","semi","Y08_Z26",2024,1,1,2,1
"Z27","Y08",0.555555555555556,"ZY","other","semi","Y08_Z27",2024,0,1,1,0
"Z28","Y08",0.555555555555556,"ZY","other","semi","Y08_Z28",2024,1,1,2,1
"Z29","Y08",0.777777777777778,"ZY","other","semi","Y08_Z29",2024,1,1,2,1
"Z30","Y08",0.555555555555556,"ZY","other","semi","Y08_Z30",2024,1,1,2,1
"Z31","Y08",0.555555555555556,"ZY","other","semi","Y08_Z31",2024,1,1,2,1
"Z32","Y08",0.444444444444444,"ZY","other","semi","Y08_Z32",2024,1,1,2,1
"Z33","Y08",0.666666666666667,"ZY","other","semi","Y08_Z33",2024,1,1,2,1
"Z35","Y08",0.666666666666667,"ZY","other","semi","Y08_Z35",2024,1,1,2,1
"Z38","Y08",0.555555555555556,"ZY","other","semi","Y08_Z38",2024,0,1,1,0
"Z39","Y08",0.777777777777778,"ZY","other","semi","Y08_Z39",2024,1,1,2,1
"Z40","Y08",0.333333333333333,"ZY","other","semi","Y08_Z40",2024,0,1,1,0
"Z41","Y08",0.555555555555556,"ZY","other","semi","Y08_Z41",2024,1,1,2,1
"Z42","Y08",0.5,"ZY","other","semi","Y08_Z42",2024,1,1,2,1
"Z43","Y08",0.4,"ZY","other","semi","Y08_Z43",2024,1,1,2,1
"Z44","Y08",0.444444444444444,"ZY","other","semi","Y08_Z44",2024,0,1,1,0
"Z45","Y08",0.333333333333333,"ZY","other","semi","Y08_Z45",2024,1,1,2,1
"Y10","Y09",0.777777777777778,"YY","same","same","Y09_Y10",2024,1,1,2,1
"Y11","Y09",0.875,"YY","same","same","Y09_Y11",2024,1,1,2,1
"Y12","Y09",0.555555555555556,"YY","same","same","Y09_Y12",2024,1,1,2,1
"Y14","Y09",0.777777777777778,"YY","same","same","Y09_Y14",2024,1,1,2,1
"Y16","Y09",0.375,"YY","same","same","Y09_Y16",2024,0,1,1,0
"Y17","Y09",0.75,"YY","same","same","Y09_Y17",2024,1,1,2,1
"Y18","Y09",0.875,"YY","same","same","Y09_Y18",2024,1,1,2,1
"Y19","Y09",0.625,"YY","same","same","Y09_Y19",2024,1,1,2,1
"Y20","Y09",0.75,"YY","same","same","Y09_Y20",2024,1,1,2,1
"Y21","Y09",0.777777777777778,"YY","same","same","Y09_Y21",2024,1,1,2,1
"Y22","Y09",0.375,"YY","same","same","Y09_Y22",2024,0,1,1,0
"Y23","Y09",0.666666666666667,"YY","same","same","Y09_Y23",2024,0,1,1,0
"Y24","Y09",0.375,"YY","same","same","Y09_Y24",2024,0,1,1,0
"Y25","Y09",0.444444444444444,"YY","same","same","Y09_Y25",2024,0,1,1,0
"Y26","Y09",0.555555555555556,"YY","same","same","Y09_Y26",2024,1,1,2,1
"Y27","Y09",0.444444444444444,"YY","same","same","Y09_Y27",2024,0,1,1,0
"Y28","Y09",0.555555555555556,"YY","same","same","Y09_Y28",2024,0,1,1,0
"Y29","Y09",0.555555555555556,"YY","same","same","Y09_Y29",2024,1,1,2,1
"Y30","Y09",0.5,"YY","same","same","Y09_Y30",2024,0,1,1,0
"Y31","Y09",0.5,"YY","same","same","Y09_Y31",2024,0,1,1,0
"Y32","Y09",0.333333333333333,"YY","same","same","Y09_Y32",2024,0,1,1,0
"Y33","Y09",0.375,"YY","same","same","Y09_Y33",2024,0,1,1,0
"Y34","Y09",0.625,"YY","same","same","Y09_Y34",2024,1,1,2,1
"Y35","Y09",0.444444444444444,"YY","same","same","Y09_Y35",2024,0,1,1,0
"Z02","Y09",0.666666666666667,"ZY","other","semi","Y09_Z02",2024,1,1,2,1
"Z03","Y09",0.625,"ZY","other","semi","Y09_Z03",2024,1,1,2,1
"Z05","Y09",0.666666666666667,"ZY","other","semi","Y09_Z05",2024,1,1,2,1
"Z06","Y09",0.75,"ZY","other","semi","Y09_Z06",2024,0,1,1,0
"Z07","Y09",0.625,"ZY","other","semi","Y09_Z07",2024,0,1,1,0
"Z08","Y09",0.666666666666667,"ZY","other","semi","Y09_Z08",2024,1,1,2,1
"Z10","Y09",0.625,"ZY","other","semi","Y09_Z10",2024,1,1,2,1
"Z11","Y09",0.75,"ZY","other","semi","Y09_Z11",2024,1,1,2,1
"Z13","Y09",0.625,"ZY","other","semi","Y09_Z13",2024,1,1,2,1
"Z14","Y09",0.75,"ZY","other","semi","Y09_Z14",2024,1,1,2,1
"Z15","Y09",0.75,"ZY","other","semi","Y09_Z15",2024,1,1,2,1
"Z16","Y09",0.625,"ZY","other","semi","Y09_Z16",2024,1,1,2,1
"Z17","Y09",0.75,"ZY","other","semi","Y09_Z17",2024,1,1,2,1
"Z18","Y09",0.375,"ZY","other","semi","Y09_Z18",2024,0,1,1,0
"Z19","Y09",0.5,"ZY","other","semi","Y09_Z19",2024,0,1,1,0
"Z20","Y09",0.625,"ZY","other","semi","Y09_Z20",2024,1,1,2,1
"Z21","Y09",0.625,"ZY","other","semi","Y09_Z21",2024,1,1,2,1
"Z22","Y09",0.555555555555556,"ZY","other","semi","Y09_Z22",2024,1,1,2,1
"Z23","Y09",0.666666666666667,"ZY","other","semi","Y09_Z23",2024,1,1,2,1
"Z24","Y09",0.5,"ZY","other","semi","Y09_Z24",2024,0,1,1,0
"Z26","Y09",0.4,"ZY","other","semi","Y09_Z26",2024,1,1,2,1
"Z27","Y09",0.444444444444444,"ZY","other","semi","Y09_Z27",2024,0,1,1,0
"Z28","Y09",0.444444444444444,"ZY","other","semi","Y09_Z28",2024,1,1,2,1
"Z29","Y09",0.666666666666667,"ZY","other","semi","Y09_Z29",2024,1,1,2,1
"Z30","Y09",0.444444444444444,"ZY","other","semi","Y09_Z30",2024,1,1,2,1
"Z31","Y09",0.625,"ZY","other","semi","Y09_Z31",2024,1,1,2,1
"Z32","Y09",0.5,"ZY","other","semi","Y09_Z32",2024,1,1,2,1
"Z33","Y09",0.555555555555556,"ZY","other","semi","Y09_Z33",2024,1,1,2,1
"Z35","Y09",0.75,"ZY","other","semi","Y09_Z35",2024,1,1,2,1
"Z38","Y09",0.444444444444444,"ZY","other","semi","Y09_Z38",2024,0,1,1,0
"Z39","Y09",0.666666666666667,"ZY","other","semi","Y09_Z39",2024,1,1,2,1
"Z40","Y09",0.375,"ZY","other","semi","Y09_Z40",2024,0,1,1,0
"Z41","Y09",0.625,"ZY","other","semi","Y09_Z41",2024,1,1,2,1
"Z42","Y09",0.555555555555556,"ZY","other","semi","Y09_Z42",2024,1,1,2,1
"Z43","Y09",0.444444444444444,"ZY","other","semi","Y09_Z43",2024,1,1,2,1
"Z44","Y09",0.5,"ZY","other","semi","Y09_Z44",2024,0,1,1,0
"Z45","Y09",0.375,"ZY","other","semi","Y09_Z45",2024,1,1,2,1
"Y11","Y10",0.666666666666667,"YY","same","same","Y10_Y11",2024,1,1,2,1
"Y12","Y10",0.75,"YY","same","same","Y10_Y12",2024,1,1,2,1
"Y14","Y10",0.777777777777778,"YY","same","same","Y10_Y14",2024,1,1,2,1
"Y16","Y10",0.375,"YY","same","same","Y10_Y16",2024,0,1,1,0
"Y17","Y10",0.75,"YY","same","same","Y10_Y17",2024,1,1,2,1
"Y18","Y10",0.666666666666667,"YY","same","same","Y10_Y18",2024,1,1,2,1
"Y19","Y10",0.444444444444444,"YY","same","same","Y10_Y19",2024,1,1,2,1
"Y20","Y10",0.555555555555556,"YY","same","same","Y10_Y20",2024,1,1,2,1
"Y21","Y10",0.777777777777778,"YY","same","same","Y10_Y21",2024,1,1,2,1
"Y22","Y10",0.375,"YY","same","same","Y10_Y22",2024,0,1,1,0
"Y23","Y10",0.666666666666667,"YY","same","same","Y10_Y23",2024,0,1,1,0
"Y24","Y10",0.375,"YY","same","same","Y10_Y24",2024,0,1,1,0
"Y25","Y10",0.444444444444444,"YY","same","same","Y10_Y25",2024,0,1,1,0
"Y26","Y10",0.75,"YY","same","same","Y10_Y26",2024,1,1,2,1
"Y27","Y10",0.444444444444444,"YY","same","same","Y10_Y27",2024,0,1,1,0
"Y28","Y10",0.555555555555556,"YY","same","same","Y10_Y28",2024,0,1,1,0
"Y29","Y10",0.75,"YY","same","same","Y10_Y29",2024,1,1,2,1
"Y30","Y10",0.333333333333333,"YY","same","same","Y10_Y30",2024,0,1,1,0
"Y31","Y10",0.5,"YY","same","same","Y10_Y31",2024,0,1,1,0
"Y32","Y10",0.5,"YY","same","same","Y10_Y32",2024,0,1,1,0
"Y33","Y10",0.375,"YY","same","same","Y10_Y33",2024,0,1,1,0
"Y34","Y10",0.625,"YY","same","same","Y10_Y34",2024,1,1,2,1
"Y35","Y10",0.444444444444444,"YY","same","same","Y10_Y35",2024,0,1,1,0
"Z02","Y10",0.5,"ZY","other","semi","Y10_Z02",2024,1,1,2,1
"Z03","Y10",0.625,"ZY","other","semi","Y10_Z03",2024,1,1,2,1
"Z05","Y10",0.666666666666667,"ZY","other","semi","Y10_Z05",2024,1,1,2,1
"Z06","Y10",0.555555555555556,"ZY","other","semi","Y10_Z06",2024,0,1,1,0
"Z07","Y10",0.444444444444444,"ZY","other","semi","Y10_Z07",2024,0,1,1,0
"Z08","Y10",0.5,"ZY","other","semi","Y10_Z08",2024,1,1,2,1
"Z10","Y10",0.625,"ZY","other","semi","Y10_Z10",2024,1,1,2,1
"Z11","Y10",0.555555555555556,"ZY","other","semi","Y10_Z11",2024,1,1,2,1
"Z13","Y10",0.625,"ZY","other","semi","Y10_Z13",2024,1,1,2,1
"Z14","Y10",0.75,"ZY","other","semi","Y10_Z14",2024,1,1,2,1
"Z15","Y10",0.555555555555556,"ZY","other","semi","Y10_Z15",2024,1,1,2,1
"Z16","Y10",0.625,"ZY","other","semi","Y10_Z16",2024,1,1,2,1
"Z17","Y10",0.75,"ZY","other","semi","Y10_Z17",2024,1,1,2,1
"Z18","Y10",0.375,"ZY","other","semi","Y10_Z18",2024,0,1,1,0
"Z19","Y10",0.5,"ZY","other","semi","Y10_Z19",2024,0,1,1,0
"Z20","Y10",0.625,"ZY","other","semi","Y10_Z20",2024,1,1,2,1
"Z21","Y10",0.625,"ZY","other","semi","Y10_Z21",2024,1,1,2,1
"Z22","Y10",0.75,"ZY","other","semi","Y10_Z22",2024,1,1,2,1
"Z23","Y10",0.875,"ZY","other","semi","Y10_Z23",2024,1,1,2,1
"Z24","Y10",0.5,"ZY","other","semi","Y10_Z24",2024,0,1,1,0
"Z26","Y10",0.555555555555556,"ZY","other","semi","Y10_Z26",2024,1,1,2,1
"Z27","Y10",0.625,"ZY","other","semi","Y10_Z27",2024,0,1,1,0
"Z28","Y10",0.625,"ZY","other","semi","Y10_Z28",2024,1,1,2,1
"Z29","Y10",0.666666666666667,"ZY","other","semi","Y10_Z29",2024,1,1,2,1
"Z30","Y10",0.625,"ZY","other","semi","Y10_Z30",2024,1,1,2,1
"Z31","Y10",0.625,"ZY","other","semi","Y10_Z31",2024,1,1,2,1
"Z32","Y10",0.5,"ZY","other","semi","Y10_Z32",2024,1,1,2,1
"Z33","Y10",0.75,"ZY","other","semi","Y10_Z33",2024,1,1,2,1
"Z35","Y10",0.75,"ZY","other","semi","Y10_Z35",2024,1,1,2,1
"Z38","Y10",0.625,"ZY","other","semi","Y10_Z38",2024,0,1,1,0
"Z39","Y10",0.666666666666667,"ZY","other","semi","Y10_Z39",2024,1,1,2,1
"Z40","Y10",0.375,"ZY","other","semi","Y10_Z40",2024,0,1,1,0
"Z41","Y10",0.444444444444444,"ZY","other","semi","Y10_Z41",2024,1,1,2,1
"Z42","Y10",0.4,"ZY","other","semi","Y10_Z42",2024,1,1,2,1
"Z43","Y10",0.444444444444444,"ZY","other","semi","Y10_Z43",2024,1,1,2,1
"Z44","Y10",0.5,"ZY","other","semi","Y10_Z44",2024,0,1,1,0
"Z45","Y10",0.375,"ZY","other","semi","Y10_Z45",2024,1,1,2,1
"Y12","Y11",0.625,"YY","same","same","Y11_Y12",2024,1,1,2,1
"Y14","Y11",0.875,"YY","same","same","Y11_Y14",2024,1,1,2,1
"Y16","Y11",0.428571428571428,"YY","same","same","Y11_Y16",2024,0,1,1,0
"Y17","Y11",0.857142857142857,"YY","same","same","Y11_Y17",2024,1,1,2,1
"Y18","Y11",1,"YY","same","same","Y11_Y18",2024,1,1,2,1
"Y19","Y11",0.714285714285714,"YY","same","same","Y11_Y19",2024,1,1,2,1
"Y20","Y11",0.857142857142857,"YY","same","same","Y11_Y20",2024,1,1,2,1
"Y21","Y11",0.875,"YY","same","same","Y11_Y21",2024,1,1,2,1
"Y22","Y11",0.428571428571428,"YY","same","same","Y11_Y22",2024,0,1,1,0
"Y23","Y11",0.75,"YY","same","same","Y11_Y23",2024,0,1,1,0
"Y24","Y11",0.428571428571428,"YY","same","same","Y11_Y24",2024,0,1,1,0
"Y25","Y11",0.5,"YY","same","same","Y11_Y25",2024,0,1,1,0
"Y26","Y11",0.625,"YY","same","same","Y11_Y26",2024,1,1,2,1
"Y27","Y11",0.5,"YY","same","same","Y11_Y27",2024,0,1,1,0
"Y28","Y11",0.625,"YY","same","same","Y11_Y28",2024,0,1,1,0
"Y29","Y11",0.625,"YY","same","same","Y11_Y29",2024,1,1,2,1
"Y30","Y11",0.571428571428571,"YY","same","same","Y11_Y30",2024,0,1,1,0
"Y31","Y11",0.571428571428571,"YY","same","same","Y11_Y31",2024,0,1,1,0
"Y32","Y11",0.375,"YY","same","same","Y11_Y32",2024,0,1,1,0
"Y33","Y11",0.428571428571428,"YY","same","same","Y11_Y33",2024,0,1,1,0
"Y34","Y11",0.5,"YY","same","same","Y11_Y34",2024,1,1,2,1
"Y35","Y11",0.5,"YY","same","same","Y11_Y35",2024,0,1,1,0
"Z02","Y11",0.75,"ZY","other","semi","Y11_Z02",2024,1,1,2,1
"Z03","Y11",0.714285714285714,"ZY","other","semi","Y11_Z03",2024,1,1,2,1
"Z05","Y11",0.75,"ZY","other","semi","Y11_Z05",2024,1,1,2,1
"Z06","Y11",0.857142857142857,"ZY","other","semi","Y11_Z06",2024,0,1,1,0
"Z07","Y11",0.714285714285714,"ZY","other","semi","Y11_Z07",2024,0,1,1,0
"Z08","Y11",0.75,"ZY","other","semi","Y11_Z08",2024,1,1,2,1
"Z10","Y11",0.714285714285714,"ZY","other","semi","Y11_Z10",2024,1,1,2,1
"Z11","Y11",0.857142857142857,"ZY","other","semi","Y11_Z11",2024,1,1,2,1
"Z13","Y11",0.714285714285714,"ZY","other","semi","Y11_Z13",2024,1,1,2,1
"Z14","Y11",0.857142857142857,"ZY","other","semi","Y11_Z14",2024,1,1,2,1
"Z15","Y11",0.625,"ZY","other","semi","Y11_Z15",2024,1,1,2,1
"Z16","Y11",0.5,"ZY","other","semi","Y11_Z16",2024,1,1,2,1
"Z17","Y11",0.625,"ZY","other","semi","Y11_Z17",2024,1,1,2,1
"Z18","Y11",0.428571428571428,"ZY","other","semi","Y11_Z18",2024,0,1,1,0
"Z19","Y11",0.571428571428571,"ZY","other","semi","Y11_Z19",2024,0,1,1,0
"Z20","Y11",0.714285714285714,"ZY","other","semi","Y11_Z20",2024,1,1,2,1
"Z21","Y11",0.714285714285714,"ZY","other","semi","Y11_Z21",2024,1,1,2,1
"Z22","Y11",0.625,"ZY","other","semi","Y11_Z22",2024,1,1,2,1
"Z23","Y11",0.555555555555556,"ZY","other","semi","Y11_Z23",2024,1,1,2,1
"Z24","Y11",0.571428571428571,"ZY","other","semi","Y11_Z24",2024,0,1,1,0
"Z26","Y11",0.444444444444444,"ZY","other","semi","Y11_Z26",2024,1,1,2,1
"Z27","Y11",0.5,"ZY","other","semi","Y11_Z27",2024,0,1,1,0
"Z28","Y11",0.5,"ZY","other","semi","Y11_Z28",2024,1,1,2,1
"Z29","Y11",0.75,"ZY","other","semi","Y11_Z29",2024,1,1,2,1
"Z30","Y11",0.5,"ZY","other","semi","Y11_Z30",2024,1,1,2,1
"Z31","Y11",0.714285714285714,"ZY","other","semi","Y11_Z31",2024,1,1,2,1
"Z32","Y11",0.571428571428571,"ZY","other","semi","Y11_Z32",2024,1,1,2,1
"Z33","Y11",0.625,"ZY","other","semi","Y11_Z33",2024,1,1,2,1
"Z35","Y11",0.625,"ZY","other","semi","Y11_Z35",2024,1,1,2,1
"Z38","Y11",0.5,"ZY","other","semi","Y11_Z38",2024,0,1,1,0
"Z39","Y11",0.75,"ZY","other","semi","Y11_Z39",2024,1,1,2,1
"Z40","Y11",0.428571428571428,"ZY","other","semi","Y11_Z40",2024,0,1,1,0
"Z41","Y11",0.714285714285714,"ZY","other","semi","Y11_Z41",2024,1,1,2,1
"Z42","Y11",0.625,"ZY","other","semi","Y11_Z42",2024,1,1,2,1
"Z43","Y11",0.5,"ZY","other","semi","Y11_Z43",2024,1,1,2,1
"Z44","Y11",0.571428571428571,"ZY","other","semi","Y11_Z44",2024,0,1,1,0
"Z45","Y11",0.428571428571428,"ZY","other","semi","Y11_Z45",2024,1,1,2,1
"Y14","Y12",0.75,"YY","same","same","Y12_Y14",2024,1,1,2,1
"Y16","Y12",0.5,"YY","same","same","Y12_Y16",2024,0,1,1,0
"Y17","Y12",0.714285714285714,"YY","same","same","Y12_Y17",2024,1,1,2,1
"Y18","Y12",0.625,"YY","same","same","Y12_Y18",2024,1,1,2,1
"Y19","Y12",0.571428571428571,"YY","same","same","Y12_Y19",2024,1,1,2,1
"Y20","Y12",0.5,"YY","same","same","Y12_Y20",2024,1,1,2,1
"Y21","Y12",0.75,"YY","same","same","Y12_Y21",2024,1,1,2,1
"Y22","Y12",0.5,"YY","same","same","Y12_Y22",2024,0,1,1,0
"Y23","Y12",0.857142857142857,"YY","same","same","Y12_Y23",2024,0,1,1,0
"Y24","Y12",0.5,"YY","same","same","Y12_Y24",2024,0,1,1,0
"Y25","Y12",0.571428571428571,"YY","same","same","Y12_Y25",2024,0,1,1,0
"Y26","Y12",0.714285714285714,"YY","same","same","Y12_Y26",2024,1,1,2,1
"Y27","Y12",0.571428571428571,"YY","same","same","Y12_Y27",2024,0,1,1,0
"Y28","Y12",0.714285714285714,"YY","same","same","Y12_Y28",2024,0,1,1,0
"Y29","Y12",1,"YY","same","same","Y12_Y29",2024,1,1,2,1
"Y30","Y12",0.428571428571428,"YY","same","same","Y12_Y30",2024,0,1,1,0
"Y31","Y12",0.666666666666667,"YY","same","same","Y12_Y31",2024,0,1,1,0
"Y32","Y12",0.666666666666667,"YY","same","same","Y12_Y32",2024,0,1,1,0
"Y33","Y12",0.5,"YY","same","same","Y12_Y33",2024,0,1,1,0
"Y34","Y12",0.571428571428571,"YY","same","same","Y12_Y34",2024,1,1,2,1
"Y35","Y12",0.571428571428571,"YY","same","same","Y12_Y35",2024,0,1,1,0
"Z02","Y12",0.444444444444444,"ZY","other","semi","Y12_Z02",2024,1,1,2,1
"Z03","Y12",0.833333333333333,"ZY","other","semi","Y12_Z03",2024,1,1,2,1
"Z05","Y12",0.857142857142857,"ZY","other","semi","Y12_Z05",2024,1,1,2,1
"Z06","Y12",0.5,"ZY","other","semi","Y12_Z06",2024,0,1,1,0
"Z07","Y12",0.571428571428571,"ZY","other","semi","Y12_Z07",2024,0,1,1,0
"Z08","Y12",0.625,"ZY","other","semi","Y12_Z08",2024,1,1,2,1
"Z10","Y12",0.833333333333333,"ZY","other","semi","Y12_Z10",2024,1,1,2,1
"Z11","Y12",0.5,"ZY","other","semi","Y12_Z11",2024,1,1,2,1
"Z13","Y12",0.571428571428571,"ZY","other","semi","Y12_Z13",2024,1,1,2,1
"Z14","Y12",0.714285714285714,"ZY","other","semi","Y12_Z14",2024,1,1,2,1
"Z15","Y12",0.5,"ZY","other","semi","Y12_Z15",2024,1,1,2,1
"Z16","Y12",0.571428571428571,"ZY","other","semi","Y12_Z16",2024,1,1,2,1
"Z17","Y12",0.5,"ZY","other","semi","Y12_Z17",2024,1,1,2,1
"Z18","Y12",0.5,"ZY","other","semi","Y12_Z18",2024,0,1,1,0
"Z19","Y12",0.666666666666667,"ZY","other","semi","Y12_Z19",2024,0,1,1,0
"Z20","Y12",0.833333333333333,"ZY","other","semi","Y12_Z20",2024,1,1,2,1
"Z21","Y12",0.571428571428571,"ZY","other","semi","Y12_Z21",2024,1,1,2,1
"Z22","Y12",1,"ZY","other","semi","Y12_Z22",2024,1,1,2,1
"Z23","Y12",0.625,"ZY","other","semi","Y12_Z23",2024,1,1,2,1
"Z24","Y12",0.666666666666667,"ZY","other","semi","Y12_Z24",2024,0,1,1,0
"Z26","Y12",0.714285714285714,"ZY","other","semi","Y12_Z26",2024,1,1,2,1
"Z27","Y12",0.833333333333333,"ZY","other","semi","Y12_Z27",2024,0,1,1,0
"Z28","Y12",0.833333333333333,"ZY","other","semi","Y12_Z28",2024,1,1,2,1
"Z29","Y12",0.857142857142857,"ZY","other","semi","Y12_Z29",2024,1,1,2,1
"Z30","Y12",0.833333333333333,"ZY","other","semi","Y12_Z30",2024,1,1,2,1
"Z31","Y12",0.833333333333333,"ZY","other","semi","Y12_Z31",2024,1,1,2,1
"Z32","Y12",0.666666666666667,"ZY","other","semi","Y12_Z32",2024,1,1,2,1
"Z33","Y12",1,"ZY","other","semi","Y12_Z33",2024,1,1,2,1
"Z35","Y12",0.5,"ZY","other","semi","Y12_Z35",2024,1,1,2,1
"Z38","Y12",0.833333333333333,"ZY","other","semi","Y12_Z38",2024,0,1,1,0
"Z39","Y12",0.857142857142857,"ZY","other","semi","Y12_Z39",2024,1,1,2,1
"Z40","Y12",0.5,"ZY","other","semi","Y12_Z40",2024,0,1,1,0
"Z41","Y12",0.571428571428571,"ZY","other","semi","Y12_Z41",2024,1,1,2,1
"Z42","Y12",0.5,"ZY","other","semi","Y12_Z42",2024,1,1,2,1
"Z43","Y12",0.571428571428571,"ZY","other","semi","Y12_Z43",2024,1,1,2,1
"Z44","Y12",0.666666666666667,"ZY","other","semi","Y12_Z44",2024,0,1,1,0
"Z45","Y12",0.5,"ZY","other","semi","Y12_Z45",2024,1,1,2,1
"Y16","Y14",0.375,"YY","same","same","Y14_Y16",2024,0,1,1,0
"Y17","Y14",0.75,"YY","same","same","Y14_Y17",2024,1,1,2,1
"Y18","Y14",0.875,"YY","same","same","Y14_Y18",2024,1,1,2,1
"Y19","Y14",0.625,"YY","same","same","Y14_Y19",2024,1,1,2,1
"Y20","Y14",0.75,"YY","same","same","Y14_Y20",2024,1,1,2,1
"Y21","Y14",1,"YY","same","same","Y14_Y21",2024,1,1,2,1
"Y22","Y14",0.375,"YY","same","same","Y14_Y22",2024,0,1,1,0
"Y23","Y14",0.875,"YY","same","same","Y14_Y23",2024,0,1,1,0
"Y24","Y14",0.375,"YY","same","same","Y14_Y24",2024,0,1,1,0
"Y25","Y14",0.625,"YY","same","same","Y14_Y25",2024,0,1,1,0
"Y26","Y14",0.75,"YY","same","same","Y14_Y26",2024,1,1,2,1
"Y27","Y14",0.625,"YY","same","same","Y14_Y27",2024,0,1,1,0
"Y28","Y14",0.75,"YY","same","same","Y14_Y28",2024,0,1,1,0
"Y29","Y14",0.75,"YY","same","same","Y14_Y29",2024,1,1,2,1
"Y30","Y14",0.5,"YY","same","same","Y14_Y30",2024,0,1,1,0
"Y31","Y14",0.5,"YY","same","same","Y14_Y31",2024,0,1,1,0
"Y32","Y14",0.5,"YY","same","same","Y14_Y32",2024,0,1,1,0
"Y33","Y14",0.375,"YY","same","same","Y14_Y33",2024,0,1,1,0
"Y34","Y14",0.444444444444444,"YY","same","same","Y14_Y34",2024,1,1,2,1
"Y35","Y14",0.625,"YY","same","same","Y14_Y35",2024,0,1,1,0
"Z02","Y14",0.666666666666667,"ZY","other","semi","Y14_Z02",2024,1,1,2,1
"Z03","Y14",0.625,"ZY","other","semi","Y14_Z03",2024,1,1,2,1
"Z05","Y14",0.875,"ZY","other","semi","Y14_Z05",2024,1,1,2,1
"Z06","Y14",0.75,"ZY","other","semi","Y14_Z06",2024,0,1,1,0
"Z07","Y14",0.625,"ZY","other","semi","Y14_Z07",2024,0,1,1,0
"Z08","Y14",0.666666666666667,"ZY","other","semi","Y14_Z08",2024,1,1,2,1
"Z10","Y14",0.625,"ZY","other","semi","Y14_Z10",2024,1,1,2,1
"Z11","Y14",0.75,"ZY","other","semi","Y14_Z11",2024,1,1,2,1
"Z13","Y14",0.625,"ZY","other","semi","Y14_Z13",2024,1,1,2,1
"Z14","Y14",0.75,"ZY","other","semi","Y14_Z14",2024,1,1,2,1
"Z15","Y14",0.555555555555556,"ZY","other","semi","Y14_Z15",2024,1,1,2,1
"Z16","Y14",0.444444444444444,"ZY","other","semi","Y14_Z16",2024,1,1,2,1
"Z17","Y14",0.555555555555556,"ZY","other","semi","Y14_Z17",2024,1,1,2,1
"Z18","Y14",0.375,"ZY","other","semi","Y14_Z18",2024,0,1,1,0
"Z19","Y14",0.5,"ZY","other","semi","Y14_Z19",2024,0,1,1,0
"Z20","Y14",0.625,"ZY","other","semi","Y14_Z20",2024,1,1,2,1
"Z21","Y14",0.625,"ZY","other","semi","Y14_Z21",2024,1,1,2,1
"Z22","Y14",0.75,"ZY","other","semi","Y14_Z22",2024,1,1,2,1
"Z23","Y14",0.666666666666667,"ZY","other","semi","Y14_Z23",2024,1,1,2,1
"Z24","Y14",0.5,"ZY","other","semi","Y14_Z24",2024,0,1,1,0
"Z26","Y14",0.555555555555556,"ZY","other","semi","Y14_Z26",2024,1,1,2,1
"Z27","Y14",0.625,"ZY","other","semi","Y14_Z27",2024,0,1,1,0
"Z28","Y14",0.625,"ZY","other","semi","Y14_Z28",2024,1,1,2,1
"Z29","Y14",0.875,"ZY","other","semi","Y14_Z29",2024,1,1,2,1
"Z30","Y14",0.625,"ZY","other","semi","Y14_Z30",2024,1,1,2,1
"Z31","Y14",0.625,"ZY","other","semi","Y14_Z31",2024,1,1,2,1
"Z32","Y14",0.5,"ZY","other","semi","Y14_Z32",2024,1,1,2,1
"Z33","Y14",0.75,"ZY","other","semi","Y14_Z33",2024,1,1,2,1
"Z35","Y14",0.555555555555556,"ZY","other","semi","Y14_Z35",2024,1,1,2,1
"Z38","Y14",0.625,"ZY","other","semi","Y14_Z38",2024,0,1,1,0
"Z39","Y14",0.875,"ZY","other","semi","Y14_Z39",2024,1,1,2,1
"Z40","Y14",0.375,"ZY","other","semi","Y14_Z40",2024,0,1,1,0
"Z41","Y14",0.625,"ZY","other","semi","Y14_Z41",2024,1,1,2,1
"Z42","Y14",0.555555555555556,"ZY","other","semi","Y14_Z42",2024,1,1,2,1
"Z43","Y14",0.444444444444444,"ZY","other","semi","Y14_Z43",2024,1,1,2,1
"Z44","Y14",0.5,"ZY","other","semi","Y14_Z44",2024,0,1,1,0
"Z45","Y14",0.375,"ZY","other","semi","Y14_Z45",2024,1,1,2,1
"Y17","Y16",0.5,"YY","same","same","Y16_Y17",2024,1,0,1,0
"Y18","Y16",0.428571428571428,"YY","same","same","Y16_Y18",2024,1,0,1,0
"Y19","Y16",0.6,"YY","same","same","Y16_Y19",2024,1,0,1,0
"Y20","Y16",0.5,"YY","same","same","Y16_Y20",2024,1,0,1,0
"Y21","Y16",0.375,"YY","same","same","Y16_Y21",2024,1,0,1,0
"Y22","Y16",1,"YY","same","same","Y16_Y22",2024,0,0,0,1
"Y23","Y16",0.428571428571428,"YY","same","same","Y16_Y23",2024,0,0,0,1
"Y24","Y16",1,"YY","same","same","Y16_Y24",2024,0,0,0,1
"Y25","Y16",0.6,"YY","same","same","Y16_Y25",2024,0,0,0,1
"Y26","Y16",0.5,"YY","same","same","Y16_Y26",2024,1,0,1,0
"Y27","Y16",0.6,"YY","same","same","Y16_Y27",2024,0,0,0,1
"Y28","Y16",0.5,"YY","same","same","Y16_Y28",2024,0,0,0,1
"Y29","Y16",0.5,"YY","same","same","Y16_Y29",2024,1,0,1,0
"Y30","Y16",0.75,"YY","same","same","Y16_Y30",2024,0,0,0,1
"Y31","Y16",0.75,"YY","same","same","Y16_Y31",2024,0,0,0,1
"Y32","Y16",0.75,"YY","same","same","Y16_Y32",2024,0,0,0,1
"Y33","Y16",1,"YY","same","same","Y16_Y33",2024,0,0,0,1
"Y34","Y16",0.6,"YY","same","same","Y16_Y34",2024,1,0,1,0
"Y35","Y16",0.6,"YY","same","same","Y16_Y35",2024,0,0,0,1
"Z02","Y16",0.428571428571428,"ZY","other","semi","Y16_Z02",2024,1,0,1,0
"Z03","Y16",0.6,"ZY","other","semi","Y16_Z03",2024,1,0,1,0
"Z05","Y16",0.428571428571428,"ZY","other","semi","Y16_Z05",2024,1,0,1,0
"Z06","Y16",0.5,"ZY","other","semi","Y16_Z06",2024,0,0,0,1
"Z07","Y16",0.6,"ZY","other","semi","Y16_Z07",2024,0,0,0,1
"Z08","Y16",0.428571428571428,"ZY","other","semi","Y16_Z08",2024,1,0,1,0
"Z10","Y16",0.6,"ZY","other","semi","Y16_Z10",2024,1,0,1,0
"Z11","Y16",0.5,"ZY","other","semi","Y16_Z11",2024,1,0,1,0
"Z13","Y16",0.6,"ZY","other","semi","Y16_Z13",2024,1,0,1,0
"Z14","Y16",0.5,"ZY","other","semi","Y16_Z14",2024,1,0,1,0
"Z15","Y16",0.5,"ZY","other","semi","Y16_Z15",2024,1,0,1,0
"Z16","Y16",0.6,"ZY","other","semi","Y16_Z16",2024,1,0,1,0
"Z17","Y16",0.5,"ZY","other","semi","Y16_Z17",2024,1,0,1,0
"Z18","Y16",0.5,"ZY","other","semi","Y16_Z18",2024,0,0,0,1
"Z19","Y16",0.75,"ZY","other","semi","Y16_Z19",2024,0,0,0,1
"Z20","Y16",0.6,"ZY","other","semi","Y16_Z20",2024,1,0,1,0
"Z21","Y16",0.6,"ZY","other","semi","Y16_Z21",2024,1,0,1,0
"Z22","Y16",0.5,"ZY","other","semi","Y16_Z22",2024,1,0,1,0
"Z23","Y16",0.428571428571428,"ZY","other","semi","Y16_Z23",2024,1,0,1,0
"Z24","Y16",0.75,"ZY","other","semi","Y16_Z24",2024,0,0,0,1
"Z26","Y16",0.5,"ZY","other","semi","Y16_Z26",2024,1,0,1,0
"Z27","Y16",0.6,"ZY","other","semi","Y16_Z27",2024,0,0,0,1
"Z28","Y16",0.6,"ZY","other","semi","Y16_Z28",2024,1,0,1,0
"Z29","Y16",0.428571428571428,"ZY","other","semi","Y16_Z29",2024,1,0,1,0
"Z30","Y16",0.6,"ZY","other","semi","Y16_Z30",2024,1,0,1,0
"Z31","Y16",0.6,"ZY","other","semi","Y16_Z31",2024,1,0,1,0
"Z32","Y16",0.75,"ZY","other","semi","Y16_Z32",2024,1,0,1,0
"Z33","Y16",0.5,"ZY","other","semi","Y16_Z33",2024,1,0,1,0
"Z35","Y16",0.5,"ZY","other","semi","Y16_Z35",2024,1,0,1,0
"Z38","Y16",0.6,"ZY","other","semi","Y16_Z38",2024,0,0,0,1
"Z39","Y16",0.428571428571428,"ZY","other","semi","Y16_Z39",2024,1,0,1,0
"Z40","Y16",1,"ZY","other","semi","Y16_Z40",2024,0,0,0,1
"Z41","Y16",0.6,"ZY","other","semi","Y16_Z41",2024,1,0,1,0
"Z42","Y16",0.5,"ZY","other","semi","Y16_Z42",2024,1,0,1,0
"Z43","Y16",0.6,"ZY","other","semi","Y16_Z43",2024,1,0,1,0
"Z44","Y16",0.75,"ZY","other","semi","Y16_Z44",2024,0,0,0,1
"Z45","Y16",0.5,"ZY","other","semi","Y16_Z45",2024,1,0,1,0
"Y18","Y17",0.857142857142857,"YY","same","same","Y17_Y18",2024,1,1,2,1
"Y19","Y17",0.571428571428571,"YY","same","same","Y17_Y19",2024,1,1,2,1
"Y20","Y17",0.714285714285714,"YY","same","same","Y17_Y20",2024,1,1,2,1
"Y21","Y17",0.75,"YY","same","same","Y17_Y21",2024,1,1,2,1
"Y22","Y17",0.5,"YY","same","same","Y17_Y22",2024,0,1,1,0
"Y23","Y17",0.625,"YY","same","same","Y17_Y23",2024,0,1,1,0
"Y24","Y17",0.5,"YY","same","same","Y17_Y24",2024,0,1,1,0
"Y25","Y17",0.375,"YY","same","same","Y17_Y25",2024,0,1,1,0
"Y26","Y17",0.714285714285714,"YY","same","same","Y17_Y26",2024,1,1,2,1
"Y27","Y17",0.375,"YY","same","same","Y17_Y27",2024,0,1,1,0
"Y28","Y17",0.5,"YY","same","same","Y17_Y28",2024,0,1,1,0
"Y29","Y17",0.714285714285714,"YY","same","same","Y17_Y29",2024,1,1,2,1
"Y30","Y17",0.428571428571428,"YY","same","same","Y17_Y30",2024,0,1,1,0
"Y31","Y17",0.666666666666667,"YY","same","same","Y17_Y31",2024,0,1,1,0
"Y32","Y17",0.428571428571428,"YY","same","same","Y17_Y32",2024,0,1,1,0
"Y33","Y17",0.5,"YY","same","same","Y17_Y33",2024,0,1,1,0
"Y34","Y17",0.571428571428571,"YY","same","same","Y17_Y34",2024,1,1,2,1
"Y35","Y17",0.375,"YY","same","same","Y17_Y35",2024,0,1,1,0
"Z02","Y17",0.625,"ZY","other","semi","Y17_Z02",2024,1,1,2,1
"Z03","Y17",0.833333333333333,"ZY","other","semi","Y17_Z03",2024,1,1,2,1
"Z05","Y17",0.625,"ZY","other","semi","Y17_Z05",2024,1,1,2,1
"Z06","Y17",0.714285714285714,"ZY","other","semi","Y17_Z06",2024,0,1,1,0
"Z07","Y17",0.571428571428571,"ZY","other","semi","Y17_Z07",2024,0,1,1,0
"Z08","Y17",0.625,"ZY","other","semi","Y17_Z08",2024,1,1,2,1
"Z10","Y17",0.833333333333333,"ZY","other","semi","Y17_Z10",2024,1,1,2,1
"Z11","Y17",0.714285714285714,"ZY","other","semi","Y17_Z11",2024,1,1,2,1
"Z13","Y17",0.833333333333333,"ZY","other","semi","Y17_Z13",2024,1,1,2,1
"Z14","Y17",1,"ZY","other","semi","Y17_Z14",2024,1,1,2,1
"Z15","Y17",0.5,"ZY","other","semi","Y17_Z15",2024,1,1,2,1
"Z16","Y17",0.571428571428571,"ZY","other","semi","Y17_Z16",2024,1,1,2,1
"Z17","Y17",0.714285714285714,"ZY","other","semi","Y17_Z17",2024,1,1,2,1
"Z18","Y17",0.5,"ZY","other","semi","Y17_Z18",2024,0,1,1,0
"Z19","Y17",0.666666666666667,"ZY","other","semi","Y17_Z19",2024,0,1,1,0
"Z20","Y17",0.833333333333333,"ZY","other","semi","Y17_Z20",2024,1,1,2,1
"Z21","Y17",0.833333333333333,"ZY","other","semi","Y17_Z21",2024,1,1,2,1
"Z22","Y17",0.714285714285714,"ZY","other","semi","Y17_Z22",2024,1,1,2,1
"Z23","Y17",0.625,"ZY","other","semi","Y17_Z23",2024,1,1,2,1
"Z24","Y17",0.666666666666667,"ZY","other","semi","Y17_Z24",2024,0,1,1,0
"Z26","Y17",0.5,"ZY","other","semi","Y17_Z26",2024,1,1,2,1
"Z27","Y17",0.571428571428571,"ZY","other","semi","Y17_Z27",2024,0,1,1,0
"Z28","Y17",0.571428571428571,"ZY","other","semi","Y17_Z28",2024,1,1,2,1
"Z29","Y17",0.625,"ZY","other","semi","Y17_Z29",2024,1,1,2,1
"Z30","Y17",0.571428571428571,"ZY","other","semi","Y17_Z30",2024,1,1,2,1
"Z31","Y17",0.833333333333333,"ZY","other","semi","Y17_Z31",2024,1,1,2,1
"Z32","Y17",0.666666666666667,"ZY","other","semi","Y17_Z32",2024,1,1,2,1
"Z33","Y17",0.714285714285714,"ZY","other","semi","Y17_Z33",2024,1,1,2,1
"Z35","Y17",0.714285714285714,"ZY","other","semi","Y17_Z35",2024,1,1,2,1
"Z38","Y17",0.571428571428571,"ZY","other","semi","Y17_Z38",2024,0,1,1,0
"Z39","Y17",0.625,"ZY","other","semi","Y17_Z39",2024,1,1,2,1
"Z40","Y17",0.5,"ZY","other","semi","Y17_Z40",2024,0,1,1,0
"Z41","Y17",0.571428571428571,"ZY","other","semi","Y17_Z41",2024,1,1,2,1
"Z42","Y17",0.5,"ZY","other","semi","Y17_Z42",2024,1,1,2,1
"Z43","Y17",0.571428571428571,"ZY","other","semi","Y17_Z43",2024,1,1,2,1
"Z44","Y17",0.666666666666667,"ZY","other","semi","Y17_Z44",2024,0,1,1,0
"Z45","Y17",0.5,"ZY","other","semi","Y17_Z45",2024,1,1,2,1
"Y19","Y18",0.714285714285714,"YY","same","same","Y18_Y19",2024,1,1,2,1
"Y20","Y18",0.857142857142857,"YY","same","same","Y18_Y20",2024,1,1,2,1
"Y21","Y18",0.875,"YY","same","same","Y18_Y21",2024,1,1,2,1
"Y22","Y18",0.428571428571428,"YY","same","same","Y18_Y22",2024,0,1,1,0
"Y23","Y18",0.75,"YY","same","same","Y18_Y23",2024,0,1,1,0
"Y24","Y18",0.428571428571428,"YY","same","same","Y18_Y24",2024,0,1,1,0
"Y25","Y18",0.5,"YY","same","same","Y18_Y25",2024,0,1,1,0
"Y26","Y18",0.625,"YY","same","same","Y18_Y26",2024,1,1,2,1
"Y27","Y18",0.5,"YY","same","same","Y18_Y27",2024,0,1,1,0
"Y28","Y18",0.625,"YY","same","same","Y18_Y28",2024,0,1,1,0
"Y29","Y18",0.625,"YY","same","same","Y18_Y29",2024,1,1,2,1
"Y30","Y18",0.571428571428571,"YY","same","same","Y18_Y30",2024,0,1,1,0
"Y31","Y18",0.571428571428571,"YY","same","same","Y18_Y31",2024,0,1,1,0
"Y32","Y18",0.375,"YY","same","same","Y18_Y32",2024,0,1,1,0
"Y33","Y18",0.428571428571428,"YY","same","same","Y18_Y33",2024,0,1,1,0
"Y34","Y18",0.5,"YY","same","same","Y18_Y34",2024,1,1,2,1
"Y35","Y18",0.5,"YY","same","same","Y18_Y35",2024,0,1,1,0
"Z02","Y18",0.75,"ZY","other","semi","Y18_Z02",2024,1,1,2,1
"Z03","Y18",0.714285714285714,"ZY","other","semi","Y18_Z03",2024,1,1,2,1
"Z05","Y18",0.75,"ZY","other","semi","Y18_Z05",2024,1,1,2,1
"Z06","Y18",0.857142857142857,"ZY","other","semi","Y18_Z06",2024,0,1,1,0
"Z07","Y18",0.714285714285714,"ZY","other","semi","Y18_Z07",2024,0,1,1,0
"Z08","Y18",0.75,"ZY","other","semi","Y18_Z08",2024,1,1,2,1
"Z10","Y18",0.714285714285714,"ZY","other","semi","Y18_Z10",2024,1,1,2,1
"Z11","Y18",0.857142857142857,"ZY","other","semi","Y18_Z11",2024,1,1,2,1
"Z13","Y18",0.714285714285714,"ZY","other","semi","Y18_Z13",2024,1,1,2,1
"Z14","Y18",0.857142857142857,"ZY","other","semi","Y18_Z14",2024,1,1,2,1
"Z15","Y18",0.625,"ZY","other","semi","Y18_Z15",2024,1,1,2,1
"Z16","Y18",0.5,"ZY","other","semi","Y18_Z16",2024,1,1,2,1
"Z17","Y18",0.625,"ZY","other","semi","Y18_Z17",2024,1,1,2,1
"Z18","Y18",0.428571428571428,"ZY","other","semi","Y18_Z18",2024,0,1,1,0
"Z19","Y18",0.571428571428571,"ZY","other","semi","Y18_Z19",2024,0,1,1,0
"Z20","Y18",0.714285714285714,"ZY","other","semi","Y18_Z20",2024,1,1,2,1
"Z21","Y18",0.714285714285714,"ZY","other","semi","Y18_Z21",2024,1,1,2,1
"Z22","Y18",0.625,"ZY","other","semi","Y18_Z22",2024,1,1,2,1
"Z23","Y18",0.555555555555556,"ZY","other","semi","Y18_Z23",2024,1,1,2,1
"Z24","Y18",0.571428571428571,"ZY","other","semi","Y18_Z24",2024,0,1,1,0
"Z26","Y18",0.444444444444444,"ZY","other","semi","Y18_Z26",2024,1,1,2,1
"Z27","Y18",0.5,"ZY","other","semi","Y18_Z27",2024,0,1,1,0
"Z28","Y18",0.5,"ZY","other","semi","Y18_Z28",2024,1,1,2,1
"Z29","Y18",0.75,"ZY","other","semi","Y18_Z29",2024,1,1,2,1
"Z30","Y18",0.5,"ZY","other","semi","Y18_Z30",2024,1,1,2,1
"Z31","Y18",0.714285714285714,"ZY","other","semi","Y18_Z31",2024,1,1,2,1
"Z32","Y18",0.571428571428571,"ZY","other","semi","Y18_Z32",2024,1,1,2,1
"Z33","Y18",0.625,"ZY","other","semi","Y18_Z33",2024,1,1,2,1
"Z35","Y18",0.625,"ZY","other","semi","Y18_Z35",2024,1,1,2,1
"Z38","Y18",0.5,"ZY","other","semi","Y18_Z38",2024,0,1,1,0
"Z39","Y18",0.75,"ZY","other","semi","Y18_Z39",2024,1,1,2,1
"Z40","Y18",0.428571428571428,"ZY","other","semi","Y18_Z40",2024,0,1,1,0
"Z41","Y18",0.714285714285714,"ZY","other","semi","Y18_Z41",2024,1,1,2,1
"Z42","Y18",0.625,"ZY","other","semi","Y18_Z42",2024,1,1,2,1
"Z43","Y18",0.5,"ZY","other","semi","Y18_Z43",2024,1,1,2,1
"Z44","Y18",0.571428571428571,"ZY","other","semi","Y18_Z44",2024,0,1,1,0
"Z45","Y18",0.428571428571428,"ZY","other","semi","Y18_Z45",2024,1,1,2,1
"Y20","Y19",0.833333333333333,"YY","same","same","Y19_Y20",2024,1,1,2,1
"Y21","Y19",0.625,"YY","same","same","Y19_Y21",2024,1,1,2,1
"Y22","Y19",0.6,"YY","same","same","Y19_Y22",2024,0,1,1,0
"Y23","Y19",0.714285714285714,"YY","same","same","Y19_Y23",2024,0,1,1,0
"Y24","Y19",0.6,"YY","same","same","Y19_Y24",2024,0,1,1,0
"Y25","Y19",0.666666666666667,"YY","same","same","Y19_Y25",2024,0,1,1,0
"Y26","Y19",0.571428571428571,"YY","same","same","Y19_Y26",2024,1,1,2,1
"Y27","Y19",0.666666666666667,"YY","same","same","Y19_Y27",2024,0,1,1,0
"Y28","Y19",0.833333333333333,"YY","same","same","Y19_Y28",2024,0,1,1,0
"Y29","Y19",0.571428571428571,"YY","same","same","Y19_Y29",2024,1,1,2,1
"Y30","Y19",0.8,"YY","same","same","Y19_Y30",2024,0,1,1,0
"Y31","Y19",0.8,"YY","same","same","Y19_Y31",2024,0,1,1,0
"Y32","Y19",0.5,"YY","same","same","Y19_Y32",2024,0,1,1,0
"Y33","Y19",0.6,"YY","same","same","Y19_Y33",2024,0,1,1,0
"Y34","Y19",0.428571428571428,"YY","same","same","Y19_Y34",2024,1,1,2,1
"Y35","Y19",0.666666666666667,"YY","same","same","Y19_Y35",2024,0,1,1,0
"Z02","Y19",0.714285714285714,"ZY","other","semi","Y19_Z02",2024,1,1,2,1
"Z03","Y19",0.666666666666667,"ZY","other","semi","Y19_Z03",2024,1,1,2,1
"Z05","Y19",0.714285714285714,"ZY","other","semi","Y19_Z05",2024,1,1,2,1
"Z06","Y19",0.833333333333333,"ZY","other","semi","Y19_Z06",2024,0,1,1,0
"Z07","Y19",1,"ZY","other","semi","Y19_Z07",2024,0,1,1,0
"Z08","Y19",0.714285714285714,"ZY","other","semi","Y19_Z08",2024,1,1,2,1
"Z10","Y19",0.666666666666667,"ZY","other","semi","Y19_Z10",2024,1,1,2,1
"Z11","Y19",0.833333333333333,"ZY","other","semi","Y19_Z11",2024,1,1,2,1
"Z13","Y19",0.666666666666667,"ZY","other","semi","Y19_Z13",2024,1,1,2,1
"Z14","Y19",0.571428571428571,"ZY","other","semi","Y19_Z14",2024,1,1,2,1
"Z15","Y19",0.833333333333333,"ZY","other","semi","Y19_Z15",2024,1,1,2,1
"Z16","Y19",0.666666666666667,"ZY","other","semi","Y19_Z16",2024,1,1,2,1
"Z17","Y19",0.571428571428571,"ZY","other","semi","Y19_Z17",2024,1,1,2,1
"Z18","Y19",0.6,"ZY","other","semi","Y19_Z18",2024,0,1,1,0
"Z19","Y19",0.8,"ZY","other","semi","Y19_Z19",2024,0,1,1,0
"Z20","Y19",0.666666666666667,"ZY","other","semi","Y19_Z20",2024,1,1,2,1
"Z21","Y19",0.666666666666667,"ZY","other","semi","Y19_Z21",2024,1,1,2,1
"Z22","Y19",0.571428571428571,"ZY","other","semi","Y19_Z22",2024,1,1,2,1
"Z23","Y19",0.5,"ZY","other","semi","Y19_Z23",2024,1,1,2,1
"Z24","Y19",0.8,"ZY","other","semi","Y19_Z24",2024,0,1,1,0
"Z26","Y19",0.571428571428571,"ZY","other","semi","Y19_Z26",2024,1,1,2,1
"Z27","Y19",0.666666666666667,"ZY","other","semi","Y19_Z27",2024,0,1,1,0
"Z28","Y19",0.666666666666667,"ZY","other","semi","Y19_Z28",2024,1,1,2,1
"Z29","Y19",0.714285714285714,"ZY","other","semi","Y19_Z29",2024,1,1,2,1
"Z30","Y19",0.666666666666667,"ZY","other","semi","Y19_Z30",2024,1,1,2,1
"Z31","Y19",0.666666666666667,"ZY","other","semi","Y19_Z31",2024,1,1,2,1
"Z32","Y19",0.8,"ZY","other","semi","Y19_Z32",2024,1,1,2,1
"Z33","Y19",0.571428571428571,"ZY","other","semi","Y19_Z33",2024,1,1,2,1
"Z35","Y19",0.571428571428571,"ZY","other","semi","Y19_Z35",2024,1,1,2,1
"Z38","Y19",0.666666666666667,"ZY","other","semi","Y19_Z38",2024,0,1,1,0
"Z39","Y19",0.714285714285714,"ZY","other","semi","Y19_Z39",2024,1,1,2,1
"Z40","Y19",0.6,"ZY","other","semi","Y19_Z40",2024,0,1,1,0
"Z41","Y19",0.666666666666667,"ZY","other","semi","Y19_Z41",2024,1,1,2,1
"Z42","Y19",0.833333333333333,"ZY","other","semi","Y19_Z42",2024,1,1,2,1
"Z43","Y19",0.666666666666667,"ZY","other","semi","Y19_Z43",2024,1,1,2,1
"Z44","Y19",0.8,"ZY","other","semi","Y19_Z44",2024,0,1,1,0
"Z45","Y19",0.6,"ZY","other","semi","Y19_Z45",2024,1,1,2,1
"Y21","Y20",0.75,"YY","same","same","Y20_Y21",2024,1,1,2,1
"Y22","Y20",0.5,"YY","same","same","Y20_Y22",2024,0,1,1,0
"Y23","Y20",0.625,"YY","same","same","Y20_Y23",2024,0,1,1,0
"Y24","Y20",0.5,"YY","same","same","Y20_Y24",2024,0,1,1,0
"Y25","Y20",0.571428571428571,"YY","same","same","Y20_Y25",2024,0,1,1,0
"Y26","Y20",0.714285714285714,"YY","same","same","Y20_Y26",2024,1,1,2,1
"Y27","Y20",0.571428571428571,"YY","same","same","Y20_Y27",2024,0,1,1,0
"Y28","Y20",0.714285714285714,"YY","same","same","Y20_Y28",2024,0,1,1,0
"Y29","Y20",0.5,"YY","same","same","Y20_Y29",2024,1,1,2,1
"Y30","Y20",0.666666666666667,"YY","same","same","Y20_Y30",2024,0,1,1,0
"Y31","Y20",0.666666666666667,"YY","same","same","Y20_Y31",2024,0,1,1,0
"Y32","Y20",0.428571428571428,"YY","same","same","Y20_Y32",2024,0,1,1,0
"Y33","Y20",0.5,"YY","same","same","Y20_Y33",2024,0,1,1,0
"Y34","Y20",0.375,"YY","same","same","Y20_Y34",2024,1,1,2,1
"Y35","Y20",0.571428571428571,"YY","same","same","Y20_Y35",2024,0,1,1,0
"Z02","Y20",0.857142857142857,"ZY","other","semi","Y20_Z02",2024,1,1,2,1
"Z03","Y20",0.571428571428571,"ZY","other","semi","Y20_Z03",2024,1,1,2,1
"Z05","Y20",0.625,"ZY","other","semi","Y20_Z05",2024,1,1,2,1
"Z06","Y20",1,"ZY","other","semi","Y20_Z06",2024,0,1,1,0
"Z07","Y20",0.833333333333333,"ZY","other","semi","Y20_Z07",2024,0,1,1,0
"Z08","Y20",0.625,"ZY","other","semi","Y20_Z08",2024,1,1,2,1
"Z10","Y20",0.571428571428571,"ZY","other","semi","Y20_Z10",2024,1,1,2,1
"Z11","Y20",1,"ZY","other","semi","Y20_Z11",2024,1,1,2,1
"Z13","Y20",0.833333333333333,"ZY","other","semi","Y20_Z13",2024,1,1,2,1
"Z14","Y20",0.714285714285714,"ZY","other","semi","Y20_Z14",2024,1,1,2,1
"Z15","Y20",0.714285714285714,"ZY","other","semi","Y20_Z15",2024,1,1,2,1
"Z16","Y20",0.571428571428571,"ZY","other","semi","Y20_Z16",2024,1,1,2,1
"Z17","Y20",0.714285714285714,"ZY","other","semi","Y20_Z17",2024,1,1,2,1
"Z18","Y20",0.5,"ZY","other","semi","Y20_Z18",2024,0,1,1,0
"Z19","Y20",0.666666666666667,"ZY","other","semi","Y20_Z19",2024,0,1,1,0
"Z20","Y20",0.571428571428571,"ZY","other","semi","Y20_Z20",2024,1,1,2,1
"Z21","Y20",0.833333333333333,"ZY","other","semi","Y20_Z21",2024,1,1,2,1
"Z22","Y20",0.5,"ZY","other","semi","Y20_Z22",2024,1,1,2,1
"Z23","Y20",0.625,"ZY","other","semi","Y20_Z23",2024,1,1,2,1
"Z24","Y20",0.666666666666667,"ZY","other","semi","Y20_Z24",2024,0,1,1,0
"Z26","Y20",0.5,"ZY","other","semi","Y20_Z26",2024,1,1,2,1
"Z27","Y20",0.571428571428571,"ZY","other","semi","Y20_Z27",2024,0,1,1,0
"Z28","Y20",0.571428571428571,"ZY","other","semi","Y20_Z28",2024,1,1,2,1
"Z29","Y20",0.625,"ZY","other","semi","Y20_Z29",2024,1,1,2,1
"Z30","Y20",0.571428571428571,"ZY","other","semi","Y20_Z30",2024,1,1,2,1
"Z31","Y20",0.571428571428571,"ZY","other","semi","Y20_Z31",2024,1,1,2,1
"Z32","Y20",0.666666666666667,"ZY","other","semi","Y20_Z32",2024,1,1,2,1
"Z33","Y20",0.5,"ZY","other","semi","Y20_Z33",2024,1,1,2,1
"Z35","Y20",0.714285714285714,"ZY","other","semi","Y20_Z35",2024,1,1,2,1
"Z38","Y20",0.571428571428571,"ZY","other","semi","Y20_Z38",2024,0,1,1,0
"Z39","Y20",0.625,"ZY","other","semi","Y20_Z39",2024,1,1,2,1
"Z40","Y20",0.5,"ZY","other","semi","Y20_Z40",2024,0,1,1,0
"Z41","Y20",0.571428571428571,"ZY","other","semi","Y20_Z41",2024,1,1,2,1
"Z42","Y20",0.714285714285714,"ZY","other","semi","Y20_Z42",2024,1,1,2,1
"Z43","Y20",0.571428571428571,"ZY","other","semi","Y20_Z43",2024,1,1,2,1
"Z44","Y20",0.666666666666667,"ZY","other","semi","Y20_Z44",2024,0,1,1,0
"Z45","Y20",0.5,"ZY","other","semi","Y20_Z45",2024,1,1,2,1
"Y22","Y21",0.375,"YY","same","same","Y21_Y22",2024,0,1,1,0
"Y23","Y21",0.875,"YY","same","same","Y21_Y23",2024,0,1,1,0
"Y24","Y21",0.375,"YY","same","same","Y21_Y24",2024,0,1,1,0
"Y25","Y21",0.625,"YY","same","same","Y21_Y25",2024,0,1,1,0
"Y26","Y21",0.75,"YY","same","same","Y21_Y26",2024,1,1,2,1
"Y27","Y21",0.625,"YY","same","same","Y21_Y27",2024,0,1,1,0
"Y28","Y21",0.75,"YY","same","same","Y21_Y28",2024,0,1,1,0
"Y29","Y21",0.75,"YY","same","same","Y21_Y29",2024,1,1,2,1
"Y30","Y21",0.5,"YY","same","same","Y21_Y30",2024,0,1,1,0
"Y31","Y21",0.5,"YY","same","same","Y21_Y31",2024,0,1,1,0
"Y32","Y21",0.5,"YY","same","same","Y21_Y32",2024,0,1,1,0
"Y33","Y21",0.375,"YY","same","same","Y21_Y33",2024,0,1,1,0
"Y34","Y21",0.444444444444444,"YY","same","same","Y21_Y34",2024,1,1,2,1
"Y35","Y21",0.625,"YY","same","same","Y21_Y35",2024,0,1,1,0
"Z02","Y21",0.666666666666667,"ZY","other","semi","Y21_Z02",2024,1,1,2,1
"Z03","Y21",0.625,"ZY","other","semi","Y21_Z03",2024,1,1,2,1
"Z05","Y21",0.875,"ZY","other","semi","Y21_Z05",2024,1,1,2,1
"Z06","Y21",0.75,"ZY","other","semi","Y21_Z06",2024,0,1,1,0
"Z07","Y21",0.625,"ZY","other","semi","Y21_Z07",2024,0,1,1,0
"Z08","Y21",0.666666666666667,"ZY","other","semi","Y21_Z08",2024,1,1,2,1
"Z10","Y21",0.625,"ZY","other","semi","Y21_Z10",2024,1,1,2,1
"Z11","Y21",0.75,"ZY","other","semi","Y21_Z11",2024,1,1,2,1
"Z13","Y21",0.625,"ZY","other","semi","Y21_Z13",2024,1,1,2,1
"Z14","Y21",0.75,"ZY","other","semi","Y21_Z14",2024,1,1,2,1
"Z15","Y21",0.555555555555556,"ZY","other","semi","Y21_Z15",2024,1,1,2,1
"Z16","Y21",0.444444444444444,"ZY","other","semi","Y21_Z16",2024,1,1,2,1
"Z17","Y21",0.555555555555556,"ZY","other","semi","Y21_Z17",2024,1,1,2,1
"Z18","Y21",0.375,"ZY","other","semi","Y21_Z18",2024,0,1,1,0
"Z19","Y21",0.5,"ZY","other","semi","Y21_Z19",2024,0,1,1,0
"Z20","Y21",0.625,"ZY","other","semi","Y21_Z20",2024,1,1,2,1
"Z21","Y21",0.625,"ZY","other","semi","Y21_Z21",2024,1,1,2,1
"Z22","Y21",0.75,"ZY","other","semi","Y21_Z22",2024,1,1,2,1
"Z23","Y21",0.666666666666667,"ZY","other","semi","Y21_Z23",2024,1,1,2,1
"Z24","Y21",0.5,"ZY","other","semi","Y21_Z24",2024,0,1,1,0
"Z26","Y21",0.555555555555556,"ZY","other","semi","Y21_Z26",2024,1,1,2,1
"Z27","Y21",0.625,"ZY","other","semi","Y21_Z27",2024,0,1,1,0
"Z28","Y21",0.625,"ZY","other","semi","Y21_Z28",2024,1,1,2,1
"Z29","Y21",0.875,"ZY","other","semi","Y21_Z29",2024,1,1,2,1
"Z30","Y21",0.625,"ZY","other","semi","Y21_Z30",2024,1,1,2,1
"Z31","Y21",0.625,"ZY","other","semi","Y21_Z31",2024,1,1,2,1
"Z32","Y21",0.5,"ZY","other","semi","Y21_Z32",2024,1,1,2,1
"Z33","Y21",0.75,"ZY","other","semi","Y21_Z33",2024,1,1,2,1
"Z35","Y21",0.555555555555556,"ZY","other","semi","Y21_Z35",2024,1,1,2,1
"Z38","Y21",0.625,"ZY","other","semi","Y21_Z38",2024,0,1,1,0
"Z39","Y21",0.875,"ZY","other","semi","Y21_Z39",2024,1,1,2,1
"Z40","Y21",0.375,"ZY","other","semi","Y21_Z40",2024,0,1,1,0
"Z41","Y21",0.625,"ZY","other","semi","Y21_Z41",2024,1,1,2,1
"Z42","Y21",0.555555555555556,"ZY","other","semi","Y21_Z42",2024,1,1,2,1
"Z43","Y21",0.444444444444444,"ZY","other","semi","Y21_Z43",2024,1,1,2,1
"Z44","Y21",0.5,"ZY","other","semi","Y21_Z44",2024,0,1,1,0
"Z45","Y21",0.375,"ZY","other","semi","Y21_Z45",2024,1,1,2,1
"Y23","Y22",0.428571428571428,"YY","same","same","Y22_Y23",2024,0,0,0,1
"Y24","Y22",1,"YY","same","same","Y22_Y24",2024,0,0,0,1
"Y25","Y22",0.6,"YY","same","same","Y22_Y25",2024,0,0,0,1
"Y26","Y22",0.5,"YY","same","same","Y22_Y26",2024,1,0,1,0
"Y27","Y22",0.6,"YY","same","same","Y22_Y27",2024,0,0,0,1
"Y28","Y22",0.5,"YY","same","same","Y22_Y28",2024,0,0,0,1
"Y29","Y22",0.5,"YY","same","same","Y22_Y29",2024,1,0,1,0
"Y30","Y22",0.75,"YY","same","same","Y22_Y30",2024,0,0,0,1
"Y31","Y22",0.75,"YY","same","same","Y22_Y31",2024,0,0,0,1
"Y32","Y22",0.75,"YY","same","same","Y22_Y32",2024,0,0,0,1
"Y33","Y22",1,"YY","same","same","Y22_Y33",2024,0,0,0,1
"Y34","Y22",0.6,"YY","same","same","Y22_Y34",2024,1,0,1,0
"Y35","Y22",0.6,"YY","same","same","Y22_Y35",2024,0,0,0,1
"Z02","Y22",0.428571428571428,"ZY","other","semi","Y22_Z02",2024,1,0,1,0
"Z03","Y22",0.6,"ZY","other","semi","Y22_Z03",2024,1,0,1,0
"Z05","Y22",0.428571428571428,"ZY","other","semi","Y22_Z05",2024,1,0,1,0
"Z06","Y22",0.5,"ZY","other","semi","Y22_Z06",2024,0,0,0,1
"Z07","Y22",0.6,"ZY","other","semi","Y22_Z07",2024,0,0,0,1
"Z08","Y22",0.428571428571428,"ZY","other","semi","Y22_Z08",2024,1,0,1,0
"Z10","Y22",0.6,"ZY","other","semi","Y22_Z10",2024,1,0,1,0
"Z11","Y22",0.5,"ZY","other","semi","Y22_Z11",2024,1,0,1,0
"Z13","Y22",0.6,"ZY","other","semi","Y22_Z13",2024,1,0,1,0
"Z14","Y22",0.5,"ZY","other","semi","Y22_Z14",2024,1,0,1,0
"Z15","Y22",0.5,"ZY","other","semi","Y22_Z15",2024,1,0,1,0
"Z16","Y22",0.6,"ZY","other","semi","Y22_Z16",2024,1,0,1,0
"Z17","Y22",0.5,"ZY","other","semi","Y22_Z17",2024,1,0,1,0
"Z18","Y22",0.5,"ZY","other","semi","Y22_Z18",2024,0,0,0,1
"Z19","Y22",0.75,"ZY","other","semi","Y22_Z19",2024,0,0,0,1
"Z20","Y22",0.6,"ZY","other","semi","Y22_Z20",2024,1,0,1,0
"Z21","Y22",0.6,"ZY","other","semi","Y22_Z21",2024,1,0,1,0
"Z22","Y22",0.5,"ZY","other","semi","Y22_Z22",2024,1,0,1,0
"Z23","Y22",0.428571428571428,"ZY","other","semi","Y22_Z23",2024,1,0,1,0
"Z24","Y22",0.75,"ZY","other","semi","Y22_Z24",2024,0,0,0,1
"Z26","Y22",0.5,"ZY","other","semi","Y22_Z26",2024,1,0,1,0
"Z27","Y22",0.6,"ZY","other","semi","Y22_Z27",2024,0,0,0,1
"Z28","Y22",0.6,"ZY","other","semi","Y22_Z28",2024,1,0,1,0
"Z29","Y22",0.428571428571428,"ZY","other","semi","Y22_Z29",2024,1,0,1,0
"Z30","Y22",0.6,"ZY","other","semi","Y22_Z30",2024,1,0,1,0
"Z31","Y22",0.6,"ZY","other","semi","Y22_Z31",2024,1,0,1,0
"Z32","Y22",0.75,"ZY","other","semi","Y22_Z32",2024,1,0,1,0
"Z33","Y22",0.5,"ZY","other","semi","Y22_Z33",2024,1,0,1,0
"Z35","Y22",0.5,"ZY","other","semi","Y22_Z35",2024,1,0,1,0
"Z38","Y22",0.6,"ZY","other","semi","Y22_Z38",2024,0,0,0,1
"Z39","Y22",0.428571428571428,"ZY","other","semi","Y22_Z39",2024,1,0,1,0
"Z40","Y22",1,"ZY","other","semi","Y22_Z40",2024,0,0,0,1
"Z41","Y22",0.6,"ZY","other","semi","Y22_Z41",2024,1,0,1,0
"Z42","Y22",0.5,"ZY","other","semi","Y22_Z42",2024,1,0,1,0
"Z43","Y22",0.6,"ZY","other","semi","Y22_Z43",2024,1,0,1,0
"Z44","Y22",0.75,"ZY","other","semi","Y22_Z44",2024,0,0,0,1
"Z45","Y22",0.5,"ZY","other","semi","Y22_Z45",2024,1,0,1,0
"Y24","Y23",0.428571428571428,"YY","same","same","Y23_Y24",2024,0,0,0,1
"Y25","Y23",0.714285714285714,"YY","same","same","Y23_Y25",2024,0,0,0,1
"Y26","Y23",0.625,"YY","same","same","Y23_Y26",2024,1,0,1,0
"Y27","Y23",0.714285714285714,"YY","same","same","Y23_Y27",2024,0,0,0,1
"Y28","Y23",0.857142857142857,"YY","same","same","Y23_Y28",2024,0,0,0,1
"Y29","Y23",0.857142857142857,"YY","same","same","Y23_Y29",2024,1,0,1,0
"Y30","Y23",0.571428571428571,"YY","same","same","Y23_Y30",2024,0,0,0,1
"Y31","Y23",0.571428571428571,"YY","same","same","Y23_Y31",2024,0,0,0,1
"Y32","Y23",0.571428571428571,"YY","same","same","Y23_Y32",2024,0,0,0,1
"Y33","Y23",0.428571428571428,"YY","same","same","Y23_Y33",2024,0,0,0,1
"Y34","Y23",0.5,"YY","same","same","Y23_Y34",2024,1,0,1,0
"Y35","Y23",0.714285714285714,"YY","same","same","Y23_Y35",2024,0,0,0,1
"Z02","Y23",0.555555555555556,"ZY","other","semi","Y23_Z02",2024,1,0,1,0
"Z03","Y23",0.714285714285714,"ZY","other","semi","Y23_Z03",2024,1,0,1,0
"Z05","Y23",1,"ZY","other","semi","Y23_Z05",2024,1,0,1,0
"Z06","Y23",0.625,"ZY","other","semi","Y23_Z06",2024,0,0,0,1
"Z07","Y23",0.714285714285714,"ZY","other","semi","Y23_Z07",2024,0,0,0,1
"Z08","Y23",0.75,"ZY","other","semi","Y23_Z08",2024,1,0,1,0
"Z10","Y23",0.714285714285714,"ZY","other","semi","Y23_Z10",2024,1,0,1,0
"Z11","Y23",0.625,"ZY","other","semi","Y23_Z11",2024,1,0,1,0
"Z13","Y23",0.5,"ZY","other","semi","Y23_Z13",2024,1,0,1,0
"Z14","Y23",0.625,"ZY","other","semi","Y23_Z14",2024,1,0,1,0
"Z15","Y23",0.625,"ZY","other","semi","Y23_Z15",2024,1,0,1,0
"Z16","Y23",0.5,"ZY","other","semi","Y23_Z16",2024,1,0,1,0
"Z17","Y23",0.444444444444444,"ZY","other","semi","Y23_Z17",2024,1,0,1,0
"Z18","Y23",0.428571428571428,"ZY","other","semi","Y23_Z18",2024,0,0,0,1
"Z19","Y23",0.571428571428571,"ZY","other","semi","Y23_Z19",2024,0,0,0,1
"Z20","Y23",0.714285714285714,"ZY","other","semi","Y23_Z20",2024,1,0,1,0
"Z21","Y23",0.5,"ZY","other","semi","Y23_Z21",2024,1,0,1,0
"Z22","Y23",0.857142857142857,"ZY","other","semi","Y23_Z22",2024,1,0,1,0
"Z23","Y23",0.555555555555556,"ZY","other","semi","Y23_Z23",2024,1,0,1,0
"Z24","Y23",0.571428571428571,"ZY","other","semi","Y23_Z24",2024,0,0,0,1
"Z26","Y23",0.625,"ZY","other","semi","Y23_Z26",2024,1,0,1,0
"Z27","Y23",0.714285714285714,"ZY","other","semi","Y23_Z27",2024,0,0,0,1
"Z28","Y23",0.714285714285714,"ZY","other","semi","Y23_Z28",2024,1,0,1,0
"Z29","Y23",1,"ZY","other","semi","Y23_Z29",2024,1,0,1,0
"Z30","Y23",0.714285714285714,"ZY","other","semi","Y23_Z30",2024,1,0,1,0
"Z31","Y23",0.714285714285714,"ZY","other","semi","Y23_Z31",2024,1,0,1,0
"Z32","Y23",0.571428571428571,"ZY","other","semi","Y23_Z32",2024,1,0,1,0
"Z33","Y23",0.857142857142857,"ZY","other","semi","Y23_Z33",2024,1,0,1,0
"Z35","Y23",0.444444444444444,"ZY","other","semi","Y23_Z35",2024,1,0,1,0
"Z38","Y23",0.714285714285714,"ZY","other","semi","Y23_Z38",2024,0,0,0,1
"Z39","Y23",1,"ZY","other","semi","Y23_Z39",2024,1,0,1,0
"Z40","Y23",0.428571428571428,"ZY","other","semi","Y23_Z40",2024,0,0,0,1
"Z41","Y23",0.714285714285714,"ZY","other","semi","Y23_Z41",2024,1,0,1,0
"Z42","Y23",0.625,"ZY","other","semi","Y23_Z42",2024,1,0,1,0
"Z43","Y23",0.5,"ZY","other","semi","Y23_Z43",2024,1,0,1,0
"Z44","Y23",0.571428571428571,"ZY","other","semi","Y23_Z44",2024,0,0,0,1
"Z45","Y23",0.428571428571428,"ZY","other","semi","Y23_Z45",2024,1,0,1,0
"Y25","Y24",0.6,"YY","same","same","Y24_Y25",2024,0,0,0,1
"Y26","Y24",0.5,"YY","same","same","Y24_Y26",2024,1,0,1,0
"Y27","Y24",0.6,"YY","same","same","Y24_Y27",2024,0,0,0,1
"Y28","Y24",0.5,"YY","same","same","Y24_Y28",2024,0,0,0,1
"Y29","Y24",0.5,"YY","same","same","Y24_Y29",2024,1,0,1,0
"Y30","Y24",0.75,"YY","same","same","Y24_Y30",2024,0,0,0,1
"Y31","Y24",0.75,"YY","same","same","Y24_Y31",2024,0,0,0,1
"Y32","Y24",0.75,"YY","same","same","Y24_Y32",2024,0,0,0,1
"Y33","Y24",1,"YY","same","same","Y24_Y33",2024,0,0,0,1
"Y34","Y24",0.6,"YY","same","same","Y24_Y34",2024,1,0,1,0
"Y35","Y24",0.6,"YY","same","same","Y24_Y35",2024,0,0,0,1
"Z02","Y24",0.428571428571428,"ZY","other","semi","Y24_Z02",2024,1,0,1,0
"Z03","Y24",0.6,"ZY","other","semi","Y24_Z03",2024,1,0,1,0
"Z05","Y24",0.428571428571428,"ZY","other","semi","Y24_Z05",2024,1,0,1,0
"Z06","Y24",0.5,"ZY","other","semi","Y24_Z06",2024,0,0,0,1
"Z07","Y24",0.6,"ZY","other","semi","Y24_Z07",2024,0,0,0,1
"Z08","Y24",0.428571428571428,"ZY","other","semi","Y24_Z08",2024,1,0,1,0
"Z10","Y24",0.6,"ZY","other","semi","Y24_Z10",2024,1,0,1,0
"Z11","Y24",0.5,"ZY","other","semi","Y24_Z11",2024,1,0,1,0
"Z13","Y24",0.6,"ZY","other","semi","Y24_Z13",2024,1,0,1,0
"Z14","Y24",0.5,"ZY","other","semi","Y24_Z14",2024,1,0,1,0
"Z15","Y24",0.5,"ZY","other","semi","Y24_Z15",2024,1,0,1,0
"Z16","Y24",0.6,"ZY","other","semi","Y24_Z16",2024,1,0,1,0
"Z17","Y24",0.5,"ZY","other","semi","Y24_Z17",2024,1,0,1,0
"Z18","Y24",0.5,"ZY","other","semi","Y24_Z18",2024,0,0,0,1
"Z19","Y24",0.75,"ZY","other","semi","Y24_Z19",2024,0,0,0,1
"Z20","Y24",0.6,"ZY","other","semi","Y24_Z20",2024,1,0,1,0
"Z21","Y24",0.6,"ZY","other","semi","Y24_Z21",2024,1,0,1,0
"Z22","Y24",0.5,"ZY","other","semi","Y24_Z22",2024,1,0,1,0
"Z23","Y24",0.428571428571428,"ZY","other","semi","Y24_Z23",2024,1,0,1,0
"Z24","Y24",0.75,"ZY","other","semi","Y24_Z24",2024,0,0,0,1
"Z26","Y24",0.5,"ZY","other","semi","Y24_Z26",2024,1,0,1,0
"Z27","Y24",0.6,"ZY","other","semi","Y24_Z27",2024,0,0,0,1
"Z28","Y24",0.6,"ZY","other","semi","Y24_Z28",2024,1,0,1,0
"Z29","Y24",0.428571428571428,"ZY","other","semi","Y24_Z29",2024,1,0,1,0
"Z30","Y24",0.6,"ZY","other","semi","Y24_Z30",2024,1,0,1,0
"Z31","Y24",0.6,"ZY","other","semi","Y24_Z31",2024,1,0,1,0
"Z32","Y24",0.75,"ZY","other","semi","Y24_Z32",2024,1,0,1,0
"Z33","Y24",0.5,"ZY","other","semi","Y24_Z33",2024,1,0,1,0
"Z35","Y24",0.5,"ZY","other","semi","Y24_Z35",2024,1,0,1,0
"Z38","Y24",0.6,"ZY","other","semi","Y24_Z38",2024,0,0,0,1
"Z39","Y24",0.428571428571428,"ZY","other","semi","Y24_Z39",2024,1,0,1,0
"Z40","Y24",1,"ZY","other","semi","Y24_Z40",2024,0,0,0,1
"Z41","Y24",0.6,"ZY","other","semi","Y24_Z41",2024,1,0,1,0
"Z42","Y24",0.5,"ZY","other","semi","Y24_Z42",2024,1,0,1,0
"Z43","Y24",0.6,"ZY","other","semi","Y24_Z43",2024,1,0,1,0
"Z44","Y24",0.75,"ZY","other","semi","Y24_Z44",2024,0,0,0,1
"Z45","Y24",0.5,"ZY","other","semi","Y24_Z45",2024,1,0,1,0
"Y26","Y25",0.571428571428571,"YY","same","same","Y25_Y26",2024,1,0,1,0
"Y27","Y25",1,"YY","same","same","Y25_Y27",2024,0,0,0,1
"Y28","Y25",0.833333333333333,"YY","same","same","Y25_Y28",2024,0,0,0,1
"Y29","Y25",0.571428571428571,"YY","same","same","Y25_Y29",2024,1,0,1,0
"Y30","Y25",0.8,"YY","same","same","Y25_Y30",2024,0,0,0,1
"Y31","Y25",0.5,"YY","same","same","Y25_Y31",2024,0,0,0,1
"Y32","Y25",0.8,"YY","same","same","Y25_Y32",2024,0,0,0,1
"Y33","Y25",0.6,"YY","same","same","Y25_Y33",2024,0,0,0,1
"Y34","Y25",0.428571428571428,"YY","same","same","Y25_Y34",2024,1,0,1,0
"Y35","Y25",1,"YY","same","same","Y25_Y35",2024,0,0,0,1
"Z02","Y25",0.5,"ZY","other","semi","Y25_Z02",2024,1,0,1,0
"Z03","Y25",0.428571428571428,"ZY","other","semi","Y25_Z03",2024,1,0,1,0
"Z05","Y25",0.714285714285714,"ZY","other","semi","Y25_Z05",2024,1,0,1,0
"Z06","Y25",0.571428571428571,"ZY","other","semi","Y25_Z06",2024,0,0,0,1
"Z07","Y25",0.666666666666667,"ZY","other","semi","Y25_Z07",2024,0,0,0,1
"Z08","Y25",0.5,"ZY","other","semi","Y25_Z08",2024,1,0,1,0
"Z10","Y25",0.428571428571428,"ZY","other","semi","Y25_Z10",2024,1,0,1,0
"Z11","Y25",0.571428571428571,"ZY","other","semi","Y25_Z11",2024,1,0,1,0
"Z13","Y25",0.428571428571428,"ZY","other","semi","Y25_Z13",2024,1,0,1,0
"Z14","Y25",0.375,"ZY","other","semi","Y25_Z14",2024,1,0,1,0
"Z15","Y25",0.571428571428571,"ZY","other","semi","Y25_Z15",2024,1,0,1,0
"Z16","Y25",0.428571428571428,"ZY","other","semi","Y25_Z16",2024,1,0,1,0
"Z17","Y25",0.375,"ZY","other","semi","Y25_Z17",2024,1,0,1,0
"Z18","Y25",0.333333333333333,"ZY","other","semi","Y25_Z18",2024,0,0,0,1
"Z19","Y25",0.5,"ZY","other","semi","Y25_Z19",2024,0,0,0,1
"Z20","Y25",0.428571428571428,"ZY","other","semi","Y25_Z20",2024,1,0,1,0
"Z21","Y25",0.428571428571428,"ZY","other","semi","Y25_Z21",2024,1,0,1,0
"Z22","Y25",0.571428571428571,"ZY","other","semi","Y25_Z22",2024,1,0,1,0
"Z23","Y25",0.5,"ZY","other","semi","Y25_Z23",2024,1,0,1,0
"Z24","Y25",0.5,"ZY","other","semi","Y25_Z24",2024,0,0,0,1
"Z26","Y25",0.571428571428571,"ZY","other","semi","Y25_Z26",2024,1,0,1,0
"Z27","Y25",0.666666666666667,"ZY","other","semi","Y25_Z27",2024,0,0,0,1
"Z28","Y25",0.666666666666667,"ZY","other","semi","Y25_Z28",2024,1,0,1,0
"Z29","Y25",0.714285714285714,"ZY","other","semi","Y25_Z29",2024,1,0,1,0
"Z30","Y25",0.666666666666667,"ZY","other","semi","Y25_Z30",2024,1,0,1,0
"Z31","Y25",0.428571428571428,"ZY","other","semi","Y25_Z31",2024,1,0,1,0
"Z32","Y25",0.5,"ZY","other","semi","Y25_Z32",2024,1,0,1,0
"Z33","Y25",0.571428571428571,"ZY","other","semi","Y25_Z33",2024,1,0,1,0
"Z35","Y25",0.375,"ZY","other","semi","Y25_Z35",2024,1,0,1,0
"Z38","Y25",0.666666666666667,"ZY","other","semi","Y25_Z38",2024,0,0,0,1
"Z39","Y25",0.714285714285714,"ZY","other","semi","Y25_Z39",2024,1,0,1,0
"Z40","Y25",0.6,"ZY","other","semi","Y25_Z40",2024,0,0,0,1
"Z41","Y25",0.666666666666667,"ZY","other","semi","Y25_Z41",2024,1,0,1,0
"Z42","Y25",0.571428571428571,"ZY","other","semi","Y25_Z42",2024,1,0,1,0
"Z43","Y25",0.428571428571428,"ZY","other","semi","Y25_Z43",2024,1,0,1,0
"Z44","Y25",0.5,"ZY","other","semi","Y25_Z44",2024,0,0,0,1
"Z45","Y25",0.333333333333333,"ZY","other","semi","Y25_Z45",2024,1,0,1,0
"Y27","Y26",0.571428571428571,"YY","same","same","Y26_Y27",2024,0,1,1,0
"Y28","Y26",0.714285714285714,"YY","same","same","Y26_Y28",2024,0,1,1,0
"Y29","Y26",0.714285714285714,"YY","same","same","Y26_Y29",2024,1,1,2,1
"Y30","Y26",0.428571428571428,"YY","same","same","Y26_Y30",2024,0,1,1,0
"Y31","Y26",0.666666666666667,"YY","same","same","Y26_Y31",2024,0,1,1,0
"Y32","Y26",0.666666666666667,"YY","same","same","Y26_Y32",2024,0,1,1,0
"Y33","Y26",0.5,"YY","same","same","Y26_Y33",2024,0,1,1,0
"Y34","Y26",0.375,"YY","same","same","Y26_Y34",2024,1,1,2,1
"Y35","Y26",0.571428571428571,"YY","same","same","Y26_Y35",2024,0,1,1,0
"Z02","Y26",0.625,"ZY","other","semi","Y26_Z02",2024,1,1,2,1
"Z03","Y26",0.571428571428571,"ZY","other","semi","Y26_Z03",2024,1,1,2,1
"Z05","Y26",0.625,"ZY","other","semi","Y26_Z05",2024,1,1,2,1
"Z06","Y26",0.714285714285714,"ZY","other","semi","Y26_Z06",2024,0,1,1,0
"Z07","Y26",0.571428571428571,"ZY","other","semi","Y26_Z07",2024,0,1,1,0
"Z08","Y26",0.444444444444444,"ZY","other","semi","Y26_Z08",2024,1,1,2,1
"Z10","Y26",0.571428571428571,"ZY","other","semi","Y26_Z10",2024,1,1,2,1
"Z11","Y26",0.714285714285714,"ZY","other","semi","Y26_Z11",2024,1,1,2,1
"Z13","Y26",0.833333333333333,"ZY","other","semi","Y26_Z13",2024,1,1,2,1
"Z14","Y26",0.714285714285714,"ZY","other","semi","Y26_Z14",2024,1,1,2,1
"Z15","Y26",0.5,"ZY","other","semi","Y26_Z15",2024,1,1,2,1
"Z16","Y26",0.571428571428571,"ZY","other","semi","Y26_Z16",2024,1,1,2,1
"Z17","Y26",0.714285714285714,"ZY","other","semi","Y26_Z17",2024,1,1,2,1
"Z18","Y26",0.5,"ZY","other","semi","Y26_Z18",2024,0,1,1,0
"Z19","Y26",0.666666666666667,"ZY","other","semi","Y26_Z19",2024,0,1,1,0
"Z20","Y26",0.571428571428571,"ZY","other","semi","Y26_Z20",2024,1,1,2,1
"Z21","Y26",0.833333333333333,"ZY","other","semi","Y26_Z21",2024,1,1,2,1
"Z22","Y26",0.714285714285714,"ZY","other","semi","Y26_Z22",2024,1,1,2,1
"Z23","Y26",0.857142857142857,"ZY","other","semi","Y26_Z23",2024,1,1,2,1
"Z24","Y26",0.666666666666667,"ZY","other","semi","Y26_Z24",2024,0,1,1,0
"Z26","Y26",0.714285714285714,"ZY","other","semi","Y26_Z26",2024,1,1,2,1
"Z27","Y26",0.833333333333333,"ZY","other","semi","Y26_Z27",2024,0,1,1,0
"Z28","Y26",0.833333333333333,"ZY","other","semi","Y26_Z28",2024,1,1,2,1
"Z29","Y26",0.625,"ZY","other","semi","Y26_Z29",2024,1,1,2,1
"Z30","Y26",0.833333333333333,"ZY","other","semi","Y26_Z30",2024,1,1,2,1
"Z31","Y26",0.571428571428571,"ZY","other","semi","Y26_Z31",2024,1,1,2,1
"Z32","Y26",0.666666666666667,"ZY","other","semi","Y26_Z32",2024,1,1,2,1
"Z33","Y26",0.714285714285714,"ZY","other","semi","Y26_Z33",2024,1,1,2,1
"Z35","Y26",0.714285714285714,"ZY","other","semi","Y26_Z35",2024,1,1,2,1
"Z38","Y26",0.833333333333333,"ZY","other","semi","Y26_Z38",2024,0,1,1,0
"Z39","Y26",0.625,"ZY","other","semi","Y26_Z39",2024,1,1,2,1
"Z40","Y26",0.5,"ZY","other","semi","Y26_Z40",2024,0,1,1,0
"Z41","Y26",0.375,"ZY","other","semi","Y26_Z41",2024,1,1,2,1
"Z42","Y26",0.5,"ZY","other","semi","Y26_Z42",2024,1,1,2,1
"Z43","Y26",0.571428571428571,"ZY","other","semi","Y26_Z43",2024,1,1,2,1
"Z44","Y26",0.666666666666667,"ZY","other","semi","Y26_Z44",2024,0,1,1,0
"Z45","Y26",0.5,"ZY","other","semi","Y26_Z45",2024,1,1,2,1
"Y28","Y27",0.833333333333333,"YY","same","same","Y27_Y28",2024,0,0,0,1
"Y29","Y27",0.571428571428571,"YY","same","same","Y27_Y29",2024,1,0,1,0
"Y30","Y27",0.8,"YY","same","same","Y27_Y30",2024,0,0,0,1
"Y31","Y27",0.5,"YY","same","same","Y27_Y31",2024,0,0,0,1
"Y32","Y27",0.8,"YY","same","same","Y27_Y32",2024,0,0,0,1
"Y33","Y27",0.6,"YY","same","same","Y27_Y33",2024,0,0,0,1
"Y34","Y27",0.428571428571428,"YY","same","same","Y27_Y34",2024,1,0,1,0
"Y35","Y27",1,"YY","same","same","Y27_Y35",2024,0,0,0,1
"Z02","Y27",0.5,"ZY","other","semi","Y27_Z02",2024,1,0,1,0
"Z03","Y27",0.428571428571428,"ZY","other","semi","Y27_Z03",2024,1,0,1,0
"Z05","Y27",0.714285714285714,"ZY","other","semi","Y27_Z05",2024,1,0,1,0
"Z06","Y27",0.571428571428571,"ZY","other","semi","Y27_Z06",2024,0,0,0,1
"Z07","Y27",0.666666666666667,"ZY","other","semi","Y27_Z07",2024,0,0,0,1
"Z08","Y27",0.5,"ZY","other","semi","Y27_Z08",2024,1,0,1,0
"Z10","Y27",0.428571428571428,"ZY","other","semi","Y27_Z10",2024,1,0,1,0
"Z11","Y27",0.571428571428571,"ZY","other","semi","Y27_Z11",2024,1,0,1,0
"Z13","Y27",0.428571428571428,"ZY","other","semi","Y27_Z13",2024,1,0,1,0
"Z14","Y27",0.375,"ZY","other","semi","Y27_Z14",2024,1,0,1,0
"Z15","Y27",0.571428571428571,"ZY","other","semi","Y27_Z15",2024,1,0,1,0
"Z16","Y27",0.428571428571428,"ZY","other","semi","Y27_Z16",2024,1,0,1,0
"Z17","Y27",0.375,"ZY","other","semi","Y27_Z17",2024,1,0,1,0
"Z18","Y27",0.333333333333333,"ZY","other","semi","Y27_Z18",2024,0,0,0,1
"Z19","Y27",0.5,"ZY","other","semi","Y27_Z19",2024,0,0,0,1
"Z20","Y27",0.428571428571428,"ZY","other","semi","Y27_Z20",2024,1,0,1,0
"Z21","Y27",0.428571428571428,"ZY","other","semi","Y27_Z21",2024,1,0,1,0
"Z22","Y27",0.571428571428571,"ZY","other","semi","Y27_Z22",2024,1,0,1,0
"Z23","Y27",0.5,"ZY","other","semi","Y27_Z23",2024,1,0,1,0
"Z24","Y27",0.5,"ZY","other","semi","Y27_Z24",2024,0,0,0,1
"Z26","Y27",0.571428571428571,"ZY","other","semi","Y27_Z26",2024,1,0,1,0
"Z27","Y27",0.666666666666667,"ZY","other","semi","Y27_Z27",2024,0,0,0,1
"Z28","Y27",0.666666666666667,"ZY","other","semi","Y27_Z28",2024,1,0,1,0
"Z29","Y27",0.714285714285714,"ZY","other","semi","Y27_Z29",2024,1,0,1,0
"Z30","Y27",0.666666666666667,"ZY","other","semi","Y27_Z30",2024,1,0,1,0
"Z31","Y27",0.428571428571428,"ZY","other","semi","Y27_Z31",2024,1,0,1,0
"Z32","Y27",0.5,"ZY","other","semi","Y27_Z32",2024,1,0,1,0
"Z33","Y27",0.571428571428571,"ZY","other","semi","Y27_Z33",2024,1,0,1,0
"Z35","Y27",0.375,"ZY","other","semi","Y27_Z35",2024,1,0,1,0
"Z38","Y27",0.666666666666667,"ZY","other","semi","Y27_Z38",2024,0,0,0,1
"Z39","Y27",0.714285714285714,"ZY","other","semi","Y27_Z39",2024,1,0,1,0
"Z40","Y27",0.6,"ZY","other","semi","Y27_Z40",2024,0,0,0,1
"Z41","Y27",0.666666666666667,"ZY","other","semi","Y27_Z41",2024,1,0,1,0
"Z42","Y27",0.571428571428571,"ZY","other","semi","Y27_Z42",2024,1,0,1,0
"Z43","Y27",0.428571428571428,"ZY","other","semi","Y27_Z43",2024,1,0,1,0
"Z44","Y27",0.5,"ZY","other","semi","Y27_Z44",2024,0,0,0,1
"Z45","Y27",0.333333333333333,"ZY","other","semi","Y27_Z45",2024,1,0,1,0
"Y29","Y28",0.714285714285714,"YY","same","same","Y28_Y29",2024,1,0,1,0
"Y30","Y28",0.666666666666667,"YY","same","same","Y28_Y30",2024,0,0,0,1
"Y31","Y28",0.666666666666667,"YY","same","same","Y28_Y31",2024,0,0,0,1
"Y32","Y28",0.666666666666667,"YY","same","same","Y28_Y32",2024,0,0,0,1
"Y33","Y28",0.5,"YY","same","same","Y28_Y33",2024,0,0,0,1
"Y34","Y28",0.375,"YY","same","same","Y28_Y34",2024,1,0,1,0
"Y35","Y28",0.833333333333333,"YY","same","same","Y28_Y35",2024,0,0,0,1
"Z02","Y28",0.625,"ZY","other","semi","Y28_Z02",2024,1,0,1,0
"Z03","Y28",0.571428571428571,"ZY","other","semi","Y28_Z03",2024,1,0,1,0
"Z05","Y28",0.857142857142857,"ZY","other","semi","Y28_Z05",2024,1,0,1,0
"Z06","Y28",0.714285714285714,"ZY","other","semi","Y28_Z06",2024,0,0,0,1
"Z07","Y28",0.833333333333333,"ZY","other","semi","Y28_Z07",2024,0,0,0,1
"Z08","Y28",0.625,"ZY","other","semi","Y28_Z08",2024,1,0,1,0
"Z10","Y28",0.571428571428571,"ZY","other","semi","Y28_Z10",2024,1,0,1,0
"Z11","Y28",0.714285714285714,"ZY","other","semi","Y28_Z11",2024,1,0,1,0
"Z13","Y28",0.571428571428571,"ZY","other","semi","Y28_Z13",2024,1,0,1,0
"Z14","Y28",0.5,"ZY","other","semi","Y28_Z14",2024,1,0,1,0
"Z15","Y28",0.714285714285714,"ZY","other","semi","Y28_Z15",2024,1,0,1,0
"Z16","Y28",0.571428571428571,"ZY","other","semi","Y28_Z16",2024,1,0,1,0
"Z17","Y28",0.5,"ZY","other","semi","Y28_Z17",2024,1,0,1,0
"Z18","Y28",0.5,"ZY","other","semi","Y28_Z18",2024,0,0,0,1
"Z19","Y28",0.666666666666667,"ZY","other","semi","Y28_Z19",2024,0,0,0,1
"Z20","Y28",0.571428571428571,"ZY","other","semi","Y28_Z20",2024,1,0,1,0
"Z21","Y28",0.571428571428571,"ZY","other","semi","Y28_Z21",2024,1,0,1,0
"Z22","Y28",0.714285714285714,"ZY","other","semi","Y28_Z22",2024,1,0,1,0
"Z23","Y28",0.625,"ZY","other","semi","Y28_Z23",2024,1,0,1,0
"Z24","Y28",0.666666666666667,"ZY","other","semi","Y28_Z24",2024,0,0,0,1
"Z26","Y28",0.714285714285714,"ZY","other","semi","Y28_Z26",2024,1,0,1,0
"Z27","Y28",0.833333333333333,"ZY","other","semi","Y28_Z27",2024,0,0,0,1
"Z28","Y28",0.833333333333333,"ZY","other","semi","Y28_Z28",2024,1,0,1,0
"Z29","Y28",0.857142857142857,"ZY","other","semi","Y28_Z29",2024,1,0,1,0
"Z30","Y28",0.833333333333333,"ZY","other","semi","Y28_Z30",2024,1,0,1,0
"Z31","Y28",0.571428571428571,"ZY","other","semi","Y28_Z31",2024,1,0,1,0
"Z32","Y28",0.666666666666667,"ZY","other","semi","Y28_Z32",2024,1,0,1,0
"Z33","Y28",0.714285714285714,"ZY","other","semi","Y28_Z33",2024,1,0,1,0
"Z35","Y28",0.5,"ZY","other","semi","Y28_Z35",2024,1,0,1,0
"Z38","Y28",0.833333333333333,"ZY","other","semi","Y28_Z38",2024,0,0,0,1
"Z39","Y28",0.857142857142857,"ZY","other","semi","Y28_Z39",2024,1,0,1,0
"Z40","Y28",0.5,"ZY","other","semi","Y28_Z40",2024,0,0,0,1
"Z41","Y28",0.571428571428571,"ZY","other","semi","Y28_Z41",2024,1,0,1,0
"Z42","Y28",0.714285714285714,"ZY","other","semi","Y28_Z42",2024,1,0,1,0
"Z43","Y28",0.571428571428571,"ZY","other","semi","Y28_Z43",2024,1,0,1,0
"Z44","Y28",0.666666666666667,"ZY","other","semi","Y28_Z44",2024,0,0,0,1
"Z45","Y28",0.5,"ZY","other","semi","Y28_Z45",2024,1,0,1,0
"Y30","Y29",0.428571428571428,"YY","same","same","Y29_Y30",2024,0,1,1,0
"Y31","Y29",0.666666666666667,"YY","same","same","Y29_Y31",2024,0,1,1,0
"Y32","Y29",0.666666666666667,"YY","same","same","Y29_Y32",2024,0,1,1,0
"Y33","Y29",0.5,"YY","same","same","Y29_Y33",2024,0,1,1,0
"Y34","Y29",0.571428571428571,"YY","same","same","Y29_Y34",2024,1,1,2,1
"Y35","Y29",0.571428571428571,"YY","same","same","Y29_Y35",2024,0,1,1,0
"Z02","Y29",0.444444444444444,"ZY","other","semi","Y29_Z02",2024,1,1,2,1
"Z03","Y29",0.833333333333333,"ZY","other","semi","Y29_Z03",2024,1,1,2,1
"Z05","Y29",0.857142857142857,"ZY","other","semi","Y29_Z05",2024,1,1,2,1
"Z06","Y29",0.5,"ZY","other","semi","Y29_Z06",2024,0,1,1,0
"Z07","Y29",0.571428571428571,"ZY","other","semi","Y29_Z07",2024,0,1,1,0
"Z08","Y29",0.625,"ZY","other","semi","Y29_Z08",2024,1,1,2,1
"Z10","Y29",0.833333333333333,"ZY","other","semi","Y29_Z10",2024,1,1,2,1
"Z11","Y29",0.5,"ZY","other","semi","Y29_Z11",2024,1,1,2,1
"Z13","Y29",0.571428571428571,"ZY","other","semi","Y29_Z13",2024,1,1,2,1
"Z14","Y29",0.714285714285714,"ZY","other","semi","Y29_Z14",2024,1,1,2,1
"Z15","Y29",0.5,"ZY","other","semi","Y29_Z15",2024,1,1,2,1
"Z16","Y29",0.571428571428571,"ZY","other","semi","Y29_Z16",2024,1,1,2,1
"Z17","Y29",0.5,"ZY","other","semi","Y29_Z17",2024,1,1,2,1
"Z18","Y29",0.5,"ZY","other","semi","Y29_Z18",2024,0,1,1,0
"Z19","Y29",0.666666666666667,"ZY","other","semi","Y29_Z19",2024,0,1,1,0
"Z20","Y29",0.833333333333333,"ZY","other","semi","Y29_Z20",2024,1,1,2,1
"Z21","Y29",0.571428571428571,"ZY","other","semi","Y29_Z21",2024,1,1,2,1
"Z22","Y29",1,"ZY","other","semi","Y29_Z22",2024,1,1,2,1
"Z23","Y29",0.625,"ZY","other","semi","Y29_Z23",2024,1,1,2,1
"Z24","Y29",0.666666666666667,"ZY","other","semi","Y29_Z24",2024,0,1,1,0
"Z26","Y29",0.714285714285714,"ZY","other","semi","Y29_Z26",2024,1,1,2,1
"Z27","Y29",0.833333333333333,"ZY","other","semi","Y29_Z27",2024,0,1,1,0
"Z28","Y29",0.833333333333333,"ZY","other","semi","Y29_Z28",2024,1,1,2,1
"Z29","Y29",0.857142857142857,"ZY","other","semi","Y29_Z29",2024,1,1,2,1
"Z30","Y29",0.833333333333333,"ZY","other","semi","Y29_Z30",2024,1,1,2,1
"Z31","Y29",0.833333333333333,"ZY","other","semi","Y29_Z31",2024,1,1,2,1
"Z32","Y29",0.666666666666667,"ZY","other","semi","Y29_Z32",2024,1,1,2,1
"Z33","Y29",1,"ZY","other","semi","Y29_Z33",2024,1,1,2,1
"Z35","Y29",0.5,"ZY","other","semi","Y29_Z35",2024,1,1,2,1
"Z38","Y29",0.833333333333333,"ZY","other","semi","Y29_Z38",2024,0,1,1,0
"Z39","Y29",0.857142857142857,"ZY","other","semi","Y29_Z39",2024,1,1,2,1
"Z40","Y29",0.5,"ZY","other","semi","Y29_Z40",2024,0,1,1,0
"Z41","Y29",0.571428571428571,"ZY","other","semi","Y29_Z41",2024,1,1,2,1
"Z42","Y29",0.5,"ZY","other","semi","Y29_Z42",2024,1,1,2,1
"Z43","Y29",0.571428571428571,"ZY","other","semi","Y29_Z43",2024,1,1,2,1
"Z44","Y29",0.666666666666667,"ZY","other","semi","Y29_Z44",2024,0,1,1,0
"Z45","Y29",0.5,"ZY","other","semi","Y29_Z45",2024,1,1,2,1
"Y31","Y30",0.6,"YY","same","same","Y30_Y31",2024,0,0,0,1
"Y32","Y30",0.6,"YY","same","same","Y30_Y32",2024,0,0,0,1
"Y33","Y30",0.75,"YY","same","same","Y30_Y33",2024,0,0,0,1
"Y34","Y30",0.5,"YY","same","same","Y30_Y34",2024,1,0,1,0
"Y35","Y30",0.8,"YY","same","same","Y30_Y35",2024,0,0,0,1
"Z02","Y30",0.571428571428571,"ZY","other","semi","Y30_Z02",2024,1,0,1,0
"Z03","Y30",0.5,"ZY","other","semi","Y30_Z03",2024,1,0,1,0
"Z05","Y30",0.571428571428571,"ZY","other","semi","Y30_Z05",2024,1,0,1,0
"Z06","Y30",0.666666666666667,"ZY","other","semi","Y30_Z06",2024,0,0,0,1
"Z07","Y30",0.8,"ZY","other","semi","Y30_Z07",2024,0,0,0,1
"Z08","Y30",0.571428571428571,"ZY","other","semi","Y30_Z08",2024,1,0,1,0
"Z10","Y30",0.5,"ZY","other","semi","Y30_Z10",2024,1,0,1,0
"Z11","Y30",0.666666666666667,"ZY","other","semi","Y30_Z11",2024,1,0,1,0
"Z13","Y30",0.5,"ZY","other","semi","Y30_Z13",2024,1,0,1,0
"Z14","Y30",0.428571428571428,"ZY","other","semi","Y30_Z14",2024,1,0,1,0
"Z15","Y30",0.666666666666667,"ZY","other","semi","Y30_Z15",2024,1,0,1,0
"Z16","Y30",0.5,"ZY","other","semi","Y30_Z16",2024,1,0,1,0
"Z17","Y30",0.428571428571428,"ZY","other","semi","Y30_Z17",2024,1,0,1,0
"Z18","Y30",0.4,"ZY","other","semi","Y30_Z18",2024,0,0,0,1
"Z19","Y30",0.6,"ZY","other","semi","Y30_Z19",2024,0,0,0,1
"Z20","Y30",0.5,"ZY","other","semi","Y30_Z20",2024,1,0,1,0
"Z21","Y30",0.5,"ZY","other","semi","Y30_Z21",2024,1,0,1,0
"Z22","Y30",0.428571428571428,"ZY","other","semi","Y30_Z22",2024,1,0,1,0
"Z23","Y30",0.375,"ZY","other","semi","Y30_Z23",2024,1,0,1,0
"Z24","Y30",0.6,"ZY","other","semi","Y30_Z24",2024,0,0,0,1
"Z26","Y30",0.428571428571428,"ZY","other","semi","Y30_Z26",2024,1,0,1,0
"Z27","Y30",0.5,"ZY","other","semi","Y30_Z27",2024,0,0,0,1
"Z28","Y30",0.5,"ZY","other","semi","Y30_Z28",2024,1,0,1,0
"Z29","Y30",0.571428571428571,"ZY","other","semi","Y30_Z29",2024,1,0,1,0
"Z30","Y30",0.5,"ZY","other","semi","Y30_Z30",2024,1,0,1,0
"Z31","Y30",0.5,"ZY","other","semi","Y30_Z31",2024,1,0,1,0
"Z32","Y30",0.6,"ZY","other","semi","Y30_Z32",2024,1,0,1,0
"Z33","Y30",0.428571428571428,"ZY","other","semi","Y30_Z33",2024,1,0,1,0
"Z35","Y30",0.428571428571428,"ZY","other","semi","Y30_Z35",2024,1,0,1,0
"Z38","Y30",0.5,"ZY","other","semi","Y30_Z38",2024,0,0,0,1
"Z39","Y30",0.571428571428571,"ZY","other","semi","Y30_Z39",2024,1,0,1,0
"Z40","Y30",0.75,"ZY","other","semi","Y30_Z40",2024,0,0,0,1
"Z41","Y30",0.8,"ZY","other","semi","Y30_Z41",2024,1,0,1,0
"Z42","Y30",0.666666666666667,"ZY","other","semi","Y30_Z42",2024,1,0,1,0
"Z43","Y30",0.5,"ZY","other","semi","Y30_Z43",2024,1,0,1,0
"Z44","Y30",0.6,"ZY","other","semi","Y30_Z44",2024,0,0,0,1
"Z45","Y30",0.4,"ZY","other","semi","Y30_Z45",2024,1,0,1,0
"Y32","Y31",0.6,"YY","same","same","Y31_Y32",2024,0,0,0,1
"Y33","Y31",0.75,"YY","same","same","Y31_Y33",2024,0,0,0,1
"Y34","Y31",0.5,"YY","same","same","Y31_Y34",2024,1,0,1,0
"Y35","Y31",0.5,"YY","same","same","Y31_Y35",2024,0,0,0,1
"Z02","Y31",0.571428571428571,"ZY","other","semi","Y31_Z02",2024,1,0,1,0
"Z03","Y31",0.8,"ZY","other","semi","Y31_Z03",2024,1,0,1,0
"Z05","Y31",0.571428571428571,"ZY","other","semi","Y31_Z05",2024,1,0,1,0
"Z06","Y31",0.666666666666667,"ZY","other","semi","Y31_Z06",2024,0,0,0,1
"Z07","Y31",0.8,"ZY","other","semi","Y31_Z07",2024,0,0,0,1
"Z08","Y31",0.571428571428571,"ZY","other","semi","Y31_Z08",2024,1,0,1,0
"Z10","Y31",0.8,"ZY","other","semi","Y31_Z10",2024,1,0,1,0
"Z11","Y31",0.666666666666667,"ZY","other","semi","Y31_Z11",2024,1,0,1,0
"Z13","Y31",0.8,"ZY","other","semi","Y31_Z13",2024,1,0,1,0
"Z14","Y31",0.666666666666667,"ZY","other","semi","Y31_Z14",2024,1,0,1,0
"Z15","Y31",0.666666666666667,"ZY","other","semi","Y31_Z15",2024,1,0,1,0
"Z16","Y31",0.8,"ZY","other","semi","Y31_Z16",2024,1,0,1,0
"Z17","Y31",0.666666666666667,"ZY","other","semi","Y31_Z17",2024,1,0,1,0
"Z18","Y31",0.75,"ZY","other","semi","Y31_Z18",2024,0,0,0,1
"Z19","Y31",1,"ZY","other","semi","Y31_Z19",2024,0,0,0,1
"Z20","Y31",0.8,"ZY","other","semi","Y31_Z20",2024,1,0,1,0
"Z21","Y31",0.8,"ZY","other","semi","Y31_Z21",2024,1,0,1,0
"Z22","Y31",0.666666666666667,"ZY","other","semi","Y31_Z22",2024,1,0,1,0
"Z23","Y31",0.571428571428571,"ZY","other","semi","Y31_Z23",2024,1,0,1,0
"Z24","Y31",1,"ZY","other","semi","Y31_Z24",2024,0,0,0,1
"Z26","Y31",0.666666666666667,"ZY","other","semi","Y31_Z26",2024,1,0,1,0
"Z27","Y31",0.8,"ZY","other","semi","Y31_Z27",2024,0,0,0,1
"Z28","Y31",0.8,"ZY","other","semi","Y31_Z28",2024,1,0,1,0
"Z29","Y31",0.571428571428571,"ZY","other","semi","Y31_Z29",2024,1,0,1,0
"Z30","Y31",0.8,"ZY","other","semi","Y31_Z30",2024,1,0,1,0
"Z31","Y31",0.8,"ZY","other","semi","Y31_Z31",2024,1,0,1,0
"Z32","Y31",1,"ZY","other","semi","Y31_Z32",2024,1,0,1,0
"Z33","Y31",0.666666666666667,"ZY","other","semi","Y31_Z33",2024,1,0,1,0
"Z35","Y31",0.666666666666667,"ZY","other","semi","Y31_Z35",2024,1,0,1,0
"Z38","Y31",0.8,"ZY","other","semi","Y31_Z38",2024,0,0,0,1
"Z39","Y31",0.571428571428571,"ZY","other","semi","Y31_Z39",2024,1,0,1,0
"Z40","Y31",0.75,"ZY","other","semi","Y31_Z40",2024,0,0,0,1
"Z41","Y31",0.5,"ZY","other","semi","Y31_Z41",2024,1,0,1,0
"Z42","Y31",0.666666666666667,"ZY","other","semi","Y31_Z42",2024,1,0,1,0
"Z43","Y31",0.8,"ZY","other","semi","Y31_Z43",2024,1,0,1,0
"Z44","Y31",1,"ZY","other","semi","Y31_Z44",2024,0,0,0,1
"Z45","Y31",0.75,"ZY","other","semi","Y31_Z45",2024,1,0,1,0
"Y33","Y32",0.75,"YY","same","same","Y32_Y33",2024,0,0,0,1
"Y34","Y32",0.5,"YY","same","same","Y32_Y34",2024,1,0,1,0
"Y35","Y32",0.8,"YY","same","same","Y32_Y35",2024,0,0,0,1
"Z02","Y32",0.375,"ZY","other","semi","Y32_Z02",2024,1,0,1,0
"Z03","Y32",0.5,"ZY","other","semi","Y32_Z03",2024,1,0,1,0
"Z05","Y32",0.571428571428571,"ZY","other","semi","Y32_Z05",2024,1,0,1,0
"Z06","Y32",0.428571428571428,"ZY","other","semi","Y32_Z06",2024,0,0,0,1
"Z07","Y32",0.5,"ZY","other","semi","Y32_Z07",2024,0,0,0,1
"Z08","Y32",0.375,"ZY","other","semi","Y32_Z08",2024,1,0,1,0
"Z10","Y32",0.5,"ZY","other","semi","Y32_Z10",2024,1,0,1,0
"Z11","Y32",0.428571428571428,"ZY","other","semi","Y32_Z11",2024,1,0,1,0
"Z13","Y32",0.5,"ZY","other","semi","Y32_Z13",2024,1,0,1,0
"Z14","Y32",0.428571428571428,"ZY","other","semi","Y32_Z14",2024,1,0,1,0
"Z15","Y32",0.428571428571428,"ZY","other","semi","Y32_Z15",2024,1,0,1,0
"Z16","Y32",0.5,"ZY","other","semi","Y32_Z16",2024,1,0,1,0
"Z17","Y32",0.428571428571428,"ZY","other","semi","Y32_Z17",2024,1,0,1,0
"Z18","Y32",0.4,"ZY","other","semi","Y32_Z18",2024,0,0,0,1
"Z19","Y32",0.6,"ZY","other","semi","Y32_Z19",2024,0,0,0,1
"Z20","Y32",0.5,"ZY","other","semi","Y32_Z20",2024,1,0,1,0
"Z21","Y32",0.5,"ZY","other","semi","Y32_Z21",2024,1,0,1,0
"Z22","Y32",0.666666666666667,"ZY","other","semi","Y32_Z22",2024,1,0,1,0
"Z23","Y32",0.571428571428571,"ZY","other","semi","Y32_Z23",2024,1,0,1,0
"Z24","Y32",0.6,"ZY","other","semi","Y32_Z24",2024,0,0,0,1
"Z26","Y32",0.666666666666667,"ZY","other","semi","Y32_Z26",2024,1,0,1,0
"Z27","Y32",0.8,"ZY","other","semi","Y32_Z27",2024,0,0,0,1
"Z28","Y32",0.8,"ZY","other","semi","Y32_Z28",2024,1,0,1,0
"Z29","Y32",0.571428571428571,"ZY","other","semi","Y32_Z29",2024,1,0,1,0
"Z30","Y32",0.8,"ZY","other","semi","Y32_Z30",2024,1,0,1,0
"Z31","Y32",0.5,"ZY","other","semi","Y32_Z31",2024,1,0,1,0
"Z32","Y32",0.6,"ZY","other","semi","Y32_Z32",2024,1,0,1,0
"Z33","Y32",0.666666666666667,"ZY","other","semi","Y32_Z33",2024,1,0,1,0
"Z35","Y32",0.428571428571428,"ZY","other","semi","Y32_Z35",2024,1,0,1,0
"Z38","Y32",0.8,"ZY","other","semi","Y32_Z38",2024,0,0,0,1
"Z39","Y32",0.571428571428571,"ZY","other","semi","Y32_Z39",2024,1,0,1,0
"Z40","Y32",0.75,"ZY","other","semi","Y32_Z40",2024,0,0,0,1
"Z41","Y32",0.5,"ZY","other","semi","Y32_Z41",2024,1,0,1,0
"Z42","Y32",0.428571428571428,"ZY","other","semi","Y32_Z42",2024,1,0,1,0
"Z43","Y32",0.5,"ZY","other","semi","Y32_Z43",2024,1,0,1,0
"Z44","Y32",0.6,"ZY","other","semi","Y32_Z44",2024,0,0,0,1
"Z45","Y32",0.4,"ZY","other","semi","Y32_Z45",2024,1,0,1,0
"Y34","Y33",0.6,"YY","same","same","Y33_Y34",2024,1,0,1,0
"Y35","Y33",0.6,"YY","same","same","Y33_Y35",2024,0,0,0,1
"Z02","Y33",0.428571428571428,"ZY","other","semi","Y33_Z02",2024,1,0,1,0
"Z03","Y33",0.6,"ZY","other","semi","Y33_Z03",2024,1,0,1,0
"Z05","Y33",0.428571428571428,"ZY","other","semi","Y33_Z05",2024,1,0,1,0
"Z06","Y33",0.5,"ZY","other","semi","Y33_Z06",2024,0,0,0,1
"Z07","Y33",0.6,"ZY","other","semi","Y33_Z07",2024,0,0,0,1
"Z08","Y33",0.428571428571428,"ZY","other","semi","Y33_Z08",2024,1,0,1,0
"Z10","Y33",0.6,"ZY","other","semi","Y33_Z10",2024,1,0,1,0
"Z11","Y33",0.5,"ZY","other","semi","Y33_Z11",2024,1,0,1,0
"Z13","Y33",0.6,"ZY","other","semi","Y33_Z13",2024,1,0,1,0
"Z14","Y33",0.5,"ZY","other","semi","Y33_Z14",2024,1,0,1,0
"Z15","Y33",0.5,"ZY","other","semi","Y33_Z15",2024,1,0,1,0
"Z16","Y33",0.6,"ZY","other","semi","Y33_Z16",2024,1,0,1,0
"Z17","Y33",0.5,"ZY","other","semi","Y33_Z17",2024,1,0,1,0
"Z18","Y33",0.5,"ZY","other","semi","Y33_Z18",2024,0,0,0,1
"Z19","Y33",0.75,"ZY","other","semi","Y33_Z19",2024,0,0,0,1
"Z20","Y33",0.6,"ZY","other","semi","Y33_Z20",2024,1,0,1,0
"Z21","Y33",0.6,"ZY","other","semi","Y33_Z21",2024,1,0,1,0
"Z22","Y33",0.5,"ZY","other","semi","Y33_Z22",2024,1,0,1,0
"Z23","Y33",0.428571428571428,"ZY","other","semi","Y33_Z23",2024,1,0,1,0
"Z24","Y33",0.75,"ZY","other","semi","Y33_Z24",2024,0,0,0,1
"Z26","Y33",0.5,"ZY","other","semi","Y33_Z26",2024,1,0,1,0
"Z27","Y33",0.6,"ZY","other","semi","Y33_Z27",2024,0,0,0,1
"Z28","Y33",0.6,"ZY","other","semi","Y33_Z28",2024,1,0,1,0
"Z29","Y33",0.428571428571428,"ZY","other","semi","Y33_Z29",2024,1,0,1,0
"Z30","Y33",0.6,"ZY","other","semi","Y33_Z30",2024,1,0,1,0
"Z31","Y33",0.6,"ZY","other","semi","Y33_Z31",2024,1,0,1,0
"Z32","Y33",0.75,"ZY","other","semi","Y33_Z32",2024,1,0,1,0
"Z33","Y33",0.5,"ZY","other","semi","Y33_Z33",2024,1,0,1,0
"Z35","Y33",0.5,"ZY","other","semi","Y33_Z35",2024,1,0,1,0
"Z38","Y33",0.6,"ZY","other","semi","Y33_Z38",2024,0,0,0,1
"Z39","Y33",0.428571428571428,"ZY","other","semi","Y33_Z39",2024,1,0,1,0
"Z40","Y33",1,"ZY","other","semi","Y33_Z40",2024,0,0,0,1
"Z41","Y33",0.6,"ZY","other","semi","Y33_Z41",2024,1,0,1,0
"Z42","Y33",0.5,"ZY","other","semi","Y33_Z42",2024,1,0,1,0
"Z43","Y33",0.6,"ZY","other","semi","Y33_Z43",2024,1,0,1,0
"Z44","Y33",0.75,"ZY","other","semi","Y33_Z44",2024,0,0,0,1
"Z45","Y33",0.5,"ZY","other","semi","Y33_Z45",2024,1,0,1,0
"Y35","Y34",0.428571428571428,"YY","same","same","Y34_Y35",2024,0,1,1,0
"Z02","Y34",0.333333333333333,"ZY","other","semi","Y34_Z02",2024,1,1,2,1
"Z03","Y34",0.666666666666667,"ZY","other","semi","Y34_Z03",2024,1,1,2,1
"Z05","Y34",0.5,"ZY","other","semi","Y34_Z05",2024,1,1,2,1
"Z06","Y34",0.375,"ZY","other","semi","Y34_Z06",2024,0,1,1,0
"Z07","Y34",0.428571428571428,"ZY","other","semi","Y34_Z07",2024,0,1,1,0
"Z08","Y34",0.5,"ZY","other","semi","Y34_Z08",2024,1,1,2,1
"Z10","Y34",0.666666666666667,"ZY","other","semi","Y34_Z10",2024,1,1,2,1
"Z11","Y34",0.375,"ZY","other","semi","Y34_Z11",2024,1,1,2,1
"Z13","Y34",0.428571428571428,"ZY","other","semi","Y34_Z13",2024,1,1,2,1
"Z14","Y34",0.571428571428571,"ZY","other","semi","Y34_Z14",2024,1,1,2,1
"Z15","Y34",0.571428571428571,"ZY","other","semi","Y34_Z15",2024,1,1,2,1
"Z16","Y34",0.666666666666667,"ZY","other","semi","Y34_Z16",2024,1,1,2,1
"Z17","Y34",0.571428571428571,"ZY","other","semi","Y34_Z17",2024,1,1,2,1
"Z18","Y34",0.333333333333333,"ZY","other","semi","Y34_Z18",2024,0,1,1,0
"Z19","Y34",0.5,"ZY","other","semi","Y34_Z19",2024,0,1,1,0
"Z20","Y34",0.666666666666667,"ZY","other","semi","Y34_Z20",2024,1,1,2,1
"Z21","Y34",0.428571428571428,"ZY","other","semi","Y34_Z21",2024,1,1,2,1
"Z22","Y34",0.571428571428571,"ZY","other","semi","Y34_Z22",2024,1,1,2,1
"Z23","Y34",0.5,"ZY","other","semi","Y34_Z23",2024,1,1,2,1
"Z24","Y34",0.5,"ZY","other","semi","Y34_Z24",2024,0,1,1,0
"Z26","Y34",0.375,"ZY","other","semi","Y34_Z26",2024,1,1,2,1
"Z27","Y34",0.428571428571428,"ZY","other","semi","Y34_Z27",2024,0,1,1,0
"Z28","Y34",0.428571428571428,"ZY","other","semi","Y34_Z28",2024,1,1,2,1
"Z29","Y34",0.5,"ZY","other","semi","Y34_Z29",2024,1,1,2,1
"Z30","Y34",0.428571428571428,"ZY","other","semi","Y34_Z30",2024,1,1,2,1
"Z31","Y34",0.666666666666667,"ZY","other","semi","Y34_Z31",2024,1,1,2,1
"Z32","Y34",0.5,"ZY","other","semi","Y34_Z32",2024,1,1,2,1
"Z33","Y34",0.571428571428571,"ZY","other","semi","Y34_Z33",2024,1,1,2,1
"Z35","Y34",0.571428571428571,"ZY","other","semi","Y34_Z35",2024,1,1,2,1
"Z38","Y34",0.428571428571428,"ZY","other","semi","Y34_Z38",2024,0,1,1,0
"Z39","Y34",0.5,"ZY","other","semi","Y34_Z39",2024,1,1,2,1
"Z40","Y34",0.6,"ZY","other","semi","Y34_Z40",2024,0,1,1,0
"Z41","Y34",0.666666666666667,"ZY","other","semi","Y34_Z41",2024,1,1,2,1
"Z42","Y34",0.375,"ZY","other","semi","Y34_Z42",2024,1,1,2,1
"Z43","Y34",0.428571428571428,"ZY","other","semi","Y34_Z43",2024,1,1,2,1
"Z44","Y34",0.5,"ZY","other","semi","Y34_Z44",2024,0,1,1,0
"Z45","Y34",0.333333333333333,"ZY","other","semi","Y34_Z45",2024,1,1,2,1
"Z02","Y35",0.5,"ZY","other","semi","Y35_Z02",2024,1,0,1,0
"Z03","Y35",0.428571428571428,"ZY","other","semi","Y35_Z03",2024,1,0,1,0
"Z05","Y35",0.714285714285714,"ZY","other","semi","Y35_Z05",2024,1,0,1,0
"Z06","Y35",0.571428571428571,"ZY","other","semi","Y35_Z06",2024,0,0,0,1
"Z07","Y35",0.666666666666667,"ZY","other","semi","Y35_Z07",2024,0,0,0,1
"Z08","Y35",0.5,"ZY","other","semi","Y35_Z08",2024,1,0,1,0
"Z10","Y35",0.428571428571428,"ZY","other","semi","Y35_Z10",2024,1,0,1,0
"Z11","Y35",0.571428571428571,"ZY","other","semi","Y35_Z11",2024,1,0,1,0
"Z13","Y35",0.428571428571428,"ZY","other","semi","Y35_Z13",2024,1,0,1,0
"Z14","Y35",0.375,"ZY","other","semi","Y35_Z14",2024,1,0,1,0
"Z15","Y35",0.571428571428571,"ZY","other","semi","Y35_Z15",2024,1,0,1,0
"Z16","Y35",0.428571428571428,"ZY","other","semi","Y35_Z16",2024,1,0,1,0
"Z17","Y35",0.375,"ZY","other","semi","Y35_Z17",2024,1,0,1,0
"Z18","Y35",0.333333333333333,"ZY","other","semi","Y35_Z18",2024,0,0,0,1
"Z19","Y35",0.5,"ZY","other","semi","Y35_Z19",2024,0,0,0,1
"Z20","Y35",0.428571428571428,"ZY","other","semi","Y35_Z20",2024,1,0,1,0
"Z21","Y35",0.428571428571428,"ZY","other","semi","Y35_Z21",2024,1,0,1,0
"Z22","Y35",0.571428571428571,"ZY","other","semi","Y35_Z22",2024,1,0,1,0
"Z23","Y35",0.5,"ZY","other","semi","Y35_Z23",2024,1,0,1,0
"Z24","Y35",0.5,"ZY","other","semi","Y35_Z24",2024,0,0,0,1
"Z26","Y35",0.571428571428571,"ZY","other","semi","Y35_Z26",2024,1,0,1,0
"Z27","Y35",0.666666666666667,"ZY","other","semi","Y35_Z27",2024,0,0,0,1
"Z28","Y35",0.666666666666667,"ZY","other","semi","Y35_Z28",2024,1,0,1,0
"Z29","Y35",0.714285714285714,"ZY","other","semi","Y35_Z29",2024,1,0,1,0
"Z30","Y35",0.666666666666667,"ZY","other","semi","Y35_Z30",2024,1,0,1,0
"Z31","Y35",0.428571428571428,"ZY","other","semi","Y35_Z31",2024,1,0,1,0
"Z32","Y35",0.5,"ZY","other","semi","Y35_Z32",2024,1,0,1,0
"Z33","Y35",0.571428571428571,"ZY","other","semi","Y35_Z33",2024,1,0,1,0
"Z35","Y35",0.375,"ZY","other","semi","Y35_Z35",2024,1,0,1,0
"Z38","Y35",0.666666666666667,"ZY","other","semi","Y35_Z38",2024,0,0,0,1
"Z39","Y35",0.714285714285714,"ZY","other","semi","Y35_Z39",2024,1,0,1,0
"Z40","Y35",0.6,"ZY","other","semi","Y35_Z40",2024,0,0,0,1
"Z41","Y35",0.666666666666667,"ZY","other","semi","Y35_Z41",2024,1,0,1,0
"Z42","Y35",0.571428571428571,"ZY","other","semi","Y35_Z42",2024,1,0,1,0
"Z43","Y35",0.428571428571428,"ZY","other","semi","Y35_Z43",2024,1,0,1,0
"Z44","Y35",0.5,"ZY","other","semi","Y35_Z44",2024,0,0,0,1
"Z45","Y35",0.333333333333333,"ZY","other","semi","Y35_Z45",2024,1,0,1,0
"Z03","Z02",0.5,"ZZ","same","same","Z02_Z03",2024,1,1,2,1
"Z05","Z02",0.555555555555556,"ZZ","same","same","Z02_Z05",2024,1,1,2,1
"Z06","Z02",0.857142857142857,"ZZ","same","same","Z02_Z06",2024,0,1,1,0
"Z07","Z02",0.714285714285714,"ZZ","same","same","Z02_Z07",2024,0,1,1,0
"Z08","Z02",0.75,"ZZ","same","same","Z02_Z08",2024,1,1,2,1
"Z10","Z02",0.5,"ZZ","same","same","Z02_Z10",2024,1,1,2,1
"Z11","Z02",0.857142857142857,"ZZ","same","same","Z02_Z11",2024,1,1,2,1
"Z13","Z02",0.714285714285714,"ZZ","same","same","Z02_Z13",2024,1,1,2,1
"Z14","Z02",0.625,"ZZ","same","same","Z02_Z14",2024,1,1,2,1
"Z15","Z02",0.625,"ZZ","same","same","Z02_Z15",2024,1,1,2,1
"Z16","Z02",0.5,"ZZ","same","same","Z02_Z16",2024,1,1,2,1
"Z17","Z02",0.625,"ZZ","same","same","Z02_Z17",2024,1,1,2,1
"Z18","Z02",0.428571428571428,"ZZ","same","same","Z02_Z18",2024,0,1,1,0
"Z19","Z02",0.571428571428571,"ZZ","same","same","Z02_Z19",2024,0,1,1,0
"Z20","Z02",0.5,"ZZ","same","same","Z02_Z20",2024,1,1,2,1
"Z21","Z02",0.714285714285714,"ZZ","same","same","Z02_Z21",2024,1,1,2,1
"Z22","Z02",0.444444444444444,"ZZ","same","same","Z02_Z22",2024,1,1,2,1
"Z23","Z02",0.555555555555556,"ZZ","same","same","Z02_Z23",2024,1,1,2,1
"Z24","Z02",0.571428571428571,"ZZ","same","same","Z02_Z24",2024,0,1,1,0
"Z26","Z02",0.625,"ZZ","same","same","Z02_Z26",2024,1,1,2,1
"Z27","Z02",0.5,"ZZ","same","same","Z02_Z27",2024,0,1,1,0
"Z28","Z02",0.5,"ZZ","same","same","Z02_Z28",2024,1,1,2,1
"Z29","Z02",0.555555555555556,"ZZ","same","same","Z02_Z29",2024,1,1,2,1
"Z30","Z02",0.5,"ZZ","same","same","Z02_Z30",2024,1,1,2,1
"Z31","Z02",0.5,"ZZ","same","same","Z02_Z31",2024,1,1,2,1
"Z32","Z02",0.571428571428571,"ZZ","same","same","Z02_Z32",2024,1,1,2,1
"Z33","Z02",0.444444444444444,"ZZ","same","same","Z02_Z33",2024,1,1,2,1
"Z35","Z02",0.625,"ZZ","same","same","Z02_Z35",2024,1,1,2,1
"Z38","Z02",0.5,"ZZ","same","same","Z02_Z38",2024,0,1,1,0
"Z39","Z02",0.555555555555556,"ZZ","same","same","Z02_Z39",2024,1,1,2,1
"Z40","Z02",0.428571428571428,"ZZ","same","same","Z02_Z40",2024,0,1,1,0
"Z41","Z02",0.5,"ZZ","same","same","Z02_Z41",2024,1,1,2,1
"Z42","Z02",0.857142857142857,"ZZ","same","same","Z02_Z42",2024,1,1,2,1
"Z43","Z02",0.714285714285714,"ZZ","same","same","Z02_Z43",2024,1,1,2,1
"Z44","Z02",0.571428571428571,"ZZ","same","same","Z02_Z44",2024,0,1,1,0
"Z45","Z02",0.428571428571428,"ZZ","same","same","Z02_Z45",2024,1,1,2,1
"Z05","Z03",0.714285714285714,"ZZ","same","same","Z03_Z05",2024,1,1,2,1
"Z06","Z03",0.571428571428571,"ZZ","same","same","Z03_Z06",2024,0,1,1,0
"Z07","Z03",0.666666666666667,"ZZ","same","same","Z03_Z07",2024,0,1,1,0
"Z08","Z03",0.714285714285714,"ZZ","same","same","Z03_Z08",2024,1,1,2,1
"Z10","Z03",1,"ZZ","same","same","Z03_Z10",2024,1,1,2,1
"Z11","Z03",0.571428571428571,"ZZ","same","same","Z03_Z11",2024,1,1,2,1
"Z13","Z03",0.666666666666667,"ZZ","same","same","Z03_Z13",2024,1,1,2,1
"Z14","Z03",0.833333333333333,"ZZ","same","same","Z03_Z14",2024,1,1,2,1
"Z15","Z03",0.571428571428571,"ZZ","same","same","Z03_Z15",2024,1,1,2,1
"Z16","Z03",0.666666666666667,"ZZ","same","same","Z03_Z16",2024,1,1,2,1
"Z17","Z03",0.571428571428571,"ZZ","same","same","Z03_Z17",2024,1,1,2,1
"Z18","Z03",0.6,"ZZ","same","same","Z03_Z18",2024,0,1,1,0
"Z19","Z03",0.8,"ZZ","same","same","Z03_Z19",2024,0,1,1,0
"Z20","Z03",1,"ZZ","same","same","Z03_Z20",2024,1,1,2,1
"Z21","Z03",0.666666666666667,"ZZ","same","same","Z03_Z21",2024,1,1,2,1
"Z22","Z03",0.833333333333333,"ZZ","same","same","Z03_Z22",2024,1,1,2,1
"Z23","Z03",0.5,"ZZ","same","same","Z03_Z23",2024,1,1,2,1
"Z24","Z03",0.8,"ZZ","same","same","Z03_Z24",2024,0,1,1,0
"Z26","Z03",0.571428571428571,"ZZ","same","same","Z03_Z26",2024,1,1,2,1
"Z27","Z03",0.666666666666667,"ZZ","same","same","Z03_Z27",2024,0,1,1,0
"Z28","Z03",0.666666666666667,"ZZ","same","same","Z03_Z28",2024,1,1,2,1
"Z29","Z03",0.714285714285714,"ZZ","same","same","Z03_Z29",2024,1,1,2,1
"Z30","Z03",0.666666666666667,"ZZ","same","same","Z03_Z30",2024,1,1,2,1
"Z31","Z03",1,"ZZ","same","same","Z03_Z31",2024,1,1,2,1
"Z32","Z03",0.8,"ZZ","same","same","Z03_Z32",2024,1,1,2,1
"Z33","Z03",0.833333333333333,"ZZ","same","same","Z03_Z33",2024,1,1,2,1
"Z35","Z03",0.571428571428571,"ZZ","same","same","Z03_Z35",2024,1,1,2,1
"Z38","Z03",0.666666666666667,"ZZ","same","same","Z03_Z38",2024,0,1,1,0
"Z39","Z03",0.714285714285714,"ZZ","same","same","Z03_Z39",2024,1,1,2,1
"Z40","Z03",0.6,"ZZ","same","same","Z03_Z40",2024,0,1,1,0
"Z41","Z03",0.666666666666667,"ZZ","same","same","Z03_Z41",2024,1,1,2,1
"Z42","Z03",0.571428571428571,"ZZ","same","same","Z03_Z42",2024,1,1,2,1
"Z43","Z03",0.666666666666667,"ZZ","same","same","Z03_Z43",2024,1,1,2,1
"Z44","Z03",0.8,"ZZ","same","same","Z03_Z44",2024,0,1,1,0
"Z45","Z03",0.6,"ZZ","same","same","Z03_Z45",2024,1,1,2,1
"Z06","Z05",0.625,"ZZ","same","same","Z05_Z06",2024,0,1,1,0
"Z07","Z05",0.714285714285714,"ZZ","same","same","Z05_Z07",2024,0,1,1,0
"Z08","Z05",0.75,"ZZ","same","same","Z05_Z08",2024,1,1,2,1
"Z10","Z05",0.714285714285714,"ZZ","same","same","Z05_Z10",2024,1,1,2,1
"Z11","Z05",0.625,"ZZ","same","same","Z05_Z11",2024,1,1,2,1
"Z13","Z05",0.5,"ZZ","same","same","Z05_Z13",2024,1,1,2,1
"Z14","Z05",0.625,"ZZ","same","same","Z05_Z14",2024,1,1,2,1
"Z15","Z05",0.625,"ZZ","same","same","Z05_Z15",2024,1,1,2,1
"Z16","Z05",0.5,"ZZ","same","same","Z05_Z16",2024,1,1,2,1
"Z17","Z05",0.444444444444444,"ZZ","same","same","Z05_Z17",2024,1,1,2,1
"Z18","Z05",0.428571428571428,"ZZ","same","same","Z05_Z18",2024,0,1,1,0
"Z19","Z05",0.571428571428571,"ZZ","same","same","Z05_Z19",2024,0,1,1,0
"Z20","Z05",0.714285714285714,"ZZ","same","same","Z05_Z20",2024,1,1,2,1
"Z21","Z05",0.5,"ZZ","same","same","Z05_Z21",2024,1,1,2,1
"Z22","Z05",0.857142857142857,"ZZ","same","same","Z05_Z22",2024,1,1,2,1
"Z23","Z05",0.555555555555556,"ZZ","same","same","Z05_Z23",2024,1,1,2,1
"Z24","Z05",0.571428571428571,"ZZ","same","same","Z05_Z24",2024,0,1,1,0
"Z26","Z05",0.625,"ZZ","same","same","Z05_Z26",2024,1,1,2,1
"Z27","Z05",0.714285714285714,"ZZ","same","same","Z05_Z27",2024,0,1,1,0
"Z28","Z05",0.714285714285714,"ZZ","same","same","Z05_Z28",2024,1,1,2,1
"Z29","Z05",1,"ZZ","same","same","Z05_Z29",2024,1,1,2,1
"Z30","Z05",0.714285714285714,"ZZ","same","same","Z05_Z30",2024,1,1,2,1
"Z31","Z05",0.714285714285714,"ZZ","same","same","Z05_Z31",2024,1,1,2,1
"Z32","Z05",0.571428571428571,"ZZ","same","same","Z05_Z32",2024,1,1,2,1
"Z33","Z05",0.857142857142857,"ZZ","same","same","Z05_Z33",2024,1,1,2,1
"Z35","Z05",0.444444444444444,"ZZ","same","same","Z05_Z35",2024,1,1,2,1
"Z38","Z05",0.714285714285714,"ZZ","same","same","Z05_Z38",2024,0,1,1,0
"Z39","Z05",1,"ZZ","same","same","Z05_Z39",2024,1,1,2,1
"Z40","Z05",0.428571428571428,"ZZ","same","same","Z05_Z40",2024,0,1,1,0
"Z41","Z05",0.714285714285714,"ZZ","same","same","Z05_Z41",2024,1,1,2,1
"Z42","Z05",0.625,"ZZ","same","same","Z05_Z42",2024,1,1,2,1
"Z43","Z05",0.5,"ZZ","same","same","Z05_Z43",2024,1,1,2,1
"Z44","Z05",0.571428571428571,"ZZ","same","same","Z05_Z44",2024,0,1,1,0
"Z45","Z05",0.428571428571428,"ZZ","same","same","Z05_Z45",2024,1,1,2,1
"Z07","Z06",0.833333333333333,"ZZ","same","same","Z06_Z07",2024,0,0,0,1
"Z08","Z06",0.625,"ZZ","same","same","Z06_Z08",2024,1,0,1,0
"Z10","Z06",0.571428571428571,"ZZ","same","same","Z06_Z10",2024,1,0,1,0
"Z11","Z06",1,"ZZ","same","same","Z06_Z11",2024,1,0,1,0
"Z13","Z06",0.833333333333333,"ZZ","same","same","Z06_Z13",2024,1,0,1,0
"Z14","Z06",0.714285714285714,"ZZ","same","same","Z06_Z14",2024,1,0,1,0
"Z15","Z06",0.714285714285714,"ZZ","same","same","Z06_Z15",2024,1,0,1,0
"Z16","Z06",0.571428571428571,"ZZ","same","same","Z06_Z16",2024,1,0,1,0
"Z17","Z06",0.714285714285714,"ZZ","same","same","Z06_Z17",2024,1,0,1,0
"Z18","Z06",0.5,"ZZ","same","same","Z06_Z18",2024,0,0,0,1
"Z19","Z06",0.666666666666667,"ZZ","same","same","Z06_Z19",2024,0,0,0,1
"Z20","Z06",0.571428571428571,"ZZ","same","same","Z06_Z20",2024,1,0,1,0
"Z21","Z06",0.833333333333333,"ZZ","same","same","Z06_Z21",2024,1,0,1,0
"Z22","Z06",0.5,"ZZ","same","same","Z06_Z22",2024,1,0,1,0
"Z23","Z06",0.625,"ZZ","same","same","Z06_Z23",2024,1,0,1,0
"Z24","Z06",0.666666666666667,"ZZ","same","same","Z06_Z24",2024,0,0,0,1
"Z26","Z06",0.5,"ZZ","same","same","Z06_Z26",2024,1,0,1,0
"Z27","Z06",0.571428571428571,"ZZ","same","same","Z06_Z27",2024,0,0,0,1
"Z28","Z06",0.571428571428571,"ZZ","same","same","Z06_Z28",2024,1,0,1,0
"Z29","Z06",0.625,"ZZ","same","same","Z06_Z29",2024,1,0,1,0
"Z30","Z06",0.571428571428571,"ZZ","same","same","Z06_Z30",2024,1,0,1,0
"Z31","Z06",0.571428571428571,"ZZ","same","same","Z06_Z31",2024,1,0,1,0
"Z32","Z06",0.666666666666667,"ZZ","same","same","Z06_Z32",2024,1,0,1,0
"Z33","Z06",0.5,"ZZ","same","same","Z06_Z33",2024,1,0,1,0
"Z35","Z06",0.714285714285714,"ZZ","same","same","Z06_Z35",2024,1,0,1,0
"Z38","Z06",0.571428571428571,"ZZ","same","same","Z06_Z38",2024,0,0,0,1
"Z39","Z06",0.625,"ZZ","same","same","Z06_Z39",2024,1,0,1,0
"Z40","Z06",0.5,"ZZ","same","same","Z06_Z40",2024,0,0,0,1
"Z41","Z06",0.571428571428571,"ZZ","same","same","Z06_Z41",2024,1,0,1,0
"Z42","Z06",0.714285714285714,"ZZ","same","same","Z06_Z42",2024,1,0,1,0
"Z43","Z06",0.571428571428571,"ZZ","same","same","Z06_Z43",2024,1,0,1,0
"Z44","Z06",0.666666666666667,"ZZ","same","same","Z06_Z44",2024,0,0,0,1
"Z45","Z06",0.5,"ZZ","same","same","Z06_Z45",2024,1,0,1,0
"Z08","Z07",0.714285714285714,"ZZ","same","same","Z07_Z08",2024,1,0,1,0
"Z10","Z07",0.666666666666667,"ZZ","same","same","Z07_Z10",2024,1,0,1,0
"Z11","Z07",0.833333333333333,"ZZ","same","same","Z07_Z11",2024,1,0,1,0
"Z13","Z07",0.666666666666667,"ZZ","same","same","Z07_Z13",2024,1,0,1,0
"Z14","Z07",0.571428571428571,"ZZ","same","same","Z07_Z14",2024,1,0,1,0
"Z15","Z07",0.833333333333333,"ZZ","same","same","Z07_Z15",2024,1,0,1,0
"Z16","Z07",0.666666666666667,"ZZ","same","same","Z07_Z16",2024,1,0,1,0
"Z17","Z07",0.571428571428571,"ZZ","same","same","Z07_Z17",2024,1,0,1,0
"Z18","Z07",0.6,"ZZ","same","same","Z07_Z18",2024,0,0,0,1
"Z19","Z07",0.8,"ZZ","same","same","Z07_Z19",2024,0,0,0,1
"Z20","Z07",0.666666666666667,"ZZ","same","same","Z07_Z20",2024,1,0,1,0
"Z21","Z07",0.666666666666667,"ZZ","same","same","Z07_Z21",2024,1,0,1,0
"Z22","Z07",0.571428571428571,"ZZ","same","same","Z07_Z22",2024,1,0,1,0
"Z23","Z07",0.5,"ZZ","same","same","Z07_Z23",2024,1,0,1,0
"Z24","Z07",0.8,"ZZ","same","same","Z07_Z24",2024,0,0,0,1
"Z26","Z07",0.571428571428571,"ZZ","same","same","Z07_Z26",2024,1,0,1,0
"Z27","Z07",0.666666666666667,"ZZ","same","same","Z07_Z27",2024,0,0,0,1
"Z28","Z07",0.666666666666667,"ZZ","same","same","Z07_Z28",2024,1,0,1,0
"Z29","Z07",0.714285714285714,"ZZ","same","same","Z07_Z29",2024,1,0,1,0
"Z30","Z07",0.666666666666667,"ZZ","same","same","Z07_Z30",2024,1,0,1,0
"Z31","Z07",0.666666666666667,"ZZ","same","same","Z07_Z31",2024,1,0,1,0
"Z32","Z07",0.8,"ZZ","same","same","Z07_Z32",2024,1,0,1,0
"Z33","Z07",0.571428571428571,"ZZ","same","same","Z07_Z33",2024,1,0,1,0
"Z35","Z07",0.571428571428571,"ZZ","same","same","Z07_Z35",2024,1,0,1,0
"Z38","Z07",0.666666666666667,"ZZ","same","same","Z07_Z38",2024,0,0,0,1
"Z39","Z07",0.714285714285714,"ZZ","same","same","Z07_Z39",2024,1,0,1,0
"Z40","Z07",0.6,"ZZ","same","same","Z07_Z40",2024,0,0,0,1
"Z41","Z07",0.666666666666667,"ZZ","same","same","Z07_Z41",2024,1,0,1,0
"Z42","Z07",0.833333333333333,"ZZ","same","same","Z07_Z42",2024,1,0,1,0
"Z43","Z07",0.666666666666667,"ZZ","same","same","Z07_Z43",2024,1,0,1,0
"Z44","Z07",0.8,"ZZ","same","same","Z07_Z44",2024,0,0,0,1
"Z45","Z07",0.6,"ZZ","same","same","Z07_Z45",2024,1,0,1,0
"Z10","Z08",0.714285714285714,"ZZ","same","same","Z08_Z10",2024,1,1,2,1
"Z11","Z08",0.625,"ZZ","same","same","Z08_Z11",2024,1,1,2,1
"Z13","Z08",0.5,"ZZ","same","same","Z08_Z13",2024,1,1,2,1
"Z14","Z08",0.625,"ZZ","same","same","Z08_Z14",2024,1,1,2,1
"Z15","Z08",0.625,"ZZ","same","same","Z08_Z15",2024,1,1,2,1
"Z16","Z08",0.5,"ZZ","same","same","Z08_Z16",2024,1,1,2,1
"Z17","Z08",0.444444444444444,"ZZ","same","same","Z08_Z17",2024,1,1,2,1
"Z18","Z08",0.428571428571428,"ZZ","same","same","Z08_Z18",2024,0,1,1,0
"Z19","Z08",0.571428571428571,"ZZ","same","same","Z08_Z19",2024,0,1,1,0
"Z20","Z08",0.714285714285714,"ZZ","same","same","Z08_Z20",2024,1,1,2,1
"Z21","Z08",0.5,"ZZ","same","same","Z08_Z21",2024,1,1,2,1
"Z22","Z08",0.625,"ZZ","same","same","Z08_Z22",2024,1,1,2,1
"Z23","Z08",0.4,"ZZ","same","same","Z08_Z23",2024,1,1,2,1
"Z24","Z08",0.571428571428571,"ZZ","same","same","Z08_Z24",2024,0,1,1,0
"Z26","Z08",0.625,"ZZ","same","same","Z08_Z26",2024,1,1,2,1
"Z27","Z08",0.5,"ZZ","same","same","Z08_Z27",2024,0,1,1,0
"Z28","Z08",0.5,"ZZ","same","same","Z08_Z28",2024,1,1,2,1
"Z29","Z08",0.75,"ZZ","same","same","Z08_Z29",2024,1,1,2,1
"Z30","Z08",0.5,"ZZ","same","same","Z08_Z30",2024,1,1,2,1
"Z31","Z08",0.714285714285714,"ZZ","same","same","Z08_Z31",2024,1,1,2,1
"Z32","Z08",0.571428571428571,"ZZ","same","same","Z08_Z32",2024,1,1,2,1
"Z33","Z08",0.625,"ZZ","same","same","Z08_Z33",2024,1,1,2,1
"Z35","Z08",0.444444444444444,"ZZ","same","same","Z08_Z35",2024,1,1,2,1
"Z38","Z08",0.5,"ZZ","same","same","Z08_Z38",2024,0,1,1,0
"Z39","Z08",0.75,"ZZ","same","same","Z08_Z39",2024,1,1,2,1
"Z40","Z08",0.428571428571428,"ZZ","same","same","Z08_Z40",2024,0,1,1,0
"Z41","Z08",0.714285714285714,"ZZ","same","same","Z08_Z41",2024,1,1,2,1
"Z42","Z08",0.857142857142857,"ZZ","same","same","Z08_Z42",2024,1,1,2,1
"Z43","Z08",0.714285714285714,"ZZ","same","same","Z08_Z43",2024,1,1,2,1
"Z44","Z08",0.571428571428571,"ZZ","same","same","Z08_Z44",2024,0,1,1,0
"Z45","Z08",0.428571428571428,"ZZ","same","same","Z08_Z45",2024,1,1,2,1
"Z11","Z10",0.571428571428571,"ZZ","same","same","Z10_Z11",2024,1,1,2,1
"Z13","Z10",0.666666666666667,"ZZ","same","same","Z10_Z13",2024,1,1,2,1
"Z14","Z10",0.833333333333333,"ZZ","same","same","Z10_Z14",2024,1,1,2,1
"Z15","Z10",0.571428571428571,"ZZ","same","same","Z10_Z15",2024,1,1,2,1
"Z16","Z10",0.666666666666667,"ZZ","same","same","Z10_Z16",2024,1,1,2,1
"Z17","Z10",0.571428571428571,"ZZ","same","same","Z10_Z17",2024,1,1,2,1
"Z18","Z10",0.6,"ZZ","same","same","Z10_Z18",2024,0,1,1,0
"Z19","Z10",0.8,"ZZ","same","same","Z10_Z19",2024,0,1,1,0
"Z20","Z10",1,"ZZ","same","same","Z10_Z20",2024,1,1,2,1
"Z21","Z10",0.666666666666667,"ZZ","same","same","Z10_Z21",2024,1,1,2,1
"Z22","Z10",0.833333333333333,"ZZ","same","same","Z10_Z22",2024,1,1,2,1
"Z23","Z10",0.5,"ZZ","same","same","Z10_Z23",2024,1,1,2,1
"Z24","Z10",0.8,"ZZ","same","same","Z10_Z24",2024,0,1,1,0
"Z26","Z10",0.571428571428571,"ZZ","same","same","Z10_Z26",2024,1,1,2,1
"Z27","Z10",0.666666666666667,"ZZ","same","same","Z10_Z27",2024,0,1,1,0
"Z28","Z10",0.666666666666667,"ZZ","same","same","Z10_Z28",2024,1,1,2,1
"Z29","Z10",0.714285714285714,"ZZ","same","same","Z10_Z29",2024,1,1,2,1
"Z30","Z10",0.666666666666667,"ZZ","same","same","Z10_Z30",2024,1,1,2,1
"Z31","Z10",1,"ZZ","same","same","Z10_Z31",2024,1,1,2,1
"Z32","Z10",0.8,"ZZ","same","same","Z10_Z32",2024,1,1,2,1
"Z33","Z10",0.833333333333333,"ZZ","same","same","Z10_Z33",2024,1,1,2,1
"Z35","Z10",0.571428571428571,"ZZ","same","same","Z10_Z35",2024,1,1,2,1
"Z38","Z10",0.666666666666667,"ZZ","same","same","Z10_Z38",2024,0,1,1,0
"Z39","Z10",0.714285714285714,"ZZ","same","same","Z10_Z39",2024,1,1,2,1
"Z40","Z10",0.6,"ZZ","same","same","Z10_Z40",2024,0,1,1,0
"Z41","Z10",0.666666666666667,"ZZ","same","same","Z10_Z41",2024,1,1,2,1
"Z42","Z10",0.571428571428571,"ZZ","same","same","Z10_Z42",2024,1,1,2,1
"Z43","Z10",0.666666666666667,"ZZ","same","same","Z10_Z43",2024,1,1,2,1
"Z44","Z10",0.8,"ZZ","same","same","Z10_Z44",2024,0,1,1,0
"Z45","Z10",0.6,"ZZ","same","same","Z10_Z45",2024,1,1,2,1
"Z13","Z11",0.833333333333333,"ZZ","same","same","Z11_Z13",2024,1,1,2,1
"Z14","Z11",0.714285714285714,"ZZ","same","same","Z11_Z14",2024,1,1,2,1
"Z15","Z11",0.714285714285714,"ZZ","same","same","Z11_Z15",2024,1,1,2,1
"Z16","Z11",0.571428571428571,"ZZ","same","same","Z11_Z16",2024,1,1,2,1
"Z17","Z11",0.714285714285714,"ZZ","same","same","Z11_Z17",2024,1,1,2,1
"Z18","Z11",0.5,"ZZ","same","same","Z11_Z18",2024,0,1,1,0
"Z19","Z11",0.666666666666667,"ZZ","same","same","Z11_Z19",2024,0,1,1,0
"Z20","Z11",0.571428571428571,"ZZ","same","same","Z11_Z20",2024,1,1,2,1
"Z21","Z11",0.833333333333333,"ZZ","same","same","Z11_Z21",2024,1,1,2,1
"Z22","Z11",0.5,"ZZ","same","same","Z11_Z22",2024,1,1,2,1
"Z23","Z11",0.625,"ZZ","same","same","Z11_Z23",2024,1,1,2,1
"Z24","Z11",0.666666666666667,"ZZ","same","same","Z11_Z24",2024,0,1,1,0
"Z26","Z11",0.5,"ZZ","same","same","Z11_Z26",2024,1,1,2,1
"Z27","Z11",0.571428571428571,"ZZ","same","same","Z11_Z27",2024,0,1,1,0
"Z28","Z11",0.571428571428571,"ZZ","same","same","Z11_Z28",2024,1,1,2,1
"Z29","Z11",0.625,"ZZ","same","same","Z11_Z29",2024,1,1,2,1
"Z30","Z11",0.571428571428571,"ZZ","same","same","Z11_Z30",2024,1,1,2,1
"Z31","Z11",0.571428571428571,"ZZ","same","same","Z11_Z31",2024,1,1,2,1
"Z32","Z11",0.666666666666667,"ZZ","same","same","Z11_Z32",2024,1,1,2,1
"Z33","Z11",0.5,"ZZ","same","same","Z11_Z33",2024,1,1,2,1
"Z35","Z11",0.714285714285714,"ZZ","same","same","Z11_Z35",2024,1,1,2,1
"Z38","Z11",0.571428571428571,"ZZ","same","same","Z11_Z38",2024,0,1,1,0
"Z39","Z11",0.625,"ZZ","same","same","Z11_Z39",2024,1,1,2,1
"Z40","Z11",0.5,"ZZ","same","same","Z11_Z40",2024,0,1,1,0
"Z41","Z11",0.571428571428571,"ZZ","same","same","Z11_Z41",2024,1,1,2,1
"Z42","Z11",0.714285714285714,"ZZ","same","same","Z11_Z42",2024,1,1,2,1
"Z43","Z11",0.571428571428571,"ZZ","same","same","Z11_Z43",2024,1,1,2,1
"Z44","Z11",0.666666666666667,"ZZ","same","same","Z11_Z44",2024,0,1,1,0
"Z45","Z11",0.5,"ZZ","same","same","Z11_Z45",2024,1,1,2,1
"Z14","Z13",0.833333333333333,"ZZ","same","same","Z13_Z14",2024,1,1,2,1
"Z15","Z13",0.571428571428571,"ZZ","same","same","Z13_Z15",2024,1,1,2,1
"Z16","Z13",0.666666666666667,"ZZ","same","same","Z13_Z16",2024,1,1,2,1
"Z17","Z13",0.833333333333333,"ZZ","same","same","Z13_Z17",2024,1,1,2,1
"Z18","Z13",0.6,"ZZ","same","same","Z13_Z18",2024,0,1,1,0
"Z19","Z13",0.8,"ZZ","same","same","Z13_Z19",2024,0,1,1,0
"Z20","Z13",0.666666666666667,"ZZ","same","same","Z13_Z20",2024,1,1,2,1
"Z21","Z13",1,"ZZ","same","same","Z13_Z21",2024,1,1,2,1
"Z22","Z13",0.571428571428571,"ZZ","same","same","Z13_Z22",2024,1,1,2,1
"Z23","Z13",0.714285714285714,"ZZ","same","same","Z13_Z23",2024,1,1,2,1
"Z24","Z13",0.8,"ZZ","same","same","Z13_Z24",2024,0,1,1,0
"Z26","Z13",0.571428571428571,"ZZ","same","same","Z13_Z26",2024,1,1,2,1
"Z27","Z13",0.666666666666667,"ZZ","same","same","Z13_Z27",2024,0,1,1,0
"Z28","Z13",0.666666666666667,"ZZ","same","same","Z13_Z28",2024,1,1,2,1
"Z29","Z13",0.5,"ZZ","same","same","Z13_Z29",2024,1,1,2,1
"Z30","Z13",0.666666666666667,"ZZ","same","same","Z13_Z30",2024,1,1,2,1
"Z31","Z13",0.666666666666667,"ZZ","same","same","Z13_Z31",2024,1,1,2,1
"Z32","Z13",0.8,"ZZ","same","same","Z13_Z32",2024,1,1,2,1
"Z33","Z13",0.571428571428571,"ZZ","same","same","Z13_Z33",2024,1,1,2,1
"Z35","Z13",0.833333333333333,"ZZ","same","same","Z13_Z35",2024,1,1,2,1
"Z38","Z13",0.666666666666667,"ZZ","same","same","Z13_Z38",2024,0,1,1,0
"Z39","Z13",0.5,"ZZ","same","same","Z13_Z39",2024,1,1,2,1
"Z40","Z13",0.6,"ZZ","same","same","Z13_Z40",2024,0,1,1,0
"Z41","Z13",0.428571428571428,"ZZ","same","same","Z13_Z41",2024,1,1,2,1
"Z42","Z13",0.571428571428571,"ZZ","same","same","Z13_Z42",2024,1,1,2,1
"Z43","Z13",0.666666666666667,"ZZ","same","same","Z13_Z43",2024,1,1,2,1
"Z44","Z13",0.8,"ZZ","same","same","Z13_Z44",2024,0,1,1,0
"Z45","Z13",0.6,"ZZ","same","same","Z13_Z45",2024,1,1,2,1
"Z15","Z14",0.5,"ZZ","same","same","Z14_Z15",2024,1,1,2,1
"Z16","Z14",0.571428571428571,"ZZ","same","same","Z14_Z16",2024,1,1,2,1
"Z17","Z14",0.714285714285714,"ZZ","same","same","Z14_Z17",2024,1,1,2,1
"Z18","Z14",0.5,"ZZ","same","same","Z14_Z18",2024,0,1,1,0
"Z19","Z14",0.666666666666667,"ZZ","same","same","Z14_Z19",2024,0,1,1,0
"Z20","Z14",0.833333333333333,"ZZ","same","same","Z14_Z20",2024,1,1,2,1
"Z21","Z14",0.833333333333333,"ZZ","same","same","Z14_Z21",2024,1,1,2,1
"Z22","Z14",0.714285714285714,"ZZ","same","same","Z14_Z22",2024,1,1,2,1
"Z23","Z14",0.625,"ZZ","same","same","Z14_Z23",2024,1,1,2,1
"Z24","Z14",0.666666666666667,"ZZ","same","same","Z14_Z24",2024,0,1,1,0
"Z26","Z14",0.5,"ZZ","same","same","Z14_Z26",2024,1,1,2,1
"Z27","Z14",0.571428571428571,"ZZ","same","same","Z14_Z27",2024,0,1,1,0
"Z28","Z14",0.571428571428571,"ZZ","same","same","Z14_Z28",2024,1,1,2,1
"Z29","Z14",0.625,"ZZ","same","same","Z14_Z29",2024,1,1,2,1
"Z30","Z14",0.571428571428571,"ZZ","same","same","Z14_Z30",2024,1,1,2,1
"Z31","Z14",0.833333333333333,"ZZ","same","same","Z14_Z31",2024,1,1,2,1
"Z32","Z14",0.666666666666667,"ZZ","same","same","Z14_Z32",2024,1,1,2,1
"Z33","Z14",0.714285714285714,"ZZ","same","same","Z14_Z33",2024,1,1,2,1
"Z35","Z14",0.714285714285714,"ZZ","same","same","Z14_Z35",2024,1,1,2,1
"Z38","Z14",0.571428571428571,"ZZ","same","same","Z14_Z38",2024,0,1,1,0
"Z39","Z14",0.625,"ZZ","same","same","Z14_Z39",2024,1,1,2,1
"Z40","Z14",0.5,"ZZ","same","same","Z14_Z40",2024,0,1,1,0
"Z41","Z14",0.571428571428571,"ZZ","same","same","Z14_Z41",2024,1,1,2,1
"Z42","Z14",0.5,"ZZ","same","same","Z14_Z42",2024,1,1,2,1
"Z43","Z14",0.571428571428571,"ZZ","same","same","Z14_Z43",2024,1,1,2,1
"Z44","Z14",0.666666666666667,"ZZ","same","same","Z14_Z44",2024,0,1,1,0
"Z45","Z14",0.5,"ZZ","same","same","Z14_Z45",2024,1,1,2,1
"Z16","Z15",0.833333333333333,"ZZ","same","same","Z15_Z16",2024,1,1,2,1
"Z17","Z15",0.714285714285714,"ZZ","same","same","Z15_Z17",2024,1,1,2,1
"Z18","Z15",0.5,"ZZ","same","same","Z15_Z18",2024,0,1,1,0
"Z19","Z15",0.666666666666667,"ZZ","same","same","Z15_Z19",2024,0,1,1,0
"Z20","Z15",0.571428571428571,"ZZ","same","same","Z15_Z20",2024,1,1,2,1
"Z21","Z15",0.571428571428571,"ZZ","same","same","Z15_Z21",2024,1,1,2,1
"Z22","Z15",0.5,"ZZ","same","same","Z15_Z22",2024,1,1,2,1
"Z23","Z15",0.625,"ZZ","same","same","Z15_Z23",2024,1,1,2,1
"Z24","Z15",0.666666666666667,"ZZ","same","same","Z15_Z24",2024,0,1,1,0
"Z26","Z15",0.5,"ZZ","same","same","Z15_Z26",2024,1,1,2,1
"Z27","Z15",0.571428571428571,"ZZ","same","same","Z15_Z27",2024,0,1,1,0
"Z28","Z15",0.571428571428571,"ZZ","same","same","Z15_Z28",2024,1,1,2,1
"Z29","Z15",0.625,"ZZ","same","same","Z15_Z29",2024,1,1,2,1
"Z30","Z15",0.571428571428571,"ZZ","same","same","Z15_Z30",2024,1,1,2,1
"Z31","Z15",0.571428571428571,"ZZ","same","same","Z15_Z31",2024,1,1,2,1
"Z32","Z15",0.666666666666667,"ZZ","same","same","Z15_Z32",2024,1,1,2,1
"Z33","Z15",0.5,"ZZ","same","same","Z15_Z33",2024,1,1,2,1
"Z35","Z15",0.714285714285714,"ZZ","same","same","Z15_Z35",2024,1,1,2,1
"Z38","Z15",0.571428571428571,"ZZ","same","same","Z15_Z38",2024,0,1,1,0
"Z39","Z15",0.625,"ZZ","same","same","Z15_Z39",2024,1,1,2,1
"Z40","Z15",0.5,"ZZ","same","same","Z15_Z40",2024,0,1,1,0
"Z41","Z15",0.571428571428571,"ZZ","same","same","Z15_Z41",2024,1,1,2,1
"Z42","Z15",0.714285714285714,"ZZ","same","same","Z15_Z42",2024,1,1,2,1
"Z43","Z15",0.571428571428571,"ZZ","same","same","Z15_Z43",2024,1,1,2,1
"Z44","Z15",0.666666666666667,"ZZ","same","same","Z15_Z44",2024,0,1,1,0
"Z45","Z15",0.5,"ZZ","same","same","Z15_Z45",2024,1,1,2,1
"Z17","Z16",0.833333333333333,"ZZ","same","same","Z16_Z17",2024,1,1,2,1
"Z18","Z16",0.6,"ZZ","same","same","Z16_Z18",2024,0,1,1,0
"Z19","Z16",0.8,"ZZ","same","same","Z16_Z19",2024,0,1,1,0
"Z20","Z16",0.666666666666667,"ZZ","same","same","Z16_Z20",2024,1,1,2,1
"Z21","Z16",0.666666666666667,"ZZ","same","same","Z16_Z21",2024,1,1,2,1
"Z22","Z16",0.571428571428571,"ZZ","same","same","Z16_Z22",2024,1,1,2,1
"Z23","Z16",0.714285714285714,"ZZ","same","same","Z16_Z23",2024,1,1,2,1
"Z24","Z16",0.8,"ZZ","same","same","Z16_Z24",2024,0,1,1,0
"Z26","Z16",0.571428571428571,"ZZ","same","same","Z16_Z26",2024,1,1,2,1
"Z27","Z16",0.666666666666667,"ZZ","same","same","Z16_Z27",2024,0,1,1,0
"Z28","Z16",0.666666666666667,"ZZ","same","same","Z16_Z28",2024,1,1,2,1
"Z29","Z16",0.5,"ZZ","same","same","Z16_Z29",2024,1,1,2,1
"Z30","Z16",0.666666666666667,"ZZ","same","same","Z16_Z30",2024,1,1,2,1
"Z31","Z16",0.666666666666667,"ZZ","same","same","Z16_Z31",2024,1,1,2,1
"Z32","Z16",0.8,"ZZ","same","same","Z16_Z32",2024,1,1,2,1
"Z33","Z16",0.571428571428571,"ZZ","same","same","Z16_Z33",2024,1,1,2,1
"Z35","Z16",0.833333333333333,"ZZ","same","same","Z16_Z35",2024,1,1,2,1
"Z38","Z16",0.666666666666667,"ZZ","same","same","Z16_Z38",2024,0,1,1,0
"Z39","Z16",0.5,"ZZ","same","same","Z16_Z39",2024,1,1,2,1
"Z40","Z16",0.6,"ZZ","same","same","Z16_Z40",2024,0,1,1,0
"Z41","Z16",0.428571428571428,"ZZ","same","same","Z16_Z41",2024,1,1,2,1
"Z42","Z16",0.571428571428571,"ZZ","same","same","Z16_Z42",2024,1,1,2,1
"Z43","Z16",0.666666666666667,"ZZ","same","same","Z16_Z43",2024,1,1,2,1
"Z44","Z16",0.8,"ZZ","same","same","Z16_Z44",2024,0,1,1,0
"Z45","Z16",0.6,"ZZ","same","same","Z16_Z45",2024,1,1,2,1
"Z18","Z17",0.5,"ZZ","same","same","Z17_Z18",2024,0,1,1,0
"Z19","Z17",0.666666666666667,"ZZ","same","same","Z17_Z19",2024,0,1,1,0
"Z20","Z17",0.571428571428571,"ZZ","same","same","Z17_Z20",2024,1,1,2,1
"Z21","Z17",0.833333333333333,"ZZ","same","same","Z17_Z21",2024,1,1,2,1
"Z22","Z17",0.5,"ZZ","same","same","Z17_Z22",2024,1,1,2,1
"Z23","Z17",0.857142857142857,"ZZ","same","same","Z17_Z23",2024,1,1,2,1
"Z24","Z17",0.666666666666667,"ZZ","same","same","Z17_Z24",2024,0,1,1,0
"Z26","Z17",0.5,"ZZ","same","same","Z17_Z26",2024,1,1,2,1
"Z27","Z17",0.571428571428571,"ZZ","same","same","Z17_Z27",2024,0,1,1,0
"Z28","Z17",0.571428571428571,"ZZ","same","same","Z17_Z28",2024,1,1,2,1
"Z29","Z17",0.444444444444444,"ZZ","same","same","Z17_Z29",2024,1,1,2,1
"Z30","Z17",0.571428571428571,"ZZ","same","same","Z17_Z30",2024,1,1,2,1
"Z31","Z17",0.571428571428571,"ZZ","same","same","Z17_Z31",2024,1,1,2,1
"Z32","Z17",0.666666666666667,"ZZ","same","same","Z17_Z32",2024,1,1,2,1
"Z33","Z17",0.5,"ZZ","same","same","Z17_Z33",2024,1,1,2,1
"Z35","Z17",1,"ZZ","same","same","Z17_Z35",2024,1,1,2,1
"Z38","Z17",0.571428571428571,"ZZ","same","same","Z17_Z38",2024,0,1,1,0
"Z39","Z17",0.444444444444444,"ZZ","same","same","Z17_Z39",2024,1,1,2,1
"Z40","Z17",0.5,"ZZ","same","same","Z17_Z40",2024,0,1,1,0
"Z41","Z17",0.375,"ZZ","same","same","Z17_Z41",2024,1,1,2,1
"Z42","Z17",0.5,"ZZ","same","same","Z17_Z42",2024,1,1,2,1
"Z43","Z17",0.571428571428571,"ZZ","same","same","Z17_Z43",2024,1,1,2,1
"Z44","Z17",0.666666666666667,"ZZ","same","same","Z17_Z44",2024,0,1,1,0
"Z45","Z17",0.5,"ZZ","same","same","Z17_Z45",2024,1,1,2,1
"Z19","Z18",0.75,"ZZ","same","same","Z18_Z19",2024,0,0,0,1
"Z20","Z18",0.6,"ZZ","same","same","Z18_Z20",2024,1,0,1,0
"Z21","Z18",0.6,"ZZ","same","same","Z18_Z21",2024,1,0,1,0
"Z22","Z18",0.5,"ZZ","same","same","Z18_Z22",2024,1,0,1,0
"Z23","Z18",0.428571428571428,"ZZ","same","same","Z18_Z23",2024,1,0,1,0
"Z24","Z18",0.75,"ZZ","same","same","Z18_Z24",2024,0,0,0,1
"Z26","Z18",0.5,"ZZ","same","same","Z18_Z26",2024,1,0,1,0
"Z27","Z18",0.6,"ZZ","same","same","Z18_Z27",2024,0,0,0,1
"Z28","Z18",0.6,"ZZ","same","same","Z18_Z28",2024,1,0,1,0
"Z29","Z18",0.428571428571428,"ZZ","same","same","Z18_Z29",2024,1,0,1,0
"Z30","Z18",0.6,"ZZ","same","same","Z18_Z30",2024,1,0,1,0
"Z31","Z18",0.6,"ZZ","same","same","Z18_Z31",2024,1,0,1,0
"Z32","Z18",0.75,"ZZ","same","same","Z18_Z32",2024,1,0,1,0
"Z33","Z18",0.5,"ZZ","same","same","Z18_Z33",2024,1,0,1,0
"Z35","Z18",0.5,"ZZ","same","same","Z18_Z35",2024,1,0,1,0
"Z38","Z18",0.6,"ZZ","same","same","Z18_Z38",2024,0,0,0,1
"Z39","Z18",0.428571428571428,"ZZ","same","same","Z18_Z39",2024,1,0,1,0
"Z40","Z18",0.5,"ZZ","same","same","Z18_Z40",2024,0,0,0,1
"Z41","Z18",0.333333333333333,"ZZ","same","same","Z18_Z41",2024,1,0,1,0
"Z42","Z18",0.5,"ZZ","same","same","Z18_Z42",2024,1,0,1,0
"Z43","Z18",0.6,"ZZ","same","same","Z18_Z43",2024,1,0,1,0
"Z44","Z18",0.75,"ZZ","same","same","Z18_Z44",2024,0,0,0,1
"Z45","Z18",0.5,"ZZ","same","same","Z18_Z45",2024,1,0,1,0
"Z20","Z19",0.8,"ZZ","same","same","Z19_Z20",2024,1,0,1,0
"Z21","Z19",0.8,"ZZ","same","same","Z19_Z21",2024,1,0,1,0
"Z22","Z19",0.666666666666667,"ZZ","same","same","Z19_Z22",2024,1,0,1,0
"Z23","Z19",0.571428571428571,"ZZ","same","same","Z19_Z23",2024,1,0,1,0
"Z24","Z19",1,"ZZ","same","same","Z19_Z24",2024,0,0,0,1
"Z26","Z19",0.666666666666667,"ZZ","same","same","Z19_Z26",2024,1,0,1,0
"Z27","Z19",0.8,"ZZ","same","same","Z19_Z27",2024,0,0,0,1
"Z28","Z19",0.8,"ZZ","same","same","Z19_Z28",2024,1,0,1,0
"Z29","Z19",0.571428571428571,"ZZ","same","same","Z19_Z29",2024,1,0,1,0
"Z30","Z19",0.8,"ZZ","same","same","Z19_Z30",2024,1,0,1,0
"Z31","Z19",0.8,"ZZ","same","same","Z19_Z31",2024,1,0,1,0
"Z32","Z19",1,"ZZ","same","same","Z19_Z32",2024,1,0,1,0
"Z33","Z19",0.666666666666667,"ZZ","same","same","Z19_Z33",2024,1,0,1,0
"Z35","Z19",0.666666666666667,"ZZ","same","same","Z19_Z35",2024,1,0,1,0
"Z38","Z19",0.8,"ZZ","same","same","Z19_Z38",2024,0,0,0,1
"Z39","Z19",0.571428571428571,"ZZ","same","same","Z19_Z39",2024,1,0,1,0
"Z40","Z19",0.75,"ZZ","same","same","Z19_Z40",2024,0,0,0,1
"Z41","Z19",0.5,"ZZ","same","same","Z19_Z41",2024,1,0,1,0
"Z42","Z19",0.666666666666667,"ZZ","same","same","Z19_Z42",2024,1,0,1,0
"Z43","Z19",0.8,"ZZ","same","same","Z19_Z43",2024,1,0,1,0
"Z44","Z19",1,"ZZ","same","same","Z19_Z44",2024,0,0,0,1
"Z45","Z19",0.75,"ZZ","same","same","Z19_Z45",2024,1,0,1,0
"Z21","Z20",0.666666666666667,"ZZ","same","same","Z20_Z21",2024,1,1,2,1
"Z22","Z20",0.833333333333333,"ZZ","same","same","Z20_Z22",2024,1,1,2,1
"Z23","Z20",0.5,"ZZ","same","same","Z20_Z23",2024,1,1,2,1
"Z24","Z20",0.8,"ZZ","same","same","Z20_Z24",2024,0,1,1,0
"Z26","Z20",0.571428571428571,"ZZ","same","same","Z20_Z26",2024,1,1,2,1
"Z27","Z20",0.666666666666667,"ZZ","same","same","Z20_Z27",2024,0,1,1,0
"Z28","Z20",0.666666666666667,"ZZ","same","same","Z20_Z28",2024,1,1,2,1
"Z29","Z20",0.714285714285714,"ZZ","same","same","Z20_Z29",2024,1,1,2,1
"Z30","Z20",0.666666666666667,"ZZ","same","same","Z20_Z30",2024,1,1,2,1
"Z31","Z20",1,"ZZ","same","same","Z20_Z31",2024,1,1,2,1
"Z32","Z20",0.8,"ZZ","same","same","Z20_Z32",2024,1,1,2,1
"Z33","Z20",0.833333333333333,"ZZ","same","same","Z20_Z33",2024,1,1,2,1
"Z35","Z20",0.571428571428571,"ZZ","same","same","Z20_Z35",2024,1,1,2,1
"Z38","Z20",0.666666666666667,"ZZ","same","same","Z20_Z38",2024,0,1,1,0
"Z39","Z20",0.714285714285714,"ZZ","same","same","Z20_Z39",2024,1,1,2,1
"Z40","Z20",0.6,"ZZ","same","same","Z20_Z40",2024,0,1,1,0
"Z41","Z20",0.666666666666667,"ZZ","same","same","Z20_Z41",2024,1,1,2,1
"Z42","Z20",0.571428571428571,"ZZ","same","same","Z20_Z42",2024,1,1,2,1
"Z43","Z20",0.666666666666667,"ZZ","same","same","Z20_Z43",2024,1,1,2,1
"Z44","Z20",0.8,"ZZ","same","same","Z20_Z44",2024,0,1,1,0
"Z45","Z20",0.6,"ZZ","same","same","Z20_Z45",2024,1,1,2,1
"Z22","Z21",0.571428571428571,"ZZ","same","same","Z21_Z22",2024,1,1,2,1
"Z23","Z21",0.714285714285714,"ZZ","same","same","Z21_Z23",2024,1,1,2,1
"Z24","Z21",0.8,"ZZ","same","same","Z21_Z24",2024,0,1,1,0
"Z26","Z21",0.571428571428571,"ZZ","same","same","Z21_Z26",2024,1,1,2,1
"Z27","Z21",0.666666666666667,"ZZ","same","same","Z21_Z27",2024,0,1,1,0
"Z28","Z21",0.666666666666667,"ZZ","same","same","Z21_Z28",2024,1,1,2,1
"Z29","Z21",0.5,"ZZ","same","same","Z21_Z29",2024,1,1,2,1
"Z30","Z21",0.666666666666667,"ZZ","same","same","Z21_Z30",2024,1,1,2,1
"Z31","Z21",0.666666666666667,"ZZ","same","same","Z21_Z31",2024,1,1,2,1
"Z32","Z21",0.8,"ZZ","same","same","Z21_Z32",2024,1,1,2,1
"Z33","Z21",0.571428571428571,"ZZ","same","same","Z21_Z33",2024,1,1,2,1
"Z35","Z21",0.833333333333333,"ZZ","same","same","Z21_Z35",2024,1,1,2,1
"Z38","Z21",0.666666666666667,"ZZ","same","same","Z21_Z38",2024,0,1,1,0
"Z39","Z21",0.5,"ZZ","same","same","Z21_Z39",2024,1,1,2,1
"Z40","Z21",0.6,"ZZ","same","same","Z21_Z40",2024,0,1,1,0
"Z41","Z21",0.428571428571428,"ZZ","same","same","Z21_Z41",2024,1,1,2,1
"Z42","Z21",0.571428571428571,"ZZ","same","same","Z21_Z42",2024,1,1,2,1
"Z43","Z21",0.666666666666667,"ZZ","same","same","Z21_Z43",2024,1,1,2,1
"Z44","Z21",0.8,"ZZ","same","same","Z21_Z44",2024,0,1,1,0
"Z45","Z21",0.6,"ZZ","same","same","Z21_Z45",2024,1,1,2,1
"Z23","Z22",0.625,"ZZ","same","same","Z22_Z23",2024,1,1,2,1
"Z24","Z22",0.666666666666667,"ZZ","same","same","Z22_Z24",2024,0,1,1,0
"Z26","Z22",0.714285714285714,"ZZ","same","same","Z22_Z26",2024,1,1,2,1
"Z27","Z22",0.833333333333333,"ZZ","same","same","Z22_Z27",2024,0,1,1,0
"Z28","Z22",0.833333333333333,"ZZ","same","same","Z22_Z28",2024,1,1,2,1
"Z29","Z22",0.857142857142857,"ZZ","same","same","Z22_Z29",2024,1,1,2,1
"Z30","Z22",0.833333333333333,"ZZ","same","same","Z22_Z30",2024,1,1,2,1
"Z31","Z22",0.833333333333333,"ZZ","same","same","Z22_Z31",2024,1,1,2,1
"Z32","Z22",0.666666666666667,"ZZ","same","same","Z22_Z32",2024,1,1,2,1
"Z33","Z22",1,"ZZ","same","same","Z22_Z33",2024,1,1,2,1
"Z35","Z22",0.5,"ZZ","same","same","Z22_Z35",2024,1,1,2,1
"Z38","Z22",0.833333333333333,"ZZ","same","same","Z22_Z38",2024,0,1,1,0
"Z39","Z22",0.857142857142857,"ZZ","same","same","Z22_Z39",2024,1,1,2,1
"Z40","Z22",0.5,"ZZ","same","same","Z22_Z40",2024,0,1,1,0
"Z41","Z22",0.571428571428571,"ZZ","same","same","Z22_Z41",2024,1,1,2,1
"Z42","Z22",0.5,"ZZ","same","same","Z22_Z42",2024,1,1,2,1
"Z43","Z22",0.571428571428571,"ZZ","same","same","Z22_Z43",2024,1,1,2,1
"Z44","Z22",0.666666666666667,"ZZ","same","same","Z22_Z44",2024,0,1,1,0
"Z45","Z22",0.5,"ZZ","same","same","Z22_Z45",2024,1,1,2,1
"Z24","Z23",0.571428571428571,"ZZ","same","same","Z23_Z24",2024,0,1,1,0
"Z26","Z23",0.625,"ZZ","same","same","Z23_Z26",2024,1,1,2,1
"Z27","Z23",0.714285714285714,"ZZ","same","same","Z23_Z27",2024,0,1,1,0
"Z28","Z23",0.714285714285714,"ZZ","same","same","Z23_Z28",2024,1,1,2,1
"Z29","Z23",0.555555555555556,"ZZ","same","same","Z23_Z29",2024,1,1,2,1
"Z30","Z23",0.714285714285714,"ZZ","same","same","Z23_Z30",2024,1,1,2,1
"Z31","Z23",0.5,"ZZ","same","same","Z23_Z31",2024,1,1,2,1
"Z32","Z23",0.571428571428571,"ZZ","same","same","Z23_Z32",2024,1,1,2,1
"Z33","Z23",0.625,"ZZ","same","same","Z23_Z33",2024,1,1,2,1
"Z35","Z23",0.857142857142857,"ZZ","same","same","Z23_Z35",2024,1,1,2,1
"Z38","Z23",0.714285714285714,"ZZ","same","same","Z23_Z38",2024,0,1,1,0
"Z39","Z23",0.555555555555556,"ZZ","same","same","Z23_Z39",2024,1,1,2,1
"Z40","Z23",0.428571428571428,"ZZ","same","same","Z23_Z40",2024,0,1,1,0
"Z41","Z23",0.333333333333333,"ZZ","same","same","Z23_Z41",2024,1,1,2,1
"Z42","Z23",0.444444444444444,"ZZ","same","same","Z23_Z42",2024,1,1,2,1
"Z43","Z23",0.5,"ZZ","same","same","Z23_Z43",2024,1,1,2,1
"Z44","Z23",0.571428571428571,"ZZ","same","same","Z23_Z44",2024,0,1,1,0
"Z45","Z23",0.428571428571428,"ZZ","same","same","Z23_Z45",2024,1,1,2,1
"Z26","Z24",0.666666666666667,"ZZ","same","same","Z24_Z26",2024,1,0,1,0
"Z27","Z24",0.8,"ZZ","same","same","Z24_Z27",2024,0,0,0,1
"Z28","Z24",0.8,"ZZ","same","same","Z24_Z28",2024,1,0,1,0
"Z29","Z24",0.571428571428571,"ZZ","same","same","Z24_Z29",2024,1,0,1,0
"Z30","Z24",0.8,"ZZ","same","same","Z24_Z30",2024,1,0,1,0
"Z31","Z24",0.8,"ZZ","same","same","Z24_Z31",2024,1,0,1,0
"Z32","Z24",1,"ZZ","same","same","Z24_Z32",2024,1,0,1,0
"Z33","Z24",0.666666666666667,"ZZ","same","same","Z24_Z33",2024,1,0,1,0
"Z35","Z24",0.666666666666667,"ZZ","same","same","Z24_Z35",2024,1,0,1,0
"Z38","Z24",0.8,"ZZ","same","same","Z24_Z38",2024,0,0,0,1
"Z39","Z24",0.571428571428571,"ZZ","same","same","Z24_Z39",2024,1,0,1,0
"Z40","Z24",0.75,"ZZ","same","same","Z24_Z40",2024,0,0,0,1
"Z41","Z24",0.5,"ZZ","same","same","Z24_Z41",2024,1,0,1,0
"Z42","Z24",0.666666666666667,"ZZ","same","same","Z24_Z42",2024,1,0,1,0
"Z43","Z24",0.8,"ZZ","same","same","Z24_Z43",2024,1,0,1,0
"Z44","Z24",1,"ZZ","same","same","Z24_Z44",2024,0,0,0,1
"Z45","Z24",0.75,"ZZ","same","same","Z24_Z45",2024,1,0,1,0
"Z27","Z26",0.833333333333333,"ZZ","same","same","Z26_Z27",2024,0,1,1,0
"Z28","Z26",0.833333333333333,"ZZ","same","same","Z26_Z28",2024,1,1,2,1
"Z29","Z26",0.625,"ZZ","same","same","Z26_Z29",2024,1,1,2,1
"Z30","Z26",0.833333333333333,"ZZ","same","same","Z26_Z30",2024,1,1,2,1
"Z31","Z26",0.571428571428571,"ZZ","same","same","Z26_Z31",2024,1,1,2,1
"Z32","Z26",0.666666666666667,"ZZ","same","same","Z26_Z32",2024,1,1,2,1
"Z33","Z26",0.714285714285714,"ZZ","same","same","Z26_Z33",2024,1,1,2,1
"Z35","Z26",0.5,"ZZ","same","same","Z26_Z35",2024,1,1,2,1
"Z38","Z26",0.833333333333333,"ZZ","same","same","Z26_Z38",2024,0,1,1,0
"Z39","Z26",0.625,"ZZ","same","same","Z26_Z39",2024,1,1,2,1
"Z40","Z26",0.5,"ZZ","same","same","Z26_Z40",2024,0,1,1,0
"Z41","Z26",0.375,"ZZ","same","same","Z26_Z41",2024,1,1,2,1
"Z42","Z26",0.714285714285714,"ZZ","same","same","Z26_Z42",2024,1,1,2,1
"Z43","Z26",0.833333333333333,"ZZ","same","same","Z26_Z43",2024,1,1,2,1
"Z44","Z26",0.666666666666667,"ZZ","same","same","Z26_Z44",2024,0,1,1,0
"Z45","Z26",0.5,"ZZ","same","same","Z26_Z45",2024,1,1,2,1
"Z28","Z27",1,"ZZ","same","same","Z27_Z28",2024,1,0,1,0
"Z29","Z27",0.714285714285714,"ZZ","same","same","Z27_Z29",2024,1,0,1,0
"Z30","Z27",1,"ZZ","same","same","Z27_Z30",2024,1,0,1,0
"Z31","Z27",0.666666666666667,"ZZ","same","same","Z27_Z31",2024,1,0,1,0
"Z32","Z27",0.8,"ZZ","same","same","Z27_Z32",2024,1,0,1,0
"Z33","Z27",0.833333333333333,"ZZ","same","same","Z27_Z33",2024,1,0,1,0
"Z35","Z27",0.571428571428571,"ZZ","same","same","Z27_Z35",2024,1,0,1,0
"Z38","Z27",1,"ZZ","same","same","Z27_Z38",2024,0,0,0,1
"Z39","Z27",0.714285714285714,"ZZ","same","same","Z27_Z39",2024,1,0,1,0
"Z40","Z27",0.6,"ZZ","same","same","Z27_Z40",2024,0,0,0,1
"Z41","Z27",0.428571428571428,"ZZ","same","same","Z27_Z41",2024,1,0,1,0
"Z42","Z27",0.571428571428571,"ZZ","same","same","Z27_Z42",2024,1,0,1,0
"Z43","Z27",0.666666666666667,"ZZ","same","same","Z27_Z43",2024,1,0,1,0
"Z44","Z27",0.8,"ZZ","same","same","Z27_Z44",2024,0,0,0,1
"Z45","Z27",0.6,"ZZ","same","same","Z27_Z45",2024,1,0,1,0
"Z29","Z28",0.714285714285714,"ZZ","same","same","Z28_Z29",2024,1,1,2,1
"Z30","Z28",1,"ZZ","same","same","Z28_Z30",2024,1,1,2,1
"Z31","Z28",0.666666666666667,"ZZ","same","same","Z28_Z31",2024,1,1,2,1
"Z32","Z28",0.8,"ZZ","same","same","Z28_Z32",2024,1,1,2,1
"Z33","Z28",0.833333333333333,"ZZ","same","same","Z28_Z33",2024,1,1,2,1
"Z35","Z28",0.571428571428571,"ZZ","same","same","Z28_Z35",2024,1,1,2,1
"Z38","Z28",1,"ZZ","same","same","Z28_Z38",2024,0,1,1,0
"Z39","Z28",0.714285714285714,"ZZ","same","same","Z28_Z39",2024,1,1,2,1
"Z40","Z28",0.6,"ZZ","same","same","Z28_Z40",2024,0,1,1,0
"Z41","Z28",0.428571428571428,"ZZ","same","same","Z28_Z41",2024,1,1,2,1
"Z42","Z28",0.571428571428571,"ZZ","same","same","Z28_Z42",2024,1,1,2,1
"Z43","Z28",0.666666666666667,"ZZ","same","same","Z28_Z43",2024,1,1,2,1
"Z44","Z28",0.8,"ZZ","same","same","Z28_Z44",2024,0,1,1,0
"Z45","Z28",0.6,"ZZ","same","same","Z28_Z45",2024,1,1,2,1
"Z30","Z29",0.714285714285714,"ZZ","same","same","Z29_Z30",2024,1,1,2,1
"Z31","Z29",0.714285714285714,"ZZ","same","same","Z29_Z31",2024,1,1,2,1
"Z32","Z29",0.571428571428571,"ZZ","same","same","Z29_Z32",2024,1,1,2,1
"Z33","Z29",0.857142857142857,"ZZ","same","same","Z29_Z33",2024,1,1,2,1
"Z35","Z29",0.444444444444444,"ZZ","same","same","Z29_Z35",2024,1,1,2,1
"Z38","Z29",0.714285714285714,"ZZ","same","same","Z29_Z38",2024,0,1,1,0
"Z39","Z29",1,"ZZ","same","same","Z29_Z39",2024,1,1,2,1
"Z40","Z29",0.428571428571428,"ZZ","same","same","Z29_Z40",2024,0,1,1,0
"Z41","Z29",0.714285714285714,"ZZ","same","same","Z29_Z41",2024,1,1,2,1
"Z42","Z29",0.625,"ZZ","same","same","Z29_Z42",2024,1,1,2,1
"Z43","Z29",0.5,"ZZ","same","same","Z29_Z43",2024,1,1,2,1
"Z44","Z29",0.571428571428571,"ZZ","same","same","Z29_Z44",2024,0,1,1,0
"Z45","Z29",0.428571428571428,"ZZ","same","same","Z29_Z45",2024,1,1,2,1
"Z31","Z30",0.666666666666667,"ZZ","same","same","Z30_Z31",2024,1,1,2,1
"Z32","Z30",0.8,"ZZ","same","same","Z30_Z32",2024,1,1,2,1
"Z33","Z30",0.833333333333333,"ZZ","same","same","Z30_Z33",2024,1,1,2,1
"Z35","Z30",0.571428571428571,"ZZ","same","same","Z30_Z35",2024,1,1,2,1
"Z38","Z30",1,"ZZ","same","same","Z30_Z38",2024,0,1,1,0
"Z39","Z30",0.714285714285714,"ZZ","same","same","Z30_Z39",2024,1,1,2,1
"Z40","Z30",0.6,"ZZ","same","same","Z30_Z40",2024,0,1,1,0
"Z41","Z30",0.428571428571428,"ZZ","same","same","Z30_Z41",2024,1,1,2,1
"Z42","Z30",0.571428571428571,"ZZ","same","same","Z30_Z42",2024,1,1,2,1
"Z43","Z30",0.666666666666667,"ZZ","same","same","Z30_Z43",2024,1,1,2,1
"Z44","Z30",0.8,"ZZ","same","same","Z30_Z44",2024,0,1,1,0
"Z45","Z30",0.6,"ZZ","same","same","Z30_Z45",2024,1,1,2,1
"Z32","Z31",0.8,"ZZ","same","same","Z31_Z32",2024,1,1,2,1
"Z33","Z31",0.833333333333333,"ZZ","same","same","Z31_Z33",2024,1,1,2,1
"Z35","Z31",0.571428571428571,"ZZ","same","same","Z31_Z35",2024,1,1,2,1
"Z38","Z31",0.666666666666667,"ZZ","same","same","Z31_Z38",2024,0,1,1,0
"Z39","Z31",0.714285714285714,"ZZ","same","same","Z31_Z39",2024,1,1,2,1
"Z40","Z31",0.6,"ZZ","same","same","Z31_Z40",2024,0,1,1,0
"Z41","Z31",0.666666666666667,"ZZ","same","same","Z31_Z41",2024,1,1,2,1
"Z42","Z31",0.571428571428571,"ZZ","same","same","Z31_Z42",2024,1,1,2,1
"Z43","Z31",0.666666666666667,"ZZ","same","same","Z31_Z43",2024,1,1,2,1
"Z44","Z31",0.8,"ZZ","same","same","Z31_Z44",2024,0,1,1,0
"Z45","Z31",0.6,"ZZ","same","same","Z31_Z45",2024,1,1,2,1
"Z33","Z32",0.666666666666667,"ZZ","same","same","Z32_Z33",2024,1,1,2,1
"Z35","Z32",0.666666666666667,"ZZ","same","same","Z32_Z35",2024,1,1,2,1
"Z38","Z32",0.8,"ZZ","same","same","Z32_Z38",2024,0,1,1,0
"Z39","Z32",0.571428571428571,"ZZ","same","same","Z32_Z39",2024,1,1,2,1
"Z40","Z32",0.75,"ZZ","same","same","Z32_Z40",2024,0,1,1,0
"Z41","Z32",0.5,"ZZ","same","same","Z32_Z41",2024,1,1,2,1
"Z42","Z32",0.666666666666667,"ZZ","same","same","Z32_Z42",2024,1,1,2,1
"Z43","Z32",0.8,"ZZ","same","same","Z32_Z43",2024,1,1,2,1
"Z44","Z32",1,"ZZ","same","same","Z32_Z44",2024,0,1,1,0
"Z45","Z32",0.75,"ZZ","same","same","Z32_Z45",2024,1,1,2,1
"Z35","Z33",0.5,"ZZ","same","same","Z33_Z35",2024,1,1,2,1
"Z38","Z33",0.833333333333333,"ZZ","same","same","Z33_Z38",2024,0,1,1,0
"Z39","Z33",0.857142857142857,"ZZ","same","same","Z33_Z39",2024,1,1,2,1
"Z40","Z33",0.5,"ZZ","same","same","Z33_Z40",2024,0,1,1,0
"Z41","Z33",0.571428571428571,"ZZ","same","same","Z33_Z41",2024,1,1,2,1
"Z42","Z33",0.5,"ZZ","same","same","Z33_Z42",2024,1,1,2,1
"Z43","Z33",0.571428571428571,"ZZ","same","same","Z33_Z43",2024,1,1,2,1
"Z44","Z33",0.666666666666667,"ZZ","same","same","Z33_Z44",2024,0,1,1,0
"Z45","Z33",0.5,"ZZ","same","same","Z33_Z45",2024,1,1,2,1
"Z38","Z35",0.571428571428571,"ZZ","same","same","Z35_Z38",2024,0,1,1,0
"Z39","Z35",0.444444444444444,"ZZ","same","same","Z35_Z39",2024,1,1,2,1
"Z40","Z35",0.5,"ZZ","same","same","Z35_Z40",2024,0,1,1,0
"Z41","Z35",0.375,"ZZ","same","same","Z35_Z41",2024,1,1,2,1
"Z42","Z35",0.5,"ZZ","same","same","Z35_Z42",2024,1,1,2,1
"Z43","Z35",0.571428571428571,"ZZ","same","same","Z35_Z43",2024,1,1,2,1
"Z44","Z35",0.666666666666667,"ZZ","same","same","Z35_Z44",2024,0,1,1,0
"Z45","Z35",0.5,"ZZ","same","same","Z35_Z45",2024,1,1,2,1
"Z39","Z38",0.714285714285714,"ZZ","same","same","Z38_Z39",2024,1,0,1,0
"Z40","Z38",0.6,"ZZ","same","same","Z38_Z40",2024,0,0,0,1
"Z41","Z38",0.428571428571428,"ZZ","same","same","Z38_Z41",2024,1,0,1,0
"Z42","Z38",0.571428571428571,"ZZ","same","same","Z38_Z42",2024,1,0,1,0
"Z43","Z38",0.666666666666667,"ZZ","same","same","Z38_Z43",2024,1,0,1,0
"Z44","Z38",0.8,"ZZ","same","same","Z38_Z44",2024,0,0,0,1
"Z45","Z38",0.6,"ZZ","same","same","Z38_Z45",2024,1,0,1,0
"Z40","Z39",0.428571428571428,"ZZ","same","same","Z39_Z40",2024,0,1,1,0
"Z41","Z39",0.714285714285714,"ZZ","same","same","Z39_Z41",2024,1,1,2,1
"Z42","Z39",0.625,"ZZ","same","same","Z39_Z42",2024,1,1,2,1
"Z43","Z39",0.5,"ZZ","same","same","Z39_Z43",2024,1,1,2,1
"Z44","Z39",0.571428571428571,"ZZ","same","same","Z39_Z44",2024,0,1,1,0
"Z45","Z39",0.428571428571428,"ZZ","same","same","Z39_Z45",2024,1,1,2,1
"Z41","Z40",0.6,"ZZ","same","same","Z40_Z41",2024,1,0,1,0
"Z42","Z40",0.5,"ZZ","same","same","Z40_Z42",2024,1,0,1,0
"Z43","Z40",0.6,"ZZ","same","same","Z40_Z43",2024,1,0,1,0
"Z44","Z40",0.75,"ZZ","same","same","Z40_Z44",2024,0,0,0,1
"Z45","Z40",0.5,"ZZ","same","same","Z40_Z45",2024,1,0,1,0
"Z42","Z41",0.571428571428571,"ZZ","same","same","Z41_Z42",2024,1,1,2,1
"Z43","Z41",0.428571428571428,"ZZ","same","same","Z41_Z43",2024,1,1,2,1
"Z44","Z41",0.5,"ZZ","same","same","Z41_Z44",2024,0,1,1,0
"Z45","Z41",0.333333333333333,"ZZ","same","same","Z41_Z45",2024,1,1,2,1
"Z43","Z42",0.833333333333333,"ZZ","same","same","Z42_Z43",2024,1,1,2,1
"Z44","Z42",0.666666666666667,"ZZ","same","same","Z42_Z44",2024,0,1,1,0
"Z45","Z42",0.5,"ZZ","same","same","Z42_Z45",2024,1,1,2,1
"Z44","Z43",0.8,"ZZ","same","same","Z43_Z44",2024,0,1,1,0
"Z45","Z43",0.6,"ZZ","same","same","Z43_Z45",2024,1,1,2,1
"Z45","Z44",0.75,"ZZ","same","same","Z44_Z45",2024,1,0,1,0
"X20","X18",0.6,"XX","same","same","X18_X20",2026,0,0,0,1
"X21","X18",0.555555555555556,"XX","same","same","X18_X21",2026,0,0,0,1
"X22","X18",0.666666666666667,"XX","same","same","X18_X22",2026,0,0,0,1
"X23","X18",0.6,"XX","same","same","X18_X23",2026,1,0,1,0
"X25","X18",0.6,"XX","same","same","X18_X25",2026,1,0,1,0
"X27","X18",0.666666666666667,"XX","same","same","X18_X27",2026,1,0,1,0
"X31","X18",0.666666666666667,"XX","same","same","X18_X31",2026,1,0,1,0
"X32","X18",0.6,"XX","same","same","X18_X32",2026,0,0,0,1
"X33","X18",0.75,"XX","same","same","X18_X33",2026,0,0,0,1
"X35","X18",0.75,"XX","same","same","X18_X35",2026,0,0,0,1
"X36","X18",0.75,"XX","same","same","X18_X36",2026,0,0,0,1
"X38","X18",0.857142857142857,"XX","same","same","X18_X38",2026,0,0,0,1
"X39","X18",0.666666666666667,"XX","same","same","X18_X39",2026,1,0,1,0
"Y01","X18",0.666666666666667,"YX","other","other","X18_Y01",2026,1,0,1,0
"Y02","X18",0.857142857142857,"YX","other","other","X18_Y02",2026,1,0,1,0
"Y03","X18",0.5,"YX","other","other","X18_Y03",2026,0,0,0,1
"Y04","X18",0.444444444444444,"YX","other","other","X18_Y04",2026,1,0,1,0
"Y05","X18",0.75,"YX","other","other","X18_Y05",2026,1,0,1,0
"Y06","X18",0.6,"YX","other","other","X18_Y06",2026,1,0,1,0
"Y07","X18",0.5,"YX","other","other","X18_Y07",2026,1,0,1,0
"Y08","X18",0.666666666666667,"YX","other","other","X18_Y08",2026,1,0,1,0
"Y09","X18",0.666666666666667,"YX","other","other","X18_Y09",2026,1,0,1,0
"Y10","X18",0.5,"YX","other","other","X18_Y10",2026,1,0,1,0
"Y11","X18",0.625,"YX","other","other","X18_Y11",2026,1,0,1,0
"Y12","X18",0.666666666666667,"YX","other","other","X18_Y12",2026,1,0,1,0
"Y14","X18",0.555555555555556,"YX","other","other","X18_Y14",2026,1,0,1,0
"Y16","X18",0.625,"YX","other","other","X18_Y16",2026,0,0,0,1
"Y17","X18",0.625,"YX","other","other","X18_Y17",2026,1,0,1,0
"Y18","X18",0.666666666666667,"YX","other","other","X18_Y18",2026,1,0,1,0
"Y19","X18",0.666666666666667,"YX","other","other","X18_Y19",2026,1,0,1,0
"Y20","X18",0.714285714285714,"YX","other","other","X18_Y20",2026,1,0,1,0
"Y21","X18",0.75,"YX","other","other","X18_Y21",2026,1,0,1,0
"Y22","X18",0.666666666666667,"YX","other","other","X18_Y22",2026,0,0,0,1
"Y23","X18",0.75,"YX","other","other","X18_Y23",2026,0,0,0,1
"Y24","X18",0.857142857142857,"YX","other","other","X18_Y24",2026,0,0,0,1
"Y25","X18",1,"YX","other","other","X18_Y25",2026,0,0,0,1
"Y26","X18",0.625,"YX","other","other","X18_Y26",2026,1,0,1,0
"Y27","X18",0.75,"YX","other","other","X18_Y27",2026,0,0,0,1
"Y28","X18",0.571428571428571,"YX","other","other","X18_Y28",2026,0,0,0,1
"Y29","X18",0.5,"YX","other","other","X18_Y29",2026,1,0,1,0
"Y30","X18",0.833333333333333,"YX","other","other","X18_Y30",2026,0,0,0,1
"Y31","X18",0.75,"YX","other","other","X18_Y31",2026,0,0,0,1
"Y32","X18",0.555555555555556,"YX","other","other","X18_Y32",2026,0,0,0,1
"Y33","X18",0.75,"YX","other","other","X18_Y33",2026,0,0,0,1
"Y34","X18",0.714285714285714,"YX","other","other","X18_Y34",2026,1,0,1,0
"Y35","X18",0.625,"YX","other","other","X18_Y35",2026,0,0,0,1
"Z02","X18",0.857142857142857,"ZX","other","other","X18_Z02",2026,1,0,1,0
"Z07","X18",1,"ZX","other","other","X18_Z07",2026,0,0,0,1
"Z10","X18",0.666666666666667,"ZX","other","other","X18_Z10",2026,1,0,1,0
"Z11","X18",0.75,"ZX","other","other","X18_Z11",2026,1,0,1,0
"Z16","X18",0.666666666666667,"ZX","other","other","X18_Z16",2026,1,0,1,0
"Z20","X18",0.75,"ZX","other","other","X18_Z20",2026,1,0,1,0
"Z21","X18",0.75,"ZX","other","other","X18_Z21",2026,1,0,1,0
"Z22","X18",0.75,"ZX","other","other","X18_Z22",2026,1,0,1,0
"Z27","X18",0.5,"ZX","other","other","X18_Z27",2026,0,0,0,1
"Z28","X18",0.625,"ZX","other","other","X18_Z28",2026,1,0,1,0
"Z29","X18",0.75,"ZX","other","other","X18_Z29",2026,1,0,1,0
"Z31","X18",0.625,"ZX","other","other","X18_Z31",2026,1,0,1,0
"Z32","X18",0.625,"ZX","other","other","X18_Z32",2026,1,0,1,0
"Z33","X18",0.75,"ZX","other","other","X18_Z33",2026,1,0,1,0
"Z39","X18",0.666666666666667,"ZX","other","other","X18_Z39",2026,1,0,1,0
"Z42","X18",0.75,"ZX","other","other","X18_Z42",2026,1,0,1,0
"Z43","X18",0.75,"ZX","other","other","X18_Z43",2026,1,0,1,0
"Z45","X18",0.75,"ZX","other","other","X18_Z45",2026,1,0,1,0
"X21","X20",0.8,"XX","same","same","X20_X21",2026,0,0,0,1
"X22","X20",0.9,"XX","same","same","X20_X22",2026,0,0,0,1
"X23","X20",1,"XX","same","same","X20_X23",2026,1,0,1,0
"X25","X20",1,"XX","same","same","X20_X25",2026,1,0,1,0
"X27","X20",0.9,"XX","same","same","X20_X27",2026,1,0,1,0
"X31","X20",0.9,"XX","same","same","X20_X31",2026,1,0,1,0
"X32","X20",1,"XX","same","same","X20_X32",2026,0,0,0,1
"X33","X20",0.8,"XX","same","same","X20_X33",2026,0,0,0,1
"X35","X20",0.8,"XX","same","same","X20_X35",2026,0,0,0,1
"X36","X20",0.8,"XX","same","same","X20_X36",2026,0,0,0,1
"X38","X20",0.7,"XX","same","same","X20_X38",2026,0,0,0,1
"X39","X20",0.9,"XX","same","same","X20_X39",2026,1,0,1,0
"Y01","X20",0.9,"YX","other","other","X20_Y01",2026,1,0,1,0
"Y02","X20",0.7,"YX","other","other","X20_Y02",2026,1,0,1,0
"Y03","X20",0.9,"YX","other","other","X20_Y03",2026,0,0,0,1
"Y04","X20",0.7,"YX","other","other","X20_Y04",2026,1,0,1,0
"Y05","X20",0.8,"YX","other","other","X20_Y05",2026,1,0,1,0
"Y06","X20",1,"YX","other","other","X20_Y06",2026,1,0,1,0
"Y07","X20",0.9,"YX","other","other","X20_Y07",2026,1,0,1,0
"Y08","X20",0.9,"YX","other","other","X20_Y08",2026,1,0,1,0
"Y09","X20",0.9,"YX","other","other","X20_Y09",2026,1,0,1,0
"Y10","X20",0.6,"YX","other","other","X20_Y10",2026,1,0,1,0
"Y11","X20",0.7,"YX","other","other","X20_Y11",2026,1,0,1,0
"Y12","X20",0.9,"YX","other","other","X20_Y12",2026,1,0,1,0
"Y14","X20",0.8,"YX","other","other","X20_Y14",2026,1,0,1,0
"Y16","X20",0.7,"YX","other","other","X20_Y16",2026,0,0,0,1
"Y17","X20",0.7,"YX","other","other","X20_Y17",2026,1,0,1,0
"Y18","X20",0.9,"YX","other","other","X20_Y18",2026,1,0,1,0
"Y19","X20",0.9,"YX","other","other","X20_Y19",2026,1,0,1,0
"Y20","X20",0.6,"YX","other","other","X20_Y20",2026,1,0,1,0
"Y21","X20",0.8,"YX","other","other","X20_Y21",2026,1,0,1,0
"Y22","X20",0.9,"YX","other","other","X20_Y22",2026,0,0,0,1
"Y23","X20",0.8,"YX","other","other","X20_Y23",2026,0,0,0,1
"Y24","X20",0.7,"YX","other","other","X20_Y24",2026,0,0,0,1
"Y25","X20",0.6,"YX","other","other","X20_Y25",2026,0,0,0,1
"Y26","X20",0.7,"YX","other","other","X20_Y26",2026,1,0,1,0
"Y27","X20",0.8,"YX","other","other","X20_Y27",2026,0,0,0,1
"Y28","X20",0.5,"YX","other","other","X20_Y28",2026,0,0,0,1
"Y29","X20",0.6,"YX","other","other","X20_Y29",2026,1,0,1,0
"Y30","X20",0.5,"YX","other","other","X20_Y30",2026,0,0,0,1
"Y31","X20",0.8,"YX","other","other","X20_Y31",2026,0,0,0,1
"Y32","X20",0.8,"YX","other","other","X20_Y32",2026,0,0,0,1
"Y33","X20",0.8,"YX","other","other","X20_Y33",2026,0,0,0,1
"Y34","X20",0.6,"YX","other","other","X20_Y34",2026,1,0,1,0
"Y35","X20",0.7,"YX","other","other","X20_Y35",2026,0,0,0,1
"Z02","X20",0.7,"ZX","other","other","X20_Z02",2026,1,0,1,0
"Z07","X20",0.6,"ZX","other","other","X20_Z07",2026,0,0,0,1
"Z10","X20",0.9,"ZX","other","other","X20_Z10",2026,1,0,1,0
"Z11","X20",0.8,"ZX","other","other","X20_Z11",2026,1,0,1,0
"Z16","X20",0.9,"ZX","other","other","X20_Z16",2026,1,0,1,0
"Z20","X20",0.8,"ZX","other","other","X20_Z20",2026,1,0,1,0
"Z21","X20",0.8,"ZX","other","other","X20_Z21",2026,1,0,1,0
"Z22","X20",0.8,"ZX","other","other","X20_Z22",2026,1,0,1,0
"Z27","X20",0.6,"ZX","other","other","X20_Z27",2026,0,0,0,1
"Z28","X20",0.7,"ZX","other","other","X20_Z28",2026,1,0,1,0
"Z29","X20",0.8,"ZX","other","other","X20_Z29",2026,1,0,1,0
"Z31","X20",0.7,"ZX","other","other","X20_Z31",2026,1,0,1,0
"Z32","X20",0.7,"ZX","other","other","X20_Z32",2026,1,0,1,0
"Z33","X20",0.8,"ZX","other","other","X20_Z33",2026,1,0,1,0
"Z39","X20",0.9,"ZX","other","other","X20_Z39",2026,1,0,1,0
"Z42","X20",0.8,"ZX","other","other","X20_Z42",2026,1,0,1,0
"Z43","X20",0.8,"ZX","other","other","X20_Z43",2026,1,0,1,0
"Z45","X20",0.8,"ZX","other","other","X20_Z45",2026,1,0,1,0
"X22","X21",0.7,"XX","same","same","X21_X22",2026,0,0,0,1
"X23","X21",0.8,"XX","same","same","X21_X23",2026,1,0,1,0
"X25","X21",0.8,"XX","same","same","X21_X25",2026,1,0,1,0
"X27","X21",0.7,"XX","same","same","X21_X27",2026,1,0,1,0
"X31","X21",0.888888888888889,"XX","same","same","X21_X31",2026,1,0,1,0
"X32","X21",0.8,"XX","same","same","X21_X32",2026,0,0,0,1
"X33","X21",0.6,"XX","same","same","X21_X33",2026,0,0,0,1
"X35","X21",0.777777777777778,"XX","same","same","X21_X35",2026,0,0,0,1
"X36","X21",0.777777777777778,"XX","same","same","X21_X36",2026,0,0,0,1
"X38","X21",0.666666666666667,"XX","same","same","X21_X38",2026,0,0,0,1
"X39","X21",0.888888888888889,"XX","same","same","X21_X39",2026,1,0,1,0
"Y01","X21",0.888888888888889,"YX","other","other","X21_Y01",2026,1,0,1,0
"Y02","X21",0.666666666666667,"YX","other","other","X21_Y02",2026,1,0,1,0
"Y03","X21",0.7,"YX","other","other","X21_Y03",2026,0,0,0,1
"Y04","X21",0.666666666666667,"YX","other","other","X21_Y04",2026,1,0,1,0
"Y05","X21",0.777777777777778,"YX","other","other","X21_Y05",2026,1,0,1,0
"Y06","X21",0.8,"YX","other","other","X21_Y06",2026,1,0,1,0
"Y07","X21",0.7,"YX","other","other","X21_Y07",2026,1,0,1,0
"Y08","X21",0.888888888888889,"YX","other","other","X21_Y08",2026,1,0,1,0
"Y09","X21",0.7,"YX","other","other","X21_Y09",2026,1,0,1,0
"Y10","X21",0.555555555555556,"YX","other","other","X21_Y10",2026,1,0,1,0
"Y11","X21",0.666666666666667,"YX","other","other","X21_Y11",2026,1,0,1,0
"Y12","X21",0.7,"YX","other","other","X21_Y12",2026,1,0,1,0
"Y14","X21",0.6,"YX","other","other","X21_Y14",2026,1,0,1,0
"Y16","X21",0.666666666666667,"YX","other","other","X21_Y16",2026,0,0,0,1
"Y17","X21",0.666666666666667,"YX","other","other","X21_Y17",2026,1,0,1,0
"Y18","X21",0.888888888888889,"YX","other","other","X21_Y18",2026,1,0,1,0
"Y19","X21",0.888888888888889,"YX","other","other","X21_Y19",2026,1,0,1,0
"Y20","X21",0.75,"YX","other","other","X21_Y20",2026,1,0,1,0
"Y21","X21",0.777777777777778,"YX","other","other","X21_Y21",2026,1,0,1,0
"Y22","X21",0.888888888888889,"YX","other","other","X21_Y22",2026,0,0,0,1
"Y23","X21",0.777777777777778,"YX","other","other","X21_Y23",2026,0,0,0,1
"Y24","X21",0.666666666666667,"YX","other","other","X21_Y24",2026,0,0,0,1
"Y25","X21",0.555555555555556,"YX","other","other","X21_Y25",2026,0,0,0,1
"Y26","X21",0.875,"YX","other","other","X21_Y26",2026,1,0,1,0
"Y27","X21",0.777777777777778,"YX","other","other","X21_Y27",2026,0,0,0,1
"Y28","X21",0.625,"YX","other","other","X21_Y28",2026,0,0,0,1
"Y29","X21",0.75,"YX","other","other","X21_Y29",2026,1,0,1,0
"Y30","X21",0.444444444444444,"YX","other","other","X21_Y30",2026,0,0,0,1
"Y31","X21",0.777777777777778,"YX","other","other","X21_Y31",2026,0,0,0,1
"Y32","X21",0.777777777777778,"YX","other","other","X21_Y32",2026,0,0,0,1
"Y33","X21",0.777777777777778,"YX","other","other","X21_Y33",2026,0,0,0,1
"Y34","X21",0.75,"YX","other","other","X21_Y34",2026,1,0,1,0
"Y35","X21",0.875,"YX","other","other","X21_Y35",2026,0,0,0,1
"Z02","X21",0.666666666666667,"ZX","other","other","X21_Z02",2026,1,0,1,0
"Z07","X21",0.555555555555556,"ZX","other","other","X21_Z07",2026,0,0,0,1
"Z10","X21",0.7,"ZX","other","other","X21_Z10",2026,1,0,1,0
"Z11","X21",0.777777777777778,"ZX","other","other","X21_Z11",2026,1,0,1,0
"Z16","X21",0.7,"ZX","other","other","X21_Z16",2026,1,0,1,0
"Z20","X21",0.777777777777778,"ZX","other","other","X21_Z20",2026,1,0,1,0
"Z21","X21",0.777777777777778,"ZX","other","other","X21_Z21",2026,1,0,1,0
"Z22","X21",0.777777777777778,"ZX","other","other","X21_Z22",2026,1,0,1,0
"Z27","X21",0.555555555555556,"ZX","other","other","X21_Z27",2026,0,0,0,1
"Z28","X21",0.666666666666667,"ZX","other","other","X21_Z28",2026,1,0,1,0
"Z29","X21",0.777777777777778,"ZX","other","other","X21_Z29",2026,1,0,1,0
"Z31","X21",0.666666666666667,"ZX","other","other","X21_Z31",2026,1,0,1,0
"Z32","X21",0.666666666666667,"ZX","other","other","X21_Z32",2026,1,0,1,0
"Z33","X21",0.777777777777778,"ZX","other","other","X21_Z33",2026,1,0,1,0
"Z39","X21",0.7,"ZX","other","other","X21_Z39",2026,1,0,1,0
"Z42","X21",0.777777777777778,"ZX","other","other","X21_Z42",2026,1,0,1,0
"Z43","X21",0.777777777777778,"ZX","other","other","X21_Z43",2026,1,0,1,0
"Z45","X21",0.777777777777778,"ZX","other","other","X21_Z45",2026,1,0,1,0
"X23","X22",0.9,"XX","same","same","X22_X23",2026,1,0,1,0
"X25","X22",0.9,"XX","same","same","X22_X25",2026,1,0,1,0
"X27","X22",0.8,"XX","same","same","X22_X27",2026,1,0,1,0
"X31","X22",0.8,"XX","same","same","X22_X31",2026,1,0,1,0
"X32","X22",0.9,"XX","same","same","X22_X32",2026,0,0,0,1
"X33","X22",0.888888888888889,"XX","same","same","X22_X33",2026,0,0,0,1
"X35","X22",0.7,"XX","same","same","X22_X35",2026,0,0,0,1
"X36","X22",0.888888888888889,"XX","same","same","X22_X36",2026,0,0,0,1
"X38","X22",0.777777777777778,"XX","same","same","X22_X38",2026,0,0,0,1
"X39","X22",0.8,"XX","same","same","X22_X39",2026,1,0,1,0
"Y01","X22",0.8,"YX","other","other","X22_Y01",2026,1,0,1,0
"Y02","X22",0.777777777777778,"YX","other","other","X22_Y02",2026,1,0,1,0
"Y03","X22",0.8,"YX","other","other","X22_Y03",2026,0,0,0,1
"Y04","X22",0.6,"YX","other","other","X22_Y04",2026,1,0,1,0
"Y05","X22",0.7,"YX","other","other","X22_Y05",2026,1,0,1,0
"Y06","X22",0.9,"YX","other","other","X22_Y06",2026,1,0,1,0
"Y07","X22",0.8,"YX","other","other","X22_Y07",2026,1,0,1,0
"Y08","X22",0.8,"YX","other","other","X22_Y08",2026,1,0,1,0
"Y09","X22",0.8,"YX","other","other","X22_Y09",2026,1,0,1,0
"Y10","X22",0.666666666666667,"YX","other","other","X22_Y10",2026,1,0,1,0
"Y11","X22",0.6,"YX","other","other","X22_Y11",2026,1,0,1,0
"Y12","X22",1,"YX","other","other","X22_Y12",2026,1,0,1,0
"Y14","X22",0.7,"YX","other","other","X22_Y14",2026,1,0,1,0
"Y16","X22",0.777777777777778,"YX","other","other","X22_Y16",2026,0,0,0,1
"Y17","X22",0.6,"YX","other","other","X22_Y17",2026,1,0,1,0
"Y18","X22",0.8,"YX","other","other","X22_Y18",2026,1,0,1,0
"Y19","X22",0.8,"YX","other","other","X22_Y19",2026,1,0,1,0
"Y20","X22",0.666666666666667,"YX","other","other","X22_Y20",2026,1,0,1,0
"Y21","X22",0.888888888888889,"YX","other","other","X22_Y21",2026,1,0,1,0
"Y22","X22",0.8,"YX","other","other","X22_Y22",2026,0,0,0,1
"Y23","X22",0.7,"YX","other","other","X22_Y23",2026,0,0,0,1
"Y24","X22",0.777777777777778,"YX","other","other","X22_Y24",2026,0,0,0,1
"Y25","X22",0.666666666666667,"YX","other","other","X22_Y25",2026,0,0,0,1
"Y26","X22",0.6,"YX","other","other","X22_Y26",2026,1,0,1,0
"Y27","X22",0.888888888888889,"YX","other","other","X22_Y27",2026,0,0,0,1
"Y28","X22",0.555555555555556,"YX","other","other","X22_Y28",2026,0,0,0,1
"Y29","X22",0.5,"YX","other","other","X22_Y29",2026,1,0,1,0
"Y30","X22",0.555555555555556,"YX","other","other","X22_Y30",2026,0,0,0,1
"Y31","X22",0.7,"YX","other","other","X22_Y31",2026,0,0,0,1
"Y32","X22",0.7,"YX","other","other","X22_Y32",2026,0,0,0,1
"Y33","X22",0.7,"YX","other","other","X22_Y33",2026,0,0,0,1
"Y34","X22",0.666666666666667,"YX","other","other","X22_Y34",2026,1,0,1,0
"Y35","X22",0.777777777777778,"YX","other","other","X22_Y35",2026,0,0,0,1
"Z02","X22",0.777777777777778,"ZX","other","other","X22_Z02",2026,1,0,1,0
"Z07","X22",0.666666666666667,"ZX","other","other","X22_Z07",2026,0,0,0,1
"Z10","X22",0.8,"ZX","other","other","X22_Z10",2026,1,0,1,0
"Z11","X22",0.7,"ZX","other","other","X22_Z11",2026,1,0,1,0
"Z16","X22",0.8,"ZX","other","other","X22_Z16",2026,1,0,1,0
"Z20","X22",0.7,"ZX","other","other","X22_Z20",2026,1,0,1,0
"Z21","X22",0.7,"ZX","other","other","X22_Z21",2026,1,0,1,0
"Z22","X22",0.7,"ZX","other","other","X22_Z22",2026,1,0,1,0
"Z27","X22",0.5,"ZX","other","other","X22_Z27",2026,0,0,0,1
"Z28","X22",0.6,"ZX","other","other","X22_Z28",2026,1,0,1,0
"Z29","X22",0.7,"ZX","other","other","X22_Z29",2026,1,0,1,0
"Z31","X22",0.6,"ZX","other","other","X22_Z31",2026,1,0,1,0
"Z32","X22",0.777777777777778,"ZX","other","other","X22_Z32",2026,1,0,1,0
"Z33","X22",0.7,"ZX","other","other","X22_Z33",2026,1,0,1,0
"Z39","X22",1,"ZX","other","other","X22_Z39",2026,1,0,1,0
"Z42","X22",0.7,"ZX","other","other","X22_Z42",2026,1,0,1,0
"Z43","X22",0.7,"ZX","other","other","X22_Z43",2026,1,0,1,0
"Z45","X22",0.7,"ZX","other","other","X22_Z45",2026,1,0,1,0
"X25","X23",1,"XX","same","same","X23_X25",2026,1,1,2,1
"X27","X23",0.9,"XX","same","same","X23_X27",2026,1,1,2,1
"X31","X23",0.9,"XX","same","same","X23_X31",2026,1,1,2,1
"X32","X23",1,"XX","same","same","X23_X32",2026,0,1,1,0
"X33","X23",0.8,"XX","same","same","X23_X33",2026,0,1,1,0
"X35","X23",0.8,"XX","same","same","X23_X35",2026,0,1,1,0
"X36","X23",0.8,"XX","same","same","X23_X36",2026,0,1,1,0
"X38","X23",0.7,"XX","same","same","X23_X38",2026,0,1,1,0
"X39","X23",0.9,"XX","same","same","X23_X39",2026,1,1,2,1
"Y01","X23",0.9,"YX","other","other","X23_Y01",2026,1,1,2,1
"Y02","X23",0.7,"YX","other","other","X23_Y02",2026,1,1,2,1
"Y03","X23",0.9,"YX","other","other","X23_Y03",2026,0,1,1,0
"Y04","X23",0.7,"YX","other","other","X23_Y04",2026,1,1,2,1
"Y05","X23",0.8,"YX","other","other","X23_Y05",2026,1,1,2,1
"Y06","X23",1,"YX","other","other","X23_Y06",2026,1,1,2,1
"Y07","X23",0.9,"YX","other","other","X23_Y07",2026,1,1,2,1
"Y08","X23",0.9,"YX","other","other","X23_Y08",2026,1,1,2,1
"Y09","X23",0.9,"YX","other","other","X23_Y09",2026,1,1,2,1
"Y10","X23",0.6,"YX","other","other","X23_Y10",2026,1,1,2,1
"Y11","X23",0.7,"YX","other","other","X23_Y11",2026,1,1,2,1
"Y12","X23",0.9,"YX","other","other","X23_Y12",2026,1,1,2,1
"Y14","X23",0.8,"YX","other","other","X23_Y14",2026,1,1,2,1
"Y16","X23",0.7,"YX","other","other","X23_Y16",2026,0,1,1,0
"Y17","X23",0.7,"YX","other","other","X23_Y17",2026,1,1,2,1
"Y18","X23",0.9,"YX","other","other","X23_Y18",2026,1,1,2,1
"Y19","X23",0.9,"YX","other","other","X23_Y19",2026,1,1,2,1
"Y20","X23",0.6,"YX","other","other","X23_Y20",2026,1,1,2,1
"Y21","X23",0.8,"YX","other","other","X23_Y21",2026,1,1,2,1
"Y22","X23",0.9,"YX","other","other","X23_Y22",2026,0,1,1,0
"Y23","X23",0.8,"YX","other","other","X23_Y23",2026,0,1,1,0
"Y24","X23",0.7,"YX","other","other","X23_Y24",2026,0,1,1,0
"Y25","X23",0.6,"YX","other","other","X23_Y25",2026,0,1,1,0
"Y26","X23",0.7,"YX","other","other","X23_Y26",2026,1,1,2,1
"Y27","X23",0.8,"YX","other","other","X23_Y27",2026,0,1,1,0
"Y28","X23",0.5,"YX","other","other","X23_Y28",2026,0,1,1,0
"Y29","X23",0.6,"YX","other","other","X23_Y29",2026,1,1,2,1
"Y30","X23",0.5,"YX","other","other","X23_Y30",2026,0,1,1,0
"Y31","X23",0.8,"YX","other","other","X23_Y31",2026,0,1,1,0
"Y32","X23",0.8,"YX","other","other","X23_Y32",2026,0,1,1,0
"Y33","X23",0.8,"YX","other","other","X23_Y33",2026,0,1,1,0
"Y34","X23",0.6,"YX","other","other","X23_Y34",2026,1,1,2,1
"Y35","X23",0.7,"YX","other","other","X23_Y35",2026,0,1,1,0
"Z02","X23",0.7,"ZX","other","other","X23_Z02",2026,1,1,2,1
"Z07","X23",0.6,"ZX","other","other","X23_Z07",2026,0,1,1,0
"Z10","X23",0.9,"ZX","other","other","X23_Z10",2026,1,1,2,1
"Z11","X23",0.8,"ZX","other","other","X23_Z11",2026,1,1,2,1
"Z16","X23",0.9,"ZX","other","other","X23_Z16",2026,1,1,2,1
"Z20","X23",0.8,"ZX","other","other","X23_Z20",2026,1,1,2,1
"Z21","X23",0.8,"ZX","other","other","X23_Z21",2026,1,1,2,1
"Z22","X23",0.8,"ZX","other","other","X23_Z22",2026,1,1,2,1
"Z27","X23",0.6,"ZX","other","other","X23_Z27",2026,0,1,1,0
"Z28","X23",0.7,"ZX","other","other","X23_Z28",2026,1,1,2,1
"Z29","X23",0.8,"ZX","other","other","X23_Z29",2026,1,1,2,1
"Z31","X23",0.7,"ZX","other","other","X23_Z31",2026,1,1,2,1
"Z32","X23",0.7,"ZX","other","other","X23_Z32",2026,1,1,2,1
"Z33","X23",0.8,"ZX","other","other","X23_Z33",2026,1,1,2,1
"Z39","X23",0.9,"ZX","other","other","X23_Z39",2026,1,1,2,1
"Z42","X23",0.8,"ZX","other","other","X23_Z42",2026,1,1,2,1
"Z43","X23",0.8,"ZX","other","other","X23_Z43",2026,1,1,2,1
"Z45","X23",0.8,"ZX","other","other","X23_Z45",2026,1,1,2,1
"X27","X25",0.9,"XX","same","same","X25_X27",2026,1,1,2,1
"X31","X25",0.9,"XX","same","same","X25_X31",2026,1,1,2,1
"X32","X25",1,"XX","same","same","X25_X32",2026,0,1,1,0
"X33","X25",0.8,"XX","same","same","X25_X33",2026,0,1,1,0
"X35","X25",0.8,"XX","same","same","X25_X35",2026,0,1,1,0
"X36","X25",0.8,"XX","same","same","X25_X36",2026,0,1,1,0
"X38","X25",0.7,"XX","same","same","X25_X38",2026,0,1,1,0
"X39","X25",0.9,"XX","same","same","X25_X39",2026,1,1,2,1
"Y01","X25",0.9,"YX","other","other","X25_Y01",2026,1,1,2,1
"Y02","X25",0.7,"YX","other","other","X25_Y02",2026,1,1,2,1
"Y03","X25",0.9,"YX","other","other","X25_Y03",2026,0,1,1,0
"Y04","X25",0.7,"YX","other","other","X25_Y04",2026,1,1,2,1
"Y05","X25",0.8,"YX","other","other","X25_Y05",2026,1,1,2,1
"Y06","X25",1,"YX","other","other","X25_Y06",2026,1,1,2,1
"Y07","X25",0.9,"YX","other","other","X25_Y07",2026,1,1,2,1
"Y08","X25",0.9,"YX","other","other","X25_Y08",2026,1,1,2,1
"Y09","X25",0.9,"YX","other","other","X25_Y09",2026,1,1,2,1
"Y10","X25",0.6,"YX","other","other","X25_Y10",2026,1,1,2,1
"Y11","X25",0.7,"YX","other","other","X25_Y11",2026,1,1,2,1
"Y12","X25",0.9,"YX","other","other","X25_Y12",2026,1,1,2,1
"Y14","X25",0.8,"YX","other","other","X25_Y14",2026,1,1,2,1
"Y16","X25",0.7,"YX","other","other","X25_Y16",2026,0,1,1,0
"Y17","X25",0.7,"YX","other","other","X25_Y17",2026,1,1,2,1
"Y18","X25",0.9,"YX","other","other","X25_Y18",2026,1,1,2,1
"Y19","X25",0.9,"YX","other","other","X25_Y19",2026,1,1,2,1
"Y20","X25",0.6,"YX","other","other","X25_Y20",2026,1,1,2,1
"Y21","X25",0.8,"YX","other","other","X25_Y21",2026,1,1,2,1
"Y22","X25",0.9,"YX","other","other","X25_Y22",2026,0,1,1,0
"Y23","X25",0.8,"YX","other","other","X25_Y23",2026,0,1,1,0
"Y24","X25",0.7,"YX","other","other","X25_Y24",2026,0,1,1,0
"Y25","X25",0.6,"YX","other","other","X25_Y25",2026,0,1,1,0
"Y26","X25",0.7,"YX","other","other","X25_Y26",2026,1,1,2,1
"Y27","X25",0.8,"YX","other","other","X25_Y27",2026,0,1,1,0
"Y28","X25",0.5,"YX","other","other","X25_Y28",2026,0,1,1,0
"Y29","X25",0.6,"YX","other","other","X25_Y29",2026,1,1,2,1
"Y30","X25",0.5,"YX","other","other","X25_Y30",2026,0,1,1,0
"Y31","X25",0.8,"YX","other","other","X25_Y31",2026,0,1,1,0
"Y32","X25",0.8,"YX","other","other","X25_Y32",2026,0,1,1,0
"Y33","X25",0.8,"YX","other","other","X25_Y33",2026,0,1,1,0
"Y34","X25",0.6,"YX","other","other","X25_Y34",2026,1,1,2,1
"Y35","X25",0.7,"YX","other","other","X25_Y35",2026,0,1,1,0
"Z02","X25",0.7,"ZX","other","other","X25_Z02",2026,1,1,2,1
"Z07","X25",0.6,"ZX","other","other","X25_Z07",2026,0,1,1,0
"Z10","X25",0.9,"ZX","other","other","X25_Z10",2026,1,1,2,1
"Z11","X25",0.8,"ZX","other","other","X25_Z11",2026,1,1,2,1
"Z16","X25",0.9,"ZX","other","other","X25_Z16",2026,1,1,2,1
"Z20","X25",0.8,"ZX","other","other","X25_Z20",2026,1,1,2,1
"Z21","X25",0.8,"ZX","other","other","X25_Z21",2026,1,1,2,1
"Z22","X25",0.8,"ZX","other","other","X25_Z22",2026,1,1,2,1
"Z27","X25",0.6,"ZX","other","other","X25_Z27",2026,0,1,1,0
"Z28","X25",0.7,"ZX","other","other","X25_Z28",2026,1,1,2,1
"Z29","X25",0.8,"ZX","other","other","X25_Z29",2026,1,1,2,1
"Z31","X25",0.7,"ZX","other","other","X25_Z31",2026,1,1,2,1
"Z32","X25",0.7,"ZX","other","other","X25_Z32",2026,1,1,2,1
"Z33","X25",0.8,"ZX","other","other","X25_Z33",2026,1,1,2,1
"Z39","X25",0.9,"ZX","other","other","X25_Z39",2026,1,1,2,1
"Z42","X25",0.8,"ZX","other","other","X25_Z42",2026,1,1,2,1
"Z43","X25",0.8,"ZX","other","other","X25_Z43",2026,1,1,2,1
"Z45","X25",0.8,"ZX","other","other","X25_Z45",2026,1,1,2,1
"X31","X27",0.8,"XX","same","same","X27_X31",2026,1,1,2,1
"X32","X27",0.9,"XX","same","same","X27_X32",2026,0,1,1,0
"X33","X27",0.888888888888889,"XX","same","same","X27_X33",2026,0,1,1,0
"X35","X27",0.7,"XX","same","same","X27_X35",2026,0,1,1,0
"X36","X27",0.7,"XX","same","same","X27_X36",2026,0,1,1,0
"X38","X27",0.777777777777778,"XX","same","same","X27_X38",2026,0,1,1,0
"X39","X27",0.8,"XX","same","same","X27_X39",2026,1,1,2,1
"Y01","X27",0.8,"YX","other","other","X27_Y01",2026,1,1,2,1
"Y02","X27",0.777777777777778,"YX","other","other","X27_Y02",2026,1,1,2,1
"Y03","X27",0.8,"YX","other","other","X27_Y03",2026,0,1,1,0
"Y04","X27",0.6,"YX","other","other","X27_Y04",2026,1,1,2,1
"Y05","X27",0.888888888888889,"YX","other","other","X27_Y05",2026,1,1,2,1
"Y06","X27",0.9,"YX","other","other","X27_Y06",2026,1,1,2,1
"Y07","X27",0.8,"YX","other","other","X27_Y07",2026,1,1,2,1
"Y08","X27",0.8,"YX","other","other","X27_Y08",2026,1,1,2,1
"Y09","X27",1,"YX","other","other","X27_Y09",2026,1,1,2,1
"Y10","X27",0.5,"YX","other","other","X27_Y10",2026,1,1,2,1
"Y11","X27",0.777777777777778,"YX","other","other","X27_Y11",2026,1,1,2,1
"Y12","X27",0.8,"YX","other","other","X27_Y12",2026,1,1,2,1
"Y14","X27",0.888888888888889,"YX","other","other","X27_Y14",2026,1,1,2,1
"Y16","X27",0.6,"YX","other","other","X27_Y16",2026,0,1,1,0
"Y17","X27",0.777777777777778,"YX","other","other","X27_Y17",2026,1,1,2,1
"Y18","X27",0.8,"YX","other","other","X27_Y18",2026,1,1,2,1
"Y19","X27",0.8,"YX","other","other","X27_Y19",2026,1,1,2,1
"Y20","X27",0.5,"YX","other","other","X27_Y20",2026,1,1,2,1
"Y21","X27",0.7,"YX","other","other","X27_Y21",2026,1,1,2,1
"Y22","X27",0.8,"YX","other","other","X27_Y22",2026,0,1,1,0
"Y23","X27",0.888888888888889,"YX","other","other","X27_Y23",2026,0,1,1,0
"Y24","X27",0.777777777777778,"YX","other","other","X27_Y24",2026,0,1,1,0
"Y25","X27",0.666666666666667,"YX","other","other","X27_Y25",2026,0,1,1,0
"Y26","X27",0.6,"YX","other","other","X27_Y26",2026,1,1,2,1
"Y27","X27",0.7,"YX","other","other","X27_Y27",2026,0,1,1,0
"Y28","X27",0.4,"YX","other","other","X27_Y28",2026,0,1,1,0
"Y29","X27",0.666666666666667,"YX","other","other","X27_Y29",2026,1,1,2,1
"Y30","X27",0.555555555555556,"YX","other","other","X27_Y30",2026,0,1,1,0
"Y31","X27",0.888888888888889,"YX","other","other","X27_Y31",2026,0,1,1,0
"Y32","X27",0.7,"YX","other","other","X27_Y32",2026,0,1,1,0
"Y33","X27",0.7,"YX","other","other","X27_Y33",2026,0,1,1,0
"Y34","X27",0.5,"YX","other","other","X27_Y34",2026,1,1,2,1
"Y35","X27",0.6,"YX","other","other","X27_Y35",2026,0,1,1,0
"Z02","X27",0.777777777777778,"ZX","other","other","X27_Z02",2026,1,1,2,1
"Z07","X27",0.666666666666667,"ZX","other","other","X27_Z07",2026,0,1,1,0
"Z10","X27",0.8,"ZX","other","other","X27_Z10",2026,1,1,2,1
"Z11","X27",0.888888888888889,"ZX","other","other","X27_Z11",2026,1,1,2,1
"Z16","X27",1,"ZX","other","other","X27_Z16",2026,1,1,2,1
"Z20","X27",0.888888888888889,"ZX","other","other","X27_Z20",2026,1,1,2,1
"Z21","X27",0.888888888888889,"ZX","other","other","X27_Z21",2026,1,1,2,1
"Z22","X27",0.888888888888889,"ZX","other","other","X27_Z22",2026,1,1,2,1
"Z27","X27",0.666666666666667,"ZX","other","other","X27_Z27",2026,0,1,1,0
"Z28","X27",0.777777777777778,"ZX","other","other","X27_Z28",2026,1,1,2,1
"Z29","X27",0.888888888888889,"ZX","other","other","X27_Z29",2026,1,1,2,1
"Z31","X27",0.777777777777778,"ZX","other","other","X27_Z31",2026,1,1,2,1
"Z32","X27",0.6,"ZX","other","other","X27_Z32",2026,1,1,2,1
"Z33","X27",0.7,"ZX","other","other","X27_Z33",2026,1,1,2,1
"Z39","X27",0.8,"ZX","other","other","X27_Z39",2026,1,1,2,1
"Z42","X27",0.888888888888889,"ZX","other","other","X27_Z42",2026,1,1,2,1
"Z43","X27",0.888888888888889,"ZX","other","other","X27_Z43",2026,1,1,2,1
"Z45","X27",0.888888888888889,"ZX","other","other","X27_Z45",2026,1,1,2,1
"X32","X31",0.9,"XX","same","same","X31_X32",2026,0,1,1,0
"X33","X31",0.7,"XX","same","same","X31_X33",2026,0,1,1,0
"X35","X31",0.888888888888889,"XX","same","same","X31_X35",2026,0,1,1,0
"X36","X31",0.888888888888889,"XX","same","same","X31_X36",2026,0,1,1,0
"X38","X31",0.777777777777778,"XX","same","same","X31_X38",2026,0,1,1,0
"X39","X31",1,"XX","same","same","X31_X39",2026,1,1,2,1
"Y01","X31",1,"YX","other","other","X31_Y01",2026,1,1,2,1
"Y02","X31",0.777777777777778,"YX","other","other","X31_Y02",2026,1,1,2,1
"Y03","X31",0.8,"YX","other","other","X31_Y03",2026,0,1,1,0
"Y04","X31",0.777777777777778,"YX","other","other","X31_Y04",2026,1,1,2,1
"Y05","X31",0.888888888888889,"YX","other","other","X31_Y05",2026,1,1,2,1
"Y06","X31",0.9,"YX","other","other","X31_Y06",2026,1,1,2,1
"Y07","X31",0.8,"YX","other","other","X31_Y07",2026,1,1,2,1
"Y08","X31",1,"YX","other","other","X31_Y08",2026,1,1,2,1
"Y09","X31",0.8,"YX","other","other","X31_Y09",2026,1,1,2,1
"Y10","X31",0.666666666666667,"YX","other","other","X31_Y10",2026,1,1,2,1
"Y11","X31",0.777777777777778,"YX","other","other","X31_Y11",2026,1,1,2,1
"Y12","X31",0.8,"YX","other","other","X31_Y12",2026,1,1,2,1
"Y14","X31",0.7,"YX","other","other","X31_Y14",2026,1,1,2,1
"Y16","X31",0.777777777777778,"YX","other","other","X31_Y16",2026,0,1,1,0
"Y17","X31",0.777777777777778,"YX","other","other","X31_Y17",2026,1,1,2,1
"Y18","X31",1,"YX","other","other","X31_Y18",2026,1,1,2,1
"Y19","X31",1,"YX","other","other","X31_Y19",2026,1,1,2,1
"Y20","X31",0.666666666666667,"YX","other","other","X31_Y20",2026,1,1,2,1
"Y21","X31",0.888888888888889,"YX","other","other","X31_Y21",2026,1,1,2,1
"Y22","X31",1,"YX","other","other","X31_Y22",2026,0,1,1,0
"Y23","X31",0.888888888888889,"YX","other","other","X31_Y23",2026,0,1,1,0
"Y24","X31",0.777777777777778,"YX","other","other","X31_Y24",2026,0,1,1,0
"Y25","X31",0.666666666666667,"YX","other","other","X31_Y25",2026,0,1,1,0
"Y26","X31",0.777777777777778,"YX","other","other","X31_Y26",2026,1,1,2,1
"Y27","X31",0.888888888888889,"YX","other","other","X31_Y27",2026,0,1,1,0
"Y28","X31",0.555555555555556,"YX","other","other","X31_Y28",2026,0,1,1,0
"Y29","X31",0.666666666666667,"YX","other","other","X31_Y29",2026,1,1,2,1
"Y30","X31",0.555555555555556,"YX","other","other","X31_Y30",2026,0,1,1,0
"Y31","X31",0.888888888888889,"YX","other","other","X31_Y31",2026,0,1,1,0
"Y32","X31",0.888888888888889,"YX","other","other","X31_Y32",2026,0,1,1,0
"Y33","X31",0.888888888888889,"YX","other","other","X31_Y33",2026,0,1,1,0
"Y34","X31",0.666666666666667,"YX","other","other","X31_Y34",2026,1,1,2,1
"Y35","X31",0.777777777777778,"YX","other","other","X31_Y35",2026,0,1,1,0
"Z02","X31",0.777777777777778,"ZX","other","other","X31_Z02",2026,1,1,2,1
"Z07","X31",0.666666666666667,"ZX","other","other","X31_Z07",2026,0,1,1,0
"Z10","X31",0.8,"ZX","other","other","X31_Z10",2026,1,1,2,1
"Z11","X31",0.888888888888889,"ZX","other","other","X31_Z11",2026,1,1,2,1
"Z16","X31",0.8,"ZX","other","other","X31_Z16",2026,1,1,2,1
"Z20","X31",0.888888888888889,"ZX","other","other","X31_Z20",2026,1,1,2,1
"Z21","X31",0.888888888888889,"ZX","other","other","X31_Z21",2026,1,1,2,1
"Z22","X31",0.888888888888889,"ZX","other","other","X31_Z22",2026,1,1,2,1
"Z27","X31",0.666666666666667,"ZX","other","other","X31_Z27",2026,0,1,1,0
"Z28","X31",0.777777777777778,"ZX","other","other","X31_Z28",2026,1,1,2,1
"Z29","X31",0.888888888888889,"ZX","other","other","X31_Z29",2026,1,1,2,1
"Z31","X31",0.777777777777778,"ZX","other","other","X31_Z31",2026,1,1,2,1
"Z32","X31",0.777777777777778,"ZX","other","other","X31_Z32",2026,1,1,2,1
"Z33","X31",0.888888888888889,"ZX","other","other","X31_Z33",2026,1,1,2,1
"Z39","X31",0.8,"ZX","other","other","X31_Z39",2026,1,1,2,1
"Z42","X31",0.888888888888889,"ZX","other","other","X31_Z42",2026,1,1,2,1
"Z43","X31",0.888888888888889,"ZX","other","other","X31_Z43",2026,1,1,2,1
"Z45","X31",0.888888888888889,"ZX","other","other","X31_Z45",2026,1,1,2,1
"X33","X32",0.8,"XX","same","same","X32_X33",2026,0,0,0,1
"X35","X32",0.8,"XX","same","same","X32_X35",2026,0,0,0,1
"X36","X32",0.8,"XX","same","same","X32_X36",2026,0,0,0,1
"X38","X32",0.7,"XX","same","same","X32_X38",2026,0,0,0,1
"X39","X32",0.9,"XX","same","same","X32_X39",2026,1,0,1,0
"Y01","X32",0.9,"YX","other","other","X32_Y01",2026,1,0,1,0
"Y02","X32",0.7,"YX","other","other","X32_Y02",2026,1,0,1,0
"Y03","X32",0.9,"YX","other","other","X32_Y03",2026,0,0,0,1
"Y04","X32",0.7,"YX","other","other","X32_Y04",2026,1,0,1,0
"Y05","X32",0.8,"YX","other","other","X32_Y05",2026,1,0,1,0
"Y06","X32",1,"YX","other","other","X32_Y06",2026,1,0,1,0
"Y07","X32",0.9,"YX","other","other","X32_Y07",2026,1,0,1,0
"Y08","X32",0.9,"YX","other","other","X32_Y08",2026,1,0,1,0
"Y09","X32",0.9,"YX","other","other","X32_Y09",2026,1,0,1,0
"Y10","X32",0.6,"YX","other","other","X32_Y10",2026,1,0,1,0
"Y11","X32",0.7,"YX","other","other","X32_Y11",2026,1,0,1,0
"Y12","X32",0.9,"YX","other","other","X32_Y12",2026,1,0,1,0
"Y14","X32",0.8,"YX","other","other","X32_Y14",2026,1,0,1,0
"Y16","X32",0.7,"YX","other","other","X32_Y16",2026,0,0,0,1
"Y17","X32",0.7,"YX","other","other","X32_Y17",2026,1,0,1,0
"Y18","X32",0.9,"YX","other","other","X32_Y18",2026,1,0,1,0
"Y19","X32",0.9,"YX","other","other","X32_Y19",2026,1,0,1,0
"Y20","X32",0.6,"YX","other","other","X32_Y20",2026,1,0,1,0
"Y21","X32",0.8,"YX","other","other","X32_Y21",2026,1,0,1,0
"Y22","X32",0.9,"YX","other","other","X32_Y22",2026,0,0,0,1
"Y23","X32",0.8,"YX","other","other","X32_Y23",2026,0,0,0,1
"Y24","X32",0.7,"YX","other","other","X32_Y24",2026,0,0,0,1
"Y25","X32",0.6,"YX","other","other","X32_Y25",2026,0,0,0,1
"Y26","X32",0.7,"YX","other","other","X32_Y26",2026,1,0,1,0
"Y27","X32",0.8,"YX","other","other","X32_Y27",2026,0,0,0,1
"Y28","X32",0.5,"YX","other","other","X32_Y28",2026,0,0,0,1
"Y29","X32",0.6,"YX","other","other","X32_Y29",2026,1,0,1,0
"Y30","X32",0.5,"YX","other","other","X32_Y30",2026,0,0,0,1
"Y31","X32",0.8,"YX","other","other","X32_Y31",2026,0,0,0,1
"Y32","X32",0.8,"YX","other","other","X32_Y32",2026,0,0,0,1
"Y33","X32",0.8,"YX","other","other","X32_Y33",2026,0,0,0,1
"Y34","X32",0.6,"YX","other","other","X32_Y34",2026,1,0,1,0
"Y35","X32",0.7,"YX","other","other","X32_Y35",2026,0,0,0,1
"Z02","X32",0.7,"ZX","other","other","X32_Z02",2026,1,0,1,0
"Z07","X32",0.6,"ZX","other","other","X32_Z07",2026,0,0,0,1
"Z10","X32",0.9,"ZX","other","other","X32_Z10",2026,1,0,1,0
"Z11","X32",0.8,"ZX","other","other","X32_Z11",2026,1,0,1,0
"Z16","X32",0.9,"ZX","other","other","X32_Z16",2026,1,0,1,0
"Z20","X32",0.8,"ZX","other","other","X32_Z20",2026,1,0,1,0
"Z21","X32",0.8,"ZX","other","other","X32_Z21",2026,1,0,1,0
"Z22","X32",0.8,"ZX","other","other","X32_Z22",2026,1,0,1,0
"Z27","X32",0.6,"ZX","other","other","X32_Z27",2026,0,0,0,1
"Z28","X32",0.7,"ZX","other","other","X32_Z28",2026,1,0,1,0
"Z29","X32",0.8,"ZX","other","other","X32_Z29",2026,1,0,1,0
"Z31","X32",0.7,"ZX","other","other","X32_Z31",2026,1,0,1,0
"Z32","X32",0.7,"ZX","other","other","X32_Z32",2026,1,0,1,0
"Z33","X32",0.8,"ZX","other","other","X32_Z33",2026,1,0,1,0
"Z39","X32",0.9,"ZX","other","other","X32_Z39",2026,1,0,1,0
"Z42","X32",0.8,"ZX","other","other","X32_Z42",2026,1,0,1,0
"Z43","X32",0.8,"ZX","other","other","X32_Z43",2026,1,0,1,0
"Z45","X32",0.8,"ZX","other","other","X32_Z45",2026,1,0,1,0
"X35","X33",0.6,"XX","same","same","X33_X35",2026,0,0,0,1
"X36","X33",0.777777777777778,"XX","same","same","X33_X36",2026,0,0,0,1
"X38","X33",0.875,"XX","same","same","X33_X38",2026,0,0,0,1
"X39","X33",0.7,"XX","same","same","X33_X39",2026,1,0,1,0
"Y01","X33",0.7,"YX","other","other","X33_Y01",2026,1,0,1,0
"Y02","X33",0.875,"YX","other","other","X33_Y02",2026,1,0,1,0
"Y03","X33",0.7,"YX","other","other","X33_Y03",2026,0,0,0,1
"Y04","X33",0.5,"YX","other","other","X33_Y04",2026,1,0,1,0
"Y05","X33",0.777777777777778,"YX","other","other","X33_Y05",2026,1,0,1,0
"Y06","X33",0.8,"YX","other","other","X33_Y06",2026,1,0,1,0
"Y07","X33",0.7,"YX","other","other","X33_Y07",2026,1,0,1,0
"Y08","X33",0.7,"YX","other","other","X33_Y08",2026,1,0,1,0
"Y09","X33",0.888888888888889,"YX","other","other","X33_Y09",2026,1,0,1,0
"Y10","X33",0.555555555555556,"YX","other","other","X33_Y10",2026,1,0,1,0
"Y11","X33",0.666666666666667,"YX","other","other","X33_Y11",2026,1,0,1,0
"Y12","X33",0.888888888888889,"YX","other","other","X33_Y12",2026,1,0,1,0
"Y14","X33",0.777777777777778,"YX","other","other","X33_Y14",2026,1,0,1,0
"Y16","X33",0.666666666666667,"YX","other","other","X33_Y16",2026,0,0,0,1
"Y17","X33",0.666666666666667,"YX","other","other","X33_Y17",2026,1,0,1,0
"Y18","X33",0.7,"YX","other","other","X33_Y18",2026,1,0,1,0
"Y19","X33",0.7,"YX","other","other","X33_Y19",2026,1,0,1,0
"Y20","X33",0.555555555555556,"YX","other","other","X33_Y20",2026,1,0,1,0
"Y21","X33",0.777777777777778,"YX","other","other","X33_Y21",2026,1,0,1,0
"Y22","X33",0.7,"YX","other","other","X33_Y22",2026,0,0,0,1
"Y23","X33",0.777777777777778,"YX","other","other","X33_Y23",2026,0,0,0,1
"Y24","X33",0.875,"YX","other","other","X33_Y24",2026,0,0,0,1
"Y25","X33",0.75,"YX","other","other","X33_Y25",2026,0,0,0,1
"Y26","X33",0.5,"YX","other","other","X33_Y26",2026,1,0,1,0
"Y27","X33",0.777777777777778,"YX","other","other","X33_Y27",2026,0,0,0,1
"Y28","X33",0.444444444444444,"YX","other","other","X33_Y28",2026,0,0,0,1
"Y29","X33",0.555555555555556,"YX","other","other","X33_Y29",2026,1,0,1,0
"Y30","X33",0.625,"YX","other","other","X33_Y30",2026,0,0,0,1
"Y31","X33",0.777777777777778,"YX","other","other","X33_Y31",2026,0,0,0,1
"Y32","X33",0.6,"YX","other","other","X33_Y32",2026,0,0,0,1
"Y33","X33",0.6,"YX","other","other","X33_Y33",2026,0,0,0,1
"Y34","X33",0.555555555555556,"YX","other","other","X33_Y34",2026,1,0,1,0
"Y35","X33",0.666666666666667,"YX","other","other","X33_Y35",2026,0,0,0,1
"Z02","X33",0.875,"ZX","other","other","X33_Z02",2026,1,0,1,0
"Z07","X33",0.75,"ZX","other","other","X33_Z07",2026,0,0,0,1
"Z10","X33",0.7,"ZX","other","other","X33_Z10",2026,1,0,1,0
"Z11","X33",0.777777777777778,"ZX","other","other","X33_Z11",2026,1,0,1,0
"Z16","X33",0.888888888888889,"ZX","other","other","X33_Z16",2026,1,0,1,0
"Z20","X33",0.777777777777778,"ZX","other","other","X33_Z20",2026,1,0,1,0
"Z21","X33",0.777777777777778,"ZX","other","other","X33_Z21",2026,1,0,1,0
"Z22","X33",0.777777777777778,"ZX","other","other","X33_Z22",2026,1,0,1,0
"Z27","X33",0.555555555555556,"ZX","other","other","X33_Z27",2026,0,0,0,1
"Z28","X33",0.666666666666667,"ZX","other","other","X33_Z28",2026,1,0,1,0
"Z29","X33",0.777777777777778,"ZX","other","other","X33_Z29",2026,1,0,1,0
"Z31","X33",0.666666666666667,"ZX","other","other","X33_Z31",2026,1,0,1,0
"Z32","X33",0.666666666666667,"ZX","other","other","X33_Z32",2026,1,0,1,0
"Z33","X33",0.6,"ZX","other","other","X33_Z33",2026,1,0,1,0
"Z39","X33",0.888888888888889,"ZX","other","other","X33_Z39",2026,1,0,1,0
"Z42","X33",0.777777777777778,"ZX","other","other","X33_Z42",2026,1,0,1,0
"Z43","X33",0.777777777777778,"ZX","other","other","X33_Z43",2026,1,0,1,0
"Z45","X33",0.777777777777778,"ZX","other","other","X33_Z45",2026,1,0,1,0
"X36","X35",0.777777777777778,"XX","same","same","X35_X36",2026,0,0,0,1
"X38","X35",0.666666666666667,"XX","same","same","X35_X38",2026,0,0,0,1
"X39","X35",0.888888888888889,"XX","same","same","X35_X39",2026,1,0,1,0
"Y01","X35",0.888888888888889,"YX","other","other","X35_Y01",2026,1,0,1,0
"Y02","X35",0.666666666666667,"YX","other","other","X35_Y02",2026,1,0,1,0
"Y03","X35",0.7,"YX","other","other","X35_Y03",2026,0,0,0,1
"Y04","X35",0.666666666666667,"YX","other","other","X35_Y04",2026,1,0,1,0
"Y05","X35",0.777777777777778,"YX","other","other","X35_Y05",2026,1,0,1,0
"Y06","X35",0.8,"YX","other","other","X35_Y06",2026,1,0,1,0
"Y07","X35",0.7,"YX","other","other","X35_Y07",2026,1,0,1,0
"Y08","X35",0.888888888888889,"YX","other","other","X35_Y08",2026,1,0,1,0
"Y09","X35",0.7,"YX","other","other","X35_Y09",2026,1,0,1,0
"Y10","X35",0.555555555555556,"YX","other","other","X35_Y10",2026,1,0,1,0
"Y11","X35",0.666666666666667,"YX","other","other","X35_Y11",2026,1,0,1,0
"Y12","X35",0.7,"YX","other","other","X35_Y12",2026,1,0,1,0
"Y14","X35",0.6,"YX","other","other","X35_Y14",2026,1,0,1,0
"Y16","X35",0.666666666666667,"YX","other","other","X35_Y16",2026,0,0,0,1
"Y17","X35",0.666666666666667,"YX","other","other","X35_Y17",2026,1,0,1,0
"Y18","X35",0.888888888888889,"YX","other","other","X35_Y18",2026,1,0,1,0
"Y19","X35",0.888888888888889,"YX","other","other","X35_Y19",2026,1,0,1,0
"Y20","X35",0.75,"YX","other","other","X35_Y20",2026,1,0,1,0
"Y21","X35",0.777777777777778,"YX","other","other","X35_Y21",2026,1,0,1,0
"Y22","X35",0.888888888888889,"YX","other","other","X35_Y22",2026,0,0,0,1
"Y23","X35",0.777777777777778,"YX","other","other","X35_Y23",2026,0,0,0,1
"Y24","X35",0.666666666666667,"YX","other","other","X35_Y24",2026,0,0,0,1
"Y25","X35",0.75,"YX","other","other","X35_Y25",2026,0,0,0,1
"Y26","X35",0.875,"YX","other","other","X35_Y26",2026,1,0,1,0
"Y27","X35",0.777777777777778,"YX","other","other","X35_Y27",2026,0,0,0,1
"Y28","X35",0.625,"YX","other","other","X35_Y28",2026,0,0,0,1
"Y29","X35",0.555555555555556,"YX","other","other","X35_Y29",2026,1,0,1,0
"Y30","X35",0.625,"YX","other","other","X35_Y30",2026,0,0,0,1
"Y31","X35",0.777777777777778,"YX","other","other","X35_Y31",2026,0,0,0,1
"Y32","X35",0.777777777777778,"YX","other","other","X35_Y32",2026,0,0,0,1
"Y33","X35",1,"YX","other","other","X35_Y33",2026,0,0,0,1
"Y34","X35",0.75,"YX","other","other","X35_Y34",2026,1,0,1,0
"Y35","X35",0.666666666666667,"YX","other","other","X35_Y35",2026,0,0,0,1
"Z02","X35",0.666666666666667,"ZX","other","other","X35_Z02",2026,1,0,1,0
"Z07","X35",0.75,"ZX","other","other","X35_Z07",2026,0,0,0,1
"Z10","X35",0.888888888888889,"ZX","other","other","X35_Z10",2026,1,0,1,0
"Z11","X35",0.777777777777778,"ZX","other","other","X35_Z11",2026,1,0,1,0
"Z16","X35",0.7,"ZX","other","other","X35_Z16",2026,1,0,1,0
"Z20","X35",0.777777777777778,"ZX","other","other","X35_Z20",2026,1,0,1,0
"Z21","X35",0.777777777777778,"ZX","other","other","X35_Z21",2026,1,0,1,0
"Z22","X35",0.777777777777778,"ZX","other","other","X35_Z22",2026,1,0,1,0
"Z27","X35",0.555555555555556,"ZX","other","other","X35_Z27",2026,0,0,0,1
"Z28","X35",0.666666666666667,"ZX","other","other","X35_Z28",2026,1,0,1,0
"Z29","X35",0.777777777777778,"ZX","other","other","X35_Z29",2026,1,0,1,0
"Z31","X35",0.666666666666667,"ZX","other","other","X35_Z31",2026,1,0,1,0
"Z32","X35",0.666666666666667,"ZX","other","other","X35_Z32",2026,1,0,1,0
"Z33","X35",1,"ZX","other","other","X35_Z33",2026,1,0,1,0
"Z39","X35",0.7,"ZX","other","other","X35_Z39",2026,1,0,1,0
"Z42","X35",0.777777777777778,"ZX","other","other","X35_Z42",2026,1,0,1,0
"Z43","X35",0.777777777777778,"ZX","other","other","X35_Z43",2026,1,0,1,0
"Z45","X35",0.777777777777778,"ZX","other","other","X35_Z45",2026,1,0,1,0
"X38","X36",0.875,"XX","same","same","X36_X38",2026,0,0,0,1
"X39","X36",0.888888888888889,"XX","same","same","X36_X39",2026,1,0,1,0
"Y01","X36",0.888888888888889,"YX","other","other","X36_Y01",2026,1,0,1,0
"Y02","X36",0.875,"YX","other","other","X36_Y02",2026,1,0,1,0
"Y03","X36",0.7,"YX","other","other","X36_Y03",2026,0,0,0,1
"Y04","X36",0.666666666666667,"YX","other","other","X36_Y04",2026,1,0,1,0
"Y05","X36",0.777777777777778,"YX","other","other","X36_Y05",2026,1,0,1,0
"Y06","X36",0.8,"YX","other","other","X36_Y06",2026,1,0,1,0
"Y07","X36",0.7,"YX","other","other","X36_Y07",2026,1,0,1,0
"Y08","X36",0.888888888888889,"YX","other","other","X36_Y08",2026,1,0,1,0
"Y09","X36",0.7,"YX","other","other","X36_Y09",2026,1,0,1,0
"Y10","X36",0.75,"YX","other","other","X36_Y10",2026,1,0,1,0
"Y11","X36",0.666666666666667,"YX","other","other","X36_Y11",2026,1,0,1,0
"Y12","X36",0.888888888888889,"YX","other","other","X36_Y12",2026,1,0,1,0
"Y14","X36",0.6,"YX","other","other","X36_Y14",2026,1,0,1,0
"Y16","X36",0.875,"YX","other","other","X36_Y16",2026,0,0,0,1
"Y17","X36",0.666666666666667,"YX","other","other","X36_Y17",2026,1,0,1,0
"Y18","X36",0.888888888888889,"YX","other","other","X36_Y18",2026,1,0,1,0
"Y19","X36",0.888888888888889,"YX","other","other","X36_Y19",2026,1,0,1,0
"Y20","X36",0.75,"YX","other","other","X36_Y20",2026,1,0,1,0
"Y21","X36",1,"YX","other","other","X36_Y21",2026,1,0,1,0
"Y22","X36",0.888888888888889,"YX","other","other","X36_Y22",2026,0,0,0,1
"Y23","X36",0.777777777777778,"YX","other","other","X36_Y23",2026,0,0,0,1
"Y24","X36",0.875,"YX","other","other","X36_Y24",2026,0,0,0,1
"Y25","X36",0.75,"YX","other","other","X36_Y25",2026,0,0,0,1
"Y26","X36",0.666666666666667,"YX","other","other","X36_Y26",2026,1,0,1,0
"Y27","X36",1,"YX","other","other","X36_Y27",2026,0,0,0,1
"Y28","X36",0.625,"YX","other","other","X36_Y28",2026,0,0,0,1
"Y29","X36",0.555555555555556,"YX","other","other","X36_Y29",2026,1,0,1,0
"Y30","X36",0.625,"YX","other","other","X36_Y30",2026,0,0,0,1
"Y31","X36",0.777777777777778,"YX","other","other","X36_Y31",2026,0,0,0,1
"Y32","X36",0.777777777777778,"YX","other","other","X36_Y32",2026,0,0,0,1
"Y33","X36",0.777777777777778,"YX","other","other","X36_Y33",2026,0,0,0,1
"Y34","X36",0.75,"YX","other","other","X36_Y34",2026,1,0,1,0
"Y35","X36",0.875,"YX","other","other","X36_Y35",2026,0,0,0,1
"Z02","X36",0.875,"ZX","other","other","X36_Z02",2026,1,0,1,0
"Z07","X36",0.75,"ZX","other","other","X36_Z07",2026,0,0,0,1
"Z10","X36",0.7,"ZX","other","other","X36_Z10",2026,1,0,1,0
"Z11","X36",0.777777777777778,"ZX","other","other","X36_Z11",2026,1,0,1,0
"Z16","X36",0.7,"ZX","other","other","X36_Z16",2026,1,0,1,0
"Z20","X36",0.777777777777778,"ZX","other","other","X36_Z20",2026,1,0,1,0
"Z21","X36",0.777777777777778,"ZX","other","other","X36_Z21",2026,1,0,1,0
"Z22","X36",0.777777777777778,"ZX","other","other","X36_Z22",2026,1,0,1,0
"Z27","X36",0.555555555555556,"ZX","other","other","X36_Z27",2026,0,0,0,1
"Z28","X36",0.666666666666667,"ZX","other","other","X36_Z28",2026,1,0,1,0
"Z29","X36",0.777777777777778,"ZX","other","other","X36_Z29",2026,1,0,1,0
"Z31","X36",0.666666666666667,"ZX","other","other","X36_Z31",2026,1,0,1,0
"Z32","X36",0.875,"ZX","other","other","X36_Z32",2026,1,0,1,0
"Z33","X36",0.777777777777778,"ZX","other","other","X36_Z33",2026,1,0,1,0
"Z39","X36",0.888888888888889,"ZX","other","other","X36_Z39",2026,1,0,1,0
"Z42","X36",0.777777777777778,"ZX","other","other","X36_Z42",2026,1,0,1,0
"Z43","X36",0.777777777777778,"ZX","other","other","X36_Z43",2026,1,0,1,0
"Z45","X36",0.777777777777778,"ZX","other","other","X36_Z45",2026,1,0,1,0
"X39","X38",0.777777777777778,"XX","same","same","X38_X39",2026,1,0,1,0
"Y01","X38",0.777777777777778,"YX","other","other","X38_Y01",2026,1,0,1,0
"Y02","X38",1,"YX","other","other","X38_Y02",2026,1,0,1,0
"Y03","X38",0.6,"YX","other","other","X38_Y03",2026,0,0,0,1
"Y04","X38",0.555555555555556,"YX","other","other","X38_Y04",2026,1,0,1,0
"Y05","X38",0.875,"YX","other","other","X38_Y05",2026,1,0,1,0
"Y06","X38",0.7,"YX","other","other","X38_Y06",2026,1,0,1,0
"Y07","X38",0.6,"YX","other","other","X38_Y07",2026,1,0,1,0
"Y08","X38",0.777777777777778,"YX","other","other","X38_Y08",2026,1,0,1,0
"Y09","X38",0.777777777777778,"YX","other","other","X38_Y09",2026,1,0,1,0
"Y10","X38",0.625,"YX","other","other","X38_Y10",2026,1,0,1,0
"Y11","X38",0.75,"YX","other","other","X38_Y11",2026,1,0,1,0
"Y12","X38",0.777777777777778,"YX","other","other","X38_Y12",2026,1,0,1,0
"Y14","X38",0.666666666666667,"YX","other","other","X38_Y14",2026,1,0,1,0
"Y16","X38",0.75,"YX","other","other","X38_Y16",2026,0,0,0,1
"Y17","X38",0.75,"YX","other","other","X38_Y17",2026,1,0,1,0
"Y18","X38",0.777777777777778,"YX","other","other","X38_Y18",2026,1,0,1,0
"Y19","X38",0.777777777777778,"YX","other","other","X38_Y19",2026,1,0,1,0
"Y20","X38",0.625,"YX","other","other","X38_Y20",2026,1,0,1,0
"Y21","X38",0.875,"YX","other","other","X38_Y21",2026,1,0,1,0
"Y22","X38",0.777777777777778,"YX","other","other","X38_Y22",2026,0,0,0,1
"Y23","X38",0.875,"YX","other","other","X38_Y23",2026,0,0,0,1
"Y24","X38",1,"YX","other","other","X38_Y24",2026,0,0,0,1
"Y25","X38",0.857142857142857,"YX","other","other","X38_Y25",2026,0,0,0,1
"Y26","X38",0.555555555555556,"YX","other","other","X38_Y26",2026,1,0,1,0
"Y27","X38",0.875,"YX","other","other","X38_Y27",2026,0,0,0,1
"Y28","X38",0.5,"YX","other","other","X38_Y28",2026,0,0,0,1
"Y29","X38",0.625,"YX","other","other","X38_Y29",2026,1,0,1,0
"Y30","X38",0.714285714285714,"YX","other","other","X38_Y30",2026,0,0,0,1
"Y31","X38",0.875,"YX","other","other","X38_Y31",2026,0,0,0,1
"Y32","X38",0.666666666666667,"YX","other","other","X38_Y32",2026,0,0,0,1
"Y33","X38",0.666666666666667,"YX","other","other","X38_Y33",2026,0,0,0,1
"Y34","X38",0.625,"YX","other","other","X38_Y34",2026,1,0,1,0
"Y35","X38",0.75,"YX","other","other","X38_Y35",2026,0,0,0,1
"Z02","X38",1,"ZX","other","other","X38_Z02",2026,1,0,1,0
"Z07","X38",0.857142857142857,"ZX","other","other","X38_Z07",2026,0,0,0,1
"Z10","X38",0.6,"ZX","other","other","X38_Z10",2026,1,0,1,0
"Z11","X38",0.875,"ZX","other","other","X38_Z11",2026,1,0,1,0
"Z16","X38",0.777777777777778,"ZX","other","other","X38_Z16",2026,1,0,1,0
"Z20","X38",0.875,"ZX","other","other","X38_Z20",2026,1,0,1,0
"Z21","X38",0.875,"ZX","other","other","X38_Z21",2026,1,0,1,0
"Z22","X38",0.875,"ZX","other","other","X38_Z22",2026,1,0,1,0
"Z27","X38",0.625,"ZX","other","other","X38_Z27",2026,0,0,0,1
"Z28","X38",0.75,"ZX","other","other","X38_Z28",2026,1,0,1,0
"Z29","X38",0.875,"ZX","other","other","X38_Z29",2026,1,0,1,0
"Z31","X38",0.75,"ZX","other","other","X38_Z31",2026,1,0,1,0
"Z32","X38",0.75,"ZX","other","other","X38_Z32",2026,1,0,1,0
"Z33","X38",0.666666666666667,"ZX","other","other","X38_Z33",2026,1,0,1,0
"Z39","X38",0.777777777777778,"ZX","other","other","X38_Z39",2026,1,0,1,0
"Z42","X38",0.875,"ZX","other","other","X38_Z42",2026,1,0,1,0
"Z43","X38",0.875,"ZX","other","other","X38_Z43",2026,1,0,1,0
"Z45","X38",0.875,"ZX","other","other","X38_Z45",2026,1,0,1,0
"Y01","X39",1,"YX","other","other","X39_Y01",2026,1,1,2,1
"Y02","X39",0.777777777777778,"YX","other","other","X39_Y02",2026,1,1,2,1
"Y03","X39",0.8,"YX","other","other","X39_Y03",2026,0,1,1,0
"Y04","X39",0.777777777777778,"YX","other","other","X39_Y04",2026,1,1,2,1
"Y05","X39",0.888888888888889,"YX","other","other","X39_Y05",2026,1,1,2,1
"Y06","X39",0.9,"YX","other","other","X39_Y06",2026,1,1,2,1
"Y07","X39",0.8,"YX","other","other","X39_Y07",2026,1,1,2,1
"Y08","X39",1,"YX","other","other","X39_Y08",2026,1,1,2,1
"Y09","X39",0.8,"YX","other","other","X39_Y09",2026,1,1,2,1
"Y10","X39",0.666666666666667,"YX","other","other","X39_Y10",2026,1,1,2,1
"Y11","X39",0.777777777777778,"YX","other","other","X39_Y11",2026,1,1,2,1
"Y12","X39",0.8,"YX","other","other","X39_Y12",2026,1,1,2,1
"Y14","X39",0.7,"YX","other","other","X39_Y14",2026,1,1,2,1
"Y16","X39",0.777777777777778,"YX","other","other","X39_Y16",2026,0,1,1,0
"Y17","X39",0.777777777777778,"YX","other","other","X39_Y17",2026,1,1,2,1
"Y18","X39",1,"YX","other","other","X39_Y18",2026,1,1,2,1
"Y19","X39",1,"YX","other","other","X39_Y19",2026,1,1,2,1
"Y20","X39",0.666666666666667,"YX","other","other","X39_Y20",2026,1,1,2,1
"Y21","X39",0.888888888888889,"YX","other","other","X39_Y21",2026,1,1,2,1
"Y22","X39",1,"YX","other","other","X39_Y22",2026,0,1,1,0
"Y23","X39",0.888888888888889,"YX","other","other","X39_Y23",2026,0,1,1,0
"Y24","X39",0.777777777777778,"YX","other","other","X39_Y24",2026,0,1,1,0
"Y25","X39",0.666666666666667,"YX","other","other","X39_Y25",2026,0,1,1,0
"Y26","X39",0.777777777777778,"YX","other","other","X39_Y26",2026,1,1,2,1
"Y27","X39",0.888888888888889,"YX","other","other","X39_Y27",2026,0,1,1,0
"Y28","X39",0.555555555555556,"YX","other","other","X39_Y28",2026,0,1,1,0
"Y29","X39",0.666666666666667,"YX","other","other","X39_Y29",2026,1,1,2,1
"Y30","X39",0.555555555555556,"YX","other","other","X39_Y30",2026,0,1,1,0
"Y31","X39",0.888888888888889,"YX","other","other","X39_Y31",2026,0,1,1,0
"Y32","X39",0.888888888888889,"YX","other","other","X39_Y32",2026,0,1,1,0
"Y33","X39",0.888888888888889,"YX","other","other","X39_Y33",2026,0,1,1,0
"Y34","X39",0.666666666666667,"YX","other","other","X39_Y34",2026,1,1,2,1
"Y35","X39",0.777777777777778,"YX","other","other","X39_Y35",2026,0,1,1,0
"Z02","X39",0.777777777777778,"ZX","other","other","X39_Z02",2026,1,1,2,1
"Z07","X39",0.666666666666667,"ZX","other","other","X39_Z07",2026,0,1,1,0
"Z10","X39",0.8,"ZX","other","other","X39_Z10",2026,1,1,2,1
"Z11","X39",0.888888888888889,"ZX","other","other","X39_Z11",2026,1,1,2,1
"Z16","X39",0.8,"ZX","other","other","X39_Z16",2026,1,1,2,1
"Z20","X39",0.888888888888889,"ZX","other","other","X39_Z20",2026,1,1,2,1
"Z21","X39",0.888888888888889,"ZX","other","other","X39_Z21",2026,1,1,2,1
"Z22","X39",0.888888888888889,"ZX","other","other","X39_Z22",2026,1,1,2,1
"Z27","X39",0.666666666666667,"ZX","other","other","X39_Z27",2026,0,1,1,0
"Z28","X39",0.777777777777778,"ZX","other","other","X39_Z28",2026,1,1,2,1
"Z29","X39",0.888888888888889,"ZX","other","other","X39_Z29",2026,1,1,2,1
"Z31","X39",0.777777777777778,"ZX","other","other","X39_Z31",2026,1,1,2,1
"Z32","X39",0.777777777777778,"ZX","other","other","X39_Z32",2026,1,1,2,1
"Z33","X39",0.888888888888889,"ZX","other","other","X39_Z33",2026,1,1,2,1
"Z39","X39",0.8,"ZX","other","other","X39_Z39",2026,1,1,2,1
"Z42","X39",0.888888888888889,"ZX","other","other","X39_Z42",2026,1,1,2,1
"Z43","X39",0.888888888888889,"ZX","other","other","X39_Z43",2026,1,1,2,1
"Z45","X39",0.888888888888889,"ZX","other","other","X39_Z45",2026,1,1,2,1
"Y02","Y01",0.777777777777778,"YY","same","same","Y01_Y02",2026,1,1,2,1
"Y03","Y01",0.8,"YY","same","same","Y01_Y03",2026,0,1,1,0
"Y04","Y01",0.777777777777778,"YY","same","same","Y01_Y04",2026,1,1,2,1
"Y05","Y01",0.888888888888889,"YY","same","same","Y01_Y05",2026,1,1,2,1
"Y06","Y01",0.9,"YY","same","same","Y01_Y06",2026,1,1,2,1
"Y07","Y01",0.8,"YY","same","same","Y01_Y07",2026,1,1,2,1
"Y08","Y01",1,"YY","same","same","Y01_Y08",2026,1,1,2,1
"Y09","Y01",0.8,"YY","same","same","Y01_Y09",2026,1,1,2,1
"Y10","Y01",0.666666666666667,"YY","same","same","Y01_Y10",2026,1,1,2,1
"Y11","Y01",0.777777777777778,"YY","same","same","Y01_Y11",2026,1,1,2,1
"Y12","Y01",0.8,"YY","same","same","Y01_Y12",2026,1,1,2,1
"Y14","Y01",0.7,"YY","same","same","Y01_Y14",2026,1,1,2,1
"Y16","Y01",0.777777777777778,"YY","same","same","Y01_Y16",2026,0,1,1,0
"Y17","Y01",0.777777777777778,"YY","same","same","Y01_Y17",2026,1,1,2,1
"Y18","Y01",1,"YY","same","same","Y01_Y18",2026,1,1,2,1
"Y19","Y01",1,"YY","same","same","Y01_Y19",2026,1,1,2,1
"Y20","Y01",0.666666666666667,"YY","same","same","Y01_Y20",2026,1,1,2,1
"Y21","Y01",0.888888888888889,"YY","same","same","Y01_Y21",2026,1,1,2,1
"Y22","Y01",1,"YY","same","same","Y01_Y22",2026,0,1,1,0
"Y23","Y01",0.888888888888889,"YY","same","same","Y01_Y23",2026,0,1,1,0
"Y24","Y01",0.777777777777778,"YY","same","same","Y01_Y24",2026,0,1,1,0
"Y25","Y01",0.666666666666667,"YY","same","same","Y01_Y25",2026,0,1,1,0
"Y26","Y01",0.777777777777778,"YY","same","same","Y01_Y26",2026,1,1,2,1
"Y27","Y01",0.888888888888889,"YY","same","same","Y01_Y27",2026,0,1,1,0
"Y28","Y01",0.555555555555556,"YY","same","same","Y01_Y28",2026,0,1,1,0
"Y29","Y01",0.666666666666667,"YY","same","same","Y01_Y29",2026,1,1,2,1
"Y30","Y01",0.555555555555556,"YY","same","same","Y01_Y30",2026,0,1,1,0
"Y31","Y01",0.888888888888889,"YY","same","same","Y01_Y31",2026,0,1,1,0
"Y32","Y01",0.888888888888889,"YY","same","same","Y01_Y32",2026,0,1,1,0
"Y33","Y01",0.888888888888889,"YY","same","same","Y01_Y33",2026,0,1,1,0
"Y34","Y01",0.666666666666667,"YY","same","same","Y01_Y34",2026,1,1,2,1
"Y35","Y01",0.777777777777778,"YY","same","same","Y01_Y35",2026,0,1,1,0
"Z02","Y01",0.777777777777778,"ZY","other","semi","Y01_Z02",2026,1,1,2,1
"Z07","Y01",0.666666666666667,"ZY","other","semi","Y01_Z07",2026,0,1,1,0
"Z10","Y01",0.8,"ZY","other","semi","Y01_Z10",2026,1,1,2,1
"Z11","Y01",0.888888888888889,"ZY","other","semi","Y01_Z11",2026,1,1,2,1
"Z16","Y01",0.8,"ZY","other","semi","Y01_Z16",2026,1,1,2,1
"Z20","Y01",0.888888888888889,"ZY","other","semi","Y01_Z20",2026,1,1,2,1
"Z21","Y01",0.888888888888889,"ZY","other","semi","Y01_Z21",2026,1,1,2,1
"Z22","Y01",0.888888888888889,"ZY","other","semi","Y01_Z22",2026,1,1,2,1
"Z27","Y01",0.666666666666667,"ZY","other","semi","Y01_Z27",2026,0,1,1,0
"Z28","Y01",0.777777777777778,"ZY","other","semi","Y01_Z28",2026,1,1,2,1
"Z29","Y01",0.888888888888889,"ZY","other","semi","Y01_Z29",2026,1,1,2,1
"Z31","Y01",0.777777777777778,"ZY","other","semi","Y01_Z31",2026,1,1,2,1
"Z32","Y01",0.777777777777778,"ZY","other","semi","Y01_Z32",2026,1,1,2,1
"Z33","Y01",0.888888888888889,"ZY","other","semi","Y01_Z33",2026,1,1,2,1
"Z39","Y01",0.8,"ZY","other","semi","Y01_Z39",2026,1,1,2,1
"Z42","Y01",0.888888888888889,"ZY","other","semi","Y01_Z42",2026,1,1,2,1
"Z43","Y01",0.888888888888889,"ZY","other","semi","Y01_Z43",2026,1,1,2,1
"Z45","Y01",0.888888888888889,"ZY","other","semi","Y01_Z45",2026,1,1,2,1
"Y03","Y02",0.6,"YY","same","same","Y02_Y03",2026,0,1,1,0
"Y04","Y02",0.555555555555556,"YY","same","same","Y02_Y04",2026,1,1,2,1
"Y05","Y02",0.875,"YY","same","same","Y02_Y05",2026,1,1,2,1
"Y06","Y02",0.7,"YY","same","same","Y02_Y06",2026,1,1,2,1
"Y07","Y02",0.6,"YY","same","same","Y02_Y07",2026,1,1,2,1
"Y08","Y02",0.777777777777778,"YY","same","same","Y02_Y08",2026,1,1,2,1
"Y09","Y02",0.777777777777778,"YY","same","same","Y02_Y09",2026,1,1,2,1
"Y10","Y02",0.625,"YY","same","same","Y02_Y10",2026,1,1,2,1
"Y11","Y02",0.75,"YY","same","same","Y02_Y11",2026,1,1,2,1
"Y12","Y02",0.777777777777778,"YY","same","same","Y02_Y12",2026,1,1,2,1
"Y14","Y02",0.666666666666667,"YY","same","same","Y02_Y14",2026,1,1,2,1
"Y16","Y02",0.75,"YY","same","same","Y02_Y16",2026,0,1,1,0
"Y17","Y02",0.75,"YY","same","same","Y02_Y17",2026,1,1,2,1
"Y18","Y02",0.777777777777778,"YY","same","same","Y02_Y18",2026,1,1,2,1
"Y19","Y02",0.777777777777778,"YY","same","same","Y02_Y19",2026,1,1,2,1
"Y20","Y02",0.625,"YY","same","same","Y02_Y20",2026,1,1,2,1
"Y21","Y02",0.875,"YY","same","same","Y02_Y21",2026,1,1,2,1
"Y22","Y02",0.777777777777778,"YY","same","same","Y02_Y22",2026,0,1,1,0
"Y23","Y02",0.875,"YY","same","same","Y02_Y23",2026,0,1,1,0
"Y24","Y02",1,"YY","same","same","Y02_Y24",2026,0,1,1,0
"Y25","Y02",0.857142857142857,"YY","same","same","Y02_Y25",2026,0,1,1,0
"Y26","Y02",0.555555555555556,"YY","same","same","Y02_Y26",2026,1,1,2,1
"Y27","Y02",0.875,"YY","same","same","Y02_Y27",2026,0,1,1,0
"Y28","Y02",0.5,"YY","same","same","Y02_Y28",2026,0,1,1,0
"Y29","Y02",0.625,"YY","same","same","Y02_Y29",2026,1,1,2,1
"Y30","Y02",0.714285714285714,"YY","same","same","Y02_Y30",2026,0,1,1,0
"Y31","Y02",0.875,"YY","same","same","Y02_Y31",2026,0,1,1,0
"Y32","Y02",0.666666666666667,"YY","same","same","Y02_Y32",2026,0,1,1,0
"Y33","Y02",0.666666666666667,"YY","same","same","Y02_Y33",2026,0,1,1,0
"Y34","Y02",0.625,"YY","same","same","Y02_Y34",2026,1,1,2,1
"Y35","Y02",0.75,"YY","same","same","Y02_Y35",2026,0,1,1,0
"Z02","Y02",1,"ZY","other","semi","Y02_Z02",2026,1,1,2,1
"Z07","Y02",0.857142857142857,"ZY","other","semi","Y02_Z07",2026,0,1,1,0
"Z10","Y02",0.6,"ZY","other","semi","Y02_Z10",2026,1,1,2,1
"Z11","Y02",0.875,"ZY","other","semi","Y02_Z11",2026,1,1,2,1
"Z16","Y02",0.777777777777778,"ZY","other","semi","Y02_Z16",2026,1,1,2,1
"Z20","Y02",0.875,"ZY","other","semi","Y02_Z20",2026,1,1,2,1
"Z21","Y02",0.875,"ZY","other","semi","Y02_Z21",2026,1,1,2,1
"Z22","Y02",0.875,"ZY","other","semi","Y02_Z22",2026,1,1,2,1
"Z27","Y02",0.625,"ZY","other","semi","Y02_Z27",2026,0,1,1,0
"Z28","Y02",0.75,"ZY","other","semi","Y02_Z28",2026,1,1,2,1
"Z29","Y02",0.875,"ZY","other","semi","Y02_Z29",2026,1,1,2,1
"Z31","Y02",0.75,"ZY","other","semi","Y02_Z31",2026,1,1,2,1
"Z32","Y02",0.75,"ZY","other","semi","Y02_Z32",2026,1,1,2,1
"Z33","Y02",0.666666666666667,"ZY","other","semi","Y02_Z33",2026,1,1,2,1
"Z39","Y02",0.777777777777778,"ZY","other","semi","Y02_Z39",2026,1,1,2,1
"Z42","Y02",0.875,"ZY","other","semi","Y02_Z42",2026,1,1,2,1
"Z43","Y02",0.875,"ZY","other","semi","Y02_Z43",2026,1,1,2,1
"Z45","Y02",0.875,"ZY","other","semi","Y02_Z45",2026,1,1,2,1
"Y04","Y03",0.777777777777778,"YY","same","same","Y03_Y04",2026,1,0,1,0
"Y05","Y03",0.7,"YY","same","same","Y03_Y05",2026,1,0,1,0
"Y06","Y03",0.9,"YY","same","same","Y03_Y06",2026,1,0,1,0
"Y07","Y03",1,"YY","same","same","Y03_Y07",2026,1,0,1,0
"Y08","Y03",0.8,"YY","same","same","Y03_Y08",2026,1,0,1,0
"Y09","Y03",0.8,"YY","same","same","Y03_Y09",2026,1,0,1,0
"Y10","Y03",0.666666666666667,"YY","same","same","Y03_Y10",2026,1,0,1,0
"Y11","Y03",0.777777777777778,"YY","same","same","Y03_Y11",2026,1,0,1,0
"Y12","Y03",0.8,"YY","same","same","Y03_Y12",2026,1,0,1,0
"Y14","Y03",0.888888888888889,"YY","same","same","Y03_Y14",2026,1,0,1,0
"Y16","Y03",0.777777777777778,"YY","same","same","Y03_Y16",2026,0,0,0,1
"Y17","Y03",0.777777777777778,"YY","same","same","Y03_Y17",2026,1,0,1,0
"Y18","Y03",0.8,"YY","same","same","Y03_Y18",2026,1,0,1,0
"Y19","Y03",0.8,"YY","same","same","Y03_Y19",2026,1,0,1,0
"Y20","Y03",0.5,"YY","same","same","Y03_Y20",2026,1,0,1,0
"Y21","Y03",0.7,"YY","same","same","Y03_Y21",2026,1,0,1,0
"Y22","Y03",0.8,"YY","same","same","Y03_Y22",2026,0,0,0,1
"Y23","Y03",0.7,"YY","same","same","Y03_Y23",2026,0,0,0,1
"Y24","Y03",0.6,"YY","same","same","Y03_Y24",2026,0,0,0,1
"Y25","Y03",0.5,"YY","same","same","Y03_Y25",2026,0,0,0,1
"Y26","Y03",0.6,"YY","same","same","Y03_Y26",2026,1,0,1,0
"Y27","Y03",0.7,"YY","same","same","Y03_Y27",2026,0,0,0,1
"Y28","Y03",0.4,"YY","same","same","Y03_Y28",2026,0,0,0,1
"Y29","Y03",0.5,"YY","same","same","Y03_Y29",2026,1,0,1,0
"Y30","Y03",0.4,"YY","same","same","Y03_Y30",2026,0,0,0,1
"Y31","Y03",0.7,"YY","same","same","Y03_Y31",2026,0,0,0,1
"Y32","Y03",0.888888888888889,"YY","same","same","Y03_Y32",2026,0,0,0,1
"Y33","Y03",0.7,"YY","same","same","Y03_Y33",2026,0,0,0,1
"Y34","Y03",0.5,"YY","same","same","Y03_Y34",2026,1,0,1,0
"Y35","Y03",0.6,"YY","same","same","Y03_Y35",2026,0,0,0,1
"Z02","Y03",0.6,"ZY","other","semi","Y03_Z02",2026,1,0,1,0
"Z07","Y03",0.5,"ZY","other","semi","Y03_Z07",2026,0,0,0,1
"Z10","Y03",0.8,"ZY","other","semi","Y03_Z10",2026,1,0,1,0
"Z11","Y03",0.7,"ZY","other","semi","Y03_Z11",2026,1,0,1,0
"Z16","Y03",0.8,"ZY","other","semi","Y03_Z16",2026,1,0,1,0
"Z20","Y03",0.7,"ZY","other","semi","Y03_Z20",2026,1,0,1,0
"Z21","Y03",0.7,"ZY","other","semi","Y03_Z21",2026,1,0,1,0
"Z22","Y03",0.7,"ZY","other","semi","Y03_Z22",2026,1,0,1,0
"Z27","Y03",0.666666666666667,"ZY","other","semi","Y03_Z27",2026,0,0,0,1
"Z28","Y03",0.6,"ZY","other","semi","Y03_Z28",2026,1,0,1,0
"Z29","Y03",0.7,"ZY","other","semi","Y03_Z29",2026,1,0,1,0
"Z31","Y03",0.6,"ZY","other","semi","Y03_Z31",2026,1,0,1,0
"Z32","Y03",0.777777777777778,"ZY","other","semi","Y03_Z32",2026,1,0,1,0
"Z33","Y03",0.7,"ZY","other","semi","Y03_Z33",2026,1,0,1,0
"Z39","Y03",0.8,"ZY","other","semi","Y03_Z39",2026,1,0,1,0
"Z42","Y03",0.7,"ZY","other","semi","Y03_Z42",2026,1,0,1,0
"Z43","Y03",0.7,"ZY","other","semi","Y03_Z43",2026,1,0,1,0
"Z45","Y03",0.7,"ZY","other","semi","Y03_Z45",2026,1,0,1,0
"Y05","Y04",0.666666666666667,"YY","same","same","Y04_Y05",2026,1,1,2,1
"Y06","Y04",0.7,"YY","same","same","Y04_Y06",2026,1,1,2,1
"Y07","Y04",0.777777777777778,"YY","same","same","Y04_Y07",2026,1,1,2,1
"Y08","Y04",0.777777777777778,"YY","same","same","Y04_Y08",2026,1,1,2,1
"Y09","Y04",0.6,"YY","same","same","Y04_Y09",2026,1,1,2,1
"Y10","Y04",0.857142857142857,"YY","same","same","Y04_Y10",2026,1,1,2,1
"Y11","Y04",0.75,"YY","same","same","Y04_Y11",2026,1,1,2,1
"Y12","Y04",0.6,"YY","same","same","Y04_Y12",2026,1,1,2,1
"Y14","Y04",0.666666666666667,"YY","same","same","Y04_Y14",2026,1,1,2,1
"Y16","Y04",0.75,"YY","same","same","Y04_Y16",2026,0,1,1,0
"Y17","Y04",0.75,"YY","same","same","Y04_Y17",2026,1,1,2,1
"Y18","Y04",0.777777777777778,"YY","same","same","Y04_Y18",2026,1,1,2,1
"Y19","Y04",0.777777777777778,"YY","same","same","Y04_Y19",2026,1,1,2,1
"Y20","Y04",0.444444444444444,"YY","same","same","Y04_Y20",2026,1,1,2,1
"Y21","Y04",0.666666666666667,"YY","same","same","Y04_Y21",2026,1,1,2,1
"Y22","Y04",0.777777777777778,"YY","same","same","Y04_Y22",2026,0,1,1,0
"Y23","Y04",0.666666666666667,"YY","same","same","Y04_Y23",2026,0,1,1,0
"Y24","Y04",0.555555555555556,"YY","same","same","Y04_Y24",2026,0,1,1,0
"Y25","Y04",0.444444444444444,"YY","same","same","Y04_Y25",2026,0,1,1,0
"Y26","Y04",0.555555555555556,"YY","same","same","Y04_Y26",2026,1,1,2,1
"Y27","Y04",0.666666666666667,"YY","same","same","Y04_Y27",2026,0,1,1,0
"Y28","Y04",0.333333333333333,"YY","same","same","Y04_Y28",2026,0,1,1,0
"Y29","Y04",0.444444444444444,"YY","same","same","Y04_Y29",2026,1,1,2,1
"Y30","Y04",0.333333333333333,"YY","same","same","Y04_Y30",2026,0,1,1,0
"Y31","Y04",0.666666666666667,"YY","same","same","Y04_Y31",2026,0,1,1,0
"Y32","Y04",0.875,"YY","same","same","Y04_Y32",2026,0,1,1,0
"Y33","Y04",0.666666666666667,"YY","same","same","Y04_Y33",2026,0,1,1,0
"Y34","Y04",0.444444444444444,"YY","same","same","Y04_Y34",2026,1,1,2,1
"Y35","Y04",0.555555555555556,"YY","same","same","Y04_Y35",2026,0,1,1,0
"Z02","Y04",0.555555555555556,"ZY","other","semi","Y04_Z02",2026,1,1,2,1
"Z07","Y04",0.444444444444444,"ZY","other","semi","Y04_Z07",2026,0,1,1,0
"Z10","Y04",0.6,"ZY","other","semi","Y04_Z10",2026,1,1,2,1
"Z11","Y04",0.666666666666667,"ZY","other","semi","Y04_Z11",2026,1,1,2,1
"Z16","Y04",0.6,"ZY","other","semi","Y04_Z16",2026,1,1,2,1
"Z20","Y04",0.666666666666667,"ZY","other","semi","Y04_Z20",2026,1,1,2,1
"Z21","Y04",0.666666666666667,"ZY","other","semi","Y04_Z21",2026,1,1,2,1
"Z22","Y04",0.666666666666667,"ZY","other","semi","Y04_Z22",2026,1,1,2,1
"Z27","Y04",0.625,"ZY","other","semi","Y04_Z27",2026,0,1,1,0
"Z28","Y04",0.555555555555556,"ZY","other","semi","Y04_Z28",2026,1,1,2,1
"Z29","Y04",0.666666666666667,"ZY","other","semi","Y04_Z29",2026,1,1,2,1
"Z31","Y04",0.555555555555556,"ZY","other","semi","Y04_Z31",2026,1,1,2,1
"Z32","Y04",0.75,"ZY","other","semi","Y04_Z32",2026,1,1,2,1
"Z33","Y04",0.666666666666667,"ZY","other","semi","Y04_Z33",2026,1,1,2,1
"Z39","Y04",0.6,"ZY","other","semi","Y04_Z39",2026,1,1,2,1
"Z42","Y04",0.666666666666667,"ZY","other","semi","Y04_Z42",2026,1,1,2,1
"Z43","Y04",0.666666666666667,"ZY","other","semi","Y04_Z43",2026,1,1,2,1
"Z45","Y04",0.666666666666667,"ZY","other","semi","Y04_Z45",2026,1,1,2,1
"Y06","Y05",0.8,"YY","same","same","Y05_Y06",2026,1,1,2,1
"Y07","Y05",0.7,"YY","same","same","Y05_Y07",2026,1,1,2,1
"Y08","Y05",0.888888888888889,"YY","same","same","Y05_Y08",2026,1,1,2,1
"Y09","Y05",0.888888888888889,"YY","same","same","Y05_Y09",2026,1,1,2,1
"Y10","Y05",0.555555555555556,"YY","same","same","Y05_Y10",2026,1,1,2,1
"Y11","Y05",0.875,"YY","same","same","Y05_Y11",2026,1,1,2,1
"Y12","Y05",0.7,"YY","same","same","Y05_Y12",2026,1,1,2,1
"Y14","Y05",0.777777777777778,"YY","same","same","Y05_Y14",2026,1,1,2,1
"Y16","Y05",0.666666666666667,"YY","same","same","Y05_Y16",2026,0,1,1,0
"Y17","Y05",0.875,"YY","same","same","Y05_Y17",2026,1,1,2,1
"Y18","Y05",0.888888888888889,"YY","same","same","Y05_Y18",2026,1,1,2,1
"Y19","Y05",0.888888888888889,"YY","same","same","Y05_Y19",2026,1,1,2,1
"Y20","Y05",0.555555555555556,"YY","same","same","Y05_Y20",2026,1,1,2,1
"Y21","Y05",0.777777777777778,"YY","same","same","Y05_Y21",2026,1,1,2,1
"Y22","Y05",0.888888888888889,"YY","same","same","Y05_Y22",2026,0,1,1,0
"Y23","Y05",1,"YY","same","same","Y05_Y23",2026,0,1,1,0
"Y24","Y05",0.875,"YY","same","same","Y05_Y24",2026,0,1,1,0
"Y25","Y05",0.75,"YY","same","same","Y05_Y25",2026,0,1,1,0
"Y26","Y05",0.666666666666667,"YY","same","same","Y05_Y26",2026,1,1,2,1
"Y27","Y05",0.777777777777778,"YY","same","same","Y05_Y27",2026,0,1,1,0
"Y28","Y05",0.444444444444444,"YY","same","same","Y05_Y28",2026,0,1,1,0
"Y29","Y05",0.75,"YY","same","same","Y05_Y29",2026,1,1,2,1
"Y30","Y05",0.625,"YY","same","same","Y05_Y30",2026,0,1,1,0
"Y31","Y05",1,"YY","same","same","Y05_Y31",2026,0,1,1,0
"Y32","Y05",0.777777777777778,"YY","same","same","Y05_Y32",2026,0,1,1,0
"Y33","Y05",0.777777777777778,"YY","same","same","Y05_Y33",2026,0,1,1,0
"Y34","Y05",0.555555555555556,"YY","same","same","Y05_Y34",2026,1,1,2,1
"Y35","Y05",0.666666666666667,"YY","same","same","Y05_Y35",2026,0,1,1,0
"Z02","Y05",0.875,"ZY","other","semi","Y05_Z02",2026,1,1,2,1
"Z07","Y05",0.75,"ZY","other","semi","Y05_Z07",2026,0,1,1,0
"Z10","Y05",0.7,"ZY","other","semi","Y05_Z10",2026,1,1,2,1
"Z11","Y05",1,"ZY","other","semi","Y05_Z11",2026,1,1,2,1
"Z16","Y05",0.888888888888889,"ZY","other","semi","Y05_Z16",2026,1,1,2,1
"Z20","Y05",1,"ZY","other","semi","Y05_Z20",2026,1,1,2,1
"Z21","Y05",1,"ZY","other","semi","Y05_Z21",2026,1,1,2,1
"Z22","Y05",1,"ZY","other","semi","Y05_Z22",2026,1,1,2,1
"Z27","Y05",0.75,"ZY","other","semi","Y05_Z27",2026,0,1,1,0
"Z28","Y05",0.875,"ZY","other","semi","Y05_Z28",2026,1,1,2,1
"Z29","Y05",1,"ZY","other","semi","Y05_Z29",2026,1,1,2,1
"Z31","Y05",0.875,"ZY","other","semi","Y05_Z31",2026,1,1,2,1
"Z32","Y05",0.666666666666667,"ZY","other","semi","Y05_Z32",2026,1,1,2,1
"Z33","Y05",0.777777777777778,"ZY","other","semi","Y05_Z33",2026,1,1,2,1
"Z39","Y05",0.7,"ZY","other","semi","Y05_Z39",2026,1,1,2,1
"Z42","Y05",1,"ZY","other","semi","Y05_Z42",2026,1,1,2,1
"Z43","Y05",1,"ZY","other","semi","Y05_Z43",2026,1,1,2,1
"Z45","Y05",1,"ZY","other","semi","Y05_Z45",2026,1,1,2,1
"Y07","Y06",0.9,"YY","same","same","Y06_Y07",2026,1,1,2,1
"Y08","Y06",0.9,"YY","same","same","Y06_Y08",2026,1,1,2,1
"Y09","Y06",0.9,"YY","same","same","Y06_Y09",2026,1,1,2,1
"Y10","Y06",0.6,"YY","same","same","Y06_Y10",2026,1,1,2,1
"Y11","Y06",0.7,"YY","same","same","Y06_Y11",2026,1,1,2,1
"Y12","Y06",0.9,"YY","same","same","Y06_Y12",2026,1,1,2,1
"Y14","Y06",0.8,"YY","same","same","Y06_Y14",2026,1,1,2,1
"Y16","Y06",0.7,"YY","same","same","Y06_Y16",2026,0,1,1,0
"Y17","Y06",0.7,"YY","same","same","Y06_Y17",2026,1,1,2,1
"Y18","Y06",0.9,"YY","same","same","Y06_Y18",2026,1,1,2,1
"Y19","Y06",0.9,"YY","same","same","Y06_Y19",2026,1,1,2,1
"Y20","Y06",0.6,"YY","same","same","Y06_Y20",2026,1,1,2,1
"Y21","Y06",0.8,"YY","same","same","Y06_Y21",2026,1,1,2,1
"Y22","Y06",0.9,"YY","same","same","Y06_Y22",2026,0,1,1,0
"Y23","Y06",0.8,"YY","same","same","Y06_Y23",2026,0,1,1,0
"Y24","Y06",0.7,"YY","same","same","Y06_Y24",2026,0,1,1,0
"Y25","Y06",0.6,"YY","same","same","Y06_Y25",2026,0,1,1,0
"Y26","Y06",0.7,"YY","same","same","Y06_Y26",2026,1,1,2,1
"Y27","Y06",0.8,"YY","same","same","Y06_Y27",2026,0,1,1,0
"Y28","Y06",0.5,"YY","same","same","Y06_Y28",2026,0,1,1,0
"Y29","Y06",0.6,"YY","same","same","Y06_Y29",2026,1,1,2,1
"Y30","Y06",0.5,"YY","same","same","Y06_Y30",2026,0,1,1,0
"Y31","Y06",0.8,"YY","same","same","Y06_Y31",2026,0,1,1,0
"Y32","Y06",0.8,"YY","same","same","Y06_Y32",2026,0,1,1,0
"Y33","Y06",0.8,"YY","same","same","Y06_Y33",2026,0,1,1,0
"Y34","Y06",0.6,"YY","same","same","Y06_Y34",2026,1,1,2,1
"Y35","Y06",0.7,"YY","same","same","Y06_Y35",2026,0,1,1,0
"Z02","Y06",0.7,"ZY","other","semi","Y06_Z02",2026,1,1,2,1
"Z07","Y06",0.6,"ZY","other","semi","Y06_Z07",2026,0,1,1,0
"Z10","Y06",0.9,"ZY","other","semi","Y06_Z10",2026,1,1,2,1
"Z11","Y06",0.8,"ZY","other","semi","Y06_Z11",2026,1,1,2,1
"Z16","Y06",0.9,"ZY","other","semi","Y06_Z16",2026,1,1,2,1
"Z20","Y06",0.8,"ZY","other","semi","Y06_Z20",2026,1,1,2,1
"Z21","Y06",0.8,"ZY","other","semi","Y06_Z21",2026,1,1,2,1
"Z22","Y06",0.8,"ZY","other","semi","Y06_Z22",2026,1,1,2,1
"Z27","Y06",0.6,"ZY","other","semi","Y06_Z27",2026,0,1,1,0
"Z28","Y06",0.7,"ZY","other","semi","Y06_Z28",2026,1,1,2,1
"Z29","Y06",0.8,"ZY","other","semi","Y06_Z29",2026,1,1,2,1
"Z31","Y06",0.7,"ZY","other","semi","Y06_Z31",2026,1,1,2,1
"Z32","Y06",0.7,"ZY","other","semi","Y06_Z32",2026,1,1,2,1
"Z33","Y06",0.8,"ZY","other","semi","Y06_Z33",2026,1,1,2,1
"Z39","Y06",0.9,"ZY","other","semi","Y06_Z39",2026,1,1,2,1
"Z42","Y06",0.8,"ZY","other","semi","Y06_Z42",2026,1,1,2,1
"Z43","Y06",0.8,"ZY","other","semi","Y06_Z43",2026,1,1,2,1
"Z45","Y06",0.8,"ZY","other","semi","Y06_Z45",2026,1,1,2,1
"Y08","Y07",0.8,"YY","same","same","Y07_Y08",2026,1,1,2,1
"Y09","Y07",0.8,"YY","same","same","Y07_Y09",2026,1,1,2,1
"Y10","Y07",0.666666666666667,"YY","same","same","Y07_Y10",2026,1,1,2,1
"Y11","Y07",0.777777777777778,"YY","same","same","Y07_Y11",2026,1,1,2,1
"Y12","Y07",0.8,"YY","same","same","Y07_Y12",2026,1,1,2,1
"Y14","Y07",0.888888888888889,"YY","same","same","Y07_Y14",2026,1,1,2,1
"Y16","Y07",0.777777777777778,"YY","same","same","Y07_Y16",2026,0,1,1,0
"Y17","Y07",0.777777777777778,"YY","same","same","Y07_Y17",2026,1,1,2,1
"Y18","Y07",0.8,"YY","same","same","Y07_Y18",2026,1,1,2,1
"Y19","Y07",0.8,"YY","same","same","Y07_Y19",2026,1,1,2,1
"Y20","Y07",0.5,"YY","same","same","Y07_Y20",2026,1,1,2,1
"Y21","Y07",0.7,"YY","same","same","Y07_Y21",2026,1,1,2,1
"Y22","Y07",0.8,"YY","same","same","Y07_Y22",2026,0,1,1,0
"Y23","Y07",0.7,"YY","same","same","Y07_Y23",2026,0,1,1,0
"Y24","Y07",0.6,"YY","same","same","Y07_Y24",2026,0,1,1,0
"Y25","Y07",0.5,"YY","same","same","Y07_Y25",2026,0,1,1,0
"Y26","Y07",0.6,"YY","same","same","Y07_Y26",2026,1,1,2,1
"Y27","Y07",0.7,"YY","same","same","Y07_Y27",2026,0,1,1,0
"Y28","Y07",0.4,"YY","same","same","Y07_Y28",2026,0,1,1,0
"Y29","Y07",0.5,"YY","same","same","Y07_Y29",2026,1,1,2,1
"Y30","Y07",0.4,"YY","same","same","Y07_Y30",2026,0,1,1,0
"Y31","Y07",0.7,"YY","same","same","Y07_Y31",2026,0,1,1,0
"Y32","Y07",0.888888888888889,"YY","same","same","Y07_Y32",2026,0,1,1,0
"Y33","Y07",0.7,"YY","same","same","Y07_Y33",2026,0,1,1,0
"Y34","Y07",0.5,"YY","same","same","Y07_Y34",2026,1,1,2,1
"Y35","Y07",0.6,"YY","same","same","Y07_Y35",2026,0,1,1,0
"Z02","Y07",0.6,"ZY","other","semi","Y07_Z02",2026,1,1,2,1
"Z07","Y07",0.5,"ZY","other","semi","Y07_Z07",2026,0,1,1,0
"Z10","Y07",0.8,"ZY","other","semi","Y07_Z10",2026,1,1,2,1
"Z11","Y07",0.7,"ZY","other","semi","Y07_Z11",2026,1,1,2,1
"Z16","Y07",0.8,"ZY","other","semi","Y07_Z16",2026,1,1,2,1
"Z20","Y07",0.7,"ZY","other","semi","Y07_Z20",2026,1,1,2,1
"Z21","Y07",0.7,"ZY","other","semi","Y07_Z21",2026,1,1,2,1
"Z22","Y07",0.7,"ZY","other","semi","Y07_Z22",2026,1,1,2,1
"Z27","Y07",0.666666666666667,"ZY","other","semi","Y07_Z27",2026,0,1,1,0
"Z28","Y07",0.6,"ZY","other","semi","Y07_Z28",2026,1,1,2,1
"Z29","Y07",0.7,"ZY","other","semi","Y07_Z29",2026,1,1,2,1
"Z31","Y07",0.6,"ZY","other","semi","Y07_Z31",2026,1,1,2,1
"Z32","Y07",0.777777777777778,"ZY","other","semi","Y07_Z32",2026,1,1,2,1
"Z33","Y07",0.7,"ZY","other","semi","Y07_Z33",2026,1,1,2,1
"Z39","Y07",0.8,"ZY","other","semi","Y07_Z39",2026,1,1,2,1
"Z42","Y07",0.7,"ZY","other","semi","Y07_Z42",2026,1,1,2,1
"Z43","Y07",0.7,"ZY","other","semi","Y07_Z43",2026,1,1,2,1
"Z45","Y07",0.7,"ZY","other","semi","Y07_Z45",2026,1,1,2,1
"Y09","Y08",0.8,"YY","same","same","Y08_Y09",2026,1,1,2,1
"Y10","Y08",0.666666666666667,"YY","same","same","Y08_Y10",2026,1,1,2,1
"Y11","Y08",0.777777777777778,"YY","same","same","Y08_Y11",2026,1,1,2,1
"Y12","Y08",0.8,"YY","same","same","Y08_Y12",2026,1,1,2,1
"Y14","Y08",0.7,"YY","same","same","Y08_Y14",2026,1,1,2,1
"Y16","Y08",0.777777777777778,"YY","same","same","Y08_Y16",2026,0,1,1,0
"Y17","Y08",0.777777777777778,"YY","same","same","Y08_Y17",2026,1,1,2,1
"Y18","Y08",1,"YY","same","same","Y08_Y18",2026,1,1,2,1
"Y19","Y08",1,"YY","same","same","Y08_Y19",2026,1,1,2,1
"Y20","Y08",0.666666666666667,"YY","same","same","Y08_Y20",2026,1,1,2,1
"Y21","Y08",0.888888888888889,"YY","same","same","Y08_Y21",2026,1,1,2,1
"Y22","Y08",1,"YY","same","same","Y08_Y22",2026,0,1,1,0
"Y23","Y08",0.888888888888889,"YY","same","same","Y08_Y23",2026,0,1,1,0
"Y24","Y08",0.777777777777778,"YY","same","same","Y08_Y24",2026,0,1,1,0
"Y25","Y08",0.666666666666667,"YY","same","same","Y08_Y25",2026,0,1,1,0
"Y26","Y08",0.777777777777778,"YY","same","same","Y08_Y26",2026,1,1,2,1
"Y27","Y08",0.888888888888889,"YY","same","same","Y08_Y27",2026,0,1,1,0
"Y28","Y08",0.555555555555556,"YY","same","same","Y08_Y28",2026,0,1,1,0
"Y29","Y08",0.666666666666667,"YY","same","same","Y08_Y29",2026,1,1,2,1
"Y30","Y08",0.555555555555556,"YY","same","same","Y08_Y30",2026,0,1,1,0
"Y31","Y08",0.888888888888889,"YY","same","same","Y08_Y31",2026,0,1,1,0
"Y32","Y08",0.888888888888889,"YY","same","same","Y08_Y32",2026,0,1,1,0
"Y33","Y08",0.888888888888889,"YY","same","same","Y08_Y33",2026,0,1,1,0
"Y34","Y08",0.666666666666667,"YY","same","same","Y08_Y34",2026,1,1,2,1
"Y35","Y08",0.777777777777778,"YY","same","same","Y08_Y35",2026,0,1,1,0
"Z02","Y08",0.777777777777778,"ZY","other","semi","Y08_Z02",2026,1,1,2,1
"Z07","Y08",0.666666666666667,"ZY","other","semi","Y08_Z07",2026,0,1,1,0
"Z10","Y08",0.8,"ZY","other","semi","Y08_Z10",2026,1,1,2,1
"Z11","Y08",0.888888888888889,"ZY","other","semi","Y08_Z11",2026,1,1,2,1
"Z16","Y08",0.8,"ZY","other","semi","Y08_Z16",2026,1,1,2,1
"Z20","Y08",0.888888888888889,"ZY","other","semi","Y08_Z20",2026,1,1,2,1
"Z21","Y08",0.888888888888889,"ZY","other","semi","Y08_Z21",2026,1,1,2,1
"Z22","Y08",0.888888888888889,"ZY","other","semi","Y08_Z22",2026,1,1,2,1
"Z27","Y08",0.666666666666667,"ZY","other","semi","Y08_Z27",2026,0,1,1,0
"Z28","Y08",0.777777777777778,"ZY","other","semi","Y08_Z28",2026,1,1,2,1
"Z29","Y08",0.888888888888889,"ZY","other","semi","Y08_Z29",2026,1,1,2,1
"Z31","Y08",0.777777777777778,"ZY","other","semi","Y08_Z31",2026,1,1,2,1
"Z32","Y08",0.777777777777778,"ZY","other","semi","Y08_Z32",2026,1,1,2,1
"Z33","Y08",0.888888888888889,"ZY","other","semi","Y08_Z33",2026,1,1,2,1
"Z39","Y08",0.8,"ZY","other","semi","Y08_Z39",2026,1,1,2,1
"Z42","Y08",0.888888888888889,"ZY","other","semi","Y08_Z42",2026,1,1,2,1
"Z43","Y08",0.888888888888889,"ZY","other","semi","Y08_Z43",2026,1,1,2,1
"Z45","Y08",0.888888888888889,"ZY","other","semi","Y08_Z45",2026,1,1,2,1
"Y10","Y09",0.5,"YY","same","same","Y09_Y10",2026,1,1,2,1
"Y11","Y09",0.777777777777778,"YY","same","same","Y09_Y11",2026,1,1,2,1
"Y12","Y09",0.8,"YY","same","same","Y09_Y12",2026,1,1,2,1
"Y14","Y09",0.888888888888889,"YY","same","same","Y09_Y14",2026,1,1,2,1
"Y16","Y09",0.6,"YY","same","same","Y09_Y16",2026,0,1,1,0
"Y17","Y09",0.777777777777778,"YY","same","same","Y09_Y17",2026,1,1,2,1
"Y18","Y09",0.8,"YY","same","same","Y09_Y18",2026,1,1,2,1
"Y19","Y09",0.8,"YY","same","same","Y09_Y19",2026,1,1,2,1
"Y20","Y09",0.5,"YY","same","same","Y09_Y20",2026,1,1,2,1
"Y21","Y09",0.7,"YY","same","same","Y09_Y21",2026,1,1,2,1
"Y22","Y09",0.8,"YY","same","same","Y09_Y22",2026,0,1,1,0
"Y23","Y09",0.888888888888889,"YY","same","same","Y09_Y23",2026,0,1,1,0
"Y24","Y09",0.777777777777778,"YY","same","same","Y09_Y24",2026,0,1,1,0
"Y25","Y09",0.666666666666667,"YY","same","same","Y09_Y25",2026,0,1,1,0
"Y26","Y09",0.6,"YY","same","same","Y09_Y26",2026,1,1,2,1
"Y27","Y09",0.7,"YY","same","same","Y09_Y27",2026,0,1,1,0
"Y28","Y09",0.4,"YY","same","same","Y09_Y28",2026,0,1,1,0
"Y29","Y09",0.666666666666667,"YY","same","same","Y09_Y29",2026,1,1,2,1
"Y30","Y09",0.555555555555556,"YY","same","same","Y09_Y30",2026,0,1,1,0
"Y31","Y09",0.888888888888889,"YY","same","same","Y09_Y31",2026,0,1,1,0
"Y32","Y09",0.7,"YY","same","same","Y09_Y32",2026,0,1,1,0
"Y33","Y09",0.7,"YY","same","same","Y09_Y33",2026,0,1,1,0
"Y34","Y09",0.5,"YY","same","same","Y09_Y34",2026,1,1,2,1
"Y35","Y09",0.6,"YY","same","same","Y09_Y35",2026,0,1,1,0
"Z02","Y09",0.777777777777778,"ZY","other","semi","Y09_Z02",2026,1,1,2,1
"Z07","Y09",0.666666666666667,"ZY","other","semi","Y09_Z07",2026,0,1,1,0
"Z10","Y09",0.8,"ZY","other","semi","Y09_Z10",2026,1,1,2,1
"Z11","Y09",0.888888888888889,"ZY","other","semi","Y09_Z11",2026,1,1,2,1
"Z16","Y09",1,"ZY","other","semi","Y09_Z16",2026,1,1,2,1
"Z20","Y09",0.888888888888889,"ZY","other","semi","Y09_Z20",2026,1,1,2,1
"Z21","Y09",0.888888888888889,"ZY","other","semi","Y09_Z21",2026,1,1,2,1
"Z22","Y09",0.888888888888889,"ZY","other","semi","Y09_Z22",2026,1,1,2,1
"Z27","Y09",0.666666666666667,"ZY","other","semi","Y09_Z27",2026,0,1,1,0
"Z28","Y09",0.777777777777778,"ZY","other","semi","Y09_Z28",2026,1,1,2,1
"Z29","Y09",0.888888888888889,"ZY","other","semi","Y09_Z29",2026,1,1,2,1
"Z31","Y09",0.777777777777778,"ZY","other","semi","Y09_Z31",2026,1,1,2,1
"Z32","Y09",0.6,"ZY","other","semi","Y09_Z32",2026,1,1,2,1
"Z33","Y09",0.7,"ZY","other","semi","Y09_Z33",2026,1,1,2,1
"Z39","Y09",0.8,"ZY","other","semi","Y09_Z39",2026,1,1,2,1
"Z42","Y09",0.888888888888889,"ZY","other","semi","Y09_Z42",2026,1,1,2,1
"Z43","Y09",0.888888888888889,"ZY","other","semi","Y09_Z43",2026,1,1,2,1
"Z45","Y09",0.888888888888889,"ZY","other","semi","Y09_Z45",2026,1,1,2,1
"Y11","Y10",0.625,"YY","same","same","Y10_Y11",2026,1,1,2,1
"Y12","Y10",0.666666666666667,"YY","same","same","Y10_Y12",2026,1,1,2,1
"Y14","Y10",0.555555555555556,"YY","same","same","Y10_Y14",2026,1,1,2,1
"Y16","Y10",0.857142857142857,"YY","same","same","Y10_Y16",2026,0,1,1,0
"Y17","Y10",0.625,"YY","same","same","Y10_Y17",2026,1,1,2,1
"Y18","Y10",0.666666666666667,"YY","same","same","Y10_Y18",2026,1,1,2,1
"Y19","Y10",0.666666666666667,"YY","same","same","Y10_Y19",2026,1,1,2,1
"Y20","Y10",0.5,"YY","same","same","Y10_Y20",2026,1,1,2,1
"Y21","Y10",0.75,"YY","same","same","Y10_Y21",2026,1,1,2,1
"Y22","Y10",0.666666666666667,"YY","same","same","Y10_Y22",2026,0,1,1,0
"Y23","Y10",0.555555555555556,"YY","same","same","Y10_Y23",2026,0,1,1,0
"Y24","Y10",0.625,"YY","same","same","Y10_Y24",2026,0,1,1,0
"Y25","Y10",0.5,"YY","same","same","Y10_Y25",2026,0,1,1,0
"Y26","Y10",0.444444444444444,"YY","same","same","Y10_Y26",2026,1,1,2,1
"Y27","Y10",0.75,"YY","same","same","Y10_Y27",2026,0,1,1,0
"Y28","Y10",0.375,"YY","same","same","Y10_Y28",2026,0,1,1,0
"Y29","Y10",0.333333333333333,"YY","same","same","Y10_Y29",2026,1,1,2,1
"Y30","Y10",0.375,"YY","same","same","Y10_Y30",2026,0,1,1,0
"Y31","Y10",0.555555555555556,"YY","same","same","Y10_Y31",2026,0,1,1,0
"Y32","Y10",0.75,"YY","same","same","Y10_Y32",2026,0,1,1,0
"Y33","Y10",0.555555555555556,"YY","same","same","Y10_Y33",2026,0,1,1,0
"Y34","Y10",0.5,"YY","same","same","Y10_Y34",2026,1,1,2,1
"Y35","Y10",0.625,"YY","same","same","Y10_Y35",2026,0,1,1,0
"Z02","Y10",0.625,"ZY","other","semi","Y10_Z02",2026,1,1,2,1
"Z07","Y10",0.5,"ZY","other","semi","Y10_Z07",2026,0,1,1,0
"Z10","Y10",0.5,"ZY","other","semi","Y10_Z10",2026,1,1,2,1
"Z11","Y10",0.555555555555556,"ZY","other","semi","Y10_Z11",2026,1,1,2,1
"Z16","Y10",0.5,"ZY","other","semi","Y10_Z16",2026,1,1,2,1
"Z20","Y10",0.555555555555556,"ZY","other","semi","Y10_Z20",2026,1,1,2,1
"Z21","Y10",0.555555555555556,"ZY","other","semi","Y10_Z21",2026,1,1,2,1
"Z22","Y10",0.555555555555556,"ZY","other","semi","Y10_Z22",2026,1,1,2,1
"Z27","Y10",0.5,"ZY","other","semi","Y10_Z27",2026,0,1,1,0
"Z28","Y10",0.444444444444444,"ZY","other","semi","Y10_Z28",2026,1,1,2,1
"Z29","Y10",0.555555555555556,"ZY","other","semi","Y10_Z29",2026,1,1,2,1
"Z31","Y10",0.444444444444444,"ZY","other","semi","Y10_Z31",2026,1,1,2,1
"Z32","Y10",0.857142857142857,"ZY","other","semi","Y10_Z32",2026,1,1,2,1
"Z33","Y10",0.555555555555556,"ZY","other","semi","Y10_Z33",2026,1,1,2,1
"Z39","Y10",0.666666666666667,"ZY","other","semi","Y10_Z39",2026,1,1,2,1
"Z42","Y10",0.555555555555556,"ZY","other","semi","Y10_Z42",2026,1,1,2,1
"Z43","Y10",0.555555555555556,"ZY","other","semi","Y10_Z43",2026,1,1,2,1
"Z45","Y10",0.555555555555556,"ZY","other","semi","Y10_Z45",2026,1,1,2,1
"Y12","Y11",0.6,"YY","same","same","Y11_Y12",2026,1,1,2,1
"Y14","Y11",0.875,"YY","same","same","Y11_Y14",2026,1,1,2,1
"Y16","Y11",0.75,"YY","same","same","Y11_Y16",2026,0,1,1,0
"Y17","Y11",1,"YY","same","same","Y11_Y17",2026,1,1,2,1
"Y18","Y11",0.777777777777778,"YY","same","same","Y11_Y18",2026,1,1,2,1
"Y19","Y11",0.777777777777778,"YY","same","same","Y11_Y19",2026,1,1,2,1
"Y20","Y11",0.444444444444444,"YY","same","same","Y11_Y20",2026,1,1,2,1
"Y21","Y11",0.666666666666667,"YY","same","same","Y11_Y21",2026,1,1,2,1
"Y22","Y11",0.777777777777778,"YY","same","same","Y11_Y22",2026,0,1,1,0
"Y23","Y11",0.875,"YY","same","same","Y11_Y23",2026,0,1,1,0
"Y24","Y11",0.75,"YY","same","same","Y11_Y24",2026,0,1,1,0
"Y25","Y11",0.625,"YY","same","same","Y11_Y25",2026,0,1,1,0
"Y26","Y11",0.555555555555556,"YY","same","same","Y11_Y26",2026,1,1,2,1
"Y27","Y11",0.666666666666667,"YY","same","same","Y11_Y27",2026,0,1,1,0
"Y28","Y11",0.333333333333333,"YY","same","same","Y11_Y28",2026,0,1,1,0
"Y29","Y11",0.625,"YY","same","same","Y11_Y29",2026,1,1,2,1
"Y30","Y11",0.5,"YY","same","same","Y11_Y30",2026,0,1,1,0
"Y31","Y11",0.875,"YY","same","same","Y11_Y31",2026,0,1,1,0
"Y32","Y11",0.875,"YY","same","same","Y11_Y32",2026,0,1,1,0
"Y33","Y11",0.666666666666667,"YY","same","same","Y11_Y33",2026,0,1,1,0
"Y34","Y11",0.444444444444444,"YY","same","same","Y11_Y34",2026,1,1,2,1
"Y35","Y11",0.555555555555556,"YY","same","same","Y11_Y35",2026,0,1,1,0
"Z02","Y11",0.75,"ZY","other","semi","Y11_Z02",2026,1,1,2,1
"Z07","Y11",0.625,"ZY","other","semi","Y11_Z07",2026,0,1,1,0
"Z10","Y11",0.6,"ZY","other","semi","Y11_Z10",2026,1,1,2,1
"Z11","Y11",0.875,"ZY","other","semi","Y11_Z11",2026,1,1,2,1
"Z16","Y11",0.777777777777778,"ZY","other","semi","Y11_Z16",2026,1,1,2,1
"Z20","Y11",0.875,"ZY","other","semi","Y11_Z20",2026,1,1,2,1
"Z21","Y11",0.875,"ZY","other","semi","Y11_Z21",2026,1,1,2,1
"Z22","Y11",0.875,"ZY","other","semi","Y11_Z22",2026,1,1,2,1
"Z27","Y11",0.857142857142857,"ZY","other","semi","Y11_Z27",2026,0,1,1,0
"Z28","Y11",0.75,"ZY","other","semi","Y11_Z28",2026,1,1,2,1
"Z29","Y11",0.875,"ZY","other","semi","Y11_Z29",2026,1,1,2,1
"Z31","Y11",0.75,"ZY","other","semi","Y11_Z31",2026,1,1,2,1
"Z32","Y11",0.75,"ZY","other","semi","Y11_Z32",2026,1,1,2,1
"Z33","Y11",0.666666666666667,"ZY","other","semi","Y11_Z33",2026,1,1,2,1
"Z39","Y11",0.6,"ZY","other","semi","Y11_Z39",2026,1,1,2,1
"Z42","Y11",0.875,"ZY","other","semi","Y11_Z42",2026,1,1,2,1
"Z43","Y11",0.875,"ZY","other","semi","Y11_Z43",2026,1,1,2,1
"Z45","Y11",0.875,"ZY","other","semi","Y11_Z45",2026,1,1,2,1
"Y14","Y12",0.7,"YY","same","same","Y12_Y14",2026,1,1,2,1
"Y16","Y12",0.777777777777778,"YY","same","same","Y12_Y16",2026,0,1,1,0
"Y17","Y12",0.6,"YY","same","same","Y12_Y17",2026,1,1,2,1
"Y18","Y12",0.8,"YY","same","same","Y12_Y18",2026,1,1,2,1
"Y19","Y12",0.8,"YY","same","same","Y12_Y19",2026,1,1,2,1
"Y20","Y12",0.666666666666667,"YY","same","same","Y12_Y20",2026,1,1,2,1
"Y21","Y12",0.888888888888889,"YY","same","same","Y12_Y21",2026,1,1,2,1
"Y22","Y12",0.8,"YY","same","same","Y12_Y22",2026,0,1,1,0
"Y23","Y12",0.7,"YY","same","same","Y12_Y23",2026,0,1,1,0
"Y24","Y12",0.777777777777778,"YY","same","same","Y12_Y24",2026,0,1,1,0
"Y25","Y12",0.666666666666667,"YY","same","same","Y12_Y25",2026,0,1,1,0
"Y26","Y12",0.6,"YY","same","same","Y12_Y26",2026,1,1,2,1
"Y27","Y12",0.888888888888889,"YY","same","same","Y12_Y27",2026,0,1,1,0
"Y28","Y12",0.555555555555556,"YY","same","same","Y12_Y28",2026,0,1,1,0
"Y29","Y12",0.5,"YY","same","same","Y12_Y29",2026,1,1,2,1
"Y30","Y12",0.555555555555556,"YY","same","same","Y12_Y30",2026,0,1,1,0
"Y31","Y12",0.7,"YY","same","same","Y12_Y31",2026,0,1,1,0
"Y32","Y12",0.7,"YY","same","same","Y12_Y32",2026,0,1,1,0
"Y33","Y12",0.7,"YY","same","same","Y12_Y33",2026,0,1,1,0
"Y34","Y12",0.666666666666667,"YY","same","same","Y12_Y34",2026,1,1,2,1
"Y35","Y12",0.777777777777778,"YY","same","same","Y12_Y35",2026,0,1,1,0
"Z02","Y12",0.777777777777778,"ZY","other","semi","Y12_Z02",2026,1,1,2,1
"Z07","Y12",0.666666666666667,"ZY","other","semi","Y12_Z07",2026,0,1,1,0
"Z10","Y12",0.8,"ZY","other","semi","Y12_Z10",2026,1,1,2,1
"Z11","Y12",0.7,"ZY","other","semi","Y12_Z11",2026,1,1,2,1
"Z16","Y12",0.8,"ZY","other","semi","Y12_Z16",2026,1,1,2,1
"Z20","Y12",0.7,"ZY","other","semi","Y12_Z20",2026,1,1,2,1
"Z21","Y12",0.7,"ZY","other","semi","Y12_Z21",2026,1,1,2,1
"Z22","Y12",0.7,"ZY","other","semi","Y12_Z22",2026,1,1,2,1
"Z27","Y12",0.5,"ZY","other","semi","Y12_Z27",2026,0,1,1,0
"Z28","Y12",0.6,"ZY","other","semi","Y12_Z28",2026,1,1,2,1
"Z29","Y12",0.7,"ZY","other","semi","Y12_Z29",2026,1,1,2,1
"Z31","Y12",0.6,"ZY","other","semi","Y12_Z31",2026,1,1,2,1
"Z32","Y12",0.777777777777778,"ZY","other","semi","Y12_Z32",2026,1,1,2,1
"Z33","Y12",0.7,"ZY","other","semi","Y12_Z33",2026,1,1,2,1
"Z39","Y12",1,"ZY","other","semi","Y12_Z39",2026,1,1,2,1
"Z42","Y12",0.7,"ZY","other","semi","Y12_Z42",2026,1,1,2,1
"Z43","Y12",0.7,"ZY","other","semi","Y12_Z43",2026,1,1,2,1
"Z45","Y12",0.7,"ZY","other","semi","Y12_Z45",2026,1,1,2,1
"Y16","Y14",0.666666666666667,"YY","same","same","Y14_Y16",2026,0,1,1,0
"Y17","Y14",0.875,"YY","same","same","Y14_Y17",2026,1,1,2,1
"Y18","Y14",0.7,"YY","same","same","Y14_Y18",2026,1,1,2,1
"Y19","Y14",0.7,"YY","same","same","Y14_Y19",2026,1,1,2,1
"Y20","Y14",0.4,"YY","same","same","Y14_Y20",2026,1,1,2,1
"Y21","Y14",0.6,"YY","same","same","Y14_Y21",2026,1,1,2,1
"Y22","Y14",0.7,"YY","same","same","Y14_Y22",2026,0,1,1,0
"Y23","Y14",0.777777777777778,"YY","same","same","Y14_Y23",2026,0,1,1,0
"Y24","Y14",0.666666666666667,"YY","same","same","Y14_Y24",2026,0,1,1,0
"Y25","Y14",0.555555555555556,"YY","same","same","Y14_Y25",2026,0,1,1,0
"Y26","Y14",0.5,"YY","same","same","Y14_Y26",2026,1,1,2,1
"Y27","Y14",0.6,"YY","same","same","Y14_Y27",2026,0,1,1,0
"Y28","Y14",0.3,"YY","same","same","Y14_Y28",2026,0,1,1,0
"Y29","Y14",0.555555555555556,"YY","same","same","Y14_Y29",2026,1,1,2,1
"Y30","Y14",0.444444444444444,"YY","same","same","Y14_Y30",2026,0,1,1,0
"Y31","Y14",0.777777777777778,"YY","same","same","Y14_Y31",2026,0,1,1,0
"Y32","Y14",0.777777777777778,"YY","same","same","Y14_Y32",2026,0,1,1,0
"Y33","Y14",0.6,"YY","same","same","Y14_Y33",2026,0,1,1,0
"Y34","Y14",0.4,"YY","same","same","Y14_Y34",2026,1,1,2,1
"Y35","Y14",0.5,"YY","same","same","Y14_Y35",2026,0,1,1,0
"Z02","Y14",0.666666666666667,"ZY","other","semi","Y14_Z02",2026,1,1,2,1
"Z07","Y14",0.555555555555556,"ZY","other","semi","Y14_Z07",2026,0,1,1,0
"Z10","Y14",0.7,"ZY","other","semi","Y14_Z10",2026,1,1,2,1
"Z11","Y14",0.777777777777778,"ZY","other","semi","Y14_Z11",2026,1,1,2,1
"Z16","Y14",0.888888888888889,"ZY","other","semi","Y14_Z16",2026,1,1,2,1
"Z20","Y14",0.777777777777778,"ZY","other","semi","Y14_Z20",2026,1,1,2,1
"Z21","Y14",0.777777777777778,"ZY","other","semi","Y14_Z21",2026,1,1,2,1
"Z22","Y14",0.777777777777778,"ZY","other","semi","Y14_Z22",2026,1,1,2,1
"Z27","Y14",0.75,"ZY","other","semi","Y14_Z27",2026,0,1,1,0
"Z28","Y14",0.666666666666667,"ZY","other","semi","Y14_Z28",2026,1,1,2,1
"Z29","Y14",0.777777777777778,"ZY","other","semi","Y14_Z29",2026,1,1,2,1
"Z31","Y14",0.666666666666667,"ZY","other","semi","Y14_Z31",2026,1,1,2,1
"Z32","Y14",0.666666666666667,"ZY","other","semi","Y14_Z32",2026,1,1,2,1
"Z33","Y14",0.6,"ZY","other","semi","Y14_Z33",2026,1,1,2,1
"Z39","Y14",0.7,"ZY","other","semi","Y14_Z39",2026,1,1,2,1
"Z42","Y14",0.777777777777778,"ZY","other","semi","Y14_Z42",2026,1,1,2,1
"Z43","Y14",0.777777777777778,"ZY","other","semi","Y14_Z43",2026,1,1,2,1
"Z45","Y14",0.777777777777778,"ZY","other","semi","Y14_Z45",2026,1,1,2,1
"Y17","Y16",0.75,"YY","same","same","Y16_Y17",2026,1,0,1,0
"Y18","Y16",0.777777777777778,"YY","same","same","Y16_Y18",2026,1,0,1,0
"Y19","Y16",0.777777777777778,"YY","same","same","Y16_Y19",2026,1,0,1,0
"Y20","Y16",0.625,"YY","same","same","Y16_Y20",2026,1,0,1,0
"Y21","Y16",0.875,"YY","same","same","Y16_Y21",2026,1,0,1,0
"Y22","Y16",0.777777777777778,"YY","same","same","Y16_Y22",2026,0,0,0,1
"Y23","Y16",0.666666666666667,"YY","same","same","Y16_Y23",2026,0,0,0,1
"Y24","Y16",0.75,"YY","same","same","Y16_Y24",2026,0,0,0,1
"Y25","Y16",0.625,"YY","same","same","Y16_Y25",2026,0,0,0,1
"Y26","Y16",0.555555555555556,"YY","same","same","Y16_Y26",2026,1,0,1,0
"Y27","Y16",0.875,"YY","same","same","Y16_Y27",2026,0,0,0,1
"Y28","Y16",0.5,"YY","same","same","Y16_Y28",2026,0,0,0,1
"Y29","Y16",0.444444444444444,"YY","same","same","Y16_Y29",2026,1,0,1,0
"Y30","Y16",0.5,"YY","same","same","Y16_Y30",2026,0,0,0,1
"Y31","Y16",0.666666666666667,"YY","same","same","Y16_Y31",2026,0,0,0,1
"Y32","Y16",0.875,"YY","same","same","Y16_Y32",2026,0,0,0,1
"Y33","Y16",0.666666666666667,"YY","same","same","Y16_Y33",2026,0,0,0,1
"Y34","Y16",0.625,"YY","same","same","Y16_Y34",2026,1,0,1,0
"Y35","Y16",0.75,"YY","same","same","Y16_Y35",2026,0,0,0,1
"Z02","Y16",0.75,"ZY","other","semi","Y16_Z02",2026,1,0,1,0
"Z07","Y16",0.625,"ZY","other","semi","Y16_Z07",2026,0,0,0,1
"Z10","Y16",0.6,"ZY","other","semi","Y16_Z10",2026,1,0,1,0
"Z11","Y16",0.666666666666667,"ZY","other","semi","Y16_Z11",2026,1,0,1,0
"Z16","Y16",0.6,"ZY","other","semi","Y16_Z16",2026,1,0,1,0
"Z20","Y16",0.666666666666667,"ZY","other","semi","Y16_Z20",2026,1,0,1,0
"Z21","Y16",0.666666666666667,"ZY","other","semi","Y16_Z21",2026,1,0,1,0
"Z22","Y16",0.666666666666667,"ZY","other","semi","Y16_Z22",2026,1,0,1,0
"Z27","Y16",0.625,"ZY","other","semi","Y16_Z27",2026,0,0,0,1
"Z28","Y16",0.555555555555556,"ZY","other","semi","Y16_Z28",2026,1,0,1,0
"Z29","Y16",0.666666666666667,"ZY","other","semi","Y16_Z29",2026,1,0,1,0
"Z31","Y16",0.555555555555556,"ZY","other","semi","Y16_Z31",2026,1,0,1,0
"Z32","Y16",1,"ZY","other","semi","Y16_Z32",2026,1,0,1,0
"Z33","Y16",0.666666666666667,"ZY","other","semi","Y16_Z33",2026,1,0,1,0
"Z39","Y16",0.777777777777778,"ZY","other","semi","Y16_Z39",2026,1,0,1,0
"Z42","Y16",0.666666666666667,"ZY","other","semi","Y16_Z42",2026,1,0,1,0
"Z43","Y16",0.666666666666667,"ZY","other","semi","Y16_Z43",2026,1,0,1,0
"Z45","Y16",0.666666666666667,"ZY","other","semi","Y16_Z45",2026,1,0,1,0
"Y18","Y17",0.777777777777778,"YY","same","same","Y17_Y18",2026,1,1,2,1
"Y19","Y17",0.777777777777778,"YY","same","same","Y17_Y19",2026,1,1,2,1
"Y20","Y17",0.444444444444444,"YY","same","same","Y17_Y20",2026,1,1,2,1
"Y21","Y17",0.666666666666667,"YY","same","same","Y17_Y21",2026,1,1,2,1
"Y22","Y17",0.777777777777778,"YY","same","same","Y17_Y22",2026,0,1,1,0
"Y23","Y17",0.875,"YY","same","same","Y17_Y23",2026,0,1,1,0
"Y24","Y17",0.75,"YY","same","same","Y17_Y24",2026,0,1,1,0
"Y25","Y17",0.625,"YY","same","same","Y17_Y25",2026,0,1,1,0
"Y26","Y17",0.555555555555556,"YY","same","same","Y17_Y26",2026,1,1,2,1
"Y27","Y17",0.666666666666667,"YY","same","same","Y17_Y27",2026,0,1,1,0
"Y28","Y17",0.333333333333333,"YY","same","same","Y17_Y28",2026,0,1,1,0
"Y29","Y17",0.625,"YY","same","same","Y17_Y29",2026,1,1,2,1
"Y30","Y17",0.5,"YY","same","same","Y17_Y30",2026,0,1,1,0
"Y31","Y17",0.875,"YY","same","same","Y17_Y31",2026,0,1,1,0
"Y32","Y17",0.875,"YY","same","same","Y17_Y32",2026,0,1,1,0
"Y33","Y17",0.666666666666667,"YY","same","same","Y17_Y33",2026,0,1,1,0
"Y34","Y17",0.444444444444444,"YY","same","same","Y17_Y34",2026,1,1,2,1
"Y35","Y17",0.555555555555556,"YY","same","same","Y17_Y35",2026,0,1,1,0
"Z02","Y17",0.75,"ZY","other","semi","Y17_Z02",2026,1,1,2,1
"Z07","Y17",0.625,"ZY","other","semi","Y17_Z07",2026,0,1,1,0
"Z10","Y17",0.6,"ZY","other","semi","Y17_Z10",2026,1,1,2,1
"Z11","Y17",0.875,"ZY","other","semi","Y17_Z11",2026,1,1,2,1
"Z16","Y17",0.777777777777778,"ZY","other","semi","Y17_Z16",2026,1,1,2,1
"Z20","Y17",0.875,"ZY","other","semi","Y17_Z20",2026,1,1,2,1
"Z21","Y17",0.875,"ZY","other","semi","Y17_Z21",2026,1,1,2,1
"Z22","Y17",0.875,"ZY","other","semi","Y17_Z22",2026,1,1,2,1
"Z27","Y17",0.857142857142857,"ZY","other","semi","Y17_Z27",2026,0,1,1,0
"Z28","Y17",0.75,"ZY","other","semi","Y17_Z28",2026,1,1,2,1
"Z29","Y17",0.875,"ZY","other","semi","Y17_Z29",2026,1,1,2,1
"Z31","Y17",0.75,"ZY","other","semi","Y17_Z31",2026,1,1,2,1
"Z32","Y17",0.75,"ZY","other","semi","Y17_Z32",2026,1,1,2,1
"Z33","Y17",0.666666666666667,"ZY","other","semi","Y17_Z33",2026,1,1,2,1
"Z39","Y17",0.6,"ZY","other","semi","Y17_Z39",2026,1,1,2,1
"Z42","Y17",0.875,"ZY","other","semi","Y17_Z42",2026,1,1,2,1
"Z43","Y17",0.875,"ZY","other","semi","Y17_Z43",2026,1,1,2,1
"Z45","Y17",0.875,"ZY","other","semi","Y17_Z45",2026,1,1,2,1
"Y19","Y18",1,"YY","same","same","Y18_Y19",2026,1,1,2,1
"Y20","Y18",0.666666666666667,"YY","same","same","Y18_Y20",2026,1,1,2,1
"Y21","Y18",0.888888888888889,"YY","same","same","Y18_Y21",2026,1,1,2,1
"Y22","Y18",1,"YY","same","same","Y18_Y22",2026,0,1,1,0
"Y23","Y18",0.888888888888889,"YY","same","same","Y18_Y23",2026,0,1,1,0
"Y24","Y18",0.777777777777778,"YY","same","same","Y18_Y24",2026,0,1,1,0
"Y25","Y18",0.666666666666667,"YY","same","same","Y18_Y25",2026,0,1,1,0
"Y26","Y18",0.777777777777778,"YY","same","same","Y18_Y26",2026,1,1,2,1
"Y27","Y18",0.888888888888889,"YY","same","same","Y18_Y27",2026,0,1,1,0
"Y28","Y18",0.555555555555556,"YY","same","same","Y18_Y28",2026,0,1,1,0
"Y29","Y18",0.666666666666667,"YY","same","same","Y18_Y29",2026,1,1,2,1
"Y30","Y18",0.555555555555556,"YY","same","same","Y18_Y30",2026,0,1,1,0
"Y31","Y18",0.888888888888889,"YY","same","same","Y18_Y31",2026,0,1,1,0
"Y32","Y18",0.888888888888889,"YY","same","same","Y18_Y32",2026,0,1,1,0
"Y33","Y18",0.888888888888889,"YY","same","same","Y18_Y33",2026,0,1,1,0
"Y34","Y18",0.666666666666667,"YY","same","same","Y18_Y34",2026,1,1,2,1
"Y35","Y18",0.777777777777778,"YY","same","same","Y18_Y35",2026,0,1,1,0
"Z02","Y18",0.777777777777778,"ZY","other","semi","Y18_Z02",2026,1,1,2,1
"Z07","Y18",0.666666666666667,"ZY","other","semi","Y18_Z07",2026,0,1,1,0
"Z10","Y18",0.8,"ZY","other","semi","Y18_Z10",2026,1,1,2,1
"Z11","Y18",0.888888888888889,"ZY","other","semi","Y18_Z11",2026,1,1,2,1
"Z16","Y18",0.8,"ZY","other","semi","Y18_Z16",2026,1,1,2,1
"Z20","Y18",0.888888888888889,"ZY","other","semi","Y18_Z20",2026,1,1,2,1
"Z21","Y18",0.888888888888889,"ZY","other","semi","Y18_Z21",2026,1,1,2,1
"Z22","Y18",0.888888888888889,"ZY","other","semi","Y18_Z22",2026,1,1,2,1
"Z27","Y18",0.666666666666667,"ZY","other","semi","Y18_Z27",2026,0,1,1,0
"Z28","Y18",0.777777777777778,"ZY","other","semi","Y18_Z28",2026,1,1,2,1
"Z29","Y18",0.888888888888889,"ZY","other","semi","Y18_Z29",2026,1,1,2,1
"Z31","Y18",0.777777777777778,"ZY","other","semi","Y18_Z31",2026,1,1,2,1
"Z32","Y18",0.777777777777778,"ZY","other","semi","Y18_Z32",2026,1,1,2,1
"Z33","Y18",0.888888888888889,"ZY","other","semi","Y18_Z33",2026,1,1,2,1
"Z39","Y18",0.8,"ZY","other","semi","Y18_Z39",2026,1,1,2,1
"Z42","Y18",0.888888888888889,"ZY","other","semi","Y18_Z42",2026,1,1,2,1
"Z43","Y18",0.888888888888889,"ZY","other","semi","Y18_Z43",2026,1,1,2,1
"Z45","Y18",0.888888888888889,"ZY","other","semi","Y18_Z45",2026,1,1,2,1
"Y20","Y19",0.666666666666667,"YY","same","same","Y19_Y20",2026,1,1,2,1
"Y21","Y19",0.888888888888889,"YY","same","same","Y19_Y21",2026,1,1,2,1
"Y22","Y19",1,"YY","same","same","Y19_Y22",2026,0,1,1,0
"Y23","Y19",0.888888888888889,"YY","same","same","Y19_Y23",2026,0,1,1,0
"Y24","Y19",0.777777777777778,"YY","same","same","Y19_Y24",2026,0,1,1,0
"Y25","Y19",0.666666666666667,"YY","same","same","Y19_Y25",2026,0,1,1,0
"Y26","Y19",0.777777777777778,"YY","same","same","Y19_Y26",2026,1,1,2,1
"Y27","Y19",0.888888888888889,"YY","same","same","Y19_Y27",2026,0,1,1,0
"Y28","Y19",0.555555555555556,"YY","same","same","Y19_Y28",2026,0,1,1,0
"Y29","Y19",0.666666666666667,"YY","same","same","Y19_Y29",2026,1,1,2,1
"Y30","Y19",0.555555555555556,"YY","same","same","Y19_Y30",2026,0,1,1,0
"Y31","Y19",0.888888888888889,"YY","same","same","Y19_Y31",2026,0,1,1,0
"Y32","Y19",0.888888888888889,"YY","same","same","Y19_Y32",2026,0,1,1,0
"Y33","Y19",0.888888888888889,"YY","same","same","Y19_Y33",2026,0,1,1,0
"Y34","Y19",0.666666666666667,"YY","same","same","Y19_Y34",2026,1,1,2,1
"Y35","Y19",0.777777777777778,"YY","same","same","Y19_Y35",2026,0,1,1,0
"Z02","Y19",0.777777777777778,"ZY","other","semi","Y19_Z02",2026,1,1,2,1
"Z07","Y19",0.666666666666667,"ZY","other","semi","Y19_Z07",2026,0,1,1,0
"Z10","Y19",0.8,"ZY","other","semi","Y19_Z10",2026,1,1,2,1
"Z11","Y19",0.888888888888889,"ZY","other","semi","Y19_Z11",2026,1,1,2,1
"Z16","Y19",0.8,"ZY","other","semi","Y19_Z16",2026,1,1,2,1
"Z20","Y19",0.888888888888889,"ZY","other","semi","Y19_Z20",2026,1,1,2,1
"Z21","Y19",0.888888888888889,"ZY","other","semi","Y19_Z21",2026,1,1,2,1
"Z22","Y19",0.888888888888889,"ZY","other","semi","Y19_Z22",2026,1,1,2,1
"Z27","Y19",0.666666666666667,"ZY","other","semi","Y19_Z27",2026,0,1,1,0
"Z28","Y19",0.777777777777778,"ZY","other","semi","Y19_Z28",2026,1,1,2,1
"Z29","Y19",0.888888888888889,"ZY","other","semi","Y19_Z29",2026,1,1,2,1
"Z31","Y19",0.777777777777778,"ZY","other","semi","Y19_Z31",2026,1,1,2,1
"Z32","Y19",0.777777777777778,"ZY","other","semi","Y19_Z32",2026,1,1,2,1
"Z33","Y19",0.888888888888889,"ZY","other","semi","Y19_Z33",2026,1,1,2,1
"Z39","Y19",0.8,"ZY","other","semi","Y19_Z39",2026,1,1,2,1
"Z42","Y19",0.888888888888889,"ZY","other","semi","Y19_Z42",2026,1,1,2,1
"Z43","Y19",0.888888888888889,"ZY","other","semi","Y19_Z43",2026,1,1,2,1
"Z45","Y19",0.888888888888889,"ZY","other","semi","Y19_Z45",2026,1,1,2,1
"Y21","Y20",0.75,"YY","same","same","Y20_Y21",2026,1,1,2,1
"Y22","Y20",0.666666666666667,"YY","same","same","Y20_Y22",2026,0,1,1,0
"Y23","Y20",0.555555555555556,"YY","same","same","Y20_Y23",2026,0,1,1,0
"Y24","Y20",0.625,"YY","same","same","Y20_Y24",2026,0,1,1,0
"Y25","Y20",0.714285714285714,"YY","same","same","Y20_Y25",2026,0,1,1,0
"Y26","Y20",0.857142857142857,"YY","same","same","Y20_Y26",2026,1,1,2,1
"Y27","Y20",0.75,"YY","same","same","Y20_Y27",2026,0,1,1,0
"Y28","Y20",0.833333333333333,"YY","same","same","Y20_Y28",2026,0,1,1,0
"Y29","Y20",0.5,"YY","same","same","Y20_Y29",2026,1,1,2,1
"Y30","Y20",0.571428571428571,"YY","same","same","Y20_Y30",2026,0,1,1,0
"Y31","Y20",0.555555555555556,"YY","same","same","Y20_Y31",2026,0,1,1,0
"Y32","Y20",0.555555555555556,"YY","same","same","Y20_Y32",2026,0,1,1,0
"Y33","Y20",0.75,"YY","same","same","Y20_Y33",2026,0,1,1,0
"Y34","Y20",1,"YY","same","same","Y20_Y34",2026,1,1,2,1
"Y35","Y20",0.857142857142857,"YY","same","same","Y20_Y35",2026,0,1,1,0
"Z02","Y20",0.625,"ZY","other","semi","Y20_Z02",2026,1,1,2,1
"Z07","Y20",0.714285714285714,"ZY","other","semi","Y20_Z07",2026,0,1,1,0
"Z10","Y20",0.666666666666667,"ZY","other","semi","Y20_Z10",2026,1,1,2,1
"Z11","Y20",0.555555555555556,"ZY","other","semi","Y20_Z11",2026,1,1,2,1
"Z16","Y20",0.5,"ZY","other","semi","Y20_Z16",2026,1,1,2,1
"Z20","Y20",0.555555555555556,"ZY","other","semi","Y20_Z20",2026,1,1,2,1
"Z21","Y20",0.555555555555556,"ZY","other","semi","Y20_Z21",2026,1,1,2,1
"Z22","Y20",0.555555555555556,"ZY","other","semi","Y20_Z22",2026,1,1,2,1
"Z27","Y20",0.333333333333333,"ZY","other","semi","Y20_Z27",2026,0,1,1,0
"Z28","Y20",0.444444444444444,"ZY","other","semi","Y20_Z28",2026,1,1,2,1
"Z29","Y20",0.555555555555556,"ZY","other","semi","Y20_Z29",2026,1,1,2,1
"Z31","Y20",0.444444444444444,"ZY","other","semi","Y20_Z31",2026,1,1,2,1
"Z32","Y20",0.625,"ZY","other","semi","Y20_Z32",2026,1,1,2,1
"Z33","Y20",0.75,"ZY","other","semi","Y20_Z33",2026,1,1,2,1
"Z39","Y20",0.666666666666667,"ZY","other","semi","Y20_Z39",2026,1,1,2,1
"Z42","Y20",0.555555555555556,"ZY","other","semi","Y20_Z42",2026,1,1,2,1
"Z43","Y20",0.555555555555556,"ZY","other","semi","Y20_Z43",2026,1,1,2,1
"Z45","Y20",0.555555555555556,"ZY","other","semi","Y20_Z45",2026,1,1,2,1
"Y22","Y21",0.888888888888889,"YY","same","same","Y21_Y22",2026,0,1,1,0
"Y23","Y21",0.777777777777778,"YY","same","same","Y21_Y23",2026,0,1,1,0
"Y24","Y21",0.875,"YY","same","same","Y21_Y24",2026,0,1,1,0
"Y25","Y21",0.75,"YY","same","same","Y21_Y25",2026,0,1,1,0
"Y26","Y21",0.666666666666667,"YY","same","same","Y21_Y26",2026,1,1,2,1
"Y27","Y21",1,"YY","same","same","Y21_Y27",2026,0,1,1,0
"Y28","Y21",0.625,"YY","same","same","Y21_Y28",2026,0,1,1,0
"Y29","Y21",0.555555555555556,"YY","same","same","Y21_Y29",2026,1,1,2,1
"Y30","Y21",0.625,"YY","same","same","Y21_Y30",2026,0,1,1,0
"Y31","Y21",0.777777777777778,"YY","same","same","Y21_Y31",2026,0,1,1,0
"Y32","Y21",0.777777777777778,"YY","same","same","Y21_Y32",2026,0,1,1,0
"Y33","Y21",0.777777777777778,"YY","same","same","Y21_Y33",2026,0,1,1,0
"Y34","Y21",0.75,"YY","same","same","Y21_Y34",2026,1,1,2,1
"Y35","Y21",0.875,"YY","same","same","Y21_Y35",2026,0,1,1,0
"Z02","Y21",0.875,"ZY","other","semi","Y21_Z02",2026,1,1,2,1
"Z07","Y21",0.75,"ZY","other","semi","Y21_Z07",2026,0,1,1,0
"Z10","Y21",0.7,"ZY","other","semi","Y21_Z10",2026,1,1,2,1
"Z11","Y21",0.777777777777778,"ZY","other","semi","Y21_Z11",2026,1,1,2,1
"Z16","Y21",0.7,"ZY","other","semi","Y21_Z16",2026,1,1,2,1
"Z20","Y21",0.777777777777778,"ZY","other","semi","Y21_Z20",2026,1,1,2,1
"Z21","Y21",0.777777777777778,"ZY","other","semi","Y21_Z21",2026,1,1,2,1
"Z22","Y21",0.777777777777778,"ZY","other","semi","Y21_Z22",2026,1,1,2,1
"Z27","Y21",0.555555555555556,"ZY","other","semi","Y21_Z27",2026,0,1,1,0
"Z28","Y21",0.666666666666667,"ZY","other","semi","Y21_Z28",2026,1,1,2,1
"Z29","Y21",0.777777777777778,"ZY","other","semi","Y21_Z29",2026,1,1,2,1
"Z31","Y21",0.666666666666667,"ZY","other","semi","Y21_Z31",2026,1,1,2,1
"Z32","Y21",0.875,"ZY","other","semi","Y21_Z32",2026,1,1,2,1
"Z33","Y21",0.777777777777778,"ZY","other","semi","Y21_Z33",2026,1,1,2,1
"Z39","Y21",0.888888888888889,"ZY","other","semi","Y21_Z39",2026,1,1,2,1
"Z42","Y21",0.777777777777778,"ZY","other","semi","Y21_Z42",2026,1,1,2,1
"Z43","Y21",0.777777777777778,"ZY","other","semi","Y21_Z43",2026,1,1,2,1
"Z45","Y21",0.777777777777778,"ZY","other","semi","Y21_Z45",2026,1,1,2,1
"Y23","Y22",0.888888888888889,"YY","same","same","Y22_Y23",2026,0,0,0,1
"Y24","Y22",0.777777777777778,"YY","same","same","Y22_Y24",2026,0,0,0,1
"Y25","Y22",0.666666666666667,"YY","same","same","Y22_Y25",2026,0,0,0,1
"Y26","Y22",0.777777777777778,"YY","same","same","Y22_Y26",2026,1,0,1,0
"Y27","Y22",0.888888888888889,"YY","same","same","Y22_Y27",2026,0,0,0,1
"Y28","Y22",0.555555555555556,"YY","same","same","Y22_Y28",2026,0,0,0,1
"Y29","Y22",0.666666666666667,"YY","same","same","Y22_Y29",2026,1,0,1,0
"Y30","Y22",0.555555555555556,"YY","same","same","Y22_Y30",2026,0,0,0,1
"Y31","Y22",0.888888888888889,"YY","same","same","Y22_Y31",2026,0,0,0,1
"Y32","Y22",0.888888888888889,"YY","same","same","Y22_Y32",2026,0,0,0,1
"Y33","Y22",0.888888888888889,"YY","same","same","Y22_Y33",2026,0,0,0,1
"Y34","Y22",0.666666666666667,"YY","same","same","Y22_Y34",2026,1,0,1,0
"Y35","Y22",0.777777777777778,"YY","same","same","Y22_Y35",2026,0,0,0,1
"Z02","Y22",0.777777777777778,"ZY","other","semi","Y22_Z02",2026,1,0,1,0
"Z07","Y22",0.666666666666667,"ZY","other","semi","Y22_Z07",2026,0,0,0,1
"Z10","Y22",0.8,"ZY","other","semi","Y22_Z10",2026,1,0,1,0
"Z11","Y22",0.888888888888889,"ZY","other","semi","Y22_Z11",2026,1,0,1,0
"Z16","Y22",0.8,"ZY","other","semi","Y22_Z16",2026,1,0,1,0
"Z20","Y22",0.888888888888889,"ZY","other","semi","Y22_Z20",2026,1,0,1,0
"Z21","Y22",0.888888888888889,"ZY","other","semi","Y22_Z21",2026,1,0,1,0
"Z22","Y22",0.888888888888889,"ZY","other","semi","Y22_Z22",2026,1,0,1,0
"Z27","Y22",0.666666666666667,"ZY","other","semi","Y22_Z27",2026,0,0,0,1
"Z28","Y22",0.777777777777778,"ZY","other","semi","Y22_Z28",2026,1,0,1,0
"Z29","Y22",0.888888888888889,"ZY","other","semi","Y22_Z29",2026,1,0,1,0
"Z31","Y22",0.777777777777778,"ZY","other","semi","Y22_Z31",2026,1,0,1,0
"Z32","Y22",0.777777777777778,"ZY","other","semi","Y22_Z32",2026,1,0,1,0
"Z33","Y22",0.888888888888889,"ZY","other","semi","Y22_Z33",2026,1,0,1,0
"Z39","Y22",0.8,"ZY","other","semi","Y22_Z39",2026,1,0,1,0
"Z42","Y22",0.888888888888889,"ZY","other","semi","Y22_Z42",2026,1,0,1,0
"Z43","Y22",0.888888888888889,"ZY","other","semi","Y22_Z43",2026,1,0,1,0
"Z45","Y22",0.888888888888889,"ZY","other","semi","Y22_Z45",2026,1,0,1,0
"Y24","Y23",0.875,"YY","same","same","Y23_Y24",2026,0,0,0,1
"Y25","Y23",0.75,"YY","same","same","Y23_Y25",2026,0,0,0,1
"Y26","Y23",0.666666666666667,"YY","same","same","Y23_Y26",2026,1,0,1,0
"Y27","Y23",0.777777777777778,"YY","same","same","Y23_Y27",2026,0,0,0,1
"Y28","Y23",0.444444444444444,"YY","same","same","Y23_Y28",2026,0,0,0,1
"Y29","Y23",0.75,"YY","same","same","Y23_Y29",2026,1,0,1,0
"Y30","Y23",0.625,"YY","same","same","Y23_Y30",2026,0,0,0,1
"Y31","Y23",1,"YY","same","same","Y23_Y31",2026,0,0,0,1
"Y32","Y23",0.777777777777778,"YY","same","same","Y23_Y32",2026,0,0,0,1
"Y33","Y23",0.777777777777778,"YY","same","same","Y23_Y33",2026,0,0,0,1
"Y34","Y23",0.555555555555556,"YY","same","same","Y23_Y34",2026,1,0,1,0
"Y35","Y23",0.666666666666667,"YY","same","same","Y23_Y35",2026,0,0,0,1
"Z02","Y23",0.875,"ZY","other","semi","Y23_Z02",2026,1,0,1,0
"Z07","Y23",0.75,"ZY","other","semi","Y23_Z07",2026,0,0,0,1
"Z10","Y23",0.7,"ZY","other","semi","Y23_Z10",2026,1,0,1,0
"Z11","Y23",1,"ZY","other","semi","Y23_Z11",2026,1,0,1,0
"Z16","Y23",0.888888888888889,"ZY","other","semi","Y23_Z16",2026,1,0,1,0
"Z20","Y23",1,"ZY","other","semi","Y23_Z20",2026,1,0,1,0
"Z21","Y23",1,"ZY","other","semi","Y23_Z21",2026,1,0,1,0
"Z22","Y23",1,"ZY","other","semi","Y23_Z22",2026,1,0,1,0
"Z27","Y23",0.75,"ZY","other","semi","Y23_Z27",2026,0,0,0,1
"Z28","Y23",0.875,"ZY","other","semi","Y23_Z28",2026,1,0,1,0
"Z29","Y23",1,"ZY","other","semi","Y23_Z29",2026,1,0,1,0
"Z31","Y23",0.875,"ZY","other","semi","Y23_Z31",2026,1,0,1,0
"Z32","Y23",0.666666666666667,"ZY","other","semi","Y23_Z32",2026,1,0,1,0
"Z33","Y23",0.777777777777778,"ZY","other","semi","Y23_Z33",2026,1,0,1,0
"Z39","Y23",0.7,"ZY","other","semi","Y23_Z39",2026,1,0,1,0
"Z42","Y23",1,"ZY","other","semi","Y23_Z42",2026,1,0,1,0
"Z43","Y23",1,"ZY","other","semi","Y23_Z43",2026,1,0,1,0
"Z45","Y23",1,"ZY","other","semi","Y23_Z45",2026,1,0,1,0
"Y25","Y24",0.857142857142857,"YY","same","same","Y24_Y25",2026,0,0,0,1
"Y26","Y24",0.555555555555556,"YY","same","same","Y24_Y26",2026,1,0,1,0
"Y27","Y24",0.875,"YY","same","same","Y24_Y27",2026,0,0,0,1
"Y28","Y24",0.5,"YY","same","same","Y24_Y28",2026,0,0,0,1
"Y29","Y24",0.625,"YY","same","same","Y24_Y29",2026,1,0,1,0
"Y30","Y24",0.714285714285714,"YY","same","same","Y24_Y30",2026,0,0,0,1
"Y31","Y24",0.875,"YY","same","same","Y24_Y31",2026,0,0,0,1
"Y32","Y24",0.666666666666667,"YY","same","same","Y24_Y32",2026,0,0,0,1
"Y33","Y24",0.666666666666667,"YY","same","same","Y24_Y33",2026,0,0,0,1
"Y34","Y24",0.625,"YY","same","same","Y24_Y34",2026,1,0,1,0
"Y35","Y24",0.75,"YY","same","same","Y24_Y35",2026,0,0,0,1
"Z02","Y24",1,"ZY","other","semi","Y24_Z02",2026,1,0,1,0
"Z07","Y24",0.857142857142857,"ZY","other","semi","Y24_Z07",2026,0,0,0,1
"Z10","Y24",0.6,"ZY","other","semi","Y24_Z10",2026,1,0,1,0
"Z11","Y24",0.875,"ZY","other","semi","Y24_Z11",2026,1,0,1,0
"Z16","Y24",0.777777777777778,"ZY","other","semi","Y24_Z16",2026,1,0,1,0
"Z20","Y24",0.875,"ZY","other","semi","Y24_Z20",2026,1,0,1,0
"Z21","Y24",0.875,"ZY","other","semi","Y24_Z21",2026,1,0,1,0
"Z22","Y24",0.875,"ZY","other","semi","Y24_Z22",2026,1,0,1,0
"Z27","Y24",0.625,"ZY","other","semi","Y24_Z27",2026,0,0,0,1
"Z28","Y24",0.75,"ZY","other","semi","Y24_Z28",2026,1,0,1,0
"Z29","Y24",0.875,"ZY","other","semi","Y24_Z29",2026,1,0,1,0
"Z31","Y24",0.75,"ZY","other","semi","Y24_Z31",2026,1,0,1,0
"Z32","Y24",0.75,"ZY","other","semi","Y24_Z32",2026,1,0,1,0
"Z33","Y24",0.666666666666667,"ZY","other","semi","Y24_Z33",2026,1,0,1,0
"Z39","Y24",0.777777777777778,"ZY","other","semi","Y24_Z39",2026,1,0,1,0
"Z42","Y24",0.875,"ZY","other","semi","Y24_Z42",2026,1,0,1,0
"Z43","Y24",0.875,"ZY","other","semi","Y24_Z43",2026,1,0,1,0
"Z45","Y24",0.875,"ZY","other","semi","Y24_Z45",2026,1,0,1,0
"Y26","Y25",0.625,"YY","same","same","Y25_Y26",2026,1,0,1,0
"Y27","Y25",0.75,"YY","same","same","Y25_Y27",2026,0,0,0,1
"Y28","Y25",0.571428571428571,"YY","same","same","Y25_Y28",2026,0,0,0,1
"Y29","Y25",0.5,"YY","same","same","Y25_Y29",2026,1,0,1,0
"Y30","Y25",0.833333333333333,"YY","same","same","Y25_Y30",2026,0,0,0,1
"Y31","Y25",0.75,"YY","same","same","Y25_Y31",2026,0,0,0,1
"Y32","Y25",0.555555555555556,"YY","same","same","Y25_Y32",2026,0,0,0,1
"Y33","Y25",0.75,"YY","same","same","Y25_Y33",2026,0,0,0,1
"Y34","Y25",0.714285714285714,"YY","same","same","Y25_Y34",2026,1,0,1,0
"Y35","Y25",0.625,"YY","same","same","Y25_Y35",2026,0,0,0,1
"Z02","Y25",0.857142857142857,"ZY","other","semi","Y25_Z02",2026,1,0,1,0
"Z07","Y25",1,"ZY","other","semi","Y25_Z07",2026,0,0,0,1
"Z10","Y25",0.666666666666667,"ZY","other","semi","Y25_Z10",2026,1,0,1,0
"Z11","Y25",0.75,"ZY","other","semi","Y25_Z11",2026,1,0,1,0
"Z16","Y25",0.666666666666667,"ZY","other","semi","Y25_Z16",2026,1,0,1,0
"Z20","Y25",0.75,"ZY","other","semi","Y25_Z20",2026,1,0,1,0
"Z21","Y25",0.75,"ZY","other","semi","Y25_Z21",2026,1,0,1,0
"Z22","Y25",0.75,"ZY","other","semi","Y25_Z22",2026,1,0,1,0
"Z27","Y25",0.5,"ZY","other","semi","Y25_Z27",2026,0,0,0,1
"Z28","Y25",0.625,"ZY","other","semi","Y25_Z28",2026,1,0,1,0
"Z29","Y25",0.75,"ZY","other","semi","Y25_Z29",2026,1,0,1,0
"Z31","Y25",0.625,"ZY","other","semi","Y25_Z31",2026,1,0,1,0
"Z32","Y25",0.625,"ZY","other","semi","Y25_Z32",2026,1,0,1,0
"Z33","Y25",0.75,"ZY","other","semi","Y25_Z33",2026,1,0,1,0
"Z39","Y25",0.666666666666667,"ZY","other","semi","Y25_Z39",2026,1,0,1,0
"Z42","Y25",0.75,"ZY","other","semi","Y25_Z42",2026,1,0,1,0
"Z43","Y25",0.75,"ZY","other","semi","Y25_Z43",2026,1,0,1,0
"Z45","Y25",0.75,"ZY","other","semi","Y25_Z45",2026,1,0,1,0
"Y27","Y26",0.666666666666667,"YY","same","same","Y26_Y27",2026,0,1,1,0
"Y28","Y26",0.714285714285714,"YY","same","same","Y26_Y28",2026,0,1,1,0
"Y29","Y26",0.625,"YY","same","same","Y26_Y29",2026,1,1,2,1
"Y30","Y26",0.5,"YY","same","same","Y26_Y30",2026,0,1,1,0
"Y31","Y26",0.666666666666667,"YY","same","same","Y26_Y31",2026,0,1,1,0
"Y32","Y26",0.666666666666667,"YY","same","same","Y26_Y32",2026,0,1,1,0
"Y33","Y26",0.875,"YY","same","same","Y26_Y33",2026,0,1,1,0
"Y34","Y26",0.857142857142857,"YY","same","same","Y26_Y34",2026,1,1,2,1
"Y35","Y26",0.75,"YY","same","same","Y26_Y35",2026,0,1,1,0
"Z02","Y26",0.555555555555556,"ZY","other","semi","Y26_Z02",2026,1,1,2,1
"Z07","Y26",0.625,"ZY","other","semi","Y26_Z07",2026,0,1,1,0
"Z10","Y26",0.777777777777778,"ZY","other","semi","Y26_Z10",2026,1,1,2,1
"Z11","Y26",0.666666666666667,"ZY","other","semi","Y26_Z11",2026,1,1,2,1
"Z16","Y26",0.6,"ZY","other","semi","Y26_Z16",2026,1,1,2,1
"Z20","Y26",0.666666666666667,"ZY","other","semi","Y26_Z20",2026,1,1,2,1
"Z21","Y26",0.666666666666667,"ZY","other","semi","Y26_Z21",2026,1,1,2,1
"Z22","Y26",0.666666666666667,"ZY","other","semi","Y26_Z22",2026,1,1,2,1
"Z27","Y26",0.444444444444444,"ZY","other","semi","Y26_Z27",2026,0,1,1,0
"Z28","Y26",0.555555555555556,"ZY","other","semi","Y26_Z28",2026,1,1,2,1
"Z29","Y26",0.666666666666667,"ZY","other","semi","Y26_Z29",2026,1,1,2,1
"Z31","Y26",0.555555555555556,"ZY","other","semi","Y26_Z31",2026,1,1,2,1
"Z32","Y26",0.555555555555556,"ZY","other","semi","Y26_Z32",2026,1,1,2,1
"Z33","Y26",0.875,"ZY","other","semi","Y26_Z33",2026,1,1,2,1
"Z39","Y26",0.6,"ZY","other","semi","Y26_Z39",2026,1,1,2,1
"Z42","Y26",0.666666666666667,"ZY","other","semi","Y26_Z42",2026,1,1,2,1
"Z43","Y26",0.666666666666667,"ZY","other","semi","Y26_Z43",2026,1,1,2,1
"Z45","Y26",0.666666666666667,"ZY","other","semi","Y26_Z45",2026,1,1,2,1
"Y28","Y27",0.625,"YY","same","same","Y27_Y28",2026,0,0,0,1
"Y29","Y27",0.555555555555556,"YY","same","same","Y27_Y29",2026,1,0,1,0
"Y30","Y27",0.625,"YY","same","same","Y27_Y30",2026,0,0,0,1
"Y31","Y27",0.777777777777778,"YY","same","same","Y27_Y31",2026,0,0,0,1
"Y32","Y27",0.777777777777778,"YY","same","same","Y27_Y32",2026,0,0,0,1
"Y33","Y27",0.777777777777778,"YY","same","same","Y27_Y33",2026,0,0,0,1
"Y34","Y27",0.75,"YY","same","same","Y27_Y34",2026,1,0,1,0
"Y35","Y27",0.875,"YY","same","same","Y27_Y35",2026,0,0,0,1
"Z02","Y27",0.875,"ZY","other","semi","Y27_Z02",2026,1,0,1,0
"Z07","Y27",0.75,"ZY","other","semi","Y27_Z07",2026,0,0,0,1
"Z10","Y27",0.7,"ZY","other","semi","Y27_Z10",2026,1,0,1,0
"Z11","Y27",0.777777777777778,"ZY","other","semi","Y27_Z11",2026,1,0,1,0
"Z16","Y27",0.7,"ZY","other","semi","Y27_Z16",2026,1,0,1,0
"Z20","Y27",0.777777777777778,"ZY","other","semi","Y27_Z20",2026,1,0,1,0
"Z21","Y27",0.777777777777778,"ZY","other","semi","Y27_Z21",2026,1,0,1,0
"Z22","Y27",0.777777777777778,"ZY","other","semi","Y27_Z22",2026,1,0,1,0
"Z27","Y27",0.555555555555556,"ZY","other","semi","Y27_Z27",2026,0,0,0,1
"Z28","Y27",0.666666666666667,"ZY","other","semi","Y27_Z28",2026,1,0,1,0
"Z29","Y27",0.777777777777778,"ZY","other","semi","Y27_Z29",2026,1,0,1,0
"Z31","Y27",0.666666666666667,"ZY","other","semi","Y27_Z31",2026,1,0,1,0
"Z32","Y27",0.875,"ZY","other","semi","Y27_Z32",2026,1,0,1,0
"Z33","Y27",0.777777777777778,"ZY","other","semi","Y27_Z33",2026,1,0,1,0
"Z39","Y27",0.888888888888889,"ZY","other","semi","Y27_Z39",2026,1,0,1,0
"Z42","Y27",0.777777777777778,"ZY","other","semi","Y27_Z42",2026,1,0,1,0
"Z43","Y27",0.777777777777778,"ZY","other","semi","Y27_Z43",2026,1,0,1,0
"Z45","Y27",0.777777777777778,"ZY","other","semi","Y27_Z45",2026,1,0,1,0
"Y29","Y28",0.571428571428571,"YY","same","same","Y28_Y29",2026,1,0,1,0
"Y30","Y28",0.666666666666667,"YY","same","same","Y28_Y30",2026,0,0,0,1
"Y31","Y28",0.444444444444444,"YY","same","same","Y28_Y31",2026,0,0,0,1
"Y32","Y28",0.444444444444444,"YY","same","same","Y28_Y32",2026,0,0,0,1
"Y33","Y28",0.625,"YY","same","same","Y28_Y33",2026,0,0,0,1
"Y34","Y28",0.833333333333333,"YY","same","same","Y28_Y34",2026,1,0,1,0
"Y35","Y28",0.714285714285714,"YY","same","same","Y28_Y35",2026,0,0,0,1
"Z02","Y28",0.5,"ZY","other","semi","Y28_Z02",2026,1,0,1,0
"Z07","Y28",0.571428571428571,"ZY","other","semi","Y28_Z07",2026,0,0,0,1
"Z10","Y28",0.555555555555556,"ZY","other","semi","Y28_Z10",2026,1,0,1,0
"Z11","Y28",0.444444444444444,"ZY","other","semi","Y28_Z11",2026,1,0,1,0
"Z16","Y28",0.4,"ZY","other","semi","Y28_Z16",2026,1,0,1,0
"Z20","Y28",0.444444444444444,"ZY","other","semi","Y28_Z20",2026,1,0,1,0
"Z21","Y28",0.444444444444444,"ZY","other","semi","Y28_Z21",2026,1,0,1,0
"Z22","Y28",0.444444444444444,"ZY","other","semi","Y28_Z22",2026,1,0,1,0
"Z27","Y28",0.375,"ZY","other","semi","Y28_Z27",2026,0,0,0,1
"Z28","Y28",0.5,"ZY","other","semi","Y28_Z28",2026,1,0,1,0
"Z29","Y28",0.444444444444444,"ZY","other","semi","Y28_Z29",2026,1,0,1,0
"Z31","Y28",0.5,"ZY","other","semi","Y28_Z31",2026,1,0,1,0
"Z32","Y28",0.5,"ZY","other","semi","Y28_Z32",2026,1,0,1,0
"Z33","Y28",0.625,"ZY","other","semi","Y28_Z33",2026,1,0,1,0
"Z39","Y28",0.555555555555556,"ZY","other","semi","Y28_Z39",2026,1,0,1,0
"Z42","Y28",0.444444444444444,"ZY","other","semi","Y28_Z42",2026,1,0,1,0
"Z43","Y28",0.444444444444444,"ZY","other","semi","Y28_Z43",2026,1,0,1,0
"Z45","Y28",0.444444444444444,"ZY","other","semi","Y28_Z45",2026,1,0,1,0
"Y30","Y29",0.571428571428571,"YY","same","same","Y29_Y30",2026,0,1,1,0
"Y31","Y29",0.75,"YY","same","same","Y29_Y31",2026,0,1,1,0
"Y32","Y29",0.555555555555556,"YY","same","same","Y29_Y32",2026,0,1,1,0
"Y33","Y29",0.555555555555556,"YY","same","same","Y29_Y33",2026,0,1,1,0
"Y34","Y29",0.5,"YY","same","same","Y29_Y34",2026,1,1,2,1
"Y35","Y29",0.625,"YY","same","same","Y29_Y35",2026,0,1,1,0
"Z02","Y29",0.625,"ZY","other","semi","Y29_Z02",2026,1,1,2,1
"Z07","Y29",0.5,"ZY","other","semi","Y29_Z07",2026,0,1,1,0
"Z10","Y29",0.5,"ZY","other","semi","Y29_Z10",2026,1,1,2,1
"Z11","Y29",0.75,"ZY","other","semi","Y29_Z11",2026,1,1,2,1
"Z16","Y29",0.666666666666667,"ZY","other","semi","Y29_Z16",2026,1,1,2,1
"Z20","Y29",0.75,"ZY","other","semi","Y29_Z20",2026,1,1,2,1
"Z21","Y29",0.75,"ZY","other","semi","Y29_Z21",2026,1,1,2,1
"Z22","Y29",0.75,"ZY","other","semi","Y29_Z22",2026,1,1,2,1
"Z27","Y29",0.714285714285714,"ZY","other","semi","Y29_Z27",2026,0,1,1,0
"Z28","Y29",0.857142857142857,"ZY","other","semi","Y29_Z28",2026,1,1,2,1
"Z29","Y29",0.75,"ZY","other","semi","Y29_Z29",2026,1,1,2,1
"Z31","Y29",0.857142857142857,"ZY","other","semi","Y29_Z31",2026,1,1,2,1
"Z32","Y29",0.444444444444444,"ZY","other","semi","Y29_Z32",2026,1,1,2,1
"Z33","Y29",0.555555555555556,"ZY","other","semi","Y29_Z33",2026,1,1,2,1
"Z39","Y29",0.5,"ZY","other","semi","Y29_Z39",2026,1,1,2,1
"Z42","Y29",0.75,"ZY","other","semi","Y29_Z42",2026,1,1,2,1
"Z43","Y29",0.75,"ZY","other","semi","Y29_Z43",2026,1,1,2,1
"Z45","Y29",0.75,"ZY","other","semi","Y29_Z45",2026,1,1,2,1
"Y31","Y30",0.625,"YY","same","same","Y30_Y31",2026,0,0,0,1
"Y32","Y30",0.444444444444444,"YY","same","same","Y30_Y32",2026,0,0,0,1
"Y33","Y30",0.625,"YY","same","same","Y30_Y33",2026,0,0,0,1
"Y34","Y30",0.571428571428571,"YY","same","same","Y30_Y34",2026,1,0,1,0
"Y35","Y30",0.5,"YY","same","same","Y30_Y35",2026,0,0,0,1
"Z02","Y30",0.714285714285714,"ZY","other","semi","Y30_Z02",2026,1,0,1,0
"Z07","Y30",0.833333333333333,"ZY","other","semi","Y30_Z07",2026,0,0,0,1
"Z10","Y30",0.555555555555556,"ZY","other","semi","Y30_Z10",2026,1,0,1,0
"Z11","Y30",0.625,"ZY","other","semi","Y30_Z11",2026,1,0,1,0
"Z16","Y30",0.555555555555556,"ZY","other","semi","Y30_Z16",2026,1,0,1,0
"Z20","Y30",0.625,"ZY","other","semi","Y30_Z20",2026,1,0,1,0
"Z21","Y30",0.625,"ZY","other","semi","Y30_Z21",2026,1,0,1,0
"Z22","Y30",0.625,"ZY","other","semi","Y30_Z22",2026,1,0,1,0
"Z27","Y30",0.571428571428571,"ZY","other","semi","Y30_Z27",2026,0,0,0,1
"Z28","Y30",0.714285714285714,"ZY","other","semi","Y30_Z28",2026,1,0,1,0
"Z29","Y30",0.625,"ZY","other","semi","Y30_Z29",2026,1,0,1,0
"Z31","Y30",0.714285714285714,"ZY","other","semi","Y30_Z31",2026,1,0,1,0
"Z32","Y30",0.5,"ZY","other","semi","Y30_Z32",2026,1,0,1,0
"Z33","Y30",0.625,"ZY","other","semi","Y30_Z33",2026,1,0,1,0
"Z39","Y30",0.555555555555556,"ZY","other","semi","Y30_Z39",2026,1,0,1,0
"Z42","Y30",0.625,"ZY","other","semi","Y30_Z42",2026,1,0,1,0
"Z43","Y30",0.625,"ZY","other","semi","Y30_Z43",2026,1,0,1,0
"Z45","Y30",0.625,"ZY","other","semi","Y30_Z45",2026,1,0,1,0
"Y32","Y31",0.777777777777778,"YY","same","same","Y31_Y32",2026,0,0,0,1
"Y33","Y31",0.777777777777778,"YY","same","same","Y31_Y33",2026,0,0,0,1
"Y34","Y31",0.555555555555556,"YY","same","same","Y31_Y34",2026,1,0,1,0
"Y35","Y31",0.666666666666667,"YY","same","same","Y31_Y35",2026,0,0,0,1
"Z02","Y31",0.875,"ZY","other","semi","Y31_Z02",2026,1,0,1,0
"Z07","Y31",0.75,"ZY","other","semi","Y31_Z07",2026,0,0,0,1
"Z10","Y31",0.7,"ZY","other","semi","Y31_Z10",2026,1,0,1,0
"Z11","Y31",1,"ZY","other","semi","Y31_Z11",2026,1,0,1,0
"Z16","Y31",0.888888888888889,"ZY","other","semi","Y31_Z16",2026,1,0,1,0
"Z20","Y31",1,"ZY","other","semi","Y31_Z20",2026,1,0,1,0
"Z21","Y31",1,"ZY","other","semi","Y31_Z21",2026,1,0,1,0
"Z22","Y31",1,"ZY","other","semi","Y31_Z22",2026,1,0,1,0
"Z27","Y31",0.75,"ZY","other","semi","Y31_Z27",2026,0,0,0,1
"Z28","Y31",0.875,"ZY","other","semi","Y31_Z28",2026,1,0,1,0
"Z29","Y31",1,"ZY","other","semi","Y31_Z29",2026,1,0,1,0
"Z31","Y31",0.875,"ZY","other","semi","Y31_Z31",2026,1,0,1,0
"Z32","Y31",0.666666666666667,"ZY","other","semi","Y31_Z32",2026,1,0,1,0
"Z33","Y31",0.777777777777778,"ZY","other","semi","Y31_Z33",2026,1,0,1,0
"Z39","Y31",0.7,"ZY","other","semi","Y31_Z39",2026,1,0,1,0
"Z42","Y31",1,"ZY","other","semi","Y31_Z42",2026,1,0,1,0
"Z43","Y31",1,"ZY","other","semi","Y31_Z43",2026,1,0,1,0
"Z45","Y31",1,"ZY","other","semi","Y31_Z45",2026,1,0,1,0
"Y33","Y32",0.777777777777778,"YY","same","same","Y32_Y33",2026,0,0,0,1
"Y34","Y32",0.555555555555556,"YY","same","same","Y32_Y34",2026,1,0,1,0
"Y35","Y32",0.666666666666667,"YY","same","same","Y32_Y35",2026,0,0,0,1
"Z02","Y32",0.666666666666667,"ZY","other","semi","Y32_Z02",2026,1,0,1,0
"Z07","Y32",0.555555555555556,"ZY","other","semi","Y32_Z07",2026,0,0,0,1
"Z10","Y32",0.7,"ZY","other","semi","Y32_Z10",2026,1,0,1,0
"Z11","Y32",0.777777777777778,"ZY","other","semi","Y32_Z11",2026,1,0,1,0
"Z16","Y32",0.7,"ZY","other","semi","Y32_Z16",2026,1,0,1,0
"Z20","Y32",0.777777777777778,"ZY","other","semi","Y32_Z20",2026,1,0,1,0
"Z21","Y32",0.777777777777778,"ZY","other","semi","Y32_Z21",2026,1,0,1,0
"Z22","Y32",0.777777777777778,"ZY","other","semi","Y32_Z22",2026,1,0,1,0
"Z27","Y32",0.75,"ZY","other","semi","Y32_Z27",2026,0,0,0,1
"Z28","Y32",0.666666666666667,"ZY","other","semi","Y32_Z28",2026,1,0,1,0
"Z29","Y32",0.777777777777778,"ZY","other","semi","Y32_Z29",2026,1,0,1,0
"Z31","Y32",0.666666666666667,"ZY","other","semi","Y32_Z31",2026,1,0,1,0
"Z32","Y32",0.875,"ZY","other","semi","Y32_Z32",2026,1,0,1,0
"Z33","Y32",0.777777777777778,"ZY","other","semi","Y32_Z33",2026,1,0,1,0
"Z39","Y32",0.7,"ZY","other","semi","Y32_Z39",2026,1,0,1,0
"Z42","Y32",0.777777777777778,"ZY","other","semi","Y32_Z42",2026,1,0,1,0
"Z43","Y32",0.777777777777778,"ZY","other","semi","Y32_Z43",2026,1,0,1,0
"Z45","Y32",0.777777777777778,"ZY","other","semi","Y32_Z45",2026,1,0,1,0
"Y34","Y33",0.75,"YY","same","same","Y33_Y34",2026,1,0,1,0
"Y35","Y33",0.666666666666667,"YY","same","same","Y33_Y35",2026,0,0,0,1
"Z02","Y33",0.666666666666667,"ZY","other","semi","Y33_Z02",2026,1,0,1,0
"Z07","Y33",0.75,"ZY","other","semi","Y33_Z07",2026,0,0,0,1
"Z10","Y33",0.888888888888889,"ZY","other","semi","Y33_Z10",2026,1,0,1,0
"Z11","Y33",0.777777777777778,"ZY","other","semi","Y33_Z11",2026,1,0,1,0
"Z16","Y33",0.7,"ZY","other","semi","Y33_Z16",2026,1,0,1,0
"Z20","Y33",0.777777777777778,"ZY","other","semi","Y33_Z20",2026,1,0,1,0
"Z21","Y33",0.777777777777778,"ZY","other","semi","Y33_Z21",2026,1,0,1,0
"Z22","Y33",0.777777777777778,"ZY","other","semi","Y33_Z22",2026,1,0,1,0
"Z27","Y33",0.555555555555556,"ZY","other","semi","Y33_Z27",2026,0,0,0,1
"Z28","Y33",0.666666666666667,"ZY","other","semi","Y33_Z28",2026,1,0,1,0
"Z29","Y33",0.777777777777778,"ZY","other","semi","Y33_Z29",2026,1,0,1,0
"Z31","Y33",0.666666666666667,"ZY","other","semi","Y33_Z31",2026,1,0,1,0
"Z32","Y33",0.666666666666667,"ZY","other","semi","Y33_Z32",2026,1,0,1,0
"Z33","Y33",1,"ZY","other","semi","Y33_Z33",2026,1,0,1,0
"Z39","Y33",0.7,"ZY","other","semi","Y33_Z39",2026,1,0,1,0
"Z42","Y33",0.777777777777778,"ZY","other","semi","Y33_Z42",2026,1,0,1,0
"Z43","Y33",0.777777777777778,"ZY","other","semi","Y33_Z43",2026,1,0,1,0
"Z45","Y33",0.777777777777778,"ZY","other","semi","Y33_Z45",2026,1,0,1,0
"Y35","Y34",0.857142857142857,"YY","same","same","Y34_Y35",2026,0,1,1,0
"Z02","Y34",0.625,"ZY","other","semi","Y34_Z02",2026,1,1,2,1
"Z07","Y34",0.714285714285714,"ZY","other","semi","Y34_Z07",2026,0,1,1,0
"Z10","Y34",0.666666666666667,"ZY","other","semi","Y34_Z10",2026,1,1,2,1
"Z11","Y34",0.555555555555556,"ZY","other","semi","Y34_Z11",2026,1,1,2,1
"Z16","Y34",0.5,"ZY","other","semi","Y34_Z16",2026,1,1,2,1
"Z20","Y34",0.555555555555556,"ZY","other","semi","Y34_Z20",2026,1,1,2,1
"Z21","Y34",0.555555555555556,"ZY","other","semi","Y34_Z21",2026,1,1,2,1
"Z22","Y34",0.555555555555556,"ZY","other","semi","Y34_Z22",2026,1,1,2,1
"Z27","Y34",0.333333333333333,"ZY","other","semi","Y34_Z27",2026,0,1,1,0
"Z28","Y34",0.444444444444444,"ZY","other","semi","Y34_Z28",2026,1,1,2,1
"Z29","Y34",0.555555555555556,"ZY","other","semi","Y34_Z29",2026,1,1,2,1
"Z31","Y34",0.444444444444444,"ZY","other","semi","Y34_Z31",2026,1,1,2,1
"Z32","Y34",0.625,"ZY","other","semi","Y34_Z32",2026,1,1,2,1
"Z33","Y34",0.75,"ZY","other","semi","Y34_Z33",2026,1,1,2,1
"Z39","Y34",0.666666666666667,"ZY","other","semi","Y34_Z39",2026,1,1,2,1
"Z42","Y34",0.555555555555556,"ZY","other","semi","Y34_Z42",2026,1,1,2,1
"Z43","Y34",0.555555555555556,"ZY","other","semi","Y34_Z43",2026,1,1,2,1
"Z45","Y34",0.555555555555556,"ZY","other","semi","Y34_Z45",2026,1,1,2,1
"Z02","Y35",0.75,"ZY","other","semi","Y35_Z02",2026,1,0,1,0
"Z07","Y35",0.625,"ZY","other","semi","Y35_Z07",2026,0,0,0,1
"Z10","Y35",0.6,"ZY","other","semi","Y35_Z10",2026,1,0,1,0
"Z11","Y35",0.666666666666667,"ZY","other","semi","Y35_Z11",2026,1,0,1,0
"Z16","Y35",0.6,"ZY","other","semi","Y35_Z16",2026,1,0,1,0
"Z20","Y35",0.666666666666667,"ZY","other","semi","Y35_Z20",2026,1,0,1,0
"Z21","Y35",0.666666666666667,"ZY","other","semi","Y35_Z21",2026,1,0,1,0
"Z22","Y35",0.666666666666667,"ZY","other","semi","Y35_Z22",2026,1,0,1,0
"Z27","Y35",0.444444444444444,"ZY","other","semi","Y35_Z27",2026,0,0,0,1
"Z28","Y35",0.555555555555556,"ZY","other","semi","Y35_Z28",2026,1,0,1,0
"Z29","Y35",0.666666666666667,"ZY","other","semi","Y35_Z29",2026,1,0,1,0
"Z31","Y35",0.555555555555556,"ZY","other","semi","Y35_Z31",2026,1,0,1,0
"Z32","Y35",0.75,"ZY","other","semi","Y35_Z32",2026,1,0,1,0
"Z33","Y35",0.666666666666667,"ZY","other","semi","Y35_Z33",2026,1,0,1,0
"Z39","Y35",0.777777777777778,"ZY","other","semi","Y35_Z39",2026,1,0,1,0
"Z42","Y35",0.666666666666667,"ZY","other","semi","Y35_Z42",2026,1,0,1,0
"Z43","Y35",0.666666666666667,"ZY","other","semi","Y35_Z43",2026,1,0,1,0
"Z45","Y35",0.666666666666667,"ZY","other","semi","Y35_Z45",2026,1,0,1,0
"Z07","Z02",0.857142857142857,"ZZ","same","same","Z02_Z07",2026,0,1,1,0
"Z10","Z02",0.6,"ZZ","same","same","Z02_Z10",2026,1,1,2,1
"Z11","Z02",0.875,"ZZ","same","same","Z02_Z11",2026,1,1,2,1
"Z16","Z02",0.777777777777778,"ZZ","same","same","Z02_Z16",2026,1,1,2,1
"Z20","Z02",0.875,"ZZ","same","same","Z02_Z20",2026,1,1,2,1
"Z21","Z02",0.875,"ZZ","same","same","Z02_Z21",2026,1,1,2,1
"Z22","Z02",0.875,"ZZ","same","same","Z02_Z22",2026,1,1,2,1
"Z27","Z02",0.625,"ZZ","same","same","Z02_Z27",2026,0,1,1,0
"Z28","Z02",0.75,"ZZ","same","same","Z02_Z28",2026,1,1,2,1
"Z29","Z02",0.875,"ZZ","same","same","Z02_Z29",2026,1,1,2,1
"Z31","Z02",0.75,"ZZ","same","same","Z02_Z31",2026,1,1,2,1
"Z32","Z02",0.75,"ZZ","same","same","Z02_Z32",2026,1,1,2,1
"Z33","Z02",0.666666666666667,"ZZ","same","same","Z02_Z33",2026,1,1,2,1
"Z39","Z02",0.777777777777778,"ZZ","same","same","Z02_Z39",2026,1,1,2,1
"Z42","Z02",0.875,"ZZ","same","same","Z02_Z42",2026,1,1,2,1
"Z43","Z02",0.875,"ZZ","same","same","Z02_Z43",2026,1,1,2,1
"Z45","Z02",0.875,"ZZ","same","same","Z02_Z45",2026,1,1,2,1
"Z10","Z07",0.666666666666667,"ZZ","same","same","Z07_Z10",2026,1,0,1,0
"Z11","Z07",0.75,"ZZ","same","same","Z07_Z11",2026,1,0,1,0
"Z16","Z07",0.666666666666667,"ZZ","same","same","Z07_Z16",2026,1,0,1,0
"Z20","Z07",0.75,"ZZ","same","same","Z07_Z20",2026,1,0,1,0
"Z21","Z07",0.75,"ZZ","same","same","Z07_Z21",2026,1,0,1,0
"Z22","Z07",0.75,"ZZ","same","same","Z07_Z22",2026,1,0,1,0
"Z27","Z07",0.5,"ZZ","same","same","Z07_Z27",2026,0,0,0,1
"Z28","Z07",0.625,"ZZ","same","same","Z07_Z28",2026,1,0,1,0
"Z29","Z07",0.75,"ZZ","same","same","Z07_Z29",2026,1,0,1,0
"Z31","Z07",0.625,"ZZ","same","same","Z07_Z31",2026,1,0,1,0
"Z32","Z07",0.625,"ZZ","same","same","Z07_Z32",2026,1,0,1,0
"Z33","Z07",0.75,"ZZ","same","same","Z07_Z33",2026,1,0,1,0
"Z39","Z07",0.666666666666667,"ZZ","same","same","Z07_Z39",2026,1,0,1,0
"Z42","Z07",0.75,"ZZ","same","same","Z07_Z42",2026,1,0,1,0
"Z43","Z07",0.75,"ZZ","same","same","Z07_Z43",2026,1,0,1,0
"Z45","Z07",0.75,"ZZ","same","same","Z07_Z45",2026,1,0,1,0
"Z11","Z10",0.7,"ZZ","same","same","Z10_Z11",2026,1,1,2,1
"Z16","Z10",0.8,"ZZ","same","same","Z10_Z16",2026,1,1,2,1
"Z20","Z10",0.7,"ZZ","same","same","Z10_Z20",2026,1,1,2,1
"Z21","Z10",0.7,"ZZ","same","same","Z10_Z21",2026,1,1,2,1
"Z22","Z10",0.7,"ZZ","same","same","Z10_Z22",2026,1,1,2,1
"Z27","Z10",0.5,"ZZ","same","same","Z10_Z27",2026,0,1,1,0
"Z28","Z10",0.6,"ZZ","same","same","Z10_Z28",2026,1,1,2,1
"Z29","Z10",0.7,"ZZ","same","same","Z10_Z29",2026,1,1,2,1
"Z31","Z10",0.6,"ZZ","same","same","Z10_Z31",2026,1,1,2,1
"Z32","Z10",0.6,"ZZ","same","same","Z10_Z32",2026,1,1,2,1
"Z33","Z10",0.888888888888889,"ZZ","same","same","Z10_Z33",2026,1,1,2,1
"Z39","Z10",0.8,"ZZ","same","same","Z10_Z39",2026,1,1,2,1
"Z42","Z10",0.7,"ZZ","same","same","Z10_Z42",2026,1,1,2,1
"Z43","Z10",0.7,"ZZ","same","same","Z10_Z43",2026,1,1,2,1
"Z45","Z10",0.7,"ZZ","same","same","Z10_Z45",2026,1,1,2,1
"Z16","Z11",0.888888888888889,"ZZ","same","same","Z11_Z16",2026,1,1,2,1
"Z20","Z11",1,"ZZ","same","same","Z11_Z20",2026,1,1,2,1
"Z21","Z11",1,"ZZ","same","same","Z11_Z21",2026,1,1,2,1
"Z22","Z11",1,"ZZ","same","same","Z11_Z22",2026,1,1,2,1
"Z27","Z11",0.75,"ZZ","same","same","Z11_Z27",2026,0,1,1,0
"Z28","Z11",0.875,"ZZ","same","same","Z11_Z28",2026,1,1,2,1
"Z29","Z11",1,"ZZ","same","same","Z11_Z29",2026,1,1,2,1
"Z31","Z11",0.875,"ZZ","same","same","Z11_Z31",2026,1,1,2,1
"Z32","Z11",0.666666666666667,"ZZ","same","same","Z11_Z32",2026,1,1,2,1
"Z33","Z11",0.777777777777778,"ZZ","same","same","Z11_Z33",2026,1,1,2,1
"Z39","Z11",0.7,"ZZ","same","same","Z11_Z39",2026,1,1,2,1
"Z42","Z11",1,"ZZ","same","same","Z11_Z42",2026,1,1,2,1
"Z43","Z11",1,"ZZ","same","same","Z11_Z43",2026,1,1,2,1
"Z45","Z11",1,"ZZ","same","same","Z11_Z45",2026,1,1,2,1
"Z20","Z16",0.888888888888889,"ZZ","same","same","Z16_Z20",2026,1,1,2,1
"Z21","Z16",0.888888888888889,"ZZ","same","same","Z16_Z21",2026,1,1,2,1
"Z22","Z16",0.888888888888889,"ZZ","same","same","Z16_Z22",2026,1,1,2,1
"Z27","Z16",0.666666666666667,"ZZ","same","same","Z16_Z27",2026,0,1,1,0
"Z28","Z16",0.777777777777778,"ZZ","same","same","Z16_Z28",2026,1,1,2,1
"Z29","Z16",0.888888888888889,"ZZ","same","same","Z16_Z29",2026,1,1,2,1
"Z31","Z16",0.777777777777778,"ZZ","same","same","Z16_Z31",2026,1,1,2,1
"Z32","Z16",0.6,"ZZ","same","same","Z16_Z32",2026,1,1,2,1
"Z33","Z16",0.7,"ZZ","same","same","Z16_Z33",2026,1,1,2,1
"Z39","Z16",0.8,"ZZ","same","same","Z16_Z39",2026,1,1,2,1
"Z42","Z16",0.888888888888889,"ZZ","same","same","Z16_Z42",2026,1,1,2,1
"Z43","Z16",0.888888888888889,"ZZ","same","same","Z16_Z43",2026,1,1,2,1
"Z45","Z16",0.888888888888889,"ZZ","same","same","Z16_Z45",2026,1,1,2,1
"Z21","Z20",1,"ZZ","same","same","Z20_Z21",2026,1,1,2,1
"Z22","Z20",1,"ZZ","same","same","Z20_Z22",2026,1,1,2,1
"Z27","Z20",0.75,"ZZ","same","same","Z20_Z27",2026,0,1,1,0
"Z28","Z20",0.875,"ZZ","same","same","Z20_Z28",2026,1,1,2,1
"Z29","Z20",1,"ZZ","same","same","Z20_Z29",2026,1,1,2,1
"Z31","Z20",0.875,"ZZ","same","same","Z20_Z31",2026,1,1,2,1
"Z32","Z20",0.666666666666667,"ZZ","same","same","Z20_Z32",2026,1,1,2,1
"Z33","Z20",0.777777777777778,"ZZ","same","same","Z20_Z33",2026,1,1,2,1
"Z39","Z20",0.7,"ZZ","same","same","Z20_Z39",2026,1,1,2,1
"Z42","Z20",1,"ZZ","same","same","Z20_Z42",2026,1,1,2,1
"Z43","Z20",1,"ZZ","same","same","Z20_Z43",2026,1,1,2,1
"Z45","Z20",1,"ZZ","same","same","Z20_Z45",2026,1,1,2,1
"Z22","Z21",1,"ZZ","same","same","Z21_Z22",2026,1,1,2,1
"Z27","Z21",0.75,"ZZ","same","same","Z21_Z27",2026,0,1,1,0
"Z28","Z21",0.875,"ZZ","same","same","Z21_Z28",2026,1,1,2,1
"Z29","Z21",1,"ZZ","same","same","Z21_Z29",2026,1,1,2,1
"Z31","Z21",0.875,"ZZ","same","same","Z21_Z31",2026,1,1,2,1
"Z32","Z21",0.666666666666667,"ZZ","same","same","Z21_Z32",2026,1,1,2,1
"Z33","Z21",0.777777777777778,"ZZ","same","same","Z21_Z33",2026,1,1,2,1
"Z39","Z21",0.7,"ZZ","same","same","Z21_Z39",2026,1,1,2,1
"Z42","Z21",1,"ZZ","same","same","Z21_Z42",2026,1,1,2,1
"Z43","Z21",1,"ZZ","same","same","Z21_Z43",2026,1,1,2,1
"Z45","Z21",1,"ZZ","same","same","Z21_Z45",2026,1,1,2,1
"Z27","Z22",0.75,"ZZ","same","same","Z22_Z27",2026,0,1,1,0
"Z28","Z22",0.875,"ZZ","same","same","Z22_Z28",2026,1,1,2,1
"Z29","Z22",1,"ZZ","same","same","Z22_Z29",2026,1,1,2,1
"Z31","Z22",0.875,"ZZ","same","same","Z22_Z31",2026,1,1,2,1
"Z32","Z22",0.666666666666667,"ZZ","same","same","Z22_Z32",2026,1,1,2,1
"Z33","Z22",0.777777777777778,"ZZ","same","same","Z22_Z33",2026,1,1,2,1
"Z39","Z22",0.7,"ZZ","same","same","Z22_Z39",2026,1,1,2,1
"Z42","Z22",1,"ZZ","same","same","Z22_Z42",2026,1,1,2,1
"Z43","Z22",1,"ZZ","same","same","Z22_Z43",2026,1,1,2,1
"Z45","Z22",1,"ZZ","same","same","Z22_Z45",2026,1,1,2,1
"Z28","Z27",0.857142857142857,"ZZ","same","same","Z27_Z28",2026,1,0,1,0
"Z29","Z27",0.75,"ZZ","same","same","Z27_Z29",2026,1,0,1,0
"Z31","Z27",0.857142857142857,"ZZ","same","same","Z27_Z31",2026,1,0,1,0
"Z32","Z27",0.625,"ZZ","same","same","Z27_Z32",2026,1,0,1,0
"Z33","Z27",0.555555555555556,"ZZ","same","same","Z27_Z33",2026,1,0,1,0
"Z39","Z27",0.5,"ZZ","same","same","Z27_Z39",2026,1,0,1,0
"Z42","Z27",0.75,"ZZ","same","same","Z27_Z42",2026,1,0,1,0
"Z43","Z27",0.75,"ZZ","same","same","Z27_Z43",2026,1,0,1,0
"Z45","Z27",0.75,"ZZ","same","same","Z27_Z45",2026,1,0,1,0
"Z29","Z28",0.875,"ZZ","same","same","Z28_Z29",2026,1,1,2,1
"Z31","Z28",1,"ZZ","same","same","Z28_Z31",2026,1,1,2,1
"Z32","Z28",0.555555555555556,"ZZ","same","same","Z28_Z32",2026,1,1,2,1
"Z33","Z28",0.666666666666667,"ZZ","same","same","Z28_Z33",2026,1,1,2,1
"Z39","Z28",0.6,"ZZ","same","same","Z28_Z39",2026,1,1,2,1
"Z42","Z28",0.875,"ZZ","same","same","Z28_Z42",2026,1,1,2,1
"Z43","Z28",0.875,"ZZ","same","same","Z28_Z43",2026,1,1,2,1
"Z45","Z28",0.875,"ZZ","same","same","Z28_Z45",2026,1,1,2,1
"Z31","Z29",0.875,"ZZ","same","same","Z29_Z31",2026,1,1,2,1
"Z32","Z29",0.666666666666667,"ZZ","same","same","Z29_Z32",2026,1,1,2,1
"Z33","Z29",0.777777777777778,"ZZ","same","same","Z29_Z33",2026,1,1,2,1
"Z39","Z29",0.7,"ZZ","same","same","Z29_Z39",2026,1,1,2,1
"Z42","Z29",1,"ZZ","same","same","Z29_Z42",2026,1,1,2,1
"Z43","Z29",1,"ZZ","same","same","Z29_Z43",2026,1,1,2,1
"Z45","Z29",1,"ZZ","same","same","Z29_Z45",2026,1,1,2,1
"Z32","Z31",0.555555555555556,"ZZ","same","same","Z31_Z32",2026,1,1,2,1
"Z33","Z31",0.666666666666667,"ZZ","same","same","Z31_Z33",2026,1,1,2,1
"Z39","Z31",0.6,"ZZ","same","same","Z31_Z39",2026,1,1,2,1
"Z42","Z31",0.875,"ZZ","same","same","Z31_Z42",2026,1,1,2,1
"Z43","Z31",0.875,"ZZ","same","same","Z31_Z43",2026,1,1,2,1
"Z45","Z31",0.875,"ZZ","same","same","Z31_Z45",2026,1,1,2,1
"Z33","Z32",0.666666666666667,"ZZ","same","same","Z32_Z33",2026,1,1,2,1
"Z39","Z32",0.777777777777778,"ZZ","same","same","Z32_Z39",2026,1,1,2,1
"Z42","Z32",0.666666666666667,"ZZ","same","same","Z32_Z42",2026,1,1,2,1
"Z43","Z32",0.666666666666667,"ZZ","same","same","Z32_Z43",2026,1,1,2,1
"Z45","Z32",0.666666666666667,"ZZ","same","same","Z32_Z45",2026,1,1,2,1
"Z39","Z33",0.7,"ZZ","same","same","Z33_Z39",2026,1,1,2,1
"Z42","Z33",0.777777777777778,"ZZ","same","same","Z33_Z42",2026,1,1,2,1
"Z43","Z33",0.777777777777778,"ZZ","same","same","Z33_Z43",2026,1,1,2,1
"Z45","Z33",0.777777777777778,"ZZ","same","same","Z33_Z45",2026,1,1,2,1
"Z42","Z39",0.7,"ZZ","same","same","Z39_Z42",2026,1,1,2,1
"Z43","Z39",0.7,"ZZ","same","same","Z39_Z43",2026,1,1,2,1
"Z45","Z39",0.7,"ZZ","same","same","Z39_Z45",2026,1,1,2,1
"Z43","Z42",1,"ZZ","same","same","Z42_Z43",2026,1,1,2,1
"Z45","Z42",1,"ZZ","same","same","Z42_Z45",2026,1,1,2,1
"Z45","Z43",1,"ZZ","same","same","Z43_Z45",2026,1,1,2,1
