"ID","Date","BOX","Eggs","Chicks","Twigs","OBSERVER","NOTES","Field1","year","box_year","Few","start","site","site_year","year_z","start_first_check","start_first_check_z","start_vs_first_check","female_JID","male_JID","pair_ID","female_age_24","male_age_24","female_age","male_age","pair_age","pair_age_z","female_body_cond","male_body_cond","box_attached","box_substrate","fem_JID_year","male_JID_year","fem_prev_owner","male_prev_owner","mean_start_site_year","start_diff_from_mean","start_diff_from_mean_abs","fem_prev_owner_binary","male_prev_owner_binary","box_attached_binary"
6418,2014-03-14,"X01","0","0","FEW","AC","c.30","",2014,"X01_2014","FEW",73,"X","X_2014",-0.842419903029165,73,0.0625568469379311,0,"J808",NA,"J808_NA",0,NA,-10,NA,-10,-0.931027934104549,2.86578934917592,NA,"tree","soft","J808_2014","NA_2014",0,NA,95.25,-22.25,22.25,0,NA,"tree"
16031,2016-03-14,"X01","0","0","FEW","NR","Twigs in the corners","",2016,"X01_2016","FEW",74,"X","X_2016",-0.307155782337731,75,0.32039985083862,-1,"J1874","J1887","J1874_J1887",0,0,-8,-8,-8,-0.931027934104549,-5.4118148481149,12.7447885996597,"tree","soft","J1874_2016","J1887_2016",0,0,84.2222222222222,-10.2222222222222,10.2222222222222,0,0,"tree"
7410,2014-04-23,"X09","0","0","FEW","GM","Twig ring, slightly filled out","",2014,"X09_2014","FEW",113,"X","X_2014",-0.842419903029165,73,0.0625568469379311,40,NA,NA,"NA_NA",NA,NA,NA,NA,NA,NA,NA,NA,"tree","soft","NA_2014","NA_2014",NA,NA,95.25,17.75,17.75,NA,NA,"tree"
8928,2015-04-06,"X09","0","0","FEW","ALG","","",2015,"X09_2015","FEW",96,"X","X_2015",-0.574787842683448,78,0.707164356689652,18,NA,NA,"NA_NA",NA,NA,NA,NA,NA,NA,NA,NA,"tree","soft","NA_2015","NA_2015",NA,NA,86.1428571428571,9.85714285714286,9.85714285714286,NA,NA,"tree"
4551,2013-04-15,"X10","0","0","FEW","GM","All grass. Base obscured.","",2013,"X10_2013","FEW",105,"X","X_2013",-1.11005196337488,71,-0.195286156962757,34,NA,NA,"NA_NA",NA,NA,NA,NA,NA,NA,NA,NA,"tree","soft","NA_2013","NA_2013",NA,NA,95,10,10,NA,NA,"tree"
7223,2014-04-21,"X15","0","0","FEW","MK","","",2014,"X15_2014","FEW",111,"X","X_2014",-0.842419903029165,73,0.0625568469379311,38,NA,NA,"NA_NA",NA,NA,NA,NA,NA,NA,NA,NA,"tree","soft","NA_2014","NA_2014",NA,NA,95.25,15.75,15.75,NA,NA,"tree"
4317,2013-04-03,"X21","0","0","FEW","GM","7 twigs","",2013,"X21_2013","FEW",93,"X","X_2013",-1.11005196337488,71,-0.195286156962757,22,NA,NA,"NA_NA",NA,NA,NA,NA,NA,NA,NA,NA,"tree","soft","NA_2013","NA_2013",NA,NA,95,-2,2,NA,NA,"tree"
4318,2013-04-03,"X22","0","0","FEW","GM","7 twigs","",2013,"X22_2013","FEW",93,"X","X_2013",-1.11005196337488,71,-0.195286156962757,22,NA,NA,"NA_NA",NA,NA,NA,NA,NA,NA,NA,NA,"tree","soft","NA_2013","NA_2013",NA,NA,95,-2,2,NA,NA,"tree"
4319,2013-04-03,"X23","0","0","FEW","GM","<30 twigs","",2013,"X23_2013","FEW",93,"X","X_2013",-1.11005196337488,71,-0.195286156962757,22,NA,NA,"NA_NA",NA,NA,NA,NA,NA,NA,NA,NA,"tree","soft","NA_2013","NA_2013",NA,NA,95,-2,2,NA,NA,"tree"
6647,2014-03-28,"X23","0","0","FEW","AC","early ring","",2014,"X23_2014","FEW",87,"X","X_2014",-0.842419903029165,73,0.0625568469379311,14,NA,NA,"NA_NA",NA,NA,NA,NA,NA,NA,NA,NA,"tree","soft","NA_2014","NA_2014",NA,NA,95.25,-8.25,8.25,NA,NA,"tree"
12952,2016-03-29,"X23","0","0","FEW","LvW","<10, front","",2016,"X23_2016","FEW",89,"X","X_2016",-0.307155782337731,75,0.32039985083862,14,"J1875",NA,"J1875_NA",0,NA,-8,NA,-8,-0.931027934104549,15.8447885996597,NA,"tree","soft","J1875_2016","NA_2016",0,NA,84.2222222222222,4.77777777777777,4.77777777777777,0,NA,"tree"
16295,2017-04-01,"X23","0","0","FEW","VL","","",2017,"X23_2017","FEW",91,"X","X_2017",-0.0395237219920131,81,1.09392886254068,10,"J1875",NA,"J1875_NA",0,NA,-7,NA,-7,-0.502673158639728,15.8447885996597,NA,"tree","soft","J1875_2017","NA_2017",1,NA,86.3,4.7,4.7,1,NA,"tree"
7230,2014-04-21,"X24","0","0","FEW","MK","","",2014,"X24_2014","FEW",111,"X","X_2014",-0.842419903029165,73,0.0625568469379311,38,NA,NA,"NA_NA",NA,NA,NA,NA,NA,NA,NA,NA,"tree","soft","NA_2014","NA_2014",NA,NA,95.25,15.75,15.75,NA,NA,"tree"
4321,2013-04-03,"X25","0","0","FEW","GM","c.30 piled twigs and grass","",2013,"X25_2013","FEW",93,"X","X_2013",-1.11005196337488,71,-0.195286156962757,22,NA,"J293","NA_J293",NA,0,NA,-11,-11,-0.931027934104549,NA,12.0447885996597,"tree","soft","NA_2013","J293_2013",NA,0,95,-2,2,NA,0,"tree"
6652,2014-03-31,"X25","0","0","FEW","GM","c.10 PV","",2014,"X25_2014","FEW",90,"X","X_2014",-0.842419903029165,73,0.0625568469379311,17,NA,"J293","NA_J293",NA,0,NA,-10,-10,-0.502673158639728,NA,12.0447885996597,"tree","soft","NA_2014","J293_2014",NA,1,95.25,-5.25,5.25,NA,1,"tree"
12951,2016-03-29,"X25","0","0","FEW","LvW","<20, front. Grass","",2016,"X25_2016","FEW",89,"X","X_2016",-0.307155782337731,75,0.32039985083862,14,"J1342","J293","J1342_J293",0,0,-8,-8,-8,-0.0743183831749076,-2.16731147529194,12.0447885996597,"tree","soft","J1342_2016","J293_2016",1,3,84.2222222222222,4.77777777777777,4.77777777777777,1,1,"tree"
16117,2017-03-22,"X25","0","0","FEW","NJ","Mixture of large & small twigs. Few dead leaves","",2017,"X25_2017","FEW",81,"X","X_2017",-0.0395237219920131,81,1.09392886254068,0,"J1342","J293","J1342_J293",0,0,-7,-7,-7,0.354036392289913,-2.16731147529194,12.0447885996597,"tree","soft","J1342_2017","J293_2017",2,4,86.3,-5.3,5.3,1,1,"tree"
21040,2018-03-22,"X25","0","0","FEW","NAF","","",2018,"X25_2018","FEW",81,"X","X_2018",0.228108338353704,76,0.449321352788964,5,NA,NA,"NA_NA",NA,NA,NA,NA,NA,NA,NA,NA,"tree","soft","NA_2018","NA_2018",NA,NA,81.5714285714286,-0.571428571428569,0.571428571428569,NA,NA,"tree"
8595,2015-03-19,"X27","0","0","FEW","VL/NS","approx 30 twigs, ring","",2015,"X27_2015","FEW",78,"X","X_2015",-0.574787842683448,78,0.707164356689652,0,"J1321","J1354","J1321_J1354",0,0,-9,-9,-9,-0.931027934104549,12.3390873254821,24.729489124321,"tree","soft","J1321_2015","J1354_2015",0,0,86.1428571428571,-8.14285714285714,8.14285714285714,0,0,"tree"
21041,2018-03-22,"X27","0","0","FEW","NAF","HALF RING","",2018,"X27_2018","FEW",81,"X","X_2018",0.228108338353704,76,0.449321352788964,5,NA,NA,"NA_NA",NA,NA,NA,NA,NA,NA,NA,NA,"tree","soft","NA_2018","NA_2018",NA,NA,81.5714285714286,-0.571428571428569,0.571428571428569,NA,NA,"tree"
4324,2013-04-03,"X28","0","0","FEW","GM","c.15 twigs","",2013,"X28_2013","FEW",93,"X","X_2013",-1.11005196337488,71,-0.195286156962757,22,NA,NA,"NA_NA",NA,NA,NA,NA,NA,NA,NA,NA,"tree","soft","NA_2013","NA_2013",NA,NA,95,-2,2,NA,NA,"tree"
6676,2014-04-03,"X28","0","0","FEW","AC","c.10","",2014,"X28_2014","FEW",93,"X","X_2014",-0.842419903029165,73,0.0625568469379311,20,NA,NA,"NA_NA",NA,NA,NA,NA,NA,NA,NA,NA,"tree","soft","NA_2014","NA_2014",NA,NA,95.25,-2.25,2.25,NA,NA,"tree"
4363,2013-04-08,"X29","0","0","FEW","GM","12 twigs. Likely to be squirrel","",2013,"X29_2013","FEW",98,"X","X_2013",-1.11005196337488,71,-0.195286156962757,27,NA,NA,"NA_NA",NA,NA,NA,NA,NA,NA,NA,NA,"tree","soft","NA_2013","NA_2013",NA,NA,95,3,3,NA,NA,"tree"
4365,2013-04-08,"X31","0","0","FEW","GM","Lid on ground, repaired and replaced. Still had 15 twigs deposited without roof!","",2013,"X31_2013","FEW",98,"X","X_2013",-1.11005196337488,71,-0.195286156962757,27,"J294",NA,"J294_NA",0,NA,-11,NA,-11,-1.35938270956937,-11.4826109506306,NA,"tree","soft","J294_2013","NA_2013",0,NA,95,3,3,0,NA,"tree"
6678,2014-04-03,"X31","0","0","FEW","AC","c.20","",2014,"X31_2014","FEW",93,"X","X_2014",-0.842419903029165,73,0.0625568469379311,20,"J802",NA,"J802_NA",0,NA,-10,NA,-10,-0.931027934104549,-7.08511282442112,NA,"tree","soft","J802_2014","NA_2014",0,NA,95.25,-2.25,2.25,0,NA,"tree"
8732,2015-03-30,"X31","0","0","FEW","VL","~30","",2015,"X31_2015","FEW",89,"X","X_2015",-0.574787842683448,78,0.707164356689652,11,NA,NA,"NA_NA",NA,NA,NA,NA,NA,NA,NA,NA,"tree","soft","NA_2015","NA_2015",NA,NA,86.1428571428571,2.85714285714286,2.85714285714286,NA,NA,"tree"
12947,2016-03-29,"X31","0","0","FEW","LvW","<10, front","",2016,"X31_2016","FEW",89,"X","X_2016",-0.307155782337731,75,0.32039985083862,14,"J1876","J1888","J1876_J1888",0,0,-8,-8,-8,-0.931027934104549,22.2123853017883,24.9479880000467,"tree","soft","J1876_2016","J1888_2016",0,0,84.2222222222222,4.77777777777777,4.77777777777777,0,0,"tree"
16141,2017-03-27,"X31","0","0","FEW","NJ","Large twigs at front. Dead leaves & moss at back. Base visible.","",2017,"X31_2017","FEW",86,"X","X_2017",-0.0395237219920131,81,1.09392886254068,5,"J800","J818","J800_J818",0,0,-7,-7,-7,0.354036392289913,22.3362366883933,35.3543868008208,"tree","soft","J800_2017","J818_2017",2,2,86.3,-0.299999999999997,0.299999999999997,1,1,"tree"
21031,2018-03-17,"X31","0","0","FEW","VL","","",2018,"X31_2018","FEW",76,"X","X_2018",0.228108338353704,76,0.449321352788964,0,NA,NA,"NA_NA",NA,NA,NA,NA,NA,NA,NA,NA,"tree","soft","NA_2018","NA_2018",NA,NA,81.5714285714286,-5.57142857142857,5.57142857142857,NA,NA,"tree"
4571,2013-04-15,"X32","0","0","FEW","GM","c.30 twigs","",2013,"X32_2013","FEW",105,"X","X_2013",-1.11005196337488,71,-0.195286156962757,34,"J253","J266","J253_J266",0,0,-11,-11,-11,-0.931027934104549,-5.59721289937273,18.0250387870388,"tree","soft","J253_2013","J266_2013",0,0,95,10,10,0,0,"tree"
6817,2014-04-10,"X32","0","0","FEW","GM","Mostly grass","",2014,"X32_2014","FEW",100,"X","X_2014",-0.842419903029165,73,0.0625568469379311,27,NA,NA,"NA_NA",NA,NA,NA,NA,NA,NA,NA,NA,"tree","soft","NA_2014","NA_2014",NA,NA,95.25,4.75,4.75,NA,NA,"tree"
12781,2016-03-15,"X32","0","0","FEW","LvW","lots of grass","",2016,"X32_2016","FEW",75,"X","X_2016",-0.307155782337731,75,0.32039985083862,0,"J800","J818","J800_J818",0,0,-8,-8,-8,-0.0743183831749076,22.3362366883933,35.3543868008208,"tree","soft","J800_2016","J818_2016",1,1,84.2222222222222,-9.22222222222223,9.22222222222223,1,1,"tree"
16142,2017-03-27,"X32","0","0","FEW","NJ","Pile of twigs at the front. Base visible","",2017,"X32_2017","FEW",86,"X","X_2017",-0.0395237219920131,81,1.09392886254068,5,"J294","J205","J294_J205",0,0,-7,-7,-7,0.354036392289913,-11.4826109506306,-18.1164093016949,"tree","soft","J294_2017","J205_2017",4,3,86.3,-0.299999999999997,0.299999999999997,1,1,"tree"
21032,2018-03-17,"X32","0","0","FEW","VL","","",2018,"X32_2018","FEW",76,"X","X_2018",0.228108338353704,76,0.449321352788964,0,"J2979","J2406","J2979_J2406",0,0,-6,-6,-6,-0.716850546372139,-13.5584108007274,-9.98581035101759,"tree","soft","J2979_2018","J2406_2018",0,1,81.5714285714286,-5.57142857142857,5.57142857142857,0,1,"tree"
28356,2021-04-02,"X32","0","0","FEW","GM","Little material piled to front","",2021,"X32_2021","FEW",92,"X","X_2021",1.03100451939086,61,-1.4845011764662,31,"J2979","J3471","J2979_J3471",0,0,-3,-3,-3,0.139859004557503,-13.5584108007274,26.4479880000467,"tree","soft","J2979_2021","J3471_2021",3,2,92,0,0,1,1,"tree"
4329,2013-04-03,"X33","0","0","FEW","GM",">30 twigs. Base still requires repair","",2013,"X33_2013","FEW",93,"X","X_2013",-1.11005196337488,71,-0.195286156962757,22,NA,NA,"NA_NA",NA,NA,NA,NA,NA,NA,NA,NA,"tree","soft","NA_2013","NA_2013",NA,NA,95,-2,2,NA,NA,"tree"
6657,2014-03-31,"X33","0","0","FEW","GM","c.20","",2014,"X33_2014","FEW",90,"X","X_2014",-0.842419903029165,73,0.0625568469379311,17,NA,NA,"NA_NA",NA,NA,NA,NA,NA,NA,NA,NA,"tree","soft","NA_2014","NA_2014",NA,NA,95.25,-5.25,5.25,NA,NA,"tree"
8734,2015-03-30,"X33","0","0","FEW","VL","~10","",2015,"X33_2015","FEW",89,"X","X_2015",-0.574787842683448,78,0.707164356689652,11,"J1313",NA,"J1313_NA",0,NA,-9,NA,-9,-0.931027934104549,8.38748762528858,NA,"tree","soft","J1313_2015","NA_2015",0,NA,86.1428571428571,2.85714285714286,2.85714285714286,0,NA,"tree"
16442,2017-04-04,"X33","0","0","FEW","NR","A lot of twigs at the entrance. Base is still visible at the bottom","",2017,"X33_2017","FEW",94,"X","X_2017",-0.0395237219920131,81,1.09392886254068,13,"J1313",NA,"J1313_NA",0,NA,-7,NA,-7,-0.0743183831749076,8.38748762528858,NA,"tree","soft","J1313_2017","NA_2017",2,NA,86.3,7.7,7.7,1,NA,"tree"
4330,2013-04-03,"X34","0","0","FEW","GM","10 twigs","",2013,"X34_2013","FEW",93,"X","X_2013",-1.11005196337488,71,-0.195286156962757,22,NA,NA,"NA_NA",NA,NA,NA,NA,NA,NA,NA,NA,"tree","soft","NA_2013","NA_2013",NA,NA,95,-2,2,NA,NA,"tree"
4331,2013-04-03,"X35","0","0","FEW","GM","<10 twigs. Lid requires repair","",2013,"X35_2013","FEW",93,"X","X_2013",-1.11005196337488,71,-0.195286156962757,22,NA,NA,"NA_NA",NA,NA,NA,NA,NA,NA,NA,NA,"tree","soft","NA_2013","NA_2013",NA,NA,95,-2,2,NA,NA,"tree"
12945,2016-03-29,"X35","0","0","FEW","LvW","10, detritus","",2016,"X35_2016","FEW",89,"X","X_2016",-0.307155782337731,75,0.32039985083862,14,"J803","J266","J803_J266",0,0,-8,-8,-8,0.139859004557503,10.5836867758369,18.0250387870388,"tree","soft","J803_2016","J266_2016",2,3,84.2222222222222,4.77777777777777,4.77777777777777,1,1,"tree"
16144,2017-03-27,"X35","0","0","FEW","NJ","Sticks & twigs all around edges. Dead leaves & moss.","",2017,"X35_2017","FEW",86,"X","X_2017",-0.0395237219920131,81,1.09392886254068,5,"J803","J266","J803_J266",0,0,-7,-7,-7,0.568213780022324,10.5836867758369,18.0250387870388,"tree","soft","J803_2017","J266_2017",3,4,86.3,-0.299999999999997,0.299999999999997,1,1,"tree"
4332,2013-04-03,"X36","0","0","FEW","GM","<30 twigs","",2013,"X36_2013","FEW",93,"X","X_2013",-1.11005196337488,71,-0.195286156962757,22,NA,NA,"NA_NA",NA,NA,NA,NA,NA,NA,NA,NA,"tree","soft","NA_2013","NA_2013",NA,NA,95,-2,2,NA,NA,"tree"
6660,2014-03-31,"X36","0","0","FEW","GM","big pile of twigs","",2014,"X36_2014","FEW",90,"X","X_2014",-0.842419903029165,73,0.0625568469379311,17,"J294","J205","J294_J205",0,0,-10,-10,-10,-0.931027934104549,-11.4826109506306,-18.1164093016949,"tree","soft","J294_2014","J205_2014",1,0,95.25,-5.25,5.25,1,0,"tree"
12946,2016-03-29,"X36","0","0","FEW","LvW","<30, front. Grass","",2016,"X36_2016","FEW",89,"X","X_2016",-0.307155782337731,75,0.32039985083862,14,"J294","J205","J294_J205",0,0,-8,-8,-8,-0.0743183831749076,-11.4826109506306,-18.1164093016949,"tree","soft","J294_2016","J205_2016",3,2,84.2222222222222,4.77777777777777,4.77777777777777,1,1,"tree"
16302,2017-04-01,"X36","0","0","FEW","VL","","",2017,"X36_2017","FEW",91,"X","X_2017",-0.0395237219920131,81,1.09392886254068,10,"J2410","J2406","J2410_J2406",0,0,-7,-7,-7,-0.931027934104549,10.7600880749984,-9.98581035101759,"tree","soft","J2410_2017","J2406_2017",0,0,86.3,4.7,4.7,0,0,"tree"
21129,2018-03-29,"X36","0","0","FEW","NAF","DRY LEAVES","",2018,"X36_2018","FEW",88,"X","X_2018",0.228108338353704,76,0.449321352788964,12,"J1876","J1888","J1876_J1888",0,0,-6,-6,-6,-0.0743183831749076,22.2123853017883,24.9479880000467,"tree","soft","J1876_2018","J1888_2018",1,1,81.5714285714286,6.42857142857143,6.42857142857143,1,1,"tree"
28359,2021-04-02,"X36","0","0","FEW","GM","Small amount of material on base","",2021,"X36_2021","FEW",92,"X","X_2021",1.03100451939086,61,-1.4845011764662,31,"J4537","J4528","J4537_J4528",0,0,-3,-3,-3,-0.931027934104549,10.8470858264497,29.0390873254821,"tree","soft","J4537_2021","J4528_2021",0,0,92,0,0,0,0,"tree"
4333,2013-04-03,"X37","0","0","FEW","GM","12 twigs","",2013,"X37_2013","FEW",93,"X","X_2013",-1.11005196337488,71,-0.195286156962757,22,NA,NA,"NA_NA",NA,NA,NA,NA,NA,NA,NA,NA,"tree","soft","NA_2013","NA_2013",NA,NA,95,-2,2,NA,NA,"tree"
4334,2013-04-03,"X38","0","0","FEW","GM","<10 twigs","",2013,"X38_2013","FEW",93,"X","X_2013",-1.11005196337488,71,-0.195286156962757,22,NA,NA,"NA_NA",NA,NA,NA,NA,NA,NA,NA,NA,"tree","soft","NA_2013","NA_2013",NA,NA,95,-2,2,NA,NA,"tree"
6662,2014-03-31,"X38","0","0","FEW","GM","c.60 base just visible","",2014,"X38_2014","FEW",90,"X","X_2014",-0.842419903029165,73,0.0625568469379311,17,"J801",NA,"J801_NA",0,NA,-10,NA,-10,-0.931027934104549,-3.80041229975979,NA,"tree","soft","J801_2014","NA_2014",0,NA,95.25,-5.25,5.25,0,NA,"tree"
8601,2015-03-19,"X38","0","0","FEW","VL/NS","8-10 twigs","",2015,"X38_2015","FEW",78,"X","X_2015",-0.574787842683448,78,0.707164356689652,0,"J801","J1347","J801_J1347",0,0,-9,-9,-9,-0.716850546372139,-3.80041229975979,28.2342882249016,"tree","soft","J801_2015","J1347_2015",1,0,86.1428571428571,-8.14285714285714,8.14285714285714,1,0,"tree"
12849,2016-03-22,"X38","0","0","FEW","LvW","10, front,","",2016,"X38_2016","FEW",82,"X","X_2016",-0.307155782337731,75,0.32039985083862,7,"J801","J1347","J801_J1347",0,0,-8,-8,-8,-0.288495770907318,-3.80041229975979,28.2342882249016,"tree","soft","J801_2016","J1347_2016",2,1,84.2222222222222,-2.22222222222223,2.22222222222223,1,1,"tree"
16124,2017-03-22,"X38","0","0","FEW","NJ","Couple of large twigs. Mostly small sticks and a large chunk of fluff.","",2017,"X38_2017","FEW",81,"X","X_2017",-0.0395237219920131,81,1.09392886254068,0,"J801","J1347","J801_J1347",0,0,-7,-7,-7,0.139859004557503,-3.80041229975979,28.2342882249016,"tree","soft","J801_2017","J1347_2017",3,2,86.3,-5.3,5.3,1,1,"tree"
21047,2018-03-22,"X38","0","0","FEW","NAF","STRAWS","",2018,"X38_2018","FEW",81,"X","X_2018",0.228108338353704,76,0.449321352788964,5,"J2410","J1347","J2410_J1347",0,0,-6,-6,-6,-0.0743183831749076,10.7600880749984,28.2342882249016,"tree","soft","J2410_2018","J1347_2018",1,3,81.5714285714286,-0.571428571428569,0.571428571428569,1,1,"tree"
4335,2013-04-03,"X39","0","0","FEW","GM","c. 30 twigs","",2013,"X39_2013","FEW",93,"X","X_2013",-1.11005196337488,71,-0.195286156962757,22,NA,NA,"NA_NA",NA,NA,NA,NA,NA,NA,NA,NA,"tree","soft","NA_2013","NA_2013",NA,NA,95,-2,2,NA,NA,"tree"
8602,2015-03-19,"X39","0","0","FEW","VL/NS","10-15 twigs","",2015,"X39_2015","FEW",78,"X","X_2015",-0.574787842683448,78,0.707164356689652,0,NA,NA,"NA_NA",NA,NA,NA,NA,NA,NA,NA,NA,"tree","soft","NA_2015","NA_2015",NA,NA,86.1428571428571,-8.14285714285714,8.14285714285714,NA,NA,"tree"
12848,2016-03-22,"X39","0","0","FEW","LvW","10, front","",2016,"X39_2016","FEW",82,"X","X_2016",-0.307155782337731,75,0.32039985083862,7,"J1361","J1353","J1361_J1353",0,0,-8,-8,-8,-0.716850546372139,-2.35521140034029,15.5415891992726,"tree","soft","J1361_2016","J1353_2016",1,1,84.2222222222222,-2.22222222222223,2.22222222222223,1,1,"tree"
16125,2017-03-22,"X39","0","0","FEW","NJ","5-10 large twigs","",2017,"X39_2017","FEW",81,"X","X_2017",-0.0395237219920131,81,1.09392886254068,0,"J2373","J2411","J2373_J2411",0,0,-7,-7,-7,-0.931027934104549,24.9301866509175,-2.44881259956624,"tree","soft","J2373_2017","J2411_2017",0,0,86.3,-5.3,5.3,0,0,"tree"
21131,2018-03-29,"X39","0","0","FEW","NAF","","",2018,"X39_2018","FEW",88,"X","X_2018",0.228108338353704,76,0.449321352788964,12,"J2950","J2411","J2950_J2411",0,0,-6,-6,-6,-0.716850546372139,19.1769872505305,-2.44881259956624,"tree","soft","J2950_2018","J2411_2018",0,1,81.5714285714286,6.42857142857143,6.42857142857143,0,1,"tree"
4336,2013-04-03,"X40","0","0","FEW","GM","<30 twigs","",2013,"X40_2013","FEW",93,"X","X_2013",-1.11005196337488,71,-0.195286156962757,22,NA,NA,"NA_NA",NA,NA,NA,NA,NA,NA,NA,NA,"tree","soft","NA_2013","NA_2013",NA,NA,95,-2,2,NA,NA,"tree"
6664,2014-03-31,"X40","0","0","FEW","GM","c.30","",2014,"X40_2014","FEW",90,"X","X_2014",-0.842419903029165,73,0.0625568469379311,17,"J807",NA,"J807_NA",0,NA,-10,NA,-10,-0.931027934104549,-5.02141304927603,NA,"tree","soft","J807_2014","NA_2014",0,NA,95.25,-5.25,5.25,0,NA,"tree"
8847,2015-04-05,"X40","0","0","FEW","ALG","","",2015,"X40_2015","FEW",95,"X","X_2015",-0.574787842683448,78,0.707164356689652,17,NA,NA,"NA_NA",NA,NA,NA,NA,NA,NA,NA,NA,"tree","soft","NA_2015","NA_2015",NA,NA,86.1428571428571,8.85714285714286,8.85714285714286,NA,NA,"tree"
6826,2014-04-10,"X43","0","0","FEW","GM","c.10","",2014,"X43_2014","FEW",100,"X","X_2014",-0.842419903029165,73,0.0625568469379311,27,NA,NA,"NA_NA",NA,NA,NA,NA,NA,NA,NA,NA,"tree","soft","NA_2014","NA_2014",NA,NA,95.25,4.75,4.75,NA,NA,"tree"
6827,2014-04-10,"X44","0","0","FEW","GM","c.30","",2014,"X44_2014","FEW",100,"X","X_2014",-0.842419903029165,73,0.0625568469379311,27,NA,NA,"NA_NA",NA,NA,NA,NA,NA,NA,NA,NA,"tree","soft","NA_2014","NA_2014",NA,NA,95.25,4.75,4.75,NA,NA,"tree"
6669,2014-04-03,"X45","0","0","FEW","AC","c.15","",2014,"X45_2014","FEW",93,"X","X_2014",-0.842419903029165,73,0.0625568469379311,20,NA,NA,"NA_NA",NA,NA,NA,NA,NA,NA,NA,NA,"tree","soft","NA_2014","NA_2014",NA,NA,95.25,-2.25,2.25,NA,NA,"tree"
16137,2017-03-27,"X48","0","0","FEW","VL","No twigs but quite a bit of straw and grass, bit of plastic - more than last week","",2017,"X48_2017","FEW",86,"X","X_2017",-0.0395237219920131,81,1.09392886254068,5,NA,NA,"NA_NA",NA,NA,NA,NA,NA,NA,NA,NA,"tree","soft","NA_2017","NA_2017",NA,NA,86.3,-0.299999999999997,0.299999999999997,NA,NA,"tree"
4437,2013-04-12,"Y01","0","0","FEW","GM","All grass, base just visible","",2013,"Y01_2013","FEW",102,"Y","Y_2013",-1.11005196337488,72,-0.0663646550124131,30,NA,"J22","NA_J22",NA,0,NA,-11,-11,-0.931027934104549,NA,28.049489124321,"tree","soft","NA_2013","J22_2013",NA,0,93.8571428571429,8.14285714285714,8.14285714285714,NA,0,"tree"
6337,2014-03-12,"Y01","0","0","FEW","AC","c.10 AC ALEX ""GARY"" CONES","",2014,"Y01_2014","FEW",71,"Y","Y_2014",-0.842419903029165,71,-0.195286156962757,0,"J23",NA,"J23_NA",0,NA,-10,NA,-10,-0.931027934104549,-18.5568111005338,NA,"tree","soft","J23_2014","NA_2014",0,NA,81.9,-10.9,10.9,0,NA,"tree"
8612,2015-03-18,"Y01","0","0","FEW","GM","<30 twigs, grass & paper","",2015,"Y01_2015","FEW",77,"Y","Y_2015",-0.574787842683448,77,0.578242854739308,0,"J1328","J1344","J1328_J1344",0,0,-9,-9,-9,-0.931027934104549,13.8792844773205,31.2664868757724,"tree","soft","J1328_2015","J1344_2015",0,0,87.2173913043478,-10.2173913043478,10.2173913043478,0,0,"tree"
12954,2016-03-30,"Y01","0","0","FEW","LvW","twigs make a ring, but base is stll visible","",2016,"Y01_2016","FEW",90,"Y","Y_2016",-0.307155782337731,74,0.191478348888275,16,"J1328","J1344","J1328_J1344",0,0,-8,-8,-8,-0.502673158639728,13.8792844773205,31.2664868757724,"tree","soft","J1328_2016","J1344_2016",1,1,83.4444444444444,6.55555555555556,6.55555555555556,1,1,"tree"
16148,2017-03-27,"Y01","0","0","FEW","NR","","",2017,"Y01_2017","FEW",86,"Y","Y_2017",-0.0395237219920131,74,0.191478348888275,12,"J1328","J1344","J1328_J1344",0,0,-7,-7,-7,-0.0743183831749076,13.8792844773205,31.2664868757724,"tree","soft","J1328_2017","J1344_2017",2,2,81.6538461538462,4.34615384615384,4.34615384615384,1,1,"tree"
20955,2018-03-16,"Y01","0","0","FEW","VL","","",2018,"Y01_2018","FEW",75,"Y","Y_2018",0.228108338353704,75,0.32039985083862,0,"J1328","J1344","J1328_J1344",0,0,-6,-6,-6,0.354036392289913,13.8792844773205,31.2664868757724,"tree","soft","J1328_2018","J1344_2018",3,3,83.25,-8.25,8.25,1,1,"tree"
4438,2013-04-12,"Y02","0","0","FEW","GM","c.20 in ring. No grass","",2013,"Y02_2013","FEW",102,"Y","Y_2013",-1.11005196337488,72,-0.0663646550124131,30,NA,NA,"NA_NA",NA,NA,NA,NA,NA,NA,NA,NA,"tree","soft","NA_2013","NA_2013",NA,NA,93.8571428571429,8.14285714285714,8.14285714285714,NA,NA,"tree"
6545,2014-03-27,"Y02","0","0","FEW","AC","10","",2014,"Y02_2014","FEW",86,"Y","Y_2014",-0.842419903029165,71,-0.195286156962757,15,NA,NA,"NA_NA",NA,NA,NA,NA,NA,NA,NA,NA,"tree","soft","NA_2014","NA_2014",NA,NA,81.9,4.09999999999999,4.09999999999999,NA,NA,"tree"
8750,2015-03-31,"Y02","0","0","FEW","COO","<20 twigs","",2015,"Y02_2015","FEW",90,"Y","Y_2015",-0.574787842683448,77,0.578242854739308,13,NA,NA,"NA_NA",NA,NA,NA,NA,NA,NA,NA,NA,"tree","soft","NA_2015","NA_2015",NA,NA,87.2173913043478,2.78260869565217,2.78260869565217,NA,NA,"tree"
12911,2016-03-23,"Y02","0","0","FEW","LvW","10, detritus","",2016,"Y02_2016","FEW",83,"Y","Y_2016",-0.307155782337731,74,0.191478348888275,9,"J1366","J1890","J1366_J1890",0,0,-8,-8,-8,-0.716850546372139,13.758420159138,19.209322332735,"tree","soft","J1366_2016","J1890_2016",0,0,83.4444444444444,-0.444444444444443,0.444444444444443,0,0,"tree"
16149,2017-03-27,"Y02","0","0","FEW","NR","","",2017,"Y02_2017","FEW",86,"Y","Y_2017",-0.0395237219920131,74,0.191478348888275,12,"J1366","J1890","J1366_J1890",0,0,-7,-7,-7,-0.288495770907318,13.758420159138,19.209322332735,"tree","soft","J1366_2017","J1890_2017",1,1,81.6538461538462,4.34615384615384,4.34615384615384,1,1,"tree"
21133,2018-03-30,"Y02","0","0","FEW","NAF","","",2018,"Y02_2018","FEW",89,"Y","Y_2018",0.228108338353704,75,0.32039985083862,14,"J1366","J1890","J1366_J1890",0,0,-6,-6,-6,0.139859004557503,13.758420159138,19.209322332735,"tree","soft","J1366_2018","J1890_2018",2,2,83.25,5.75,5.75,1,1,"tree"
4410,2013-04-09,"Y03","0","0","FEW","GM","c. 10 twigs. Some grass","",2013,"Y03_2013","FEW",99,"Y","Y_2013",-1.11005196337488,72,-0.0663646550124131,27,"J246",NA,"J246_NA",0,NA,-11,NA,-11,-0.931027934104549,-10.8399119250017,NA,"tree","soft","J246_2013","NA_2013",0,NA,93.8571428571429,5.14285714285714,5.14285714285714,0,NA,"tree"
6482,2014-03-21,"Y03","0","0","FEW","MK","c.10","",2014,"Y03_2014","FEW",80,"Y","Y_2014",-0.842419903029165,71,-0.195286156962757,9,NA,"J443","NA_J443",NA,0,NA,-10,-10,-1.35938270956937,NA,NA,"tree","soft","NA_2014","J443_2014",NA,0,81.9,-1.90000000000001,1.90000000000001,NA,0,"tree"
8751,2015-03-31,"Y03","0","0","FEW","COO",">30 pushed to front","",2015,"Y03_2015","FEW",90,"Y","Y_2015",-0.574787842683448,77,0.578242854739308,13,NA,NA,"NA_NA",NA,NA,NA,NA,NA,NA,NA,NA,"tree","soft","NA_2015","NA_2015",NA,NA,87.2173913043478,2.78260869565217,2.78260869565217,NA,NA,"tree"
12912,2016-03-23,"Y03","0","0","FEW","LvW","<10, detritus","",2016,"Y03_2016","FEW",83,"Y","Y_2016",-0.307155782337731,74,0.191478348888275,9,"J246","J443","J246_J443",0,0,-8,-8,-8,-0.0743183831749076,-10.8399119250017,NA,"tree","soft","J246_2016","J443_2016",3,1,83.4444444444444,-0.444444444444443,0.444444444444443,1,1,"tree"
16150,2017-03-27,"Y03","0","0","FEW","NR","Big twigs","",2017,"Y03_2017","FEW",86,"Y","Y_2017",-0.0395237219920131,74,0.191478348888275,12,"J896","J2391","J896_J2391",0,0,-7,-7,-7,-0.716850546372139,6.11975449182626,24.6630549665199,"tree","soft","J896_2017","J2391_2017",0,0,81.6538461538462,4.34615384615384,4.34615384615384,0,0,"tree"
21134,2018-03-30,"Y03","0","0","FEW","NAF","","",2018,"Y03_2018","FEW",89,"Y","Y_2018",0.228108338353704,75,0.32039985083862,14,"J896","J2391","J896_J2391",0,0,-6,-6,-6,-0.288495770907318,6.11975449182626,24.6630549665199,"tree","soft","J896_2018","J2391_2018",1,1,83.25,5.75,5.75,1,1,"tree"
4056,2013-03-19,"Y04","0","0","FEW","GM","6 twigs","",2013,"Y04_2013","FEW",78,"Y","Y_2013",-1.11005196337488,72,-0.0663646550124131,6,NA,NA,"NA_NA",NA,NA,NA,NA,NA,NA,NA,NA,"tree","soft","NA_2013","NA_2013",NA,NA,93.8571428571429,-15.8571428571429,15.8571428571429,NA,NA,"tree"
8752,2015-03-31,"Y04","0","0","FEW","COO","<20 twigs pushed to front","",2015,"Y04_2015","FEW",90,"Y","Y_2015",-0.574787842683448,77,0.578242854739308,13,"J246","J1348","J246_J1348",0,0,-9,-9,-9,-0.502673158639728,-10.8399119250017,29.8326885247081,"tree","soft","J246_2015","J1348_2015",2,0,87.2173913043478,2.78260869565217,2.78260869565217,1,0,"tree"
12913,2016-03-23,"Y04","0","0","FEW","LvW","<10, front. Detritus","",2016,"Y04_2016","FEW",83,"Y","Y_2016",-0.307155782337731,74,0.191478348888275,9,"J892",NA,"J892_NA",0,NA,-8,NA,-8,-0.0743183831749076,24.1756200592025,NA,"tree","soft","J892_2016","NA_2016",0,NA,83.4444444444444,-0.444444444444443,0.444444444444443,0,NA,"tree"
16039,2017-03-21,"Y04","0","0","FEW","NR","Smaller twigs scattered but ring forming","",2017,"Y04_2017","FEW",80,"Y","Y_2017",-0.0395237219920131,74,0.191478348888275,6,"J892",NA,"J892_NA",0,NA,-7,NA,-7,0.354036392289913,24.1756200592025,NA,"tree","soft","J892_2017","NA_2017",1,NA,81.6538461538462,-1.65384615384616,1.65384615384616,1,NA,"tree"
28275,2021-03-04,"Y04","0","0","FEW","JJ","","",2021,"Y04_2021","FEW",63,"Y","Y_2021",1.03100451939086,63,-1.22665817256551,0,"J2994","J3749","J2994_J3749",0,0,-3,-3,-3,-0.0743183831749076,-0.979527804676287,13.6778894241275,"tree","soft","J2994_2021","J3749_2021",2,1,66.3333333333333,-3.33333333333333,3.33333333333333,1,1,"tree"
4412,2013-04-09,"Y05","0","0","FEW","GM","c. 30 twigs piled at the front","",2013,"Y05_2013","FEW",99,"Y","Y_2013",-1.11005196337488,72,-0.0663646550124131,27,NA,NA,"NA_NA",NA,NA,NA,NA,NA,NA,NA,NA,"tree","soft","NA_2013","NA_2013",NA,NA,93.8571428571429,5.14285714285714,5.14285714285714,NA,NA,"tree"
6341,2014-03-12,"Y05","0","0","FEW","AC","c. 30 loose ring","",2014,"Y05_2014","FEW",71,"Y","Y_2014",-0.842419903029165,71,-0.195286156962757,0,"J795",NA,"J795_NA",0,NA,-10,NA,-10,-0.931027934104549,2.88428822490158,NA,"tree","soft","J795_2014","NA_2014",0,NA,81.9,-10.9,10.9,0,NA,"tree"
8784,2015-04-04,"Y05","0","0","FEW","ALG","","",2015,"Y05_2015","FEW",94,"Y","Y_2015",-0.574787842683448,77,0.578242854739308,17,"J1316",NA,"J1316_NA",0,NA,-9,NA,-9,-0.931027934104549,-14.7189111754855,NA,"tree","soft","J1316_2015","NA_2015",0,NA,87.2173913043478,6.78260869565217,6.78260869565217,0,NA,"tree"
12914,2016-03-23,"Y05","0","0","FEW","LvW","<30. detritus","",2016,"Y05_2016","FEW",83,"Y","Y_2016",-0.307155782337731,74,0.191478348888275,9,"J795","J1363","J795_J1363",0,0,-8,-8,-8,-0.288495770907318,2.88428822490158,19.9972222577834,"tree","soft","J795_2016","J1363_2016",1,0,83.4444444444444,-0.444444444444443,0.444444444444443,1,0,"tree"
16006,2017-03-15,"Y05","0","0","FEW","NR","8 twigs, base still visible","",2017,"Y05_2017","FEW",74,"Y","Y_2017",-0.0395237219920131,74,0.191478348888275,0,"J1315","J515","J1315_J515",0,0,-7,-7,-7,-0.0743183831749076,14.5454284797371,4.17788942412755,"tree","soft","J1315_2017","J515_2017",2,2,81.6538461538462,-7.65384615384616,7.65384615384616,1,1,"tree"
21136,2018-03-30,"Y05","0","0","FEW","NAF","","",2018,"Y05_2018","FEW",89,"Y","Y_2018",0.228108338353704,75,0.32039985083862,14,"J1315","J515","J1315_J515",0,0,-6,-6,-6,0.354036392289913,14.5454284797371,4.17788942412755,"tree","soft","J1315_2018","J515_2018",3,3,83.25,5.75,5.75,1,1,"tree"
28276,2021-03-04,"Y05","0","0","FEW","JJ","","",2021,"Y05_2021","FEW",63,"Y","Y_2021",1.03100451939086,63,-1.22665817256551,0,"J892","J3481","J892_J3481",0,0,-3,-3,-3,0.996568555487145,24.1756200592025,42.2689887495629,"tree","soft","J892_2021","J3481_2021",5,2,66.3333333333333,-3.33333333333333,3.33333333333333,1,1,"tree"
4213,2013-03-26,"Y06","0","0","FEW","GM","8 twigs","",2013,"Y06_2013","FEW",85,"Y","Y_2013",-1.11005196337488,72,-0.0663646550124131,13,NA,NA,"NA_NA",NA,NA,NA,NA,NA,NA,NA,NA,"tree","soft","NA_2013","NA_2013",NA,NA,93.8571428571429,-8.85714285714286,8.85714285714286,NA,NA,"tree"
6485,2014-03-21,"Y06","0","0","FEW","MK","<10","",2014,"Y06_2014","FEW",80,"Y","Y_2014",-0.842419903029165,71,-0.195286156962757,9,NA,NA,"NA_NA",NA,NA,NA,NA,NA,NA,NA,NA,"tree","soft","NA_2014","NA_2014",NA,NA,81.9,-1.90000000000001,1.90000000000001,NA,NA,"tree"
9165,2015-04-10,"Y06","0","0","FEW","GM","Twigs and grass","",2015,"Y06_2015","FEW",100,"Y","Y_2015",-0.574787842683448,77,0.578242854739308,23,"J1315","J515","J1315_J515",0,0,-9,-9,-9,-0.931027934104549,14.5454284797371,4.17788942412755,"tree","soft","J1315_2015","J515_2015",0,0,87.2173913043478,12.7826086956522,12.7826086956522,0,0,"tree"
12757,2016-03-14,"Y06","0","0","FEW","LvW","twigs piled in front, grass and leaves","",2016,"Y06_2016","FEW",74,"Y","Y_2016",-0.307155782337731,74,0.191478348888275,0,"J1315","J515","J1315_J515",0,0,-8,-8,-8,-0.502673158639728,14.5454284797371,4.17788942412755,"tree","soft","J1315_2016","J515_2016",1,1,83.4444444444444,-9.44444444444444,9.44444444444444,1,1,"tree"
16007,2017-03-15,"Y06","0","0","FEW","NR","","",2017,"Y06_2017","FEW",74,"Y","Y_2017",-0.0395237219920131,74,0.191478348888275,0,"J2403",NA,"J2403_NA",0,NA,-7,NA,-7,-0.931027934104549,20.6973625315991,NA,"tree","soft","J2403_2017","NA_2017",0,NA,81.6538461538462,-7.65384615384616,7.65384615384616,0,NA,"tree"
20960,2018-03-16,"Y06","0","0","FEW","VL","","",2018,"Y06_2018","FEW",75,"Y","Y_2018",0.228108338353704,75,0.32039985083862,0,NA,"J1492","NA_J1492",NA,0,NA,-6,-6,-0.502673158639728,NA,4.88490339932797,"tree","soft","NA_2018","J1492_2018",NA,0,83.25,-8.25,8.25,NA,0,"tree"
28277,2021-03-04,"Y06","0","0","FEW","JJ","","",2021,"Y06_2021","FEW",63,"Y","Y_2021",1.03100451939086,63,-1.22665817256551,0,NA,"J516","NA_J516",NA,0,NA,-3,-3,1.63910071868438,NA,16.085005928399,"tree","soft","NA_2021","J516_2021",NA,5,66.3333333333333,-3.33333333333333,3.33333333333333,NA,1,"tree"
4414,2013-04-09,"Y07","0","0","FEW","GM","<10 twigs","",2013,"Y07_2013","FEW",99,"Y","Y_2013",-1.11005196337488,72,-0.0663646550124131,27,"J250","J290","J250_J290",0,0,-11,-11,-11,-0.931027934104549,7.99318889946619,7.83112975391468,"tree","soft","J250_2013","J290_2013",0,0,93.8571428571429,5.14285714285714,5.14285714285714,0,0,"tree"
8755,2015-03-31,"Y07","0","0","FEW","COO",">50 twigs pushed to front","",2015,"Y07_2015","FEW",90,"Y","Y_2015",-0.574787842683448,77,0.578242854739308,13,"J250","J290","J250_J290",0,0,-9,-9,-9,-0.0743183831749076,7.99318889946619,7.83112975391468,"tree","soft","J250_2015","J290_2015",2,2,87.2173913043478,2.78260869565217,2.78260869565217,1,1,"tree"
12916,2016-03-23,"Y07","0","0","FEW","LvW","<30, front","",2016,"Y07_2016","FEW",83,"Y","Y_2016",-0.307155782337731,74,0.191478348888275,9,"J250","J290","J250_J290",0,0,-8,-8,-8,0.354036392289913,7.99318889946619,7.83112975391468,"tree","soft","J250_2016","J290_2016",3,3,83.4444444444444,-0.444444444444443,0.444444444444443,1,1,"tree"
16154,2017-03-27,"Y07","0","0","FEW","NR","big twigs starting ring shape at the front","",2017,"Y07_2017","FEW",86,"Y","Y_2017",-0.0395237219920131,74,0.191478348888275,12,"J250","J290","J250_J290",0,0,-7,-7,-7,0.782391167754734,7.99318889946619,7.83112975391468,"tree","soft","J250_2017","J290_2017",4,4,81.6538461538462,4.34615384615384,4.34615384615384,1,1,"tree"
4215,2013-03-26,"Y08","0","0","FEW","GM","10 twigs piled","",2013,"Y08_2013","FEW",85,"Y","Y_2013",-1.11005196337488,72,-0.0663646550124131,13,NA,NA,"NA_NA",NA,NA,NA,NA,NA,NA,NA,NA,"tree","soft","NA_2013","NA_2013",NA,NA,93.8571428571429,-8.85714285714286,8.85714285714286,NA,NA,"tree"
6741,2014-04-08,"Y08","0","0","FEW","GM","c.20","",2014,"Y08_2014","FEW",98,"Y","Y_2014",-0.842419903029165,71,-0.195286156962757,27,NA,NA,"NA_NA",NA,NA,NA,NA,NA,NA,NA,NA,"tree","soft","NA_2014","NA_2014",NA,NA,81.9,16.1,16.1,NA,NA,"tree"
8619,2015-03-18,"Y08","0","0","FEW","GM","<20 twigs","",2015,"Y08_2015","FEW",77,"Y","Y_2015",-0.574787842683448,77,0.578242854739308,0,"J1349",NA,"J1349_NA",0,NA,-9,NA,-9,-0.931027934104549,2.1095548416005,NA,"tree","soft","J1349_2015","NA_2015",0,NA,87.2173913043478,-10.2173913043478,10.2173913043478,0,NA,"tree"
12759,2016-03-14,"Y08","0","0","FEW","LvW","twigs piled in front, moss","",2016,"Y08_2016","FEW",74,"Y","Y_2016",-0.307155782337731,74,0.191478348888275,0,"J1349","J1896","J1349_J1896",0,0,-8,-8,-8,-0.716850546372139,2.1095548416005,6.63648937415977,"tree","soft","J1349_2016","J1896_2016",1,0,83.4444444444444,-9.44444444444444,9.44444444444444,1,0,"tree"
16034,2017-03-21,"Y08","0","0","FEW","NR","Ring shape, base still visible, other material","",2017,"Y08_2017","FEW",80,"Y","Y_2017",-0.0395237219920131,74,0.191478348888275,6,"J1349","J1896","J1349_J1896",0,0,-7,-7,-7,-0.288495770907318,2.1095548416005,6.63648937415977,"tree","soft","J1349_2017","J1896_2017",2,1,81.6538461538462,-1.65384615384616,1.65384615384616,1,1,"tree"
21139,2018-03-30,"Y08","0","0","FEW","NAF","MANY SOFT MATERIALS","",2018,"Y08_2018","FEW",89,"Y","Y_2018",0.228108338353704,75,0.32039985083862,14,"J1349","J1896","J1349_J1896",0,0,-6,-6,-6,0.139859004557503,2.1095548416005,6.63648937415977,"tree","soft","J1349_2018","J1896_2018",3,2,83.25,5.75,5.75,1,1,"tree"
4216,2013-03-26,"Y09","0","0","FEW","GM","7 twigs","",2013,"Y09_2013","FEW",85,"Y","Y_2013",-1.11005196337488,72,-0.0663646550124131,13,"J291","J263","J291_J263",0,0,-11,-11,-11,-0.931027934104549,-12.5584108007273,0.0593905484018677,"tree","soft","J291_2013","J263_2013",0,0,93.8571428571429,-8.85714285714286,8.85714285714286,0,0,"tree"
6345,2014-03-12,"Y09","0","0","FEW","AC","c.10","",2014,"Y09_2014","FEW",71,"Y","Y_2014",-0.842419903029165,71,-0.195286156962757,0,NA,"J314","NA_J314",NA,0,NA,-10,-10,-0.502673158639728,NA,-6.7313600137353,"tree","soft","NA_2014","J314_2014",NA,0,81.9,-10.9,10.9,NA,0,"tree"
8832,2015-04-05,"Y09","0","0","FEW","ALG","","",2015,"Y09_2015","FEW",95,"Y","Y_2015",-0.574787842683448,77,0.578242854739308,18,NA,"J314","NA_J314",NA,0,NA,-9,-9,-0.0743183831749076,NA,-6.7313600137353,"tree","soft","NA_2015","J314_2015",NA,1,87.2173913043478,7.78260869565217,7.78260869565217,NA,1,"tree"
13180,2016-04-08,"Y09","0","0","FEW","JC","bare bottom. No cup","",2016,"Y09_2016","FEW",99,"Y","Y_2016",-0.307155782337731,74,0.191478348888275,25,"J1372","J314","J1372_J314",0,0,-8,-8,-8,-0.502673158639728,NA,-6.7313600137353,"tree","soft","J1372_2016","J314_2016",0,2,83.4444444444444,15.5555555555556,15.5555555555556,0,1,"tree"
16033,2017-03-21,"Y09","0","0","FEW","NR","No shape, no big twigs, very fine twigs","",2017,"Y09_2017","FEW",80,"Y","Y_2017",-0.0395237219920131,74,0.191478348888275,6,"J2393","J314","J2393_J314",0,0,-7,-7,-7,-0.0743183831749076,14.1422867258691,-6.7313600137353,"tree","soft","J2393_2017","J314_2017",0,3,81.6538461538462,-1.65384615384616,1.65384615384616,0,1,"tree"
4062,2013-03-19,"Y10","0","0","FEW","GM","10 twigs","",2013,"Y10_2013","FEW",78,"Y","Y_2013",-1.11005196337488,72,-0.0663646550124131,6,"J264","J292","J264_J292",0,0,-11,-11,-11,-0.931027934104549,12.5970858264496,20.2109902485954,"tree","soft","J264_2013","J292_2013",0,0,93.8571428571429,-15.8571428571429,15.8571428571429,0,0,"tree"
6743,2014-04-08,"Y10","0","0","FEW","GM","c10","",2014,"Y10_2014","FEW",98,"Y","Y_2014",-0.842419903029165,71,-0.195286156962757,27,"J799","J292","J799_J292",0,0,-10,-10,-10,-0.716850546372139,12.6269872505305,20.2109902485954,"tree","soft","J799_2014","J292_2014",0,1,81.9,16.1,16.1,0,1,"tree"
8788,2015-04-04,"Y10","0","0","FEW","ALG","","",2015,"Y10_2015","FEW",94,"Y","Y_2015",-0.574787842683448,77,0.578242854739308,17,"J407","J1359","J407_J1359",0,0,-9,-9,-9,-0.931027934104549,6.70278710062725,14.5068886746113,"tree","soft","J407_2015","J1359_2015",0,0,87.2173913043478,6.78260869565217,6.78260869565217,0,0,"tree"
12963,2016-03-30,"Y10","0","0","FEW","LvW","<20, front","",2016,"Y10_2016","FEW",90,"Y","Y_2016",-0.307155782337731,74,0.191478348888275,16,"J407","J1359","J407_J1359",0,0,-8,-8,-8,-0.502673158639728,6.70278710062725,14.5068886746113,"tree","soft","J407_2016","J1359_2016",1,1,83.4444444444444,6.55555555555556,6.55555555555556,1,1,"tree"
16157,2017-03-27,"Y10","0","0","FEW","NR","Lots of big twigs, starting ring shape at the front","",2017,"Y10_2017","FEW",86,"Y","Y_2017",-0.0395237219920131,74,0.191478348888275,12,"J407","J1359","J407_J1359",0,0,-7,-7,-7,-0.0743183831749076,6.70278710062725,14.5068886746113,"tree","soft","J407_2017","J1359_2017",2,2,81.6538461538462,4.34615384615384,4.34615384615384,1,1,"tree"
4626,2013-04-19,"Y11","0","0","FEW","GM","<20 twigs","",2013,"Y11_2013","FEW",109,"Y","Y_2013",-1.11005196337488,72,-0.0663646550124131,37,NA,NA,"NA_NA",NA,NA,NA,NA,NA,NA,NA,NA,"tree","soft","NA_2013","NA_2013",NA,NA,93.8571428571429,15.1428571428571,15.1428571428571,NA,NA,"tree"
6347,2014-03-12,"Y11","0","0","FEW","AC","c.10","",2014,"Y11_2014","FEW",71,"Y","Y_2014",-0.842419903029165,71,-0.195286156962757,0,"J17","J20","J17_J20",0,0,-10,-10,-10,-0.931027934104549,-4.86063596936848,-3.22850937664653,"tree","soft","J17_2014","J20_2014",0,0,81.9,-10.9,10.9,0,0,"tree"
8759,2015-03-31,"Y11","0","0","FEW","COO","<30 Twigs pushed to front","",2015,"Y11_2015","FEW",90,"Y","Y_2015",-0.574787842683448,77,0.578242854739308,13,"J17","J20","J17_J20",0,0,-9,-9,-9,-0.502673158639728,-4.86063596936848,-3.22850937664653,"tree","soft","J17_2015","J20_2015",1,1,87.2173913043478,2.78260869565217,2.78260869565217,1,1,"tree"
12845,2016-03-16,"Y11","0","0","FEW","LvW/GM","<30, front","",2016,"Y11_2016","FEW",76,"Y","Y_2016",-0.307155782337731,74,0.191478348888275,2,"J17","J20","J17_J20",0,0,-8,-8,-8,-0.0743183831749076,-4.86063596936848,-3.22850937664653,"tree","soft","J17_2016","J20_2016",2,2,83.4444444444444,-7.44444444444444,7.44444444444444,1,1,"tree"
16042,2017-03-21,"Y11","0","0","FEW","NR","Ring shape, twigs and sticks","",2017,"Y11_2017","FEW",80,"Y","Y_2017",-0.0395237219920131,74,0.191478348888275,6,"J17","J20","J17_J20",0,0,-7,-7,-7,0.354036392289913,-4.86063596936848,-3.22850937664653,"tree","soft","J17_2017","J20_2017",3,3,81.6538461538462,-1.65384615384616,1.65384615384616,1,1,"tree"
21142,2018-03-30,"Y11","0","0","FEW","NAF","","",2018,"Y11_2018","FEW",89,"Y","Y_2018",0.228108338353704,75,0.32039985083862,14,"J510","J516","J510_J516",0,0,-6,-6,-6,0.354036392289913,7.8341859014013,16.085005928399,"tree","soft","J510_2018","J516_2018",3,3,83.25,5.75,5.75,1,1,"tree"
16272,2017-04-01,"Y12","0","0","FEW","VL","","",2017,"Y12_2017","FEW",91,"Y","Y_2017",-0.0395237219920131,74,0.191478348888275,17,"J1915","J1507","J1915_J1507",0,0,-7,-7,-7,-0.931027934104549,-7.00087731749076,3.49824068581317,"tree","soft","J1915_2017","J1507_2017",0,0,81.6538461538462,9.34615384615384,9.34615384615384,0,0,"tree"
21060,2018-03-25,"Y12","0","0","FEW","NAF","","",2018,"Y12_2018","FEW",84,"Y","Y_2018",0.228108338353704,75,0.32039985083862,9,"J2980","J2943","J2980_J2943",0,0,-6,-6,-6,-0.931027934104549,23.6979880000467,14.7180145178171,"tree","soft","J2980_2018","J2943_2018",0,0,83.25,0.75,0.75,0,0,"tree"
6349,2014-03-12,"Y13","0","0","FEW","AC","<20","",2014,"Y13_2014","FEW",71,"Y","Y_2014",-0.842419903029165,71,-0.195286156962757,0,NA,NA,"NA_NA",NA,NA,NA,NA,NA,NA,NA,NA,"tree","soft","NA_2014","NA_2014",NA,NA,81.9,-10.9,10.9,NA,NA,"tree"
4449,2013-04-12,"Y14","0","0","FEW","GM","<10 twigs and grass","",2013,"Y14_2013","FEW",102,"Y","Y_2013",-1.11005196337488,72,-0.0663646550124131,30,NA,NA,"NA_NA",NA,NA,NA,NA,NA,NA,NA,NA,"tree","soft","NA_2013","NA_2013",NA,NA,93.8571428571429,8.14285714285714,8.14285714285714,NA,NA,"tree"
6747,2014-04-08,"Y14","0","0","FEW","GM","c.50. very built up at front","",2014,"Y14_2014","FEW",98,"Y","Y_2014",-0.842419903029165,71,-0.195286156962757,27,"J242",NA,"J242_NA",0,NA,-10,NA,-10,-0.502673158639728,-0.79721289937275,NA,"tree","soft","J242_2014","NA_2014",0,NA,81.9,16.1,16.1,0,NA,"tree"
9379,2015-04-13,"Y14","0","0","FEW","GM","<10 twigs","",2015,"Y14_2015","FEW",103,"Y","Y_2015",-0.574787842683448,77,0.578242854739308,26,NA,NA,"NA_NA",NA,NA,NA,NA,NA,NA,NA,NA,"tree","soft","NA_2015","NA_2015",NA,NA,87.2173913043478,15.7826086956522,15.7826086956522,NA,NA,"tree"
12922,2016-03-23,"Y14","0","0","FEW","LvW","<10. detritus","",2016,"Y14_2016","FEW",83,"Y","Y_2016",-0.307155782337731,74,0.191478348888275,9,"J1891","J1365","J1891_J1365",0,0,-8,-8,-8,-0.716850546372139,2.21738904936943,1.51898874956292,"tree","soft","J1891_2016","J1365_2016",0,0,83.4444444444444,-0.444444444444443,0.444444444444443,0,0,"tree"
15998,2017-03-15,"Y14","0","0","FEW","JA","Few twigs at back, ring forming. Base still visible","",2017,"Y14_2017","FEW",74,"Y","Y_2017",-0.0395237219920131,74,0.191478348888275,0,"J1891","J1365","J1891_J1365",0,0,-7,-7,-7,-0.288495770907318,2.21738904936943,1.51898874956292,"tree","soft","J1891_2017","J1365_2017",1,1,81.6538461538462,-7.65384615384616,7.65384615384616,1,1,"tree"
4066,2013-03-20,"Y15","0","0","FEW","GM","7 twigs","",2013,"Y15_2013","FEW",79,"Y","Y_2013",-1.11005196337488,72,-0.0663646550124131,7,NA,NA,"NA_NA",NA,NA,NA,NA,NA,NA,NA,NA,"tree","soft","NA_2013","NA_2013",NA,NA,93.8571428571429,-14.8571428571429,14.8571428571429,NA,NA,"tree"
4067,2013-03-20,"Y16","0","0","FEW","GM",">12 twigs. Unarranged.","",2013,"Y16_2013","FEW",79,"Y","Y_2013",-1.11005196337488,72,-0.0663646550124131,7,NA,NA,"NA_NA",NA,NA,NA,NA,NA,NA,NA,NA,"tree","soft","NA_2013","NA_2013",NA,NA,93.8571428571429,-14.8571428571429,14.8571428571429,NA,NA,"tree"
6841,2014-04-11,"Y16","0","0","FEW","VB","Big ring","",2014,"Y16_2014","FEW",101,"Y","Y_2014",-0.842419903029165,71,-0.195286156962757,30,NA,NA,"NA_NA",NA,NA,NA,NA,NA,NA,NA,NA,"tree","soft","NA_2014","NA_2014",NA,NA,81.9,19.1,19.1,NA,NA,"tree"
15995,2017-03-15,"Y16","0","0","FEW","JA","Very small, thin twigs","",2017,"Y16_2017","FEW",74,"Y","Y_2017",-0.0395237219920131,74,0.191478348888275,0,"J1319","J416","J1319_J416",0,0,-7,-7,-7,0.354036392289913,7.02995414205201,17.8347393117001,"tree","soft","J1319_2017","J416_2017",2,3,81.6538461538462,-7.65384615384616,7.65384615384616,1,1,"tree"
21062,2018-03-25,"Y16","0","0","FEW","NAF","","",2018,"Y16_2018","FEW",84,"Y","Y_2018",0.228108338353704,75,0.32039985083862,9,"J1319","J416","J1319_J416",0,0,-6,-6,-6,0.782391167754734,7.02995414205201,17.8347393117001,"tree","soft","J1319_2018","J416_2018",3,4,83.25,0.75,0.75,1,1,"tree"
4423,2013-04-09,"Y17","0","0","FEW","GM","<10 twigs","",2013,"Y17_2013","FEW",99,"Y","Y_2013",-1.11005196337488,72,-0.0663646550124131,27,NA,NA,"NA_NA",NA,NA,NA,NA,NA,NA,NA,NA,"tree","soft","NA_2013","NA_2013",NA,NA,93.8571428571429,5.14285714285714,5.14285714285714,NA,NA,"tree"
6352,2014-03-12,"Y17","0","0","FEW","AC","c.20","",2014,"Y17_2014","FEW",71,"Y","Y_2014",-0.842419903029165,71,-0.195286156962757,0,NA,NA,"NA_NA",NA,NA,NA,NA,NA,NA,NA,NA,"tree","soft","NA_2014","NA_2014",NA,NA,81.9,-10.9,10.9,NA,NA,"tree"
8763,2015-03-31,"Y17","0","0","FEW","COO","<30 twigs front","",2015,"Y17_2015","FEW",90,"Y","Y_2015",-0.574787842683448,77,0.578242854739308,13,"J1320",NA,"J1320_NA",0,NA,-9,NA,-9,-0.931027934104549,23.5155847021753,NA,"tree","soft","J1320_2015","NA_2015",0,NA,87.2173913043478,2.78260869565217,2.78260869565217,0,NA,"tree"
12968,2016-03-30,"Y17","0","0","FEW","LvW","<20, front","",2016,"Y17_2016","FEW",90,"Y","Y_2016",-0.307155782337731,74,0.191478348888275,16,"J1320","J1895","J1320_J1895",0,0,-8,-8,-8,-0.716850546372139,23.5155847021753,29.4764540171327,"tree","soft","J1320_2016","J1895_2016",1,0,83.4444444444444,6.55555555555556,6.55555555555556,1,0,"tree"
16162,2017-03-27,"Y17","0","0","FEW","VL","Straw and hair","",2017,"Y17_2017","FEW",86,"Y","Y_2017",-0.0395237219920131,74,0.191478348888275,12,"J792","J1895","J792_J1895",0,0,-7,-7,-7,-0.0743183831749076,6.59771129489732,29.4764540171327,"tree","soft","J792_2017","J1895_2017",1,1,81.6538461538462,4.34615384615384,4.34615384615384,1,1,"tree"
21146,2018-03-30,"Y17","0","0","FEW","NAF","HALF RING","",2018,"Y17_2018","FEW",89,"Y","Y_2018",0.228108338353704,75,0.32039985083862,14,"J792","J1895","J792_J1895",0,0,-6,-6,-6,0.354036392289913,6.59771129489732,29.4764540171327,"tree","soft","J792_2018","J1895_2018",2,2,83.25,5.75,5.75,1,1,"tree"
4424,2013-04-09,"Y18","0","0","FEW","GM","c.30 twigs, plus grass. Messy","",2013,"Y18_2013","FEW",99,"Y","Y_2013",-1.11005196337488,72,-0.0663646550124131,27,"J245",NA,"J245_NA",0,NA,-11,NA,-11,-0.931027934104549,-10.6068111005338,NA,"tree","soft","J245_2013","NA_2013",0,NA,93.8571428571429,5.14285714285714,5.14285714285714,0,NA,"tree"
6353,2014-03-12,"Y18","0","0","FEW","AC","c.10","",2014,"Y18_2014","FEW",71,"Y","Y_2014",-0.842419903029165,71,-0.195286156962757,0,"J245",NA,"J245_NA",0,NA,-10,NA,-10,-0.502673158639728,-10.6068111005338,NA,"tree","soft","J245_2014","NA_2014",1,NA,81.9,-10.9,10.9,1,NA,"tree"
8627,2015-03-18,"Y18","0","0","FEW","GM","<10, few clods of earth","",2015,"Y18_2015","FEW",77,"Y","Y_2015",-0.574787842683448,77,0.578242854739308,0,"J245",NA,"J245_NA",0,NA,-9,NA,-9,-0.0743183831749076,-10.6068111005338,NA,"tree","soft","J245_2015","NA_2015",2,NA,87.2173913043478,-10.2173913043478,10.2173913043478,1,NA,"tree"
12925,2016-03-23,"Y18","0","0","FEW","LvW","<20, front","",2016,"Y18_2016","FEW",83,"Y","Y_2016",-0.307155782337731,74,0.191478348888275,9,"J245",NA,"J245_NA",0,NA,-8,NA,-8,0.354036392289913,-10.6068111005338,NA,"tree","soft","J245_2016","NA_2016",3,NA,83.4444444444444,-0.444444444444443,0.444444444444443,1,NA,"tree"
15997,2017-03-15,"Y18","0","0","FEW","JA","Lid off. Few twigs near entrance","",2017,"Y18_2017","FEW",74,"Y","Y_2017",-0.0395237219920131,74,0.191478348888275,0,"J2383","J1521","J2383_J1521",0,0,-7,-7,-7,-0.931027934104549,13.1764540171327,28.4796534175197,"tree","soft","J2383_2017","J1521_2017",0,0,81.6538461538462,-7.65384615384616,7.65384615384616,0,0,"tree"
28287,2021-03-04,"Y18","0","0","FEW","JJ","New sticks","",2021,"Y18_2021","FEW",63,"Y","Y_2021",1.03100451939086,63,-1.22665817256551,0,"J3698","J1521","J3698_J1521",0,0,-3,-3,-3,0.139859004557503,33.7792844773205,28.4796534175197,"tree","soft","J3698_2021","J1521_2021",1,4,66.3333333333333,-3.33333333333333,3.33333333333333,1,1,"tree"
4219,2013-03-26,"Y19","0","0","FEW","GM","c.30 twigs","",2013,"Y19_2013","FEW",85,"Y","Y_2013",-1.11005196337488,72,-0.0663646550124131,13,"J244",NA,"J244_NA",0,NA,-11,NA,-11,-0.931027934104549,-2.78581035101757,NA,"tree","soft","J244_2013","NA_2013",0,NA,93.8571428571429,-8.85714285714286,8.85714285714286,0,NA,"tree"
6354,2014-03-12,"Y19","0","0","FEW","AC","c.30","",2014,"Y19_2014","FEW",71,"Y","Y_2014",-0.842419903029165,71,-0.195286156962757,0,NA,"J416","NA_J416",NA,0,NA,-10,-10,-0.502673158639728,NA,17.8347393117001,"tree","soft","NA_2014","J416_2014",NA,0,81.9,-10.9,10.9,NA,0,"tree"
8796,2015-04-04,"Y19","0","0","FEW","ALG","","",2015,"Y19_2015","FEW",94,"Y","Y_2015",-0.574787842683448,77,0.578242854739308,17,NA,"J469","NA_J469",NA,0,NA,-9,-9,-0.0743183831749076,NA,19.7657893491759,"tree","soft","NA_2015","J469_2015",NA,0,87.2173913043478,6.78260869565217,6.78260869565217,NA,0,"tree"
12926,2016-03-23,"Y19","0","0","FEW","VL","grass","",2016,"Y19_2016","FEW",83,"Y","Y_2016",-0.307155782337731,74,0.191478348888275,9,"J1903","J469","J1903_J469",0,0,-8,-8,-8,-0.288495770907318,23.1917534924713,19.7657893491759,"tree","soft","J1903_2016","J469_2016",0,1,83.4444444444444,-0.444444444444443,0.444444444444443,0,1,"tree"
16164,2017-03-27,"Y19","0","0","FEW","VL","At front","",2017,"Y19_2017","FEW",86,"Y","Y_2017",-0.0395237219920131,74,0.191478348888275,12,"J1903","J469","J1903_J469",0,0,-7,-7,-7,0.139859004557503,23.1917534924713,19.7657893491759,"tree","soft","J1903_2017","J469_2017",1,2,81.6538461538462,4.34615384615384,4.34615384615384,1,1,"tree"
20971,2018-03-16,"Y19","0","0","FEW","ML","","",2018,"Y19_2018","FEW",75,"Y","Y_2018",0.228108338353704,75,0.32039985083862,0,"J1903","J469","J1903_J469",0,0,-6,-6,-6,0.568213780022324,23.1917534924713,19.7657893491759,"tree","soft","J1903_2018","J469_2018",2,3,83.25,-8.25,8.25,1,1,"tree"
28288,2021-03-04,"Y19","0","0","FEW","JJ","Some old sticks remain","",2021,"Y19_2021","FEW",63,"Y","Y_2021",1.03100451939086,63,-1.22665817256551,0,"J3987",NA,"J3987_NA",0,NA,-3,NA,-3,-0.502673158639728,15.7327881713647,NA,"tree","soft","J3987_2021","NA_2021",0,NA,66.3333333333333,-3.33333333333333,3.33333333333333,0,NA,"tree"
4455,2013-04-12,"Y20","0","0","FEW","GM","<20 twigs piled.","",2013,"Y20_2013","FEW",102,"Y","Y_2013",-1.11005196337488,72,-0.0663646550124131,30,NA,NA,"NA_NA",NA,NA,NA,NA,NA,NA,NA,NA,"tree","soft","NA_2013","NA_2013",NA,NA,93.8571428571429,8.14285714285714,8.14285714285714,NA,NA,"tree"
6355,2014-03-12,"Y20","0","0","FEW","AC","c.30","",2014,"Y20_2014","FEW",71,"Y","Y_2014",-0.842419903029165,71,-0.195286156962757,0,NA,NA,"NA_NA",NA,NA,NA,NA,NA,NA,NA,NA,"tree","soft","NA_2014","NA_2014",NA,NA,81.9,-10.9,10.9,NA,NA,"tree"
8629,2015-03-18,"Y20","0","0","FEW","VL/NS","Few, ring","",2015,"Y20_2015","FEW",77,"Y","Y_2015",-0.574787842683448,77,0.578242854739308,0,"J1323","J1340","J1323_J1340",0,0,-9,-9,-9,-0.931027934104549,9.08428822490158,17.909564930051,"tree","soft","J1323_2015","J1340_2015",0,0,87.2173913043478,-10.2173913043478,10.2173913043478,0,0,"tree"
12763,2016-03-14,"Y20","0","0","FEW","LvW","quite a lot of twigs, piled in front of box","",2016,"Y20_2016","FEW",74,"Y","Y_2016",-0.307155782337731,74,0.191478348888275,0,"J1323","J1340","J1323_J1340",0,0,-8,-8,-8,-0.502673158639728,9.08428822490158,17.909564930051,"tree","soft","J1323_2016","J1340_2016",1,1,83.4444444444444,-9.44444444444444,9.44444444444444,1,1,"tree"
16000,2017-03-15,"Y20","0","0","FEW","JA","No shape, scattered","",2017,"Y20_2017","FEW",74,"Y","Y_2017",-0.0395237219920131,74,0.191478348888275,0,"J1323","J1340","J1323_J1340",0,0,-7,-7,-7,-0.0743183831749076,9.08428822490158,17.909564930051,"tree","soft","J1323_2017","J1340_2017",2,2,81.6538461538462,-7.65384615384616,7.65384615384616,1,1,"tree"
28289,2021-03-04,"Y20","0","0","FEW","JJ","New sticks present","",2021,"Y20_2021","FEW",63,"Y","Y_2021",1.03100451939086,63,-1.22665817256551,0,"J1323","J1340","J1323_J1340",0,0,-3,-3,-3,1.63910071868438,9.08428822490158,17.909564930051,"tree","soft","J1323_2021","J1340_2021",6,6,66.3333333333333,-3.33333333333333,3.33333333333333,1,1,"tree"
4456,2013-04-12,"Y21","0","0","FEW","GM","Grass obscures base","",2013,"Y21_2013","FEW",102,"Y","Y_2013",-1.11005196337488,72,-0.0663646550124131,30,NA,NA,"NA_NA",NA,NA,NA,NA,NA,NA,NA,NA,"tree","soft","NA_2013","NA_2013",NA,NA,93.8571428571429,8.14285714285714,8.14285714285714,NA,NA,"tree"
6356,2014-03-12,"Y21","0","0","FEW","AC","c.30","",2014,"Y21_2014","FEW",71,"Y","Y_2014",-0.842419903029165,71,-0.195286156962757,0,"J244",NA,"J244_NA",0,NA,-10,NA,-10,-0.502673158639728,-2.78581035101757,NA,"tree","soft","J244_2014","NA_2014",1,NA,81.9,-10.9,10.9,1,NA,"tree"
13113,2016-04-05,"Y21","0","0","FEW","LvW","<10","",2016,"Y21_2016","FEW",96,"Y","Y_2016",-0.307155782337731,74,0.191478348888275,22,"J958",NA,"J958_NA",0,NA,-8,NA,-8,-0.0743183831749076,-4.13351312422764,NA,"tree","soft","J958_2016","NA_2016",0,NA,83.4444444444444,12.5555555555556,12.5555555555556,0,NA,"tree"
16001,2017-03-15,"Y21","0","0","FEW","JA","No shape, scattered","",2017,"Y21_2017","FEW",74,"Y","Y_2017",-0.0395237219920131,74,0.191478348888275,0,"J2409","J2402","J2409_J2402",0,0,-7,-7,-7,-0.931027934104549,24.0579096642958,14.0722904734502,"tree","soft","J2409_2017","J2402_2017",0,0,81.6538461538462,-7.65384615384616,7.65384615384616,0,0,"tree"
4457,2013-04-12,"Y22","0","0","FEW","GM","Grass and twig ring. Base visible","",2013,"Y22_2013","FEW",102,"Y","Y_2013",-1.11005196337488,72,-0.0663646550124131,30,"J33","J32","J33_J32",0,0,-11,-11,-11,-0.931027934104549,-1.61633724354606,13.21989092316,"tree","soft","J33_2013","J32_2013",0,0,93.8571428571429,8.14285714285714,8.14285714285714,0,0,"tree"
6500,2014-03-21,"Y22","0","0","FEW","MK","c.10","",2014,"Y22_2014","FEW",80,"Y","Y_2014",-0.842419903029165,71,-0.195286156962757,9,NA,NA,"NA_NA",NA,NA,NA,NA,NA,NA,NA,NA,"tree","soft","NA_2014","NA_2014",NA,NA,81.9,-1.90000000000001,1.90000000000001,NA,NA,"tree"
8631,2015-03-18,"Y22","0","0","FEW","VL/NS","15-20 in corners","",2015,"Y22_2015","FEW",77,"Y","Y_2015",-0.574787842683448,77,0.578242854739308,0,"J510","J516","J510_J516",0,0,-9,-9,-9,-0.931027934104549,7.8341859014013,16.085005928399,"tree","soft","J510_2015","J516_2015",0,0,87.2173913043478,-10.2173913043478,10.2173913043478,0,0,"tree"
12929,2016-03-23,"Y22","0","0","FEW","VL","8. some other material","",2016,"Y22_2016","FEW",83,"Y","Y_2016",-0.307155782337731,74,0.191478348888275,9,"J510","J516","J510_J516",0,0,-8,-8,-8,-0.502673158639728,7.8341859014013,16.085005928399,"tree","soft","J510_2016","J516_2016",1,1,83.4444444444444,-0.444444444444443,0.444444444444443,1,1,"tree"
16058,2017-03-21,"Y22","0","0","FEW","NR","Big twigs, base still visible. Starting to look like a ring","",2017,"Y22_2017","FEW",80,"Y","Y_2017",-0.0395237219920131,74,0.191478348888275,6,"J510","J516","J510_J516",0,0,-7,-7,-7,-0.0743183831749076,7.8341859014013,16.085005928399,"tree","soft","J510_2017","J516_2017",2,2,81.6538461538462,-1.65384615384616,1.65384615384616,1,1,"tree"
28291,2021-03-04,"Y22","0","0","FEW","JJ","Old sticks and tape remain","",2021,"Y22_2021","FEW",63,"Y","Y_2021",1.03100451939086,63,-1.22665817256551,0,"J1915","J1507","J1915_J1507",0,0,-3,-3,-3,0.782391167754734,-7.00087731749076,3.49824068581317,"tree","soft","J1915_2021","J1507_2021",4,4,66.3333333333333,-3.33333333333333,3.33333333333333,1,1,"tree"
4637,2013-04-19,"Y23","0","0","FEW","GM",">50 twigs. Large base visible","",2013,"Y23_2013","FEW",109,"Y","Y_2013",-1.11005196337488,72,-0.0663646550124131,37,NA,NA,"NA_NA",NA,NA,NA,NA,NA,NA,NA,NA,"tree","soft","NA_2013","NA_2013",NA,NA,93.8571428571429,15.1428571428571,15.1428571428571,NA,NA,"tree"
6565,2014-03-27,"Y23","0","0","FEW","AC","grass ring","",2014,"Y23_2014","FEW",86,"Y","Y_2014",-0.842419903029165,71,-0.195286156962757,15,"J793",NA,"J793_NA",0,NA,-10,NA,-10,-0.931027934104549,22.4297216331865,NA,"tree","soft","J793_2014","NA_2014",0,NA,81.9,4.09999999999999,4.09999999999999,0,NA,"tree"
8769,2015-03-31,"Y23","0","0","FEW","COO","Ring and fine cup","",2015,"Y23_2015","FEW",90,"Y","Y_2015",-0.574787842683448,77,0.578242854739308,13,"J1317",NA,"J1317_NA",0,NA,-9,NA,-9,-1.35938270956937,4.83873856218388,NA,"tree","soft","J1317_2015","NA_2015",0,NA,87.2173913043478,2.78260869565217,2.78260869565217,0,NA,"tree"
12766,2016-03-14,"Y23","0","0","FEW","LvW","6-7 twigs, moss and grass","",2016,"Y23_2016","FEW",74,"Y","Y_2016",-0.307155782337731,74,0.191478348888275,0,"J505","J1480","J505_J1480",0,0,-8,-8,-8,-0.502673158639728,10.2873132436395,-1.22967312271723,"tree","soft","J505_2016","J1480_2016",0,0,83.4444444444444,-9.44444444444444,9.44444444444444,0,0,"tree"
20975,2018-03-16,"Y23","0","0","FEW","VL","","",2018,"Y23_2018","FEW",75,"Y","Y_2018",0.228108338353704,75,0.32039985083862,0,"J505","J1480","J505_J1480",0,0,-6,-6,-6,0.354036392289913,10.2873132436395,-1.22967312271723,"tree","soft","J505_2018","J1480_2018",2,2,83.25,-8.25,8.25,1,1,"tree"
28292,2021-03-02,"Y23","0","0","FEW","GM","20 TWIGS OR SO - ALREADY BUILDING. JINGS","",2021,"Y23_2021","FEW",61,"Y","Y_2021",1.03100451939086,63,-1.22665817256551,-2,"J505","J1480","J505_J1480",0,0,-3,-3,-3,1.63910071868438,10.2873132436395,-1.22967312271723,"tree","soft","J505_2021","J1480_2021",5,5,66.3333333333333,-5.33333333333333,5.33333333333333,1,1,"tree"
4430,2013-04-09,"Y24","0","0","FEW","GM","c.10 twigs","",2013,"Y24_2013","FEW",99,"Y","Y_2013",-1.11005196337488,72,-0.0663646550124131,27,NA,NA,"NA_NA",NA,NA,NA,NA,NA,NA,NA,NA,"tree","soft","NA_2013","NA_2013",NA,NA,93.8571428571429,5.14285714285714,5.14285714285714,NA,NA,"tree"
6566,2014-03-27,"Y24","0","0","FEW","AC","cup","",2014,"Y24_2014","FEW",86,"Y","Y_2014",-0.842419903029165,71,-0.195286156962757,15,NA,NA,"NA_NA",NA,NA,NA,NA,NA,NA,NA,NA,"tree","soft","NA_2014","NA_2014",NA,NA,81.9,4.09999999999999,4.09999999999999,NA,NA,"tree"
4231,2013-03-27,"Y25","0","0","FEW","GM","c.30 twigs piled, start of a ring","",2013,"Y25_2013","FEW",86,"Y","Y_2013",-1.11005196337488,72,-0.0663646550124131,14,NA,NA,"NA_NA",NA,NA,NA,NA,NA,NA,NA,NA,"tree","soft","NA_2013","NA_2013",NA,NA,93.8571428571429,-7.85714285714286,7.85714285714286,NA,NA,"tree"
21071,2018-03-25,"Y25","0","0","FEW","NAF","","",2018,"Y25_2018","FEW",84,"Y","Y_2018",0.228108338353704,75,0.32039985083862,9,"J1893","J972","J1893_J972",0,0,-6,-6,-6,-0.0743183831749076,0.288437837651535,-2.286689010414,"tree","soft","J1893_2018","J972_2018",2,1,83.25,0.75,0.75,1,1,"tree"
4461,2013-04-12,"Y26","0","0","FEW","GM","c.10 twigs","",2013,"Y26_2013","FEW",102,"Y","Y_2013",-1.11005196337488,72,-0.0663646550124131,30,NA,NA,"NA_NA",NA,NA,NA,NA,NA,NA,NA,NA,"tree","soft","NA_2013","NA_2013",NA,NA,93.8571428571429,8.14285714285714,8.14285714285714,NA,NA,"tree"
6361,2014-03-12,"Y26","0","0","FEW","AC","c.10","",2014,"Y26_2014","FEW",71,"Y","Y_2014",-0.842419903029165,71,-0.195286156962757,0,NA,NA,"NA_NA",NA,NA,NA,NA,NA,NA,NA,NA,"tree","soft","NA_2014","NA_2014",NA,NA,81.9,-10.9,10.9,NA,NA,"tree"
8772,2015-03-31,"Y26","0","0","FEW","COO","<20 twigs and grass","",2015,"Y26_2015","FEW",90,"Y","Y_2015",-0.574787842683448,77,0.578242854739308,13,"J889",NA,"J889_NA",0,NA,-9,NA,-9,-0.931027934104549,0.132467160588539,NA,"tree","soft","J889_2015","NA_2015",0,NA,87.2173913043478,2.78260869565217,2.78260869565217,0,NA,"tree"
13164,2016-04-08,"Y26","0","0","FEW","JC","scattered twigs. No cup","",2016,"Y26_2016","FEW",99,"Y","Y_2016",-0.307155782337731,74,0.191478348888275,25,"J889","J1904","J889_J1904",0,0,-8,-8,-8,-0.716850546372139,0.132467160588539,1.64513736295793,"tree","soft","J889_2016","J1904_2016",1,0,83.4444444444444,15.5555555555556,15.5555555555556,1,0,"tree"
16171,2017-03-27,"Y26","0","0","FEW","NR","1 ball of straw, moss, little twigs","",2017,"Y26_2017","FEW",86,"Y","Y_2017",-0.0395237219920131,74,0.191478348888275,12,"J889","J1904","J889_J1904",0,0,-7,-7,-7,-0.288495770907318,0.132467160588539,1.64513736295793,"tree","soft","J889_2017","J1904_2017",2,1,81.6538461538462,4.34615384615384,4.34615384615384,1,1,"tree"
21072,2018-03-25,"Y26","0","0","FEW","NAF","STRAWS","",2018,"Y26_2018","FEW",84,"Y","Y_2018",0.228108338353704,75,0.32039985083862,9,"J2952","J2941","J2952_J2941",0,0,-6,-6,-6,-0.931027934104549,18.5509548915683,18.4101699337986,"tree","soft","J2952_2018","J2941_2018",0,0,83.25,0.75,0.75,0,0,"tree"
4014,2013-03-13,"Y27","0","0","FEW","RW","c.50 twigs in ring","",2013,"Y27_2013","FEW",72,"Y","Y_2013",-1.11005196337488,72,-0.0663646550124131,0,"J252",NA,"J252_NA",0,NA,-11,NA,-11,-0.931027934104549,0.538389798885645,NA,"tree","soft","J252_2013","NA_2013",0,NA,93.8571428571429,-21.8571428571429,21.8571428571429,0,NA,"tree"
6362,2014-03-12,"Y27","0","0","FEW","AC","Twigs, grass, and mud mess. RMYRZ and unmarked at box","",2014,"Y27_2014","FEW",71,"Y","Y_2014",-0.842419903029165,71,-0.195286156962757,0,"J252",NA,"J252_NA",0,NA,-10,NA,-10,-0.502673158639728,0.538389798885645,NA,"tree","soft","J252_2014","NA_2014",1,NA,81.9,-10.9,10.9,1,NA,"tree"
12934,2016-03-23,"Y27","0","0","FEW","VL","","",2016,"Y27_2016","FEW",83,"Y","Y_2016",-0.307155782337731,74,0.191478348888275,9,"J295","J446","J295_J446",0,0,-8,-8,-8,-0.0743183831749076,5.71868802503059,23.8250387870387,"tree","soft","J295_2016","J446_2016",2,2,83.4444444444444,-0.444444444444443,0.444444444444443,1,1,"tree"
21073,2018-03-25,"Y27","0","0","FEW","NAF","AT FRONT","",2018,"Y27_2018","FEW",84,"Y","Y_2018",0.228108338353704,75,0.32039985083862,9,"J295","J446","J295_J446",0,0,-6,-6,-6,0.782391167754734,5.71868802503059,23.8250387870387,"tree","soft","J295_2018","J446_2018",4,4,83.25,0.75,0.75,1,1,"tree"
4234,2013-03-27,"Y28","0","0","FEW","GM","","",2013,"Y28_2013","FEW",86,"Y","Y_2013",-1.11005196337488,72,-0.0663646550124131,14,"J247",NA,"J247_NA",0,NA,-11,NA,-11,-0.931027934104549,26.07218814995,NA,"tree","soft","J247_2013","NA_2013",0,NA,93.8571428571429,-7.85714285714286,7.85714285714286,0,NA,"tree"
6506,2014-03-21,"Y28","0","0","FEW","MK","7 twigs and grass","",2014,"Y28_2014","FEW",80,"Y","Y_2014",-0.842419903029165,71,-0.195286156962757,9,"J247","J361","J247_J361",0,0,-10,-10,-10,-0.502673158639728,26.07218814995,10.8950893241921,"tree","soft","J247_2014","J361_2014",1,0,81.9,-1.90000000000001,1.90000000000001,1,0,"tree"
8774,2015-03-31,"Y28","0","0","FEW","COO","<20 twigs","",2015,"Y28_2015","FEW",90,"Y","Y_2015",-0.574787842683448,77,0.578242854739308,13,"J1350",NA,"J1350_NA",0,NA,-9,NA,-9,-0.931027934104549,15.6874876252886,NA,"tree","soft","J1350_2015","NA_2015",0,NA,87.2173913043478,2.78260869565217,2.78260869565217,0,NA,"tree"
12771,2016-03-14,"Y28","0","0","FEW","LvW","piled in front, bits of grass","",2016,"Y28_2016","FEW",74,"Y","Y_2016",-0.307155782337731,74,0.191478348888275,0,"J834",NA,"J834_NA",0,NA,-8,NA,-8,-0.0743183831749076,-14.0447110255822,NA,"tree","soft","J834_2016","NA_2016",2,NA,83.4444444444444,-9.44444444444444,9.44444444444444,1,NA,"tree"
4435,2013-04-09,"Y29","0","0","FEW","GM","c.30 twigs plus grass. Roof on ground and requiring repair. Repaired evening","",2013,"Y29_2013","FEW",99,"Y","Y_2013",-1.11005196337488,72,-0.0663646550124131,27,NA,NA,"NA_NA",NA,NA,NA,NA,NA,NA,NA,NA,"tree","soft","NA_2013","NA_2013",NA,NA,93.8571428571429,5.14285714285714,5.14285714285714,NA,NA,"tree"
6507,2014-03-21,"Y29","0","0","FEW","MK","c.20","",2014,"Y29_2014","FEW",80,"Y","Y_2014",-0.842419903029165,71,-0.195286156962757,9,"J804",NA,"J804_NA",0,NA,-10,NA,-10,-0.931027934104549,6.67538755033698,NA,"tree","soft","J804_2014","NA_2014",0,NA,81.9,-1.90000000000001,1.90000000000001,0,NA,"tree"
8638,2015-03-18,"Y29","0","0","FEW","VL/NS","15-20 in corners","",2015,"Y29_2015","FEW",77,"Y","Y_2015",-0.574787842683448,77,0.578242854739308,0,"J247","J361","J247_J361",0,0,-9,-9,-9,-0.0743183831749076,26.07218814995,10.8950893241921,"tree","soft","J247_2015","J361_2015",2,1,87.2173913043478,-10.2173913043478,10.2173913043478,1,1,"tree"
20981,2018-03-16,"Y29","0","0","FEW","VL","","",2018,"Y29_2018","FEW",75,"Y","Y_2018",0.228108338353704,75,0.32039985083862,0,"J295","J446","J295_J446",0,0,-6,-6,-6,0.782391167754734,5.71868802503059,23.8250387870387,"tree","soft","J295_2018","J446_2018",4,4,83.25,-8.25,8.25,1,1,"tree"
4541,2013-04-15,"Y30","0","0","FEW","GM","8 twigs","",2013,"Y30_2013","FEW",105,"Y","Y_2013",-1.11005196337488,72,-0.0663646550124131,33,NA,NA,"NA_NA",NA,NA,NA,NA,NA,NA,NA,NA,"tree","soft","NA_2013","NA_2013",NA,NA,93.8571428571429,11.1428571428571,11.1428571428571,NA,NA,"tree"
6508,2014-03-21,"Y30","0","0","FEW","MK","<40 in a big ring","",2014,"Y30_2014","FEW",80,"Y","Y_2014",-0.842419903029165,71,-0.195286156962757,9,"J834","J460","J834_J460",0,0,-10,-10,-10,-0.716850546372139,-14.0447110255822,23.0228856765464,"tree","soft","J834_2014","J460_2014",0,0,81.9,-1.90000000000001,1.90000000000001,0,0,"tree"
12939,2016-03-23,"Y30","0","0","FEW","LvW","<10. detritus","",2016,"Y30_2016","FEW",83,"Y","Y_2016",-0.307155782337731,74,0.191478348888275,9,"J1894","J601","J1894_J601",0,0,-8,-8,-8,-0.931027934104549,5.97413661344171,NA,"tree","soft","J1894_2016","J601_2016",0,0,83.4444444444444,-0.444444444444443,0.444444444444443,0,0,"tree"
16003,2017-03-15,"Y30","0","0","FEW","JA","Twigs and cow hair","",2017,"Y30_2017","FEW",74,"Y","Y_2017",-0.0395237219920131,74,0.191478348888275,0,"J2460","J625","J2460_J625",0,0,-7,-7,-7,-0.716850546372139,15.9574118195587,31.4571211834768,"tree","soft","J2460_2017","J625_2017",0,0,81.6538461538462,-7.65384615384616,7.65384615384616,0,0,"tree"
21076,2018-03-25,"Y30","0","0","FEW","NAF","","",2018,"Y30_2018","FEW",84,"Y","Y_2018",0.228108338353704,75,0.32039985083862,9,"J2460","J625","J2460_J625",0,0,-6,-6,-6,-0.288495770907318,15.9574118195587,31.4571211834768,"tree","soft","J2460_2018","J625_2018",1,1,83.25,0.75,0.75,1,1,"tree"
6763,2014-04-08,"Y31","0","0","FEW","GM","Mud grass & twigs","",2014,"Y31_2014","FEW",98,"Y","Y_2014",-0.842419903029165,71,-0.195286156962757,27,"J792",NA,"J792_NA",0,NA,-10,NA,-10,-0.931027934104549,6.59771129489732,NA,"tree","soft","J792_2014","NA_2014",0,NA,81.9,16.1,16.1,0,NA,"tree"
8640,2015-03-18,"Y31","0","0","FEW","VL/NS","20 big twigs","",2015,"Y31_2015","FEW",77,"Y","Y_2015",-0.574787842683448,77,0.578242854739308,0,"J804",NA,"J804_NA",0,NA,-9,NA,-9,-0.502673158639728,6.67538755033698,NA,"tree","soft","J804_2015","NA_2015",1,NA,87.2173913043478,-10.2173913043478,10.2173913043478,1,NA,"tree"
12774,2016-03-14,"Y31","0","0","FEW","LvW","piled in front","",2016,"Y31_2016","FEW",74,"Y","Y_2016",-0.307155782337731,74,0.191478348888275,0,"J16","J562","J16_J562",0,0,-8,-8,-8,-0.0743183831749076,10.8576606182989,-5.02781185005001,"tree","soft","J16_2016","J562_2016",1,1,83.4444444444444,-9.44444444444444,9.44444444444444,1,1,"tree"
16047,2017-03-21,"Y31","0","0","FEW","NR","Straw around the edge, no big twigs and base still visible.","",2017,"Y31_2017","FEW",80,"Y","Y_2017",-0.0395237219920131,74,0.191478348888275,6,"J16","J562","J16_J562",0,0,-7,-7,-7,0.354036392289913,10.8576606182989,-5.02781185005001,"tree","soft","J16_2017","J562_2017",2,2,81.6538461538462,-1.65384615384616,1.65384615384616,1,1,"tree"
21077,2018-03-25,"Y31","0","0","FEW","NAF","","",2018,"Y31_2018","FEW",84,"Y","Y_2018",0.228108338353704,75,0.32039985083862,9,"J2392","J1926","J2392_J1926",0,0,-6,-6,-6,-0.502673158639728,10.2371869007562,-5.40556016363855,"tree","soft","J2392_2018","J1926_2018",1,1,83.25,0.75,0.75,1,1,"tree"
6764,2014-04-08,"Y32","0","0","FEW","GM","Grass & twigs","",2014,"Y32_2014","FEW",98,"Y","Y_2014",-0.842419903029165,71,-0.195286156962757,27,NA,NA,"NA_NA",NA,NA,NA,NA,NA,NA,NA,NA,"tree","soft","NA_2014","NA_2014",NA,NA,81.9,16.1,16.1,NA,NA,"tree"
12983,2016-03-30,"Y32","0","0","FEW","LvW","<10, front","",2016,"Y32_2016","FEW",90,"Y","Y_2016",-0.307155782337731,74,0.191478348888275,16,"J1902","J679","J1902_J679",0,0,-8,-8,-8,-0.931027934104549,23.2131070406659,NA,"tree","soft","J1902_2016","J679_2016",0,0,83.4444444444444,6.55555555555556,6.55555555555556,0,0,"tree"
16177,2017-03-27,"Y32","0","0","FEW","NR","Ring shape, base still visible","",2017,"Y32_2017","FEW",86,"Y","Y_2017",-0.0395237219920131,74,0.191478348888275,12,"J1046","J1529","J1046_J1529",0,0,-7,-7,-7,-0.931027934104549,-7.74613634412661,14.8407552413425,"tree","soft","J1046_2017","J1529_2017",0,0,81.6538461538462,4.34615384615384,4.34615384615384,0,0,"tree"
6765,2014-04-08,"Y33","0","0","FEW","GM","Grass twigs & fur","",2014,"Y33_2014","FEW",98,"Y","Y_2014",-0.842419903029165,71,-0.195286156962757,27,NA,NA,"NA_NA",NA,NA,NA,NA,NA,NA,NA,NA,"tree","soft","NA_2014","NA_2014",NA,NA,81.9,16.1,16.1,NA,NA,"tree"
16291,2017-04-01,"Y33","0","0","FEW","VL","Not sure, camera's shifted","",2017,"Y33_2017","FEW",91,"Y","Y_2017",-0.0395237219920131,74,0.191478348888275,17,"J721","J1368","J721_J1368",0,0,-7,-7,-7,-0.502673158639728,7.06408732548212,19.8933470166944,"tree","soft","J721_2017","J1368_2017",1,1,81.6538461538462,9.34615384615384,9.34615384615384,1,1,"tree"
28406,2021-04-05,"Y33","0","0","FEW","GM","Grass arranged in a ring","",2021,"Y33_2021","FEW",95,"Y","Y_2021",1.03100451939086,63,-1.22665817256551,32,"J1902","J1368","J1902_J1368",0,0,-3,-3,-3,1.21074594321955,23.2131070406659,19.8933470166944,"tree","soft","J1902_2021","J1368_2021",2,5,66.3333333333333,28.6666666666667,28.6666666666667,1,1,"tree"
6512,2014-03-21,"Y34","0","0","FEW","MK","7 twigs","",2014,"Y34_2014","FEW",80,"Y","Y_2014",-0.842419903029165,71,-0.195286156962757,9,"J295","J446","J295_J446",0,0,-10,-10,-10,-0.931027934104549,5.71868802503059,23.8250387870387,"tree","soft","J295_2014","J446_2014",0,0,81.9,-1.90000000000001,1.90000000000001,0,0,"tree"
8643,2015-03-18,"Y34","0","0","FEW","VL/NS","10-15 twigs","",2015,"Y34_2015","FEW",77,"Y","Y_2015",-0.574787842683448,77,0.578242854739308,0,NA,NA,"NA_NA",NA,NA,NA,NA,NA,NA,NA,NA,"tree","soft","NA_2015","NA_2015",NA,NA,87.2173913043478,-10.2173913043478,10.2173913043478,NA,NA,"tree"
12941,2016-03-23,"Y34","0","0","FEW","VL","some other materials","",2016,"Y34_2016","FEW",83,"Y","Y_2016",-0.307155782337731,74,0.191478348888275,9,"J721","J1368","J721_J1368",0,0,-8,-8,-8,-0.931027934104549,7.06408732548212,19.8933470166944,"tree","soft","J721_2016","J1368_2016",0,0,83.4444444444444,-0.444444444444443,0.444444444444443,0,0,"tree"
16527,2017-04-05,"Y34","0","0","FEW","NR","No ring shape, straw spread everywhere","",2017,"Y34_2017","FEW",95,"Y","Y_2017",-0.0395237219920131,74,0.191478348888275,21,"J1317","J972","J1317_J972",0,0,-7,-7,-7,-0.502673158639728,4.83873856218388,-2.286689010414,"tree","soft","J1317_2017","J972_2017",1,0,81.6538461538462,13.3461538461538,13.3461538461538,1,0,"tree"
21080,2018-03-25,"Y34","0","0","FEW","NAF","","",2018,"Y34_2018","FEW",84,"Y","Y_2018",0.228108338353704,75,0.32039985083862,9,"J1317","J1602","J1317_J1602",0,0,-6,-6,-6,-0.502673158639728,4.83873856218388,28.1882735444529,"tree","soft","J1317_2018","J1602_2018",2,0,83.25,0.75,0.75,1,0,"tree"
6767,2014-04-08,"Y35","0","0","FEW","GM","c.10 twigs & grass","",2014,"Y35_2014","FEW",98,"Y","Y_2014",-0.842419903029165,71,-0.195286156962757,27,NA,NA,"NA_NA",NA,NA,NA,NA,NA,NA,NA,NA,"tree","soft","NA_2014","NA_2014",NA,NA,81.9,16.1,16.1,NA,NA,"tree"
12942,2016-03-23,"Y35","0","0","FEW","VL","some other material","",2016,"Y35_2016","FEW",83,"Y","Y_2016",-0.307155782337731,74,0.191478348888275,9,"J793","J1352","J793_J1352",0,0,-8,-8,-8,-0.288495770907318,22.4297216331865,16.7790569944301,"tree","soft","J793_2016","J1352_2016",2,1,83.4444444444444,-0.444444444444443,0.444444444444443,1,1,"tree"
21081,2018-03-25,"Y35","0","0","FEW","NAF","","",2018,"Y35_2018","FEW",84,"Y","Y_2018",0.228108338353704,75,0.32039985083862,9,"J793","J1352","J793_J1352",0,0,-6,-6,-6,0.568213780022324,22.4297216331865,16.7790569944301,"tree","soft","J793_2018","J1352_2018",4,3,83.25,0.75,0.75,1,1,"tree"
9594,2015-04-16,"Z01","0","0","FEW","GM","c.30 twigs piled to front","",2015,"Z01_2015","FEW",106,"Z","Z_2015",-0.574787842683448,78,0.707164356689652,28,NA,NA,"NA_NA",NA,NA,NA,NA,NA,NA,NA,NA,"tree","soft","NA_2015","NA_2015",NA,NA,87.4285714285714,18.5714285714286,18.5714285714286,NA,NA,"tree"
8646,2015-03-19,"Z02","0","0","FEW","GM","in a circle","",2015,"Z02_2015","FEW",78,"Z","Z_2015",-0.574787842683448,78,0.707164356689652,0,"J56","J1345","J56_J1345",0,0,-9,-9,-9,-0.931027934104549,6.6050122692684,28.5316220579124,"tree","soft","J56_2015","J1345_2015",0,0,87.4285714285714,-9.42857142857143,9.42857142857143,0,0,"tree"
12871,2016-03-23,"Z02","0","0","FEW","LvW","<20, front","",2016,"Z02_2016","FEW",83,"Z","Z_2016",-0.307155782337731,76,0.449321352788964,7,NA,"J267","NA_J267",NA,0,NA,-8,-8,0.354036392289913,NA,32.0778894241276,"tree","soft","NA_2016","J267_2016",NA,2,84.1071428571429,-1.10714285714286,1.10714285714286,NA,1,"tree"
16221,2017-04-01,"Z02","0","0","FEW","VL","","",2017,"Z02_2017","FEW",91,"Z","Z_2017",-0.0395237219920131,74,0.191478348888275,17,NA,"J267","NA_J267",NA,0,NA,-7,-7,0.782391167754734,NA,32.0778894241276,"tree","soft","NA_2017","J267_2017",NA,3,81.7894736842105,9.21052631578948,9.21052631578948,NA,1,"tree"
8889,2015-04-06,"Z03","0","0","FEW","ALG","","",2015,"Z03_2015","FEW",96,"Z","Z_2015",-0.574787842683448,78,0.707164356689652,18,"J795","J1363","J795_J1363",0,0,-9,-9,-9,-0.716850546372139,2.88428822490158,19.9972222577834,"tree","soft","J795_2015","J1363_2015",0,0,87.4285714285714,8.57142857142857,8.57142857142857,0,0,"tree"
12802,2016-03-16,"Z03","0","0","FEW","LvW/GM","<20, detritus, front","",2016,"Z03_2016","FEW",76,"Z","Z_2016",-0.307155782337731,76,0.449321352788964,0,"J939",NA,"J939_NA",0,NA,-8,NA,-8,-0.931027934104549,NA,NA,"tree","soft","J939_2016","NA_2016",0,NA,84.1071428571429,-8.10714285714286,8.10714285714286,0,NA,"tree"
15949,2017-03-15,"Z03","0","0","FEW","NR","Ring forming","",2017,"Z03_2017","FEW",74,"Z","Z_2017",-0.0395237219920131,74,0.191478348888275,0,"J939","J2395","J939_J2395",0,0,-7,-7,-7,-0.716850546372139,NA,16.3394562656813,"tree","soft","J939_2017","J2395_2017",1,0,81.7894736842105,-7.78947368421052,7.78947368421052,1,0,"tree"
20989,2018-03-16,"Z03","0","0","FEW","VL","","",2018,"Z03_2018","FEW",75,"Z","Z_2018",0.228108338353704,75,0.32039985083862,0,"J1154","J2395","J1154_J2395",0,0,-6,-6,-6,-0.502673158639728,-2.43991192500166,16.3394562656813,"tree","soft","J1154_2018","J2395_2018",0,1,83,-8,8,0,1,"tree"
4269,2013-04-02,"Z04","0","0","FEW","GM","7 twigs","",2013,"Z04_2013","FEW",92,"Z","Z_2013",-1.11005196337488,72,-0.0663646550124131,20,NA,NA,"NA_NA",NA,NA,NA,NA,NA,NA,NA,NA,"tree","soft","NA_2013","NA_2013",NA,NA,94.2692307692308,-2.26923076923077,2.26923076923077,NA,NA,"tree"
6376,2014-03-14,"Z04","0","0","FEW","AC","6 twigs","",2014,"Z04_2014","FEW",73,"Z","Z_2014",-0.842419903029165,73,0.0625568469379311,0,NA,NA,"NA_NA",NA,NA,NA,NA,NA,NA,NA,NA,"tree","soft","NA_2014","NA_2014",NA,NA,86.1851851851852,-13.1851851851852,13.1851851851852,NA,NA,"tree"
8687,2015-03-26,"Z04","0","0","FEW","GM","Twigs pressed into corners. PV. Lots of twigs beneath. Paul reports much activity at the box","",2015,"Z04_2015","FEW",85,"Z","Z_2015",-0.574787842683448,78,0.707164356689652,7,NA,NA,"NA_NA",NA,NA,NA,NA,NA,NA,NA,NA,"tree","soft","NA_2015","NA_2015",NA,NA,87.4285714285714,-2.42857142857143,2.42857142857143,NA,NA,"tree"
4484,2013-04-15,"Z05","0","0","FEW","GM","Mostly grass and fur","",2013,"Z05_2013","FEW",105,"Z","Z_2013",-1.11005196337488,72,-0.0663646550124131,33,NA,NA,"NA_NA",NA,NA,NA,NA,NA,NA,NA,NA,"tree","soft","NA_2013","NA_2013",NA,NA,94.2692307692308,10.7307692307692,10.7307692307692,NA,NA,"tree"
6377,2014-03-14,"Z05","0","0","FEW","AC","6 twigs","",2014,"Z05_2014","FEW",73,"Z","Z_2014",-0.842419903029165,73,0.0625568469379311,0,NA,NA,"NA_NA",NA,NA,NA,NA,NA,NA,NA,NA,"tree","soft","NA_2014","NA_2014",NA,NA,86.1851851851852,-13.1851851851852,13.1851851851852,NA,NA,"tree"
12987,2016-03-30,"Z05","0","0","FEW","LvW","<10, front","",2016,"Z05_2016","FEW",90,"Z","Z_2016",-0.307155782337731,76,0.449321352788964,14,"J1897","J225","J1897_J225",0,0,-8,-8,-8,-0.288495770907318,44.7479880000467,23.9180289294468,"tree","soft","J1897_2016","J225_2016",0,0,84.1071428571429,5.89285714285714,5.89285714285714,0,0,"tree"
15958,2017-03-15,"Z05","0","0","FEW","NR","Ring forming","",2017,"Z05_2017","FEW",74,"Z","Z_2017",-0.0395237219920131,74,0.191478348888275,0,"J41","J323","J41_J323",0,0,-7,-7,-7,0.568213780022324,17.7755270556563,7.97851489257518,"tree","soft","J41_2017","J323_2017",3,0,81.7894736842105,-7.78947368421052,7.78947368421052,1,0,"tree"
21084,2018-03-25,"Z05","0","0","FEW","NAF","","",2018,"Z05_2018","FEW",84,"Z","Z_2018",0.228108338353704,75,0.32039985083862,9,"J2951","J2966","J2951_J2966",0,0,-6,-6,-6,-0.931027934104549,21.2516384872322,44.1842882249016,"tree","soft","J2951_2018","J2966_2018",0,0,83,1,1,0,0,"tree"
4271,2013-04-02,"Z06","0","0","FEW","GM",">20 twigs and grass","",2013,"Z06_2013","FEW",92,"Z","Z_2013",-1.11005196337488,72,-0.0663646550124131,20,"J241","J271","J241_J271",0,0,-11,-11,-11,-0.931027934104549,1.30083863713551,5.00208957403076,"tree","soft","J241_2013","J271_2013",0,0,94.2692307692308,-2.26923076923077,2.26923076923077,0,0,"tree"
6442,2014-03-21,"Z06","0","0","FEW","MK","<10 + grass","",2014,"Z06_2014","FEW",80,"Z","Z_2014",-0.842419903029165,73,0.0625568469379311,7,"J241","J271","J241_J271",0,0,-10,-10,-10,-0.502673158639728,1.30083863713551,5.00208957403076,"tree","soft","J241_2014","J271_2014",1,1,86.1851851851852,-6.18518518518519,6.18518518518519,1,1,"tree"
8649,2015-03-19,"Z06","0","0","FEW","GM","~50, messy","",2015,"Z06_2015","FEW",78,"Z","Z_2015",-0.574787842683448,78,0.707164356689652,0,"J241","J271","J241_J271",0,0,-9,-9,-9,-0.0743183831749076,1.30083863713551,5.00208957403076,"tree","soft","J241_2015","J271_2015",2,2,87.4285714285714,-9.42857142857143,9.42857142857143,1,1,"tree"
12804,2016-03-16,"Z06","0","0","FEW","LvW/GM","<30, front","",2016,"Z06_2016","FEW",76,"Z","Z_2016",-0.307155782337731,76,0.449321352788964,0,"J241","J271","J241_J271",0,0,-8,-8,-8,0.354036392289913,1.30083863713551,5.00208957403076,"tree","soft","J241_2016","J271_2016",3,3,84.1071428571429,-8.10714285714286,8.10714285714286,1,1,"tree"
20991,2018-03-16,"Z06","0","0","FEW","ML","","",2018,"Z06_2018","FEW",75,"Z","Z_2018",0.228108338353704,75,0.32039985083862,0,"J41","J323","J41_J323",0,0,-6,-6,-6,0.996568555487145,17.7755270556563,7.97851489257518,"tree","soft","J41_2018","J323_2018",4,1,83,-8,8,1,1,"tree"
4381,2013-04-08,"Z07","0","0","FEW","GM","6 twigs plus grass","",2013,"Z07_2013","FEW",98,"Z","Z_2013",-1.11005196337488,72,-0.0663646550124131,26,NA,NA,"NA_NA",NA,NA,NA,NA,NA,NA,NA,NA,"tree","soft","NA_2013","NA_2013",NA,NA,94.2692307692308,3.73076923076923,3.73076923076923,NA,NA,"tree"
6379,2014-03-14,"Z07","0","0","FEW","AC",">50 twigs. base nearly obscured","",2014,"Z07_2014","FEW",73,"Z","Z_2014",-0.842419903029165,73,0.0625568469379311,0,"J41",NA,"J41_NA",0,NA,-10,NA,-10,-0.931027934104549,17.7755270556563,NA,"tree","soft","J41_2014","NA_2014",0,NA,86.1851851851852,-13.1851851851852,13.1851851851852,0,NA,"tree"
8650,2015-03-19,"Z07","0","0","FEW","GM","~50","",2015,"Z07_2015","FEW",78,"Z","Z_2015",-0.574787842683448,78,0.707164356689652,0,"J41","J1341","J41_J1341",0,0,-9,-9,-9,-0.716850546372139,17.7755270556563,11.9504898738373,"tree","soft","J41_2015","J1341_2015",1,0,87.4285714285714,-9.42857142857143,9.42857142857143,1,0,"tree"
12805,2016-03-16,"Z07","0","0","FEW","LvW/GM","<30, front","",2016,"Z07_2016","FEW",76,"Z","Z_2016",-0.307155782337731,76,0.449321352788964,0,"J41","J1341","J41_J1341",0,0,-8,-8,-8,-0.288495770907318,17.7755270556563,11.9504898738373,"tree","soft","J41_2016","J1341_2016",2,1,84.1071428571429,-8.10714285714286,8.10714285714286,1,1,"tree"
21086,2018-03-25,"Z07","0","0","FEW","NAF","","",2018,"Z07_2018","FEW",84,"Z","Z_2018",0.228108338353704,75,0.32039985083862,9,"J615","J618","J615_J618",0,0,-6,-6,-6,-0.0743183831749076,51.7422867258692,36.0173890493694,"tree","soft","J615_2018","J618_2018",1,1,83,1,1,1,1,"tree"
4775,2013-04-22,"Z08","0","0","FEW","GM","Small number of twigs","",2013,"Z08_2013","FEW",112,"Z","Z_2013",-1.11005196337488,72,-0.0663646550124131,40,NA,NA,"NA_NA",NA,NA,NA,NA,NA,NA,NA,NA,"tree","concrete","NA_2013","NA_2013",NA,NA,94.2692307692308,17.7307692307692,17.7307692307692,NA,NA,"tree"
8691,2015-03-26,"Z08","0","0","FEW","VL","10 to 15 twigs","",2015,"Z08_2015","FEW",85,"Z","Z_2015",-0.574787842683448,78,0.707164356689652,7,"J1312","J81","J1312_J81",0,0,-9,-9,-9,-0.502673158639728,22.3664868757724,NA,"tree","concrete","J1312_2015","J81_2015",0,1,87.4285714285714,-2.42857142857143,2.42857142857143,0,1,"tree"
12990,2016-03-30,"Z08","0","0","FEW","LvW","<20. detritus","",2016,"Z08_2016","FEW",90,"Z","Z_2016",-0.307155782337731,76,0.449321352788964,14,"J637","J1900","J637_J1900",0,0,-8,-8,-8,-0.931027934104549,-5.92336151276774,18.3268128688814,"tree","concrete","J637_2016","J1900_2016",0,0,84.1071428571429,5.89285714285714,5.89285714285714,0,0,"tree"
21170,2018-03-30,"Z08","0","0","FEW","NAF","AT THE BACK","",2018,"Z08_2018","FEW",89,"Z","Z_2018",0.228108338353704,75,0.32039985083862,14,"J637","J1900","J637_J1900",0,0,-6,-6,-6,-0.0743183831749076,-5.92336151276774,18.3268128688814,"tree","concrete","J637_2018","J1900_2018",2,2,83,6,6,1,1,"tree"
4383,2013-04-08,"Z09","0","0","FEW","GM","8 twigs","",2013,"Z09_2013","FEW",98,"Z","Z_2013",-1.11005196337488,72,-0.0663646550124131,26,NA,NA,"NA_NA",NA,NA,NA,NA,NA,NA,NA,NA,"wall","concrete","NA_2013","NA_2013",NA,NA,94.2692307692308,3.73076923076923,3.73076923076923,NA,NA,"building"
6381,2014-03-14,"Z09","0","0","FEW","AC","c.10","",2014,"Z09_2014","FEW",73,"Z","Z_2014",-0.842419903029165,73,0.0625568469379311,0,NA,NA,"NA_NA",NA,NA,NA,NA,NA,NA,NA,NA,"wall","concrete","NA_2014","NA_2014",NA,NA,86.1851851851852,-13.1851851851852,13.1851851851852,NA,NA,"building"
9834,2015-04-18,"Z09","0","0","FEW","ALG","","",2015,"Z09_2015","FEW",108,"Z","Z_2015",-0.574787842683448,78,0.707164356689652,30,NA,NA,"NA_NA",NA,NA,NA,NA,NA,NA,NA,NA,"wall","concrete","NA_2015","NA_2015",NA,NA,87.4285714285714,20.5714285714286,20.5714285714286,NA,NA,"building"
4654,2013-04-19,"Z10","0","0","FEW","GM","","",2013,"Z10_2013","FEW",109,"Z","Z_2013",-1.11005196337488,72,-0.0663646550124131,37,NA,NA,"NA_NA",NA,NA,NA,NA,NA,NA,NA,NA,"tree","soft","NA_2013","NA_2013",NA,NA,94.2692307692308,14.7307692307692,14.7307692307692,NA,NA,"tree"
6445,2014-03-21,"Z10","0","0","FEW","MK","c.20","",2014,"Z10_2014","FEW",80,"Z","Z_2014",-0.842419903029165,73,0.0625568469379311,7,NA,"J81","NA_J81",NA,0,NA,-10,-10,-0.502673158639728,NA,NA,"tree","soft","NA_2014","J81_2014",NA,0,86.1851851851852,-6.18518518518519,6.18518518518519,NA,0,"tree"
9261,2015-04-11,"Z10","0","0","FEW","ALG","","",2015,"Z10_2015","FEW",101,"Z","Z_2015",-0.574787842683448,78,0.707164356689652,23,NA,NA,"NA_NA",NA,NA,NA,NA,NA,NA,NA,NA,"tree","soft","NA_2015","NA_2015",NA,NA,87.4285714285714,13.5714285714286,13.5714285714286,NA,NA,"tree"
12807,2016-03-16,"Z10","0","0","FEW","LvW/GM","<20, front","",2016,"Z10_2016","FEW",76,"Z","Z_2016",-0.307155782337731,76,0.449321352788964,0,"J1369","J234","J1369_J234",0,0,-8,-8,-8,-0.0743183831749076,-9.03587856668446,8.66863998626469,"tree","soft","J1369_2016","J234_2016",0,1,84.1071428571429,-8.10714285714286,8.10714285714286,0,1,"tree"
16227,2017-04-01,"Z10","0","0","FEW","VL","Ring forming","",2017,"Z10_2017","FEW",91,"Z","Z_2017",-0.0395237219920131,74,0.191478348888275,17,"J42","J1351","J42_J1351",0,0,-7,-7,-7,0.139859004557503,-0.817498827805958,22.4488219579769,"tree","soft","J42_2017","J1351_2017",1,1,81.7894736842105,9.21052631578948,9.21052631578948,1,1,"tree"
21171,2018-03-30,"Z10","0","0","FEW","NAF","","",2018,"Z10_2018","FEW",89,"Z","Z_2018",0.228108338353704,75,0.32039985083862,14,"J42","J1351","J42_J1351",0,0,-6,-6,-6,0.568213780022324,-0.817498827805958,22.4488219579769,"tree","soft","J42_2018","J1351_2018",2,2,83,6,6,1,1,"tree"
4655,2013-04-19,"Z11","0","0","FEW","GM","","",2013,"Z11_2013","FEW",109,"Z","Z_2013",-1.11005196337488,72,-0.0663646550124131,37,"J146",NA,"J146_NA",0,NA,-11,NA,-11,-0.931027934104549,12.106587950079,NA,"wall","concrete","J146_2013","NA_2013",0,NA,94.2692307692308,14.7307692307692,14.7307692307692,0,NA,"building"
8049,2014-04-14,"Z11","0","0","FEW","VB","moss/fine","",2014,"Z11_2014","FEW",104,"Z","Z_2014",-0.842419903029165,73,0.0625568469379311,31,NA,NA,"NA_NA",NA,NA,NA,NA,NA,NA,NA,NA,"wall","concrete","NA_2014","NA_2014",NA,NA,86.1851851851852,17.8148148148148,17.8148148148148,NA,NA,"building"
8652,2015-03-19,"Z11","0","0","FEW","GM","<20","",2015,"Z11_2015","FEW",78,"Z","Z_2015",-0.574787842683448,78,0.707164356689652,0,"J1311","J258","J1311_J258",0,0,-9,-9,-9,-0.931027934104549,29.0205884497564,NA,"wall","concrete","J1311_2015","J258_2015",0,1,87.4285714285714,-9.42857142857143,9.42857142857143,0,1,"building"
12808,2016-03-16,"Z11","0","0","FEW","LvW/GM","<10, moss","",2016,"Z11_2016","FEW",76,"Z","Z_2016",-0.307155782337731,76,0.449321352788964,0,"J594","J595","J594_J595",0,0,-8,-8,-8,-0.931027934104549,NA,5.66959019862763,"wall","concrete","J594_2016","J595_2016",0,0,84.1071428571429,-8.10714285714286,8.10714285714286,0,0,"building"
4278,2013-04-02,"Z13","0","0","FEW","GM","6 twigs. Back of box beginning to seperate","",2013,"Z13_2013","FEW",92,"Z","Z_2013",-1.11005196337488,72,-0.0663646550124131,20,NA,NA,"NA_NA",NA,NA,NA,NA,NA,NA,NA,NA,"tree","soft","NA_2013","NA_2013",NA,NA,94.2692307692308,-2.26923076923077,2.26923076923077,NA,NA,"tree"
9200,2015-04-10,"Z13","0","0","FEW","GM","c.10 twigs","",2015,"Z13_2015","FEW",100,"Z","Z_2015",-0.574787842683448,78,0.707164356689652,22,NA,"J837","NA_J837",NA,0,NA,-9,-9,-0.931027934104549,NA,23.1159697838953,"tree","soft","NA_2015","J837_2015",NA,0,87.4285714285714,12.5714285714286,12.5714285714286,NA,0,"tree"
16103,2017-03-22,"Z13","0","0","FEW","VL","Big twigs and some moss near entrance","",2017,"Z13_2017","FEW",81,"Z","Z_2017",-0.0395237219920131,74,0.191478348888275,7,"J2375","J837","J2375_J837",0,0,-7,-7,-7,-0.502673158639728,11.8571211834768,23.1159697838953,"tree","soft","J2375_2017","J837_2017",0,2,81.7894736842105,-0.78947368421052,0.78947368421052,0,1,"tree"
4279,2013-04-02,"Z14","0","0","FEW","GM","7 twigs","",2013,"Z14_2013","FEW",92,"Z","Z_2013",-1.11005196337488,72,-0.0663646550124131,20,"J212","J144","J212_J144",0,0,-11,-11,-11,-1.14520532183696,-1.95646233723557,4.76544058587767,"barn","concrete","J212_2013","J144_2013",0,0,94.2692307692308,-2.26923076923077,2.26923076923077,0,0,"building"
6779,2014-04-10,"Z14","0","0","FEW","GM","c.10 with straw. Backup","",2014,"Z14_2014","FEW",100,"Z","Z_2014",-0.842419903029165,73,0.0625568469379311,27,"J212","J144","J212_J144",0,0,-10,-10,-10,-0.716850546372139,-1.95646233723557,4.76544058587767,"barn","concrete","J212_2014","J144_2014",1,1,86.1851851851852,13.8148148148148,13.8148148148148,1,1,"building"
8654,2015-03-19,"Z14","0","0","FEW","GM","20-30 twigs","",2015,"Z14_2015","FEW",78,"Z","Z_2015",-0.574787842683448,78,0.707164356689652,0,"J212","J144","J212_J144",0,0,-9,-9,-9,-0.288495770907318,-1.95646233723557,4.76544058587767,"barn","concrete","J212_2015","J144_2015",2,2,87.4285714285714,-9.42857142857143,9.42857142857143,1,1,"building"
12880,2016-03-23,"Z14","0","0","FEW","LvW","front","",2016,"Z14_2016","FEW",83,"Z","Z_2016",-0.307155782337731,76,0.449321352788964,7,"J212","J144","J212_J144",0,0,-8,-8,-8,0.139859004557503,-1.95646233723557,4.76544058587767,"barn","concrete","J212_2016","J144_2016",3,3,84.1071428571429,-1.10714285714286,1.10714285714286,1,1,"building"
4389,2013-04-08,"Z15","0","0","FEW","GM","No cup yet","",2013,"Z15_2013","FEW",98,"Z","Z_2013",-1.11005196337488,72,-0.0663646550124131,26,"J243","J145","J243_J145",0,0,-11,-11,-11,-0.931027934104549,23.4140873254821,19.4986324097589,"barn","concrete","J243_2013","J145_2013",0,0,94.2692307692308,3.73076923076923,3.73076923076923,0,0,"building"
6387,2014-03-14,"Z15","0","0","FEW","AC","A mess with no shape","",2014,"Z15_2014","FEW",73,"Z","Z_2014",-0.842419903029165,73,0.0625568469379311,0,"J243","J145","J243_J145",0,0,-10,-10,-10,-0.502673158639728,23.4140873254821,19.4986324097589,"barn","concrete","J243_2014","J145_2014",1,1,86.1851851851852,-13.1851851851852,13.1851851851852,1,1,"building"
8655,2015-03-19,"Z15","0","0","FEW","GM",">60 built high at front","",2015,"Z15_2015","FEW",78,"Z","Z_2015",-0.574787842683448,78,0.707164356689652,0,"J243","J145","J243_J145",0,0,-9,-9,-9,-0.0743183831749076,23.4140873254821,19.4986324097589,"barn","concrete","J243_2015","J145_2015",2,2,87.4285714285714,-9.42857142857143,9.42857142857143,1,1,"building"
12995,2016-03-30,"Z15","0","0","FEW","LvW","<20. lots of detritus and grass","",2016,"Z15_2016","FEW",90,"Z","Z_2016",-0.307155782337731,76,0.449321352788964,14,"J243","J145","J243_J145",0,0,-8,-8,-8,0.354036392289913,23.4140873254821,19.4986324097589,"barn","concrete","J243_2016","J145_2016",3,3,84.1071428571429,5.89285714285714,5.89285714285714,1,1,"building"
21092,2018-03-25,"Z15","0","0","FEW","NAF","","",2018,"Z15_2018","FEW",84,"Z","Z_2018",0.228108338353704,75,0.32039985083862,9,"J164","J831","J164_J831",0,0,-6,-6,-6,0.354036392289913,2.89638829985321,11.7530493941469,"barn","concrete","J164_2018","J831_2018",2,2,83,1,1,1,1,"building"
4495,2013-04-15,"Z16","0","0","FEW","GM","No cup","",2013,"Z16_2013","FEW",105,"Z","Z_2013",-1.11005196337488,72,-0.0663646550124131,33,NA,NA,"NA_NA",NA,NA,NA,NA,NA,NA,NA,NA,"barn","concrete","NA_2013","NA_2013",NA,NA,94.2692307692308,10.7307692307692,10.7307692307692,NA,NA,"building"
6450,2014-03-21,"Z16","0","0","FEW","MK","<20","",2014,"Z16_2014","FEW",80,"Z","Z_2014",-0.842419903029165,73,0.0625568469379311,7,NA,NA,"NA_NA",NA,NA,NA,NA,NA,NA,NA,NA,"barn","concrete","NA_2014","NA_2014",NA,NA,86.1851851851852,-6.18518518518519,6.18518518518519,NA,NA,"building"
12996,2016-03-30,"Z16","0","0","FEW","LvW","<20, front","",2016,"Z16_2016","FEW",90,"Z","Z_2016",-0.307155782337731,76,0.449321352788964,14,"J572","J257","J572_J257",0,0,-8,-8,-8,-0.502673158639728,9.10598650101426,36.2568886746113,"barn","concrete","J572_2016","J257_2016",1,1,84.1071428571429,5.89285714285714,5.89285714285714,1,1,"building"
16232,2017-04-01,"Z16","0","0","FEW","VL","","",2017,"Z16_2017","FEW",91,"Z","Z_2017",-0.0395237219920131,74,0.191478348888275,17,"J572","J257","J572_J257",0,0,-7,-7,-7,-0.0743183831749076,9.10598650101426,36.2568886746113,"barn","concrete","J572_2017","J257_2017",2,2,81.7894736842105,9.21052631578948,9.21052631578948,1,1,"building"
6389,2014-03-14,"Z17","0","0","FEW","AC","c.10 plus grass. new box reinstated in ventilation hole.","",2014,"Z17_2014","FEW",73,"Z","Z_2014",-0.842419903029165,73,0.0625568469379311,0,NA,NA,"NA_NA",NA,NA,NA,NA,NA,NA,NA,NA,"barn","concrete","NA_2014","NA_2014",NA,NA,86.1851851851852,-13.1851851851852,13.1851851851852,NA,NA,"building"
12997,2016-03-30,"Z17","0","0","FEW","LvW","<20","",2016,"Z17_2016","FEW",90,"Z","Z_2016",-0.307155782337731,76,0.449321352788964,14,"J164","J831","J164_J831",0,0,-8,-8,-8,-0.502673158639728,2.89638829985321,11.7530493941469,"barn","concrete","J164_2016","J831_2016",1,1,84.1071428571429,5.89285714285714,5.89285714285714,1,1,"building"
15964,2017-03-15,"Z17","0","0","FEW","NR","Ring form, beginning to cover bottom of box","",2017,"Z17_2017","FEW",74,"Z","Z_2017",-0.0395237219920131,74,0.191478348888275,0,"J990","J909","J990_J909",0,0,-7,-7,-7,-0.716850546372139,18.5711216831543,24.5982647051961,"barn","concrete","J990_2017","J909_2017",0,0,81.7894736842105,-7.78947368421052,7.78947368421052,0,0,"building"
21094,2018-03-25,"Z17","0","0","FEW","NAF","","",2018,"Z17_2018","FEW",84,"Z","Z_2018",0.228108338353704,75,0.32039985083862,9,"J990","J909","J990_J909",0,0,-6,-6,-6,-0.288495770907318,18.5711216831543,24.5982647051961,"barn","concrete","J990_2018","J909_2018",1,1,83,1,1,1,1,"building"
4661,2013-04-19,"Z18","0","0","FEW","GM","c. 10 twigs","",2013,"Z18_2013","FEW",109,"Z","Z_2013",-1.11005196337488,72,-0.0663646550124131,37,NA,NA,"NA_NA",NA,NA,NA,NA,NA,NA,NA,NA,"wall","concrete","NA_2013","NA_2013",NA,NA,94.2692307692308,14.7307692307692,14.7307692307692,NA,NA,"building"
6452,2014-03-21,"Z18","0","0","FEW","MK","<10","",2014,"Z18_2014","FEW",80,"Z","Z_2014",-0.842419903029165,73,0.0625568469379311,7,NA,NA,"NA_NA",NA,NA,NA,NA,NA,NA,NA,NA,"wall","concrete","NA_2014","NA_2014",NA,NA,86.1851851851852,-6.18518518518519,6.18518518518519,NA,NA,"building"
8658,2015-03-19,"Z18","0","0","FEW","GM","<10 junk & straw","",2015,"Z18_2015","FEW",78,"Z","Z_2015",-0.574787842683448,78,0.707164356689652,0,"J262","J838","J262_J838",0,0,-9,-9,-9,-0.931027934104549,-6.40931297432439,8.36293871208712,"wall","concrete","J262_2015","J838_2015",1,1,87.4285714285714,-9.42857142857143,9.42857142857143,1,1,"building"
13195,2016-04-08,"Z18","0","0","FEW","LvW","ring shape","",2016,"Z18_2016","FEW",99,"Z","Z_2016",-0.307155782337731,76,0.449321352788964,23,"J262","J838","J262_J838",0,0,-8,-8,-8,-0.502673158639728,-6.40931297432439,8.36293871208712,"wall","concrete","J262_2016","J838_2016",2,2,84.1071428571429,14.8928571428571,14.8928571428571,1,1,"building"
16194,2017-03-27,"Z18","0","0","FEW","NR","2 big twigs, straw spread around box","",2017,"Z18_2017","FEW",86,"Z","Z_2017",-0.0395237219920131,74,0.191478348888275,12,"J262","J838","J262_J838",0,0,-7,-7,-7,-0.0743183831749076,-6.40931297432439,8.36293871208712,"wall","concrete","J262_2017","J838_2017",3,3,81.7894736842105,4.21052631578948,4.21052631578948,1,1,"building"
21261,2018-04-05,"Z18","0","0","FEW","MA","STRAW","",2018,"Z18_2018","FEW",95,"Z","Z_2018",0.228108338353704,75,0.32039985083862,20,"J262","J838","J262_J838",0,0,-6,-6,-6,0.354036392289913,-6.40931297432439,8.36293871208712,"wall","concrete","J262_2018","J838_2018",4,4,83,12,12,1,1,"building"
4099,2013-03-20,"Z19","0","0","FEW","AD",">30 twigs with moss. Arranged in ring.","",2013,"Z19_2013","FEW",79,"Z","Z_2013",-1.11005196337488,72,-0.0663646550124131,7,"J249","J267","J249_J267",0,0,-11,-11,-11,-0.931027934104549,4.41418964898242,32.0778894241276,"wall","concrete","J249_2013","J267_2013",0,0,94.2692307692308,-15.2692307692308,15.2692307692308,0,0,"building"
6391,2014-03-14,"Z19","0","0","FEW","AC","<20. Lid on ground. Replaced on the 18th - cows","",2014,"Z19_2014","FEW",73,"Z","Z_2014",-0.842419903029165,73,0.0625568469379311,0,"J248","J265","J248_J265",0,0,-10,-10,-10,-0.502673158639728,-0.267311475291912,25.5472904734503,"wall","concrete","J248_2014","J265_2014",1,1,86.1851851851852,-13.1851851851852,13.1851851851852,1,1,"building"
8700,2015-03-26,"Z19","0","0","FEW","VL","","",2015,"Z19_2015","FEW",85,"Z","Z_2015",-0.574787842683448,78,0.707164356689652,7,"J248","J265","J248_J265",0,0,-9,-9,-9,-0.0743183831749076,-0.267311475291912,25.5472904734503,"wall","concrete","J248_2015","J265_2015",2,2,87.4285714285714,-2.42857142857143,2.42857142857143,1,1,"building"
13196,2016-04-08,"Z19","0","0","FEW","LvW","","",2016,"Z19_2016","FEW",99,"Z","Z_2016",-0.307155782337731,76,0.449321352788964,23,NA,NA,"NA_NA",NA,NA,NA,NA,NA,NA,NA,NA,"wall","concrete","NA_2016","NA_2016",NA,NA,84.1071428571429,14.8928571428571,14.8928571428571,NA,NA,"building"
21096,2018-03-25,"Z19","0","0","FEW","NAF","","",2018,"Z19_2018","FEW",84,"Z","Z_2018",0.228108338353704,75,0.32039985083862,9,"J1337","J1259","J1337_J1259",0,0,-6,-6,-6,-0.502673158639728,14.8661381124741,-0.794943534447689,"wall","concrete","J1337_2018","J1259_2018",2,2,83,1,1,1,1,"building"
6454,2014-03-21,"Z20","0","0","FEW","MK","<20","",2014,"Z20_2014","FEW",80,"Z","Z_2014",-0.842419903029165,73,0.0625568469379311,7,NA,NA,"NA_NA",NA,NA,NA,NA,NA,NA,NA,NA,"wall","concrete","NA_2014","NA_2014",NA,NA,86.1851851851852,-6.18518518518519,6.18518518518519,NA,NA,"building"
9021,2015-04-08,"Z20","0","0","FEW","ALG","","",2015,"Z20_2015","FEW",98,"Z","Z_2015",-0.574787842683448,78,0.707164356689652,20,"J1358","J234","J1358_J234",0,0,-9,-9,-9,-0.502673158639728,33.4084883748048,8.66863998626469,"wall","concrete","J1358_2015","J234_2015",0,0,87.4285714285714,10.5714285714286,10.5714285714286,0,0,"building"
12815,2016-03-16,"Z20","0","0","FEW","LvW/GM","<60, huge pile front, fur","",2016,"Z20_2016","FEW",76,"Z","Z_2016",-0.307155782337731,76,0.449321352788964,0,"J43","J265","J43_J265",0,0,-8,-8,-8,-0.0743183831749076,19.3938864260627,25.5472904734503,"wall","concrete","J43_2016","J265_2016",0,3,84.1071428571429,-8.10714285714286,8.10714285714286,0,1,"building"
15967,2017-03-15,"Z20","0","0","FEW","NR","","",2017,"Z20_2017","FEW",74,"Z","Z_2017",-0.0395237219920131,74,0.191478348888275,0,"J43","J265","J43_J265",0,0,-7,-7,-7,0.354036392289913,19.3938864260627,25.5472904734503,"wall","concrete","J43_2017","J265_2017",1,4,81.7894736842105,-7.78947368421052,7.78947368421052,1,1,"building"
21097,2018-03-25,"Z20","0","0","FEW","NAF","","",2018,"Z20_2018","FEW",84,"Z","Z_2018",0.228108338353704,75,0.32039985083862,9,"J43","J265","J43_J265",0,0,-6,-6,-6,0.782391167754734,19.3938864260627,25.5472904734503,"wall","concrete","J43_2018","J265_2018",2,5,83,1,1,1,1,"building"
8058,2014-04-14,"Z21","0","0","FEW","VB","grass/coarse","",2014,"Z21_2014","FEW",104,"Z","Z_2014",-0.842419903029165,73,0.0625568469379311,31,NA,NA,"NA_NA",NA,NA,NA,NA,NA,NA,NA,NA,"wall","concrete","NA_2014","NA_2014",NA,NA,86.1851851851852,17.8148148148148,17.8148148148148,NA,NA,"building"
8903,2015-04-06,"Z21","0","0","FEW","ALG","","",2015,"Z21_2015","FEW",96,"Z","Z_2015",-0.574787842683448,78,0.707164356689652,18,NA,NA,"NA_NA",NA,NA,NA,NA,NA,NA,NA,NA,"wall","concrete","NA_2015","NA_2015",NA,NA,87.4285714285714,8.57142857142857,8.57142857142857,NA,NA,"building"
12816,2016-03-16,"Z21","0","0","FEW","LvW/GM","<10","",2016,"Z21_2016","FEW",76,"Z","Z_2016",-0.307155782337731,76,0.449321352788964,0,"J1337","J1259","J1337_J1259",0,0,-8,-8,-8,-1.35938270956937,14.8661381124741,-0.794943534447689,"wall","concrete","J1337_2016","J1259_2016",0,0,84.1071428571429,-8.10714285714286,8.10714285714286,0,0,"building"
16071,2017-03-21,"Z21","0","0","FEW","NR","6-7 Big twigs","",2017,"Z21_2017","FEW",80,"Z","Z_2017",-0.0395237219920131,74,0.191478348888275,6,"J1783","J1593","J1783_J1593",0,0,-7,-7,-7,-1.35938270956937,-9.60657859166834,-18.4495101261627,"wall","concrete","J1783_2017","J1593_2017",0,0,81.7894736842105,-1.78947368421052,1.78947368421052,0,0,"building"
21181,2018-03-30,"Z21","0","0","FEW","NAF","","",2018,"Z21_2018","FEW",89,"Z","Z_2018",0.228108338353704,75,0.32039985083862,14,"J1783","J2981","J1783_J2981",0,0,-6,-6,-6,-0.931027934104549,-9.60657859166834,26.9794209086542,"wall","concrete","J1783_2018","J2981_2018",1,0,83,6,6,1,0,"building"
4959,2013-04-26,"Z22","0","0","FEW","GM",">15 twigs","",2013,"Z22_2013","FEW",116,"Z","Z_2013",-1.11005196337488,72,-0.0663646550124131,44,NA,NA,"NA_NA",NA,NA,NA,NA,NA,NA,NA,NA,"barn","concrete","NA_2013","NA_2013",NA,NA,94.2692307692308,21.7307692307692,21.7307692307692,NA,NA,"building"
6710,2014-04-03,"Z22","0","0","FEW","AC","Very built up at front","",2014,"Z22_2014","FEW",93,"Z","Z_2014",-0.842419903029165,73,0.0625568469379311,20,"J303","J274","J303_J274",0,0,-10,-10,-10,-0.502673158639728,49.8575862012077,12.6326885247081,"barn","concrete","J303_2014","J274_2014",0,0,86.1851851851852,6.81481481481481,6.81481481481481,0,0,"building"
12888,2016-03-23,"Z22","0","0","FEW","LvW","<10. straw and grass","",2016,"Z22_2016","FEW",83,"Z","Z_2016",-0.307155782337731,76,0.449321352788964,7,"J1375","J1898","J1375_J1898",0,0,-8,-8,-8,-0.931027934104549,-12.1971994481054,35.6393086896016,"barn","concrete","J1375_2016","J1898_2016",0,0,84.1071428571429,-1.10714285714286,1.10714285714286,0,0,"building"
4287,2013-04-02,"Z23","0","0","FEW","GM","6 twigs","",2013,"Z23_2013","FEW",92,"Z","Z_2013",-1.11005196337488,72,-0.0663646550124131,20,NA,NA,"NA_NA",NA,NA,NA,NA,NA,NA,NA,NA,"barn","concrete","NA_2013","NA_2013",NA,NA,94.2692307692308,-2.26923076923077,2.26923076923077,NA,NA,"building"
6457,2014-03-21,"Z23","0","0","FEW","MK","<50","",2014,"Z23_2014","FEW",80,"Z","Z_2014",-0.842419903029165,73,0.0625568469379311,7,"J796",NA,"J796_NA",0,NA,-10,NA,-10,-0.931027934104549,-6.61464530830276,NA,"barn","concrete","J796_2014","NA_2014",0,NA,86.1851851851852,-6.18518518518519,6.18518518518519,0,NA,"building"
8661,2015-03-19,"Z23","0","0","FEW","GM","<10 twigs & much straw, ring","",2015,"Z23_2015","FEW",78,"Z","Z_2015",-0.574787842683448,78,0.707164356689652,0,"J796","J1346","J796_J1346",0,0,-9,-9,-9,-0.716850546372139,-6.61464530830276,36.3354694091372,"barn","concrete","J796_2015","J1346_2015",1,0,87.4285714285714,-9.42857142857143,9.42857142857143,1,0,"building"
12889,2016-03-23,"Z23","0","0","FEW","LvW","<10. lots of straw and grass","",2016,"Z23_2016","FEW",83,"Z","Z_2016",-0.307155782337731,76,0.449321352788964,7,"J796","J1346","J796_J1346",0,0,-8,-8,-8,-0.288495770907318,-6.61464530830276,36.3354694091372,"barn","concrete","J796_2016","J1346_2016",2,1,84.1071428571429,-1.10714285714286,1.10714285714286,1,1,"building"
15982,2017-03-15,"Z23","0","0","FEW","NR","Covering base, no shape","",2017,"Z23_2017","FEW",74,"Z","Z_2017",-0.0395237219920131,74,0.191478348888275,0,"J796","J1346","J796_J1346",0,0,-7,-7,-7,0.139859004557503,-6.61464530830276,36.3354694091372,"barn","concrete","J796_2017","J1346_2017",3,2,81.7894736842105,-7.78947368421052,7.78947368421052,1,1,"building"
4397,2013-04-08,"Z24","0","0","FEW","GM",">30 twigs. No lining","",2013,"Z24_2013","FEW",98,"Z","Z_2013",-1.11005196337488,72,-0.0663646550124131,26,"J218","J289","J218_J289",0,0,-11,-11,-11,-0.931027934104549,16.692354941536,24.371723132219,"barn","concrete","J218_2013","J289_2013",0,0,94.2692307692308,3.73076923076923,3.73076923076923,0,0,"building"
6458,2014-03-21,"Z24","0","0","FEW","MK","Grass","",2014,"Z24_2014","FEW",80,"Z","Z_2014",-0.842419903029165,73,0.0625568469379311,7,"J218","J289","J218_J289",0,0,-10,-10,-10,-0.502673158639728,16.692354941536,24.371723132219,"barn","concrete","J218_2014","J289_2014",1,1,86.1851851851852,-6.18518518518519,6.18518518518519,1,1,"building"
8662,2015-03-19,"Z24","0","0","FEW","GM","1 twig & big pack of mud, base near covered","",2015,"Z24_2015","FEW",78,"Z","Z_2015",-0.574787842683448,78,0.707164356689652,0,"J218","J289","J218_J289",0,0,-9,-9,-9,-0.0743183831749076,16.692354941536,24.371723132219,"barn","concrete","J218_2015","J289_2015",2,2,87.4285714285714,-9.42857142857143,9.42857142857143,1,1,"building"
13071,2016-04-05,"Z24","0","0","FEW","LvW","","",2016,"Z24_2016","FEW",96,"Z","Z_2016",-0.307155782337731,76,0.449321352788964,20,"J218","J289","J218_J289",0,0,-8,-8,-8,0.354036392289913,16.692354941536,24.371723132219,"barn","concrete","J218_2016","J289_2016",3,3,84.1071428571429,11.8928571428571,11.8928571428571,1,1,"building"
16104,2017-03-22,"Z24","0","0","FEW","VL","","",2017,"Z24_2017","FEW",81,"Z","Z_2017",-0.0395237219920131,74,0.191478348888275,7,"J218","J289","J218_J289",0,0,-7,-7,-7,0.782391167754734,16.692354941536,24.371723132219,"barn","concrete","J218_2017","J289_2017",4,4,81.7894736842105,-0.78947368421052,0.78947368421052,1,1,"building"
4398,2013-04-08,"Z25","0","0","FEW","GM",">30 twigs. No lining","",2013,"Z25_2013","FEW",98,"Z","Z_2013",-1.11005196337488,72,-0.0663646550124131,26,NA,NA,"NA_NA",NA,NA,NA,NA,NA,NA,NA,NA,"barn","concrete","NA_2013","NA_2013",NA,NA,94.2692307692308,3.73076923076923,3.73076923076923,NA,NA,"building"
6791,2014-04-10,"Z25","0","0","FEW","GM","High twig & straw ring","",2014,"Z25_2014","FEW",100,"Z","Z_2014",-0.842419903029165,73,0.0625568469379311,27,NA,"J258","NA_J258",NA,0,NA,-10,-10,-1.35938270956937,NA,NA,"barn","concrete","NA_2014","J258_2014",NA,0,86.1851851851852,13.8148148148148,13.8148148148148,NA,0,"building"
8663,2015-03-19,"Z25","0","0","FEW","GM",">10 & straw","",2015,"Z25_2015","FEW",78,"Z","Z_2015",-0.574787842683448,78,0.707164356689652,0,"J912","J1360","J912_J1360",0,0,-9,-9,-9,-1.35938270956937,-8.47690967645299,15.0600880749983,"barn","concrete","J912_2015","J1360_2015",0,0,87.4285714285714,-9.42857142857143,9.42857142857143,0,0,"building"
12820,2016-03-16,"Z25","0","0","FEW","LvW/GM","<20, lots of grass and straw","",2016,"Z25_2016","FEW",76,"Z","Z_2016",-0.307155782337731,76,0.449321352788964,0,"J912","J1360","J912_J1360",0,0,-8,-8,-8,-0.931027934104549,-8.47690967645299,15.0600880749983,"barn","concrete","J912_2016","J1360_2016",1,1,84.1071428571429,-8.10714285714286,8.10714285714286,1,1,"building"
21102,2018-03-25,"Z25","0","0","FEW","NAF","","",2018,"Z25_2018","FEW",84,"Z","Z_2018",0.228108338353704,75,0.32039985083862,9,"J912","J1360","J912_J1360",0,0,-6,-6,-6,-0.0743183831749076,-8.47690967645299,15.0600880749983,"barn","concrete","J912_2018","J1360_2018",3,3,83,1,1,1,1,"building"
12821,2016-03-16,"Z26","0","0","FEW","LvW/GM","big pile front","",2016,"Z26_2016","FEW",76,"Z","Z_2016",-0.307155782337731,76,0.449321352788964,0,"J1343","J430","J1343_J430",0,0,-8,-8,-8,-0.288495770907318,27.3963882998532,37.4011874004337,"tree","concrete","J1343_2016","J430_2016",1,1,84.1071428571429,-8.10714285714286,8.10714285714286,1,1,"tree"
21009,2018-03-16,"Z26","0","0","FEW","VL","","",2018,"Z26_2018","FEW",75,"Z","Z_2018",0.228108338353704,75,0.32039985083862,0,"J1343","J430","J1343_J430",0,0,-6,-6,-6,0.568213780022324,27.3963882998532,37.4011874004337,"tree","concrete","J1343_2018","J430_2018",3,3,83,-8,8,1,1,"tree"
4400,2013-04-08,"Z27","0","0","FEW","GM","<10 twigs","",2013,"Z27_2013","FEW",98,"Z","Z_2013",-1.11005196337488,72,-0.0663646550124131,26,NA,NA,"NA_NA",NA,NA,NA,NA,NA,NA,NA,NA,"barn","concrete","NA_2013","NA_2013",NA,NA,94.2692307692308,3.73076923076923,3.73076923076923,NA,NA,"building"
13007,2016-03-30,"Z27","0","0","FEW","LvW","<30","",2016,"Z27_2016","FEW",90,"Z","Z_2016",-0.307155782337731,76,0.449321352788964,14,"J692","J899","J692_J899",0,0,-8,-8,-8,-0.931027934104549,0.926638487232252,13.812764330438,"barn","concrete","J692_2016","J899_2016",0,1,84.1071428571429,5.89285714285714,5.89285714285714,0,1,"building"
16096,2017-03-21,"Z27","0","0","FEW","NJ","Small twigs and straw around edges. Base visible.","",2017,"Z27_2017","FEW",80,"Z","Z_2017",-0.0395237219920131,74,0.191478348888275,6,"J692","J899","J692_J899",0,0,-7,-7,-7,-0.502673158639728,0.926638487232252,13.812764330438,"barn","concrete","J692_2017","J899_2017",1,2,81.7894736842105,-1.78947368421052,1.78947368421052,1,1,"building"
4108,2013-03-20,"Z28","0","0","FEW","AD","<15 twigs, plus grass","",2013,"Z28_2013","FEW",79,"Z","Z_2013",-1.11005196337488,72,-0.0663646550124131,7,"J251","J202","J251_J202",0,0,-11,-11,-11,-0.931027934104549,1.13305746490727,-9.34060945159814,"barn","concrete","J251_2013","J202_2013",0,0,94.2692307692308,-15.2692307692308,15.2692307692308,0,0,"building"
13008,2016-03-30,"Z28","0","0","FEW","LvW","<30, straw","",2016,"Z28_2016","FEW",90,"Z","Z_2016",-0.307155782337731,76,0.449321352788964,14,NA,"J219","NA_J219",NA,0,NA,-8,-8,0.354036392289913,NA,18.2006642554864,"barn","concrete","NA_2016","J219_2016",NA,2,84.1071428571429,5.89285714285714,5.89285714285714,NA,1,"building"
16097,2017-03-21,"Z28","0","0","FEW","NJ","Large twigs near front, small at back.  No shape, base visible.","",2017,"Z28_2017","FEW",80,"Z","Z_2017",-0.0395237219920131,74,0.191478348888275,6,"J2394","J219","J2394_J219",0,0,-7,-7,-7,-0.0743183831749076,5.94958770024023,18.2006642554864,"barn","concrete","J2394_2017","J219_2017",0,3,81.7894736842105,-1.78947368421052,1.78947368421052,0,1,"building"
21105,2018-03-25,"Z28","0","0","FEW","NAF","","",2018,"Z28_2018","FEW",84,"Z","Z_2018",0.228108338353704,75,0.32039985083862,9,"J2394","J219","J2394_J219",0,0,-6,-6,-6,0.354036392289913,5.94958770024023,18.2006642554864,"barn","concrete","J2394_2018","J219_2018",1,4,83,1,1,1,1,"building"
28256,2021-03-02,"Z28","0","0","FEW","GM","Sticks and mud from last year remain","",2021,"Z28_2021","FEW",61,"Z","Z_2021",1.03100451939086,61,-1.4845011764662,0,"J2377","J1463","J2377_J1463",0,0,-3,-3,-3,0.782391167754734,3.72778710062726,38.8460875753209,"barn","concrete","J2377_2021","J1463_2021",4,2,83.6666666666667,-22.6666666666667,22.6666666666667,1,1,"building"
4109,2013-03-20,"Z29","0","0","FEW","AD",">20 twigs unarranged.","",2013,"Z29_2013","FEW",79,"Z","Z_2013",-1.11005196337488,72,-0.0663646550124131,7,NA,NA,"NA_NA",NA,NA,NA,NA,NA,NA,NA,NA,"barn","concrete","NA_2013","NA_2013",NA,NA,94.2692307692308,-15.2692307692308,15.2692307692308,NA,NA,"building"
6717,2014-04-03,"Z29","0","0","FEW","AC","c.15 and debris. Looks crap","",2014,"Z29_2014","FEW",93,"Z","Z_2014",-0.842419903029165,73,0.0625568469379311,20,NA,NA,"NA_NA",NA,NA,NA,NA,NA,NA,NA,NA,"barn","concrete","NA_2014","NA_2014",NA,NA,86.1851851851852,6.81481481481481,6.81481481481481,NA,NA,"building"
15972,2017-03-15,"Z29","0","0","FEW","NR","No shape, spread out","",2017,"Z29_2017","FEW",74,"Z","Z_2017",-0.0395237219920131,74,0.191478348888275,0,"J1418",NA,"J1418_NA",0,NA,-7,NA,-7,-0.931027934104549,2.73268852470809,NA,"barn","concrete","J1418_2017","NA_2017",0,NA,81.7894736842105,-7.78947368421052,7.78947368421052,0,NA,"building"
28433,2021-04-05,"Z29","0","0","FEW","GM","Some material in a ring, but not much","",2021,"Z29_2021","FEW",95,"Z","Z_2021",1.03100451939086,61,-1.4845011764662,34,"J1979","J1131B","J1979_J1131B",0,0,-3,-3,-3,0.782391167754734,11.0323650616201,25.1647885996597,"barn","concrete","J1979_2021","J1131B_2021",3,3,83.6666666666667,11.3333333333333,11.3333333333333,1,1,"building"
4110,2013-03-20,"Z30","0","0","FEW","AD","7 twigs, plus grass","",2013,"Z30_2013","FEW",79,"Z","Z_2013",-1.11005196337488,72,-0.0663646550124131,7,"J254","J240","J254_J240",0,0,-11,-11,-11,-0.931027934104549,18.7995877002402,4.64158919927264,"barn","concrete","J254_2013","J240_2013",0,0,94.2692307692308,-15.2692307692308,15.2692307692308,0,0,"building"
6796,2014-04-10,"Z30","0","0","FEW","GM","In a scattered cirlce","",2014,"Z30_2014","FEW",100,"Z","Z_2014",-0.842419903029165,73,0.0625568469379311,27,NA,NA,"NA_NA",NA,NA,NA,NA,NA,NA,NA,NA,"barn","concrete","NA_2014","NA_2014",NA,NA,86.1851851851852,13.8148148148148,13.8148148148148,NA,NA,"building"
13010,2016-03-30,"Z30","0","0","FEW","LvW","<20. straw and grass","",2016,"Z30_2016","FEW",90,"Z","Z_2016",-0.307155782337731,76,0.449321352788964,14,"J1142",NA,"J1142_NA",0,NA,-8,NA,-8,-1.35938270956937,NA,NA,"barn","concrete","J1142_2016","NA_2016",0,NA,84.1071428571429,5.89285714285714,5.89285714285714,0,NA,"building"
4111,2013-03-20,"Z31","0","0","FEW","AD","10 twigs","",2013,"Z31_2013","FEW",79,"Z","Z_2013",-1.11005196337488,72,-0.0663646550124131,7,NA,NA,"NA_NA",NA,NA,NA,NA,NA,NA,NA,NA,"barn","concrete","NA_2013","NA_2013",NA,NA,94.2692307692308,-15.2692307692308,15.2692307692308,NA,NA,"building"
7286,2014-04-21,"Z31","0","0","FEW","GM","Fur + straw ring. Cam fitted.","",2014,"Z31_2014","FEW",111,"Z","Z_2014",-0.842419903029165,73,0.0625568469379311,38,"J262","J838","J262_J838",0,0,-10,-10,-10,-1.35938270956937,-6.40931297432439,8.36293871208712,"barn","concrete","J262_2014","J838_2014",0,0,86.1851851851852,24.8148148148148,24.8148148148148,0,0,"building"
12897,2016-03-23,"Z31","0","0","FEW","LvW","<30, front","",2016,"Z31_2016","FEW",83,"Z","Z_2016",-0.307155782337731,76,0.449321352788964,7,"J1908","J861","J1908_J861",0,0,-8,-8,-8,-0.716850546372139,30.4053850519496,8.00932233273501,"barn","concrete","J1908_2016","J861_2016",0,1,84.1071428571429,-1.10714285714286,1.10714285714286,0,1,"building"
16247,2017-04-01,"Z31","0","0","FEW","VL","Mostly straw, ring","",2017,"Z31_2017","FEW",91,"Z","Z_2017",-0.0395237219920131,74,0.191478348888275,17,"J1908","J861","J1908_J861",0,0,-7,-7,-7,-0.288495770907318,30.4053850519496,8.00932233273501,"barn","concrete","J1908_2017","J861_2017",1,2,81.7894736842105,9.21052631578948,9.21052631578948,1,1,"building"
21108,2018-03-25,"Z31","0","0","FEW","NAF","","",2018,"Z31_2018","FEW",84,"Z","Z_2018",0.228108338353704,75,0.32039985083862,9,"J1908","J861","J1908_J861",0,0,-6,-6,-6,0.139859004557503,30.4053850519496,8.00932233273501,"barn","concrete","J1908_2018","J861_2018",2,3,83,1,1,1,1,"building"
4112,2013-03-20,"Z32","0","0","FEW","AD","9 twigs, plus grass","",2013,"Z32_2013","FEW",79,"Z","Z_2013",-1.11005196337488,72,-0.0663646550124131,7,NA,NA,"NA_NA",NA,NA,NA,NA,NA,NA,NA,NA,"barn","concrete","NA_2013","NA_2013",NA,NA,94.2692307692308,-15.2692307692308,15.2692307692308,NA,NA,"building"
6720,2014-04-03,"Z32","0","0","FEW","AC","Straw in a ring","",2014,"Z32_2014","FEW",93,"Z","Z_2014",-0.842419903029165,73,0.0625568469379311,20,"J805",NA,"J805_NA",0,NA,-10,NA,-10,-0.931027934104549,22.234083577901,NA,"barn","concrete","J805_2014","NA_2014",0,NA,86.1851851851852,6.81481481481481,6.81481481481481,0,NA,"building"
12827,2016-03-16,"Z32","0","0","FEW","LvW/GM","<10","",2016,"Z32_2016","FEW",76,"Z","Z_2016",-0.307155782337731,76,0.449321352788964,0,"J1916","J1093","J1916_J1093",0,0,-8,-8,-8,-1.35938270956937,17.1895725201141,9.41838979888564,"barn","concrete","J1916_2016","J1093_2016",0,0,84.1071428571429,-8.10714285714286,8.10714285714286,0,0,"building"
16248,2017-04-01,"Z32","0","0","FEW","VL","Straw only","",2017,"Z32_2017","FEW",91,"Z","Z_2017",-0.0395237219920131,74,0.191478348888275,17,"J1916","J1093","J1916_J1093",0,0,-7,-7,-7,-0.931027934104549,17.1895725201141,9.41838979888564,"barn","concrete","J1916_2017","J1093_2017",1,1,81.7894736842105,9.21052631578948,9.21052631578948,1,1,"building"
21109,2018-03-25,"Z32","0","0","FEW","NAF","","",2018,"Z32_2018","FEW",84,"Z","Z_2018",0.228108338353704,75,0.32039985083862,9,"J1916","J1093","J1916_J1093",0,0,-6,-6,-6,-0.502673158639728,17.1895725201141,9.41838979888564,"barn","concrete","J1916_2018","J1093_2018",2,2,83,1,1,1,1,"building"
28436,2021-04-05,"Z32","0","0","FEW","GM","base covered but fairly empty","",2021,"Z32_2021","FEW",95,"Z","Z_2021",1.03100451939086,61,-1.4845011764662,34,"J1916","J1093","J1916_J1093",0,0,-3,-3,-3,0.782391167754734,17.1895725201141,9.41838979888564,"barn","concrete","J1916_2021","J1093_2021",5,5,83.6666666666667,11.3333333333333,11.3333333333333,1,1,"building"
4113,2013-03-20,"Z33","0","0","FEW","AD","6 twigs","",2013,"Z33_2013","FEW",79,"Z","Z_2013",-1.11005196337488,72,-0.0663646550124131,7,NA,NA,"NA_NA",NA,NA,NA,NA,NA,NA,NA,NA,"barn","concrete","NA_2013","NA_2013",NA,NA,94.2692307692308,-15.2692307692308,15.2692307692308,NA,NA,"building"
7348,2014-04-22,"Z33","0","0","FEW","MK","Mostly debris","",2014,"Z33_2014","FEW",112,"Z","Z_2014",-0.842419903029165,73,0.0625568469379311,39,NA,NA,"NA_NA",NA,NA,NA,NA,NA,NA,NA,NA,"barn","concrete","NA_2014","NA_2014",NA,NA,86.1851851851852,25.8148148148148,25.8148148148148,NA,NA,"building"
12899,2016-03-23,"Z33","0","0","FEW","LvW","10, lots of straw and hay","",2016,"Z33_2016","FEW",83,"Z","Z_2016",-0.307155782337731,76,0.449321352788964,7,"J908","J587","J908_J587",0,0,-8,-8,-8,-0.931027934104549,18.8956734787702,27.5589394616033,"barn","concrete","J908_2016","J587_2016",0,0,84.1071428571429,-1.10714285714286,1.10714285714286,0,0,"building"
16209,2017-03-27,"Z33","0","0","FEW","VL","At front","",2017,"Z33_2017","FEW",86,"Z","Z_2017",-0.0395237219920131,74,0.191478348888275,12,"J908","J587","J908_J587",0,0,-7,-7,-7,-0.502673158639728,18.8956734787702,27.5589394616033,"barn","concrete","J908_2017","J587_2017",1,1,81.7894736842105,4.21052631578948,4.21052631578948,1,1,"building"
4207,2013-03-26,"Z34","0","0","FEW","GM","<20 twigs.","",2013,"Z34_2013","FEW",85,"Z","Z_2013",-1.11005196337488,72,-0.0663646550124131,13,NA,NA,"NA_NA",NA,NA,NA,NA,NA,NA,NA,NA,"","","NA_2013","NA_2013",NA,NA,94.2692307692308,-9.26923076923077,9.26923076923077,NA,NA,"building"
6406,2014-03-14,"Z34","0","0","FEW","AC","c.10","",2014,"Z34_2014","FEW",73,"Z","Z_2014",-0.842419903029165,73,0.0625568469379311,0,"J797","J833","J797_J833",0,0,-10,-10,-10,-0.931027934104549,3.66258994878887,23.2938143679138,"","","J797_2014","J833_2014",0,0,86.1851851851852,-13.1851851851852,13.1851851851852,0,0,"building"
6469,2014-03-21,"Z35","0","0","FEW","MK","7 twigs","",2014,"Z35_2014","FEW",80,"Z","Z_2014",-0.842419903029165,73,0.0625568469379311,7,NA,NA,"NA_NA",NA,NA,NA,NA,NA,NA,NA,NA,"tree","concrete","NA_2014","NA_2014",NA,NA,86.1851851851852,-6.18518518518519,6.18518518518519,NA,NA,"tree"
21017,2018-03-16,"Z35","0","0","FEW","VL","","",2018,"Z35_2018","FEW",75,"Z","Z_2018",0.228108338353704,75,0.32039985083862,0,"J2415","J1428","J2415_J1428",0,0,-6,-6,-6,-0.502673158639728,40.6973183353152,20.8657893491759,"tree","concrete","J2415_2018","J1428_2018",0,0,83,-8,8,0,0,"tree"
6724,2014-04-03,"Z36","0","0","FEW","AC","Just a little fur","",2014,"Z36_2014","FEW",93,"Z","Z_2014",-0.842419903029165,73,0.0625568469379311,20,NA,NA,"NA_NA",NA,NA,NA,NA,NA,NA,NA,NA,"","","NA_2014","NA_2014",NA,NA,86.1851851851852,6.81481481481481,6.81481481481481,NA,NA,"building"
8914,2015-04-06,"Z37","0","0","FEW","ALG","","",2015,"Z37_2015","FEW",96,"Z","Z_2015",-0.574787842683448,78,0.707164356689652,18,"J600","J1357","J600_J1357",0,0,-9,-9,-9,-1.35938270956937,NA,2.69638829985321,"tree","soft","J600_2015","J1357_2015",0,0,87.4285714285714,8.57142857142857,8.57142857142857,0,0,"tree"
12901,2016-03-23,"Z37","0","0","FEW","LvW","20, front. Moss","",2016,"Z37_2016","FEW",83,"Z","Z_2016",-0.307155782337731,76,0.449321352788964,7,"J1355","J933","J1355_J933",0,0,-8,-8,-8,-0.502673158639728,6.84913661344169,26.6091980075419,"tree","soft","J1355_2016","J933_2016",1,1,84.1071428571429,-1.10714285714286,1.10714285714286,1,1,"tree"
16109,2017-03-22,"Z37","0","0","FEW","VL","Few piled up at entrance","",2017,"Z37_2017","FEW",81,"Z","Z_2017",-0.0395237219920131,74,0.191478348888275,7,"J1355","J933","J1355_J933",0,0,-7,-7,-7,-0.0743183831749076,6.84913661344169,26.6091980075419,"tree","soft","J1355_2017","J933_2017",2,2,81.7894736842105,-0.78947368421052,0.78947368421052,1,1,"tree"
21018,2018-03-16,"Z37","0","0","FEW","VL","","",2018,"Z37_2018","FEW",75,"Z","Z_2018",0.228108338353704,75,0.32039985083862,0,"J1355","J933","J1355_J933",0,0,-6,-6,-6,0.354036392289913,6.84913661344169,26.6091980075419,"tree","soft","J1355_2018","J933_2018",3,3,83,-8,8,1,1,"tree"
NA,NA,"X18",NA,NA,NA,NA,NA,NA,2024,"X18_2024",NA,77,"X","X_2024",1.83390070042801,60,-1.61342267841654,NA,"J4508","J3684","J4508_J3684",0,0,0,0,0,0.354036392289913,NA,NA,"tree","soft","J4508_2024","J3684_2024",3,0,71.9090909090909,5.09090909090909,5.09090909090909,1,0,"tree"
NA,NA,"X20",NA,NA,NA,NA,NA,NA,2024,"X20_2024",NA,68,"X","X_2024",1.83390070042801,60,-1.61342267841654,NA,"J5936","J4824","J5936_J4824",0,0,0,0,0,-0.931027934104549,NA,NA,"tree","soft","J5936_2024","J4824_2024",0,0,71.9090909090909,-3.90909090909091,3.90909090909091,0,0,"tree"
NA,NA,"X21",NA,NA,NA,NA,NA,NA,2024,"X21_2024",NA,68,"X","X_2024",1.83390070042801,60,-1.61342267841654,NA,"J4509","J4964","J4509_J4964",0,0,0,0,0,0.139859004557503,NA,NA,"tree","soft","J4509_2024","J4964_2024",3,2,71.9090909090909,-3.90909090909091,3.90909090909091,1,1,"tree"
NA,NA,"X22",NA,NA,NA,NA,NA,NA,2024,"X22_2024",NA,65,"X","X_2024",1.83390070042801,60,-1.61342267841654,NA,"J4525","J3874","J4525_J3874",0,0,0,0,0,0.568213780022324,NA,NA,"tree","soft","J4525_2024","J3874_2024",3,4,71.9090909090909,-6.90909090909091,6.90909090909091,1,1,"tree"
NA,NA,"X23",NA,NA,NA,NA,NA,NA,2024,"X23_2024",NA,83,"X","X_2024",1.83390070042801,60,-1.61342267841654,NA,"J3555","J5953","J3555_J5953",0,0,0,0,0,0.354036392289913,NA,NA,"tree","soft","J3555_2024","J5953_2024",0,0,71.9090909090909,11.0909090909091,11.0909090909091,0,0,"tree"
NA,NA,"X25",NA,NA,NA,NA,NA,NA,2024,"X25_2024",NA,63,"X","X_2024",1.83390070042801,60,-1.61342267841654,NA,"J4949","J3461","J4949_J3461",0,0,0,0,0,0.568213780022324,NA,NA,"tree","soft","J4949_2024","J3461_2024",3,5,71.9090909090909,-8.90909090909091,8.90909090909091,1,1,"tree"
NA,NA,"X31",NA,NA,NA,NA,NA,NA,2024,"X31_2024",NA,68,"X","X_2024",1.83390070042801,60,-1.61342267841654,NA,"J4950","J2576","J4950_J2576",0,0,0,0,0,0.354036392289913,NA,NA,"tree","soft","J4950_2024","J2576_2024",2,2,71.9090909090909,-3.90909090909091,3.90909090909091,1,1,"tree"
NA,NA,"X32",NA,NA,NA,NA,NA,NA,2024,"X32_2024",NA,83,"X","X_2024",1.83390070042801,60,-1.61342267841654,NA,"J5123","J5124","J5123_J5124",0,0,0,0,0,-0.502673158639728,NA,NA,"tree","soft","J5123_2024","J5124_2024",1,1,71.9090909090909,11.0909090909091,11.0909090909091,1,1,"tree"
NA,NA,"X33",NA,NA,NA,NA,NA,NA,2024,"X33_2024",NA,69,"X","X_2024",1.83390070042801,60,-1.61342267841654,NA,"J4941","J4963","J4941_J4963",0,0,0,0,0,-0.0743183831749076,NA,NA,"tree","soft","J4941_2024","J4963_2024",2,2,71.9090909090909,-2.90909090909091,2.90909090909091,1,1,"tree"
NA,NA,"X35",NA,NA,NA,NA,NA,NA,2024,"X35_2024",NA,81,"X","X_2024",1.83390070042801,60,-1.61342267841654,NA,"J5126","J5496","J5126_J5496",0,0,0,0,0,-0.502673158639728,NA,NA,"tree","soft","J5126_2024","J5496_2024",1,1,71.9090909090909,9.09090909090909,9.09090909090909,1,1,"tree"
NA,NA,"X39",NA,NA,NA,NA,NA,NA,2024,"X39_2024",NA,66,"X","X_2024",1.83390070042801,60,-1.61342267841654,NA,"J5320","J4166","J5320_J4166",0,0,0,0,0,-0.502673158639728,NA,NA,"tree","soft","J5320_2024","J4166_2024",1,1,71.9090909090909,-5.90909090909091,5.90909090909091,1,1,"tree"
NA,NA,"Y01",NA,NA,NA,NA,NA,NA,2024,"Y01_2024",NA,68,"Y","Y_2024",1.83390070042801,60,-1.61342267841654,NA,"J1031","J1171","J1031_J1171",0,0,0,0,0,2.0674554941492,NA,NA,"tree","soft","J1031_2024","J1171_2024",5,5,72.1428571428571,-4.14285714285714,4.14285714285714,1,1,"tree"
NA,NA,"Y02",NA,NA,NA,NA,NA,NA,2024,"Y02_2024",NA,62,"Y","Y_2024",1.83390070042801,60,-1.61342267841654,NA,"J3899","J2488","J3899_J2488",0,0,0,0,0,0.996568555487145,NA,NA,"tree","soft","J3899_2024","J2488_2024",2,2,72.1428571428571,-10.1428571428571,10.1428571428571,1,1,"tree"
NA,NA,"Y03",NA,NA,NA,NA,NA,NA,2024,"Y03_2024",NA,80,"Y","Y_2024",1.83390070042801,60,-1.61342267841654,NA,"J3283","J4666","J3283_J4666",0,0,0,0,0,0.139859004557503,NA,NA,"tree","soft","J3283_2024","J4666_2024",2,2,72.1428571428571,7.85714285714286,7.85714285714286,1,1,"tree"
NA,NA,"Y04",NA,NA,NA,NA,NA,NA,2024,"Y04_2024",NA,65,"Y","Y_2024",1.83390070042801,60,-1.61342267841654,NA,"J2994","J3749","J2994_J3749",0,0,0,0,0,1.21074594321955,NA,NA,"tree","soft","J2994_2024","J3749_2024",5,4,72.1428571428571,-7.14285714285714,7.14285714285714,1,1,"tree"
NA,NA,"Y05",NA,NA,NA,NA,NA,NA,2024,"Y05_2024",NA,62,"Y","Y_2024",1.83390070042801,60,-1.61342267841654,NA,"J4954","J516","J4954_J516",0,0,0,0,0,1.42492333095197,NA,NA,"tree","soft","J4954_2024","J516_2024",2,8,72.1428571428571,-10.1428571428571,10.1428571428571,1,1,"tree"
NA,NA,"Y06",NA,NA,NA,NA,NA,NA,2024,"Y06_2024",NA,63,"Y","Y_2024",1.83390070042801,60,-1.61342267841654,NA,"J2650","J4968","J2650_J4968",0,0,0,0,0,0.139859004557503,NA,NA,"tree","soft","J2650_2024","J4968_2024",0,0,72.1428571428571,-9.14285714285714,9.14285714285714,0,0,"tree"
NA,NA,"Y07",NA,NA,NA,NA,NA,NA,2024,"Y07_2024",NA,73,"Y","Y_2024",1.83390070042801,60,-1.61342267841654,NA,NA,"J3070","NA_J3070",NA,0,NA,0,0,1.63910071868438,NA,NA,"tree","soft","NA_2024","J3070_2024",NA,0,72.1428571428571,0.857142857142861,0.857142857142861,NA,0,"tree"
NA,NA,"Y08",NA,NA,NA,NA,NA,NA,2024,"Y08_2024",NA,68,"Y","Y_2024",1.83390070042801,60,-1.61342267841654,NA,"J1182","J3692","J1182_J3692",0,0,0,0,0,1.42492333095197,NA,NA,"tree","soft","J1182_2024","J3692_2024",4,4,72.1428571428571,-4.14285714285714,4.14285714285714,1,1,"tree"
NA,NA,"Y09",NA,NA,NA,NA,NA,NA,2024,"Y09_2024",NA,73,"Y","Y_2024",1.83390070042801,60,-1.61342267841654,NA,"J4109","J4111","J4109_J4111",0,0,0,0,0,-0.502673158639728,NA,NA,"tree","soft","J4109_2024","J4111_2024",1,1,72.1428571428571,0.857142857142861,0.857142857142861,1,1,"tree"
NA,NA,"Y10",NA,NA,NA,NA,NA,NA,2024,"Y10_2024",NA,79,"Y","Y_2024",1.83390070042801,60,-1.61342267841654,NA,"J2403","J3467","J2403_J3467",0,0,0,0,0,1.42492333095197,NA,NA,"tree","soft","J2403_2024","J3467_2024",7,4,72.1428571428571,6.85714285714286,6.85714285714286,1,1,"tree"
NA,NA,"Y11",NA,NA,NA,NA,NA,NA,2024,"Y11_2024",NA,80,"Y","Y_2024",1.83390070042801,60,-1.61342267841654,NA,"J1366","J2463","J1366_J2463",0,0,0,0,0,2.49581026961402,NA,NA,"tree","soft","J1366_2024","J2463_2024",8,3,72.1428571428571,7.85714285714286,7.85714285714286,1,1,"tree"
NA,NA,"Y12",NA,NA,NA,NA,NA,NA,2024,"Y12_2024",NA,68,"Y","Y_2024",1.83390070042801,60,-1.61342267841654,NA,"J3655","J3679","J3655_J3679",0,0,0,0,0,NA,NA,NA,"tree","soft","J3655_2024","J3679_2024",0,0,72.1428571428571,-4.14285714285714,4.14285714285714,0,0,"tree"
NA,NA,"Y14",NA,NA,NA,NA,NA,NA,2024,"Y14_2024",NA,70,"Y","Y_2024",1.83390070042801,60,-1.61342267841654,NA,"J2115","J1995","J2115_J1995",0,0,0,0,0,1.42492333095197,NA,NA,"tree","soft","J2115_2024","J1995_2024",0,0,72.1428571428571,-2.14285714285714,2.14285714285714,0,0,"tree"
NA,NA,"Y16",NA,NA,NA,NA,NA,NA,2024,"Y16_2024",NA,79,"Y","Y_2024",1.83390070042801,60,-1.61342267841654,NA,"J4104","J5087","J4104_J5087",0,0,0,0,0,-0.502673158639728,NA,NA,"tree","soft","J4104_2024","J5087_2024",1,1,72.1428571428571,6.85714285714286,6.85714285714286,1,1,"tree"
NA,NA,"Y17",NA,NA,NA,NA,NA,NA,2024,"Y17_2024",NA,70,"Y","Y_2024",1.83390070042801,60,-1.61342267841654,NA,"J5090","J3693","J5090_J3693",0,0,0,0,0,0.139859004557503,NA,NA,"tree","soft","J5090_2024","J3693_2024",1,4,72.1428571428571,-2.14285714285714,2.14285714285714,1,1,"tree"
NA,NA,"Y18",NA,NA,NA,NA,NA,NA,2024,"Y18_2024",NA,73,"Y","Y_2024",1.83390070042801,60,-1.61342267841654,NA,"J3698","J1521","J3698_J1521",0,0,0,0,0,1.42492333095197,NA,NA,"tree","soft","J3698_2024","J1521_2024",4,7,72.1428571428571,0.857142857142861,0.857142857142861,1,1,"tree"
NA,NA,"Y19",NA,NA,NA,NA,NA,NA,2024,"Y19_2024",NA,67,"Y","Y_2024",1.83390070042801,60,-1.61342267841654,NA,"J2542","J2572","J2542_J2572",0,0,0,0,0,1.21074594321955,NA,NA,"tree","soft","J2542_2024","J2572_2024",0,0,72.1428571428571,-5.14285714285714,5.14285714285714,0,0,"tree"
NA,NA,"Y21",NA,NA,NA,NA,NA,NA,2024,"Y21_2024",NA,63,"Y","Y_2024",1.83390070042801,60,-1.61342267841654,NA,"J1323","J2961","J1323_J2961",0,0,0,0,0,2.28163288188161,NA,NA,"tree","soft","J1323_2024","J2961_2024",8,2,72.1428571428571,-9.14285714285714,9.14285714285714,1,1,"tree"
NA,NA,"Y22",NA,NA,NA,NA,NA,NA,2024,"Y22_2024",NA,80,"Y","Y_2024",1.83390070042801,60,-1.61342267841654,NA,"J2128","J2263","J2128_J2263",0,0,0,0,0,1.21074594321955,NA,NA,"tree","soft","J2128_2024","J2263_2024",0,0,72.1428571428571,7.85714285714286,7.85714285714286,0,0,"tree"
NA,NA,"Y23",NA,NA,NA,NA,NA,NA,2024,"Y23_2024",NA,73,"Y","Y_2024",1.83390070042801,60,-1.61342267841654,NA,"J505","J1480","J505_J1480",0,0,0,0,0,2.92416504507884,NA,NA,"tree","soft","J505_2024","J1480_2024",8,8,72.1428571428571,0.857142857142861,0.857142857142861,1,1,"tree"
NA,NA,"Y26",NA,NA,NA,NA,NA,NA,2024,"Y26_2024",NA,75,"Y","Y_2024",1.83390070042801,60,-1.61342267841654,NA,"J2952","J2941","J2952_J2941",0,0,0,0,0,1.63910071868438,NA,NA,"tree","soft","J2952_2024","J2941_2024",6,6,72.1428571428571,2.85714285714286,2.85714285714286,1,1,"tree"
NA,NA,"Y27",NA,NA,NA,NA,NA,NA,2024,"Y27_2024",NA,63,"Y","Y_2024",1.83390070042801,60,-1.61342267841654,NA,"J5045","J5012","J5045_J5012",0,0,0,0,0,-0.931027934104549,NA,NA,"tree","soft","J5045_2024","J5012_2024",0,0,72.1428571428571,-9.14285714285714,9.14285714285714,0,0,"tree"
NA,NA,"Y28",NA,NA,NA,NA,NA,NA,2024,"Y28_2024",NA,80,"Y","Y_2024",1.83390070042801,60,-1.61342267841654,NA,"J295","J446","J295_J446",0,0,0,0,0,3.35251982054366,NA,NA,"tree","soft","J295_2024","J446_2024",12,12,72.1428571428571,7.85714285714286,7.85714285714286,1,1,"tree"
NA,NA,"Y29",NA,NA,NA,NA,NA,NA,2024,"Y29_2024",NA,74,"Y","Y_2024",1.83390070042801,60,-1.61342267841654,NA,"J2392","J4521","J2392_J4521",0,0,0,0,0,1.21074594321955,NA,NA,"tree","soft","J2392_2024","J4521_2024",6,3,72.1428571428571,1.85714285714286,1.85714285714286,1,1,"tree"
NA,NA,"Y30",NA,NA,NA,NA,NA,NA,2024,"Y30_2024",NA,82,"Y","Y_2024",1.83390070042801,60,-1.61342267841654,NA,"J1618","J5056","J1618_J5056",0,0,0,0,0,0.782391167754734,NA,NA,"tree","soft","J1618_2024","J5056_2024",3,0,72.1428571428571,9.85714285714286,9.85714285714286,1,0,"tree"
NA,NA,"Y31",NA,NA,NA,NA,NA,NA,2024,"Y31_2024",NA,67,"Y","Y_2024",1.83390070042801,60,-1.61342267841654,NA,"J4601","J5645B","J4601_J5645B",0,0,0,0,0,-0.931027934104549,NA,NA,"tree","soft","J4601_2024","J5645B_2024",0,0,72.1428571428571,-5.14285714285714,5.14285714285714,0,0,"tree"
NA,NA,"Y33",NA,NA,NA,NA,NA,NA,2024,"Y33_2024",NA,81,"Y","Y_2024",1.83390070042801,60,-1.61342267841654,NA,"J3096","J2801","J3096_J2801",0,0,0,0,0,2.49581026961402,NA,NA,"tree","soft","J3096_2024","J2801_2024",0,0,72.1428571428571,8.85714285714286,8.85714285714286,0,0,"tree"
NA,NA,"Y35",NA,NA,NA,NA,NA,NA,2024,"Y35_2024",NA,82,"Y","Y_2024",1.83390070042801,60,-1.61342267841654,NA,"J5089","J2126","J5089_J2126",0,0,0,0,0,-0.502673158639728,NA,NA,"tree","soft","J5089_2024","J2126_2024",1,1,72.1428571428571,9.85714285714286,9.85714285714286,1,1,"tree"
NA,NA,"Z02",NA,NA,NA,NA,NA,NA,2024,"Z02_2024",NA,63,"Z","Z_2024",1.83390070042801,60,-1.61342267841654,NA,"J3631","J3383","J3631_J3383",0,0,0,0,0,0.354036392289913,NA,NA,"tree","soft","J3631_2024","J3383_2024",3,3,NA,NA,NA,1,1,"tree"
NA,NA,"Z03",NA,NA,NA,NA,NA,NA,2024,"Z03_2024",NA,73,"Z","Z_2024",1.83390070042801,60,-1.61342267841654,NA,"J1154","J2395","J1154_J2395",0,0,0,0,0,2.0674554941492,NA,NA,"tree","soft","J1154_2024","J2395_2024",6,7,NA,NA,NA,1,1,"tree"
NA,NA,"Z05",NA,NA,NA,NA,NA,NA,2024,"Z05_2024",NA,83,"Z","Z_2024",1.83390070042801,60,-1.61342267841654,NA,"J2951","J2149","J2951_J2149",0,0,0,0,0,1.42492333095197,NA,NA,"tree","soft","J2951_2024","J2149_2024",6,4,NA,NA,NA,1,1,"tree"
NA,NA,"Z06",NA,NA,NA,NA,NA,NA,2024,"Z06_2024",NA,63,"Z","Z_2024",1.83390070042801,60,-1.61342267841654,NA,"J3549","J3740","J3549_J3740",0,0,0,0,0,0.139859004557503,NA,NA,"tree","soft","J3549_2024","J3740_2024",0,0,NA,NA,NA,0,0,"tree"
NA,NA,"Z07",NA,NA,NA,NA,NA,NA,2024,"Z07_2024",NA,79,"Z","Z_2024",1.83390070042801,60,-1.61342267841654,NA,"J615","J618","J615_J618",0,0,0,0,0,2.49581026961402,NA,NA,"tree","soft","J615_2024","J618_2024",7,7,NA,NA,NA,1,1,"tree"
NA,NA,"Z08",NA,NA,NA,NA,NA,NA,2024,"Z08_2024",NA,73,"Z","Z_2024",1.83390070042801,60,-1.61342267841654,NA,"J4162","J4112","J4162_J4112",0,0,0,0,0,-0.502673158639728,NA,NA,"tree","concrete","J4162_2024","J4112_2024",0,0,NA,NA,NA,0,0,"tree"
NA,NA,"Z10",NA,NA,NA,NA,NA,NA,2024,"Z10_2024",NA,73,"Z","Z_2024",1.83390070042801,60,-1.61342267841654,NA,"J42","J1351","J42_J1351",0,0,0,0,0,3.13834243281125,NA,NA,"tree","soft","J42_2024","J1351_2024",8,8,NA,NA,NA,1,1,"tree"
NA,NA,"Z11",NA,NA,NA,NA,NA,NA,2024,"Z11_2024",NA,62,"Z","Z_2024",1.83390070042801,60,-1.61342267841654,NA,"J1964","J595","J1964_J595",0,0,0,0,0,2.0674554941492,NA,NA,"wall","concrete","J1964_2024","J595_2024",4,5,NA,NA,NA,1,1,"building"
NA,NA,"Z13",NA,NA,NA,NA,NA,NA,2024,"Z13_2024",NA,63,"Z","Z_2024",1.83390070042801,60,-1.61342267841654,NA,"J1337","J2025","J1337_J2025",0,0,0,0,0,1.63910071868438,NA,NA,"tree","soft","J1337_2024","J2025_2024",7,0,NA,NA,NA,1,0,"tree"
NA,NA,"Z14",NA,NA,NA,NA,NA,NA,2024,"Z14_2024",NA,68,"Z","Z_2024",1.83390070042801,60,-1.61342267841654,NA,"J41","J145","J41_J145",0,0,0,0,0,3.35251982054366,NA,NA,"barn","concrete","J41_2024","J145_2024",10,11,NA,NA,NA,1,1,"building"
NA,NA,"Z15",NA,NA,NA,NA,NA,NA,2024,"Z15_2024",NA,73,"Z","Z_2024",1.83390070042801,60,-1.61342267841654,NA,"J2375","J1631","J2375_J1631",0,0,0,0,0,1.85327810641679,NA,NA,"barn","concrete","J2375_2024","J1631_2024",7,0,NA,NA,NA,1,0,"building"
NA,NA,"Z16",NA,NA,NA,NA,NA,NA,2024,"Z16_2024",NA,65,"Z","Z_2024",1.83390070042801,60,-1.61342267841654,NA,"J1001","J2077","J1001_J2077",0,0,0,0,0,1.63910071868438,NA,NA,"barn","concrete","J1001_2024","J2077_2024",8,4,NA,NA,NA,1,1,"building"
NA,NA,"Z17",NA,NA,NA,NA,NA,NA,2024,"Z17_2024",NA,62,"Z","Z_2024",1.83390070042801,60,-1.61342267841654,NA,"J990","J909","J990_J909",0,0,0,0,0,2.28163288188161,NA,NA,"barn","concrete","J990_2024","J909_2024",7,7,NA,NA,NA,1,1,"building"
NA,NA,"Z18",NA,NA,NA,NA,NA,NA,2024,"Z18_2024",NA,75,"Z","Z_2024",1.83390070042801,60,-1.61342267841654,NA,"J1419","J1065","J1419_J1065",0,0,0,0,0,2.0674554941492,NA,NA,"wall","concrete","J1419_2024","J1065_2024",4,4,NA,NA,NA,1,1,"building"
NA,NA,"Z19",NA,NA,NA,NA,NA,NA,2024,"Z19_2024",NA,63,"Z","Z_2024",1.83390070042801,60,-1.61342267841654,NA,"J2680","J2619","J2680_J2619",0,0,0,0,0,0.782391167754734,NA,NA,"wall","concrete","J2680_2024","J2619_2024",1,1,NA,NA,NA,1,1,"building"
NA,NA,"Z20",NA,NA,NA,NA,NA,NA,2024,"Z20_2024",NA,74,"Z","Z_2024",1.83390070042801,60,-1.61342267841654,NA,"J664","J640","J664_J640",0,0,0,0,0,2.49581026961402,NA,NA,"wall","concrete","J664_2024","J640_2024",4,4,NA,NA,NA,1,1,"building"
NA,NA,"Z21",NA,NA,NA,NA,NA,NA,2024,"Z21_2024",NA,79,"Z","Z_2024",1.83390070042801,60,-1.61342267841654,NA,"J1783","J2981","J1783_J2981",0,0,0,0,0,1.63910071868438,NA,NA,"wall","concrete","J1783_2024","J2981_2024",6,5,NA,NA,NA,1,1,"building"
NA,NA,"Z22",NA,NA,NA,NA,NA,NA,2024,"Z22_2024",NA,68,"Z","Z_2024",1.83390070042801,60,-1.61342267841654,NA,"J1556","J1898","J1556_J1898",0,0,0,0,0,2.0674554941492,NA,NA,"barn","concrete","J1556_2024","J1898_2024",1,8,NA,NA,NA,1,1,"building"
NA,NA,"Z23",NA,NA,NA,NA,NA,NA,2024,"Z23_2024",NA,63,"Z","Z_2024",1.83390070042801,60,-1.61342267841654,NA,"J2500","J2168","J2500_J2168",0,0,0,0,0,1.21074594321955,NA,NA,"barn","concrete","J2500_2024","J2168_2024",5,5,NA,NA,NA,1,1,"building"
NA,NA,"Z24",NA,NA,NA,NA,NA,NA,2024,"Z24_2024",NA,65,"Z","Z_2024",1.83390070042801,60,-1.61342267841654,NA,"J5938","J5986","J5938_J5986",0,0,0,0,0,3.78087459600848,NA,NA,"barn","concrete","J5938_2024","J5986_2024",0,0,NA,NA,NA,0,0,"building"
NA,NA,"Z25",NA,NA,NA,NA,NA,NA,2024,"Z25_2024",NA,NA,"Z","Z_2024",1.83390070042801,60,-1.61342267841654,NA,"J3715","J1096","J3715_J1096",0,0,0,0,0,0.996568555487145,NA,NA,"barn","concrete","J3715_2024","J1096_2024",1,4,NA,NA,NA,1,1,"building"
NA,NA,"Z26",NA,NA,NA,NA,NA,NA,2024,"Z26_2024",NA,72,"Z","Z_2024",1.83390070042801,60,-1.61342267841654,NA,"J4511","J4520","J4511_J4520",0,0,0,0,0,0.354036392289913,NA,NA,"tree","concrete","J4511_2024","J4520_2024",3,3,NA,NA,NA,1,1,"tree"
NA,NA,"Z27",NA,NA,NA,NA,NA,NA,2024,"Z27_2024",NA,80,"Z","Z_2024",1.83390070042801,60,-1.61342267841654,NA,"J1222","J899","J1222_J899",0,0,0,0,0,2.28163288188161,NA,NA,"barn","concrete","J1222_2024","J899_2024",2,9,NA,NA,NA,1,1,"building"
NA,NA,"Z28",NA,NA,NA,NA,NA,NA,2024,"Z28_2024",NA,80,"Z","Z_2024",1.83390070042801,60,-1.61342267841654,NA,"J1979","J2309","J1979_J2309",0,0,0,0,0,1.63910071868438,NA,NA,"barn","concrete","J1979_2024","J2309_2024",6,1,NA,NA,NA,1,1,"building"
NA,NA,"Z29",NA,NA,NA,NA,NA,NA,2024,"Z29_2024",NA,62,"Z","Z_2024",1.83390070042801,60,-1.61342267841654,NA,"J2377","J1463","J2377_J1463",0,0,0,0,0,2.0674554941492,NA,NA,"barn","concrete","J2377_2024","J1463_2024",7,5,NA,NA,NA,1,1,"building"
NA,NA,"Z30",NA,NA,NA,NA,NA,NA,2024,"Z30_2024",NA,80,"Z","Z_2024",1.83390070042801,60,-1.61342267841654,NA,"J1973","J3699","J1973_J3699",0,0,0,0,0,1.21074594321955,NA,NA,"barn","concrete","J1973_2024","J3699_2024",4,4,NA,NA,NA,1,1,"building"
NA,NA,"Z31",NA,NA,NA,NA,NA,NA,2024,"Z31_2024",NA,62,"Z","Z_2024",1.83390070042801,60,-1.61342267841654,NA,"J2701","J2396","J2701_J2396",0,0,0,0,0,0.996568555487145,NA,NA,"barn","concrete","J2701_2024","J2396_2024",1,1,NA,NA,NA,1,1,"building"
NA,NA,"Z32",NA,NA,NA,NA,NA,NA,2024,"Z32_2024",NA,91,"Z","Z_2024",1.83390070042801,60,-1.61342267841654,NA,"J1916","J1093","J1916_J1093",0,0,0,0,0,2.0674554941492,NA,NA,"barn","concrete","J1916_2024","J1093_2024",8,8,NA,NA,NA,1,1,"building"
NA,NA,"Z33",NA,NA,NA,NA,NA,NA,2024,"Z33_2024",NA,79,"Z","Z_2024",1.83390070042801,60,-1.61342267841654,NA,"J3148","J3305","J3148_J3305",0,0,0,0,0,0.354036392289913,NA,NA,"barn","concrete","J3148_2024","J3305_2024",0,0,NA,NA,NA,0,0,"building"
NA,NA,"Z35",NA,NA,NA,NA,NA,NA,2024,"Z35_2024",NA,65,"Z","Z_2024",1.83390070042801,60,-1.61342267841654,NA,"J2415","J1627","J2415_J1627",0,0,0,0,0,1.85327810641679,NA,NA,"tree","concrete","J2415_2024","J1627_2024",6,2,NA,NA,NA,1,1,"tree"
NA,NA,"Z38",NA,NA,NA,NA,NA,NA,2024,"Z38_2024",NA,74,"Z","Z_2024",1.83390070042801,60,-1.61342267841654,NA,"J4512","J4534","J4512_J4534",0,0,0,0,0,0.354036392289913,NA,NA,"tree","soft","J4512_2024","J4534_2024",3,3,NA,NA,NA,1,1,"tree"
NA,NA,"Z39",NA,NA,NA,NA,NA,NA,2024,"Z39_2024",NA,63,"Z","Z_2024",1.83390070042801,60,-1.61342267841654,NA,"J56","J1345","J56_J1345",0,0,0,0,0,2.92416504507884,NA,NA,"tree","soft","J56_2024","J1345_2024",9,9,NA,NA,NA,1,1,"tree"
NA,NA,"Z40",NA,NA,NA,NA,NA,NA,2024,"Z40_2024",NA,63,"Z","Z_2024",1.83390070042801,60,-1.61342267841654,NA,"J3828","J1962","J3828_J1962",0,0,0,0,0,0.996568555487145,NA,NA,"tree","soft","J3828_2024","J1962_2024",0,7,NA,NA,NA,0,1,"tree"
NA,NA,"Z41",NA,NA,NA,NA,NA,NA,2024,"Z41_2024",NA,80,"Z","Z_2024",1.83390070042801,60,-1.61342267841654,NA,"J164","J831","J164_J831",0,0,0,0,0,2.92416504507884,NA,NA,"tree","soft","J164_2024","J831_2024",8,8,NA,NA,NA,1,1,"tree"
NA,NA,"Z42",NA,NA,NA,NA,NA,NA,2024,"Z42_2024",NA,68,"Z","Z_2024",1.83390070042801,60,-1.61342267841654,NA,"J3822","J2563","J3822_J2563",0,0,0,0,0,1.42492333095197,NA,NA,"tree","soft","J3822_2024","J2563_2024",4,4,NA,NA,NA,1,1,"tree"
NA,NA,"Z43",NA,NA,NA,NA,NA,NA,2024,"Z43_2024",NA,77,"Z","Z_2024",1.83390070042801,60,-1.61342267841654,NA,"J5670","J3809","J5670_J3809",0,0,0,0,0,-0.502673158639728,NA,NA,"tree","soft","J5670_2024","J3809_2024",0,0,NA,NA,NA,0,0,"tree"
NA,NA,"Z44",NA,NA,NA,NA,NA,NA,2024,"Z44_2024",NA,73,"Z","Z_2024",1.83390070042801,60,-1.61342267841654,NA,"J908","J3826","J908_J3826",0,0,0,0,0,1.21074594321955,NA,NA,"tree","soft","J908_2024","J3826_2024",7,0,NA,NA,NA,1,0,"tree"
NA,NA,"Z45",NA,NA,NA,NA,NA,NA,2024,"Z45_2024",NA,65,"Z","Z_2024",1.83390070042801,60,-1.61342267841654,NA,"J3508","J2783","J3508_J2783",0,0,0,0,0,0.782391167754734,NA,NA,"tree","soft","J3508_2024","J2783_2024",4,4,NA,NA,NA,1,1,"tree"
