"nest1","nest2","weight","site_comb","site_same_other","site_same_semi_other","dyad_ID","spatial","spatial_z","spatial_weight","prospect_weight","spatial_weight_z","prospect_weight_z","year","nest1_anthro","nest2_anthro","anthro","anthro_binary"
"X20","X18",0.428571428571428,"XX","same","same","X18_X20",13.8524396683373,-1.3294649636293,0.971031483778442,0,1.32920618699159,NA,"2024",0,0,0,1
"X21","X18",0.714285714285714,"XX","same","same","X18_X21",34.2480822168319,-1.07446347694211,0.915637139271569,0,1.07425433563074,NA,"2024",0,0,0,1
"X22","X18",0.714285714285714,"XX","same","same","X18_X22",45.8108811187886,-0.929896768477133,0.884232702548592,0,0.929715766671335,NA,"2024",0,0,0,1
"X23","X18",0.285714285714286,"XX","same","same","X18_X23",53.8870474052107,-0.828922533177904,0.862297922288488,0,0.828761185724662,NA,"2024",1,0,1,0
"X25","X18",0.714285714285714,"XX","same","same","X18_X25",56.0366767002071,-0.802046269547226,0.856459552379525,0,0.801890153483548,NA,"2024",1,0,1,0
"X27","X18",0.625,"XX","same","same","X18_X27",76.450081807943,-0.546822702138468,0.801016964953922,0,0.546716264628528,NA,"2024",1,0,1,0
"X31","X18",0.777777777777778,"XX","same","same","X18_X31",99.7218080060367,-0.255862279382419,0.737811208370295,0,0.255812476505182,NA,"2024",1,0,1,0
"X32","X18",0.714285714285714,"XX","same","same","X18_X32",97.9158486528048,-0.278441725892907,0.742716174435496,0,0.278387527989544,NA,"2024",0,0,0,1
"X33","X18",0.571428571428571,"XX","same","same","X18_X33",105.678686950713,-0.181384950056001,0.721632389602387,0,0.181349643982663,NA,"2024",0,0,0,1
"X35","X18",0.5,"XX","same","same","X18_X35",117.075739570687,-0.0388905248357398,0.69067811798811,0,0.0388829549038265,NA,"2024",0,0,0,1
"X36","X18",0.571428571428571,"XX","same","same","X18_X36",113.947323268558,-0.0780043113282531,0.699174862819218,0,0.0779891280071694,NA,"2024",0,0,0,1
"X38","X18",0.5,"XX","same","same","X18_X38",119.579425645167,-0.0075875801174111,0.683878133696513,0,0.00758610321615776,NA,"2024",0,0,0,1
"X39","X18",0.857142857142857,"XX","same","same","X18_X39",128.432372145651,0.103098538930707,0.659833626778789,0,-0.103078471088389,NA,"2024",1,0,1,0
"X21","X20",0.6,"XX","same","same","X20_X21",22.8901288794701,-1.21646905386201,0.946485217657275,0,1.21623227156217,NA,"2024",0,0,0,1
"X22","X20",0.6,"XX","same","same","X20_X22",32.2475653647421,-1.09947542595096,0.921070521398805,0,1.09926141613366,NA,"2024",0,0,0,1
"X23","X20",0.666666666666667,"XX","same","same","X20_X23",42.6265727042798,-0.969709359712716,0.892881249752242,0,0.969520608497358,NA,"2024",1,0,1,0
"X25","X20",0.6,"XX","same","same","X20_X25",43.1841320904303,-0.962738337738452,0.891366924491539,0,0.96255094341303,NA,"2024",1,0,1,0
"X27","X20",0.5,"XX","same","same","X20_X27",65.1276656770891,-0.688383966481764,0.831768524671219,0,0.688249974467554,NA,"2024",1,0,1,0
"X31","X20",0.333333333333333,"XX","same","same","X20_X31",91.907179132523,-0.353566579500277,0.759035655846441,0,0.353497758754224,NA,"2024",1,0,1,0
"X32","X20",0.6,"XX","same","same","X20_X32",89.0211599994293,-0.389649736370513,0.766874052588877,0,0.389573892138871,NA,"2024",0,0,0,1
"X33","X20",0.75,"XX","same","same","X20_X33",98.4705567823413,-0.271506352448655,0.741209593156909,0,0.27145350449634,NA,"2024",0,0,0,1
"X35","X20",0.333333333333333,"XX","same","same","X20_X35",106.459562719461,-0.171621860637505,0.719511539462548,0,0.171588454922222,NA,"2024",0,0,0,1
"X36","X20",0.75,"XX","same","same","X20_X36",106.269376691222,-0.173999707760123,0.720028082657673,0,0.173965839203547,NA,"2024",0,0,0,1
"X38","X20",0.6,"XX","same","same","X20_X38",110.450921687907,-0.121718923358814,0.708671051685661,0,0.121695231110733,NA,"2024",0,0,0,1
"X39","X20",0.5,"XX","same","same","X20_X39",118.448675604401,-0.0217250578056601,0.686949238573959,0,0.0217208290839061,NA,"2024",1,0,1,0
"X22","X21",0.666666666666667,"XX","same","same","X21_X22",16.8439969684524,-1.29206229013052,0.962906446516164,1,1.29181079381862,NA,"2024",0,0,0,1
"X23","X21",0.4,"XX","same","same","X21_X23",19.8110338064636,-1.25496618967918,0.954848006563679,0,1.2547219140195,NA,"2024",1,0,1,0
"X25","X21",0.666666666666667,"XX","same","same","X21_X25",22.7381685236999,-1.21836897520779,0.94689794033953,0,1.21813182309358,NA,"2024",1,0,1,0
"X27","X21",0.571428571428571,"XX","same","same","X21_X27",42.3900006159796,-0.972667159844867,0.893523776984657,0,0.972477832901984,NA,"2024",1,0,1,0
"X31","X21",0.555555555555556,"XX","same","same","X21_X31",70.0848903172192,-0.626405058483649,0.818304756179474,0,0.626283130490575,NA,"2024",1,0,1,0
"X32","X21",1,"XX","same","same","X21_X32",66.5528388819036,-0.670565391501821,0.827897769665499,0,0.670434867823407,NA,"2024",0,0,0,1
"X33","X21",0.8,"XX","same","same","X21_X33",77.0490455415444,-0.539334012229488,0.799390185933484,0,0.539229032372098,NA,"2024",0,0,0,1
"X35","X21",0.428571428571428,"XX","same","same","X21_X35",83.5804351453319,-0.457673723511493,0.781651002430902,0,0.457584638600962,NA,"2024",0,0,0,1
"X36","X21",0.8,"XX","same","same","X21_X36",84.4353064891651,-0.446985486399794,0.779329181109669,0,0.446898481924731,NA,"2024",0,0,0,1
"X38","X21",0.666666666666667,"XX","same","same","X21_X38",87.8104097412615,-0.404787436254475,0.770162437191287,0,0.404708645511878,NA,"2024",0,0,0,1
"X39","X21",0.571428571428571,"XX","same","same","X21_X39",95.580999090476,-0.307633751011465,0.749057600586687,0,0.307573870962039,NA,"2024",1,0,1,0
"X23","X22",0.4,"XX","same","same","X22_X23",20.0338669190249,-1.25218016443623,0.954242794240733,0,1.25193643106858,NA,"2024",1,0,1,0
"X25","X22",0.666666666666667,"XX","same","same","X22_X25",13.1038642917186,-1.33882420953103,0.973064606402707,0,1.33856361114228,NA,"2024",1,0,1,0
"X27","X22",0.833333333333333,"XX","same","same","X22_X27",38.2171654008412,-1.02483904808182,0.904857152284218,1,1.02463956602678,NA,"2024",1,0,1,0
"X31","X22",0.555555555555556,"XX","same","same","X22_X31",72.8415374038044,-0.591939407123083,0.810817732515714,0,0.591824187772673,NA,"2024",1,0,1,0
"X32","X22",0.666666666666667,"XX","same","same","X22_X32",67.2814201162652,-0.66145612723163,0.825918950915293,0,0.661327376646034,NA,"2024",0,0,0,1
"X33","X22",0.8,"XX","same","same","X22_X33",80.5495577109711,-0.495568006561952,0.789882832752398,0,0.495471545635187,NA,"2024",0,0,0,1
"X35","X22",0.428571428571428,"XX","same","same","X22_X35",79.5490022481529,-0.508077694840956,0.792600330564678,0,0.507978798938347,NA,"2024",0,0,0,1
"X36","X22",0.8,"XX","same","same","X22_X36",86.7145977924792,-0.41848809194133,0.773138650588893,0,0.418406634404414,NA,"2024",0,0,0,1
"X38","X22",0.666666666666667,"XX","same","same","X22_X38",87.0725495959756,-0.414012712367634,0.772166457363178,0,0.413932125950838,NA,"2024",0,0,0,1
"X39","X22",0.833333333333333,"XX","same","same","X22_X39",92.7484859393217,-0.343047936315409,0.756750675661042,0,0.34298116299384,NA,"2024",1,0,1,0
"X25","X23",0.4,"XX","same","same","X23_X25",11.6757300872021,-1.35667980513066,0.976943403451583,1,1.35641573120016,NA,"2024",1,1,2,1
"X27","X23",0.333333333333333,"XX","same","same","X23_X27",22.5903360188173,-1.22021728709285,0.947299451823432,0,1.2199797752099,NA,"2024",1,1,2,1
"X31","X23",0.222222222222222,"XX","same","same","X23_X31",53.1980746446738,-0.837536582860632,0.864169164852299,0,0.837373558706706,NA,"2024",1,1,2,1
"X32","X23",0.4,"XX","same","same","X23_X32",48.3413745881459,-0.898258657777551,0.877359909662529,0,0.898083814241534,NA,"2024",0,1,1,0
"X33","X23",0.5,"XX","same","same","X23_X33",60.7595442601502,-0.742997468003039,0.843632295182123,0,0.742852845623469,NA,"2024",0,1,1,0
"X35","X23",0.166666666666667,"XX","same","same","X23_X35",63.8599032430363,-0.704234474975476,0.835211753726534,0,0.704097397704109,NA,"2024",0,1,1,0
"X36","X23",0.5,"XX","same","same","X23_X36",67.2815479035216,-0.661454529540344,0.825918603846487,0,0.661325779265734,NA,"2024",0,1,1,0
"X38","X23",0.4,"XX","same","same","X23_X38",69.0197589684723,-0.639722122498759,0.821197641399308,0,0.639597602376411,NA,"2024",0,1,1,0
"X39","X23",0.333333333333333,"XX","same","same","X23_X39",76.1203823595705,-0.550944849763629,0.801912425088773,0,0.55083760988918,NA,"2024",1,1,2,1
"X27","X25",0.571428571428571,"XX","same","same","X25_X27",25.2109208196765,-1.18745278758664,0.940181971855683,0,1.1872216532219,NA,"2024",1,1,2,1
"X31","X25",0.555555555555556,"XX","same","same","X25_X31",61.1093240125618,-0.738624261487678,0.842682297158743,0,0.738480490340528,NA,"2024",1,1,2,1
"X32","X25",0.666666666666667,"XX","same","same","X25_X32",54.9427964875017,-0.815722773233459,0.859430519202844,0,0.815563995076581,NA,"2024",0,1,1,0
"X33","X25",0.8,"XX","same","same","X25_X33",69.0056161944698,-0.639898945974065,0.821236053020492,0,0.639774391433523,NA,"2024",0,1,1,0
"X35","X25",0.666666666666667,"XX","same","same","X25_X35",66.445137956741,-0.671911948540598,0.828190284213054,0,0.671781162758622,NA,"2024",0,1,1,0
"X36","X25",0.8,"XX","same","same","X25_X36",74.6631988064208,-0.569163641917188,0.805870119854261,0,0.569052855805789,NA,"2024",0,1,1,0
"X38","X25",0.666666666666667,"XX","same","same","X25_X38",74.2537647653673,-0.574282690700317,0.806982138280208,0,0.574170908180388,NA,"2024",0,1,1,0
"X39","X25",0.833333333333333,"XX","same","same","X25_X39",79.672051512288,-0.506539241457317,0.792266130094523,0,0.506440645010357,NA,"2024",1,1,2,1
"X31","X27",0.666666666666667,"XX","same","same","X27_X31",38.5063775765851,-1.02122310244013,0.904071655143804,0,1.0210243242188,NA,"2024",1,1,2,1
"X32","X27",0.571428571428571,"XX","same","same","X27_X32",30.9451083533844,-1.11575971184451,0.924607980550729,0,1.1155425323365,NA,"2024",0,1,1,0
"X33","X27",0.666666666666667,"XX","same","same","X27_X33",46.6202954602696,-0.919776868604753,0.88203434195396,0,0.919597836609168,NA,"2024",0,1,1,0
"X35","X27",0.571428571428571,"XX","same","same","X27_X35",41.6910950030033,-0.981405397433568,0.895421997068233,0,0.981214369617173,NA,"2024",0,1,1,0
"X36","X27",0.666666666666667,"XX","same","same","X27_X36",50.9767973840035,-0.86530864262627,0.870202129860893,0,0.865140212718568,NA,"2024",0,1,1,0
"X38","X27",0.833333333333333,"XX","same","same","X27_X38",49.152979400095,-0.888111371014831,0.875155599773804,0,0.887938502619809,NA,"2024",0,1,1,0
"X39","X27",0.714285714285714,"XX","same","same","X27_X39",54.5810084538399,-0.820246116208804,0.860413131588184,0,0.820086457595865,NA,"2024",1,1,2,1
"X32","X31",0.555555555555556,"XX","same","same","X31_X32",9.54153096397144,-1.38336314928206,0.982739865180965,0,1.38309388151323,NA,"2024",0,1,1,0
"X33","X31",0.444444444444444,"XX","same","same","X31_X33",8.11485783008642,-1.40120047749039,0.986614693977813,0,1.4009277377355,NA,"2024",0,1,1,0
"X35","X31",0.555555555555556,"XX","same","same","X31_X35",32.4236066961849,-1.09727442634383,0.920592395047149,0,1.09706084494495,NA,"2024",0,1,1,0
"X36","X31",0.444444444444444,"XX","same","same","X31_X36",14.3683017929418,-1.32301527181954,0.969630407828986,0,1.32275775059631,NA,"2024",0,1,1,0
"X38","X31",0.555555555555556,"XX","same","same","X31_X38",22.9808465604482,-1.21533483396856,0.946238829417188,0,1.21509827244145,NA,"2024",0,1,1,0
"X39","X31",0.666666666666667,"XX","same","same","X31_X39",35.5193918774874,-1.05856861838415,0.912184275987178,0,1.05836257096256,NA,"2024",1,1,2,1
"X33","X32",0.8,"XX","same","same","X32_X33",16.9747185293336,-1.29042791198884,0.962551408171051,0,1.29017673380407,NA,"2024",0,0,0,1
"X35","X32",0.428571428571428,"XX","same","same","X32_X35",25.6404680446592,-1.18208226882448,0.939015326239783,1,1.18185217981621,NA,"2024",0,0,0,1
"X36","X32",0.8,"XX","same","same","X32_X36",20.0339202997572,-1.25217949703063,0.954242649259242,0,1.25193576379289,NA,"2024",0,0,0,1
"X38","X32",0.666666666666667,"XX","same","same","X32_X38",21.6969904497892,-1.23138655757236,0.949725768724053,0,1.23114687162215,NA,"2024",0,0,0,1
"X39","X32",0.571428571428571,"XX","same","same","X32_X39",32.1482105064092,-1.10071763425718,0.921340368119144,0,1.10050338264751,NA,"2024",1,0,1,0
"X35","X33",0.5,"XX","same","same","X33_X35",35.9610313218628,-1.05304691370494,0.91098478803423,0,1.05284194106773,NA,"2024",0,0,0,1
"X36","X33",1,"XX","same","same","X33_X36",9.10459444801615,-1.38882605445367,0.983926580031204,0,1.38855572334562,NA,"2024",0,0,0,1
"X38","X33",0.8,"XX","same","same","X33_X38",22.6865566752035,-1.21901426490955,0.947038117561672,0,1.2187769871915,NA,"2024",0,0,0,1
"X39","X33",0.666666666666667,"XX","same","same","X33_X39",35.8836852968444,-1.05401395121416,0.911194859001395,0,1.0538087903458,NA,"2024",1,0,1,0
"X36","X35",0.5,"XX","same","same","X35_X36",31.6025582467599,-1.10753978448333,0.92282235375309,0,1.1073242049612,NA,"2024",0,0,0,1
"X38","X35",0.666666666666667,"XX","same","same","X35_X38",17.6956727620219,-1.28141400616401,0.960593304274874,0,1.28116458251081,NA,"2024",0,0,0,1
"X39","X35",0.571428571428571,"XX","same","same","X35_X39",14.1690106030052,-1.32550695844313,0.970171680544777,1,1.32524895222006,NA,"2024",1,0,1,0
"X38","X36",0.8,"XX","same","same","X36_X38",15.6239109651172,-1.30731671244141,0.966220186901448,0,1.30706224689886,NA,"2024",0,0,0,1
"X39","X36",0.666666666666667,"XX","same","same","X36_X39",28.5793644824295,-1.1453380005785,0.93103331530991,0,1.14511506373929,NA,"2024",1,0,1,0
"X39","X38",0.571428571428571,"XX","same","same","X38_X39",13.2045994688519,-1.33756474345294,0.972791010751439,0,1.33730439021574,NA,"2024",1,0,1,0
"Y02","Y01",0.444444444444444,"YY","same","same","Y01_Y02",19.5532676601964,-1.25818897368118,0.95554809662824,1,1.25794407071561,NA,"2024",1,1,2,1
"Y03","Y01",1,"YY","same","same","Y01_Y03",50.4503966853423,-0.871890095523997,0.871631828463473,0,0.871720384554891,NA,"2024",0,1,1,0
"Y04","Y01",0.571428571428571,"YY","same","same","Y01_Y04",57.1998915370877,-0.787502892841349,0.853300273467058,0,0.787349607605281,NA,"2024",1,1,2,1
"Y05","Y01",0.285714285714286,"YY","same","same","Y01_Y05",66.2524663909955,-0.674320871701055,0.828713578101158,0,0.67418961702892,NA,"2024",1,1,2,1
"Y06","Y01",0.625,"YY","same","same","Y01_Y06",70.2229259635147,-0.624679234208317,0.817929852857505,0,0.624557642142113,NA,"2024",1,1,2,1
"Y07","Y01",0.5,"YY","same","same","Y01_Y07",78.0930050568507,-0.526281654216673,0.796554803184222,0,0.526179214964273,NA,"2024",1,1,2,1
"Y08","Y01",0.555555555555556,"YY","same","same","Y01_Y08",87.3290485490017,-0.410805771757656,0.771469808981751,0,0.410725809562882,NA,"2024",1,1,2,1
"Y09","Y01",0.625,"YY","same","same","Y01_Y09",100.613039415886,-0.244719441692779,0.735390633503133,0,0.244671807737741,NA,"2024",1,1,2,1
"Y10","Y01",0.444444444444444,"YY","same","same","Y01_Y10",100.484958588194,-0.246320803424816,0.735738499645472,0,0.246272857769194,NA,"2024",1,1,2,1
"Y11","Y01",0.714285714285714,"YY","same","same","Y01_Y11",52.349105222338,-0.848151029761868,0.866474956618597,1,0.847985939535533,NA,"2024",1,1,2,1
"Y12","Y01",0.571428571428571,"YY","same","same","Y01_Y12",113.116754077458,-0.0883887048585641,0.701430679756547,0,0.0883715002443165,NA,"2024",1,1,2,1
"Y14","Y01",0.625,"YY","same","same","Y01_Y14",219.35168381508,1.23983936919164,0.412897759915611,0,-1.23959803792527,NA,"2024",1,1,2,1
"Y16","Y01",0.6,"YY","same","same","Y01_Y16",177.580175084418,0.717580911182329,0.526348725713639,0,-0.717441236064474,NA,"2024",0,1,1,0
"Y17","Y01",0.571428571428571,"YY","same","same","Y01_Y17",181.367658344153,0.764934842775262,0.516061962155937,0,-0.764785950347034,NA,"2024",1,1,2,1
"Y18","Y01",0.714285714285714,"YY","same","same","Y01_Y18",195.781477931947,0.945147131502571,0.476914184094634,0,-0.944963161256254,NA,"2024",1,1,2,1
"Y19","Y01",1,"YY","same","same","Y01_Y19",95.6496920394694,-0.306774900692012,0.748871031280391,0,0.306715187815399,NA,"2024",1,1,2,1
"Y20","Y01",0.833333333333333,"YY","same","same","Y01_Y20",102.210413099872,-0.224747888296361,0.731052183858972,0,0.224704141748345,NA,"2024",1,1,2,1
"Y21","Y01",0.625,"YY","same","same","Y01_Y21",107.698794482284,-0.156128063807201,0.716145799401628,0,0.156097673916148,NA,"2024",1,1,2,1
"Y22","Y01",0.6,"YY","same","same","Y01_Y22",109.682286022244,-0.131328977908405,0.710758657837945,0,0.131303415090078,NA,"2024",0,1,1,0
"Y23","Y01",0.714285714285714,"YY","same","same","Y01_Y23",183.272127793648,0.788745935748514,0.51088944373504,0,-0.78859240855762,NA,"2024",0,1,1,0
"Y24","Y01",0.6,"YY","same","same","Y01_Y24",199.739210151671,0.994629642168264,0.466165026203478,0,-0.994436040289609,NA,"2024",0,1,1,0
"Y25","Y01",0.666666666666667,"YY","same","same","Y01_Y25",223.255398588365,1.2886465135816,0.402295312824583,0,-1.28839568214106,NA,"2024",0,1,1,0
"Y26","Y01",0.571428571428571,"YY","same","same","Y01_Y26",234.39989141532,1.42798324849894,0.372026990875771,0,-1.42770529555256,NA,"2024",1,1,2,1
"Y27","Y01",0.666666666666667,"YY","same","same","Y01_Y27",261.689293192534,1.76917563836593,0.297909270885379,0,-1.76883127327491,NA,"2024",0,1,1,0
"Y28","Y01",0.833333333333333,"YY","same","same","Y01_Y28",271.382276358022,1.89036452034189,0.271583233473629,0,-1.88999656617386,NA,"2024",0,1,1,0
"Y29","Y01",0.571428571428571,"YY","same","same","Y01_Y29",283.055438182327,2.03631106811357,0.239879052247539,0,-2.03591470585812,NA,"2024",1,1,2,1
"Y30","Y01",0.8,"YY","same","same","Y01_Y30",284.309692864795,2.05199269265436,0.236472510099393,0,-2.05159327801454,NA,"2024",0,1,1,0
"Y31","Y01",0.8,"YY","same","same","Y01_Y31",313.987070311959,2.42304132973506,0.155869074024267,0,-2.42256969151555,NA,"2024",0,1,1,0
"Y32","Y01",0.5,"YY","same","same","Y01_Y32",297.885025612992,2.22172159552333,0.199602053223074,0,-2.22128914362716,NA,"2024",0,1,1,0
"Y33","Y01",0.6,"YY","same","same","Y01_Y33",274.053499429787,1.923762137159,0.264328220509941,0,-1.92338768223824,NA,"2024",0,1,1,0
"Y34","Y01",0.428571428571428,"YY","same","same","Y01_Y34",209.796701775915,1.12037587989665,0.438848987761264,0,-1.12015780186443,NA,"2024",1,1,2,1
"Y35","Y01",0.666666666666667,"YY","same","same","Y01_Y35",208.560485535155,1.10491978536513,0.442206537696884,0,-1.1047047158185,NA,"2024",0,1,1,0
"Y03","Y02",0.444444444444444,"YY","same","same","Y02_Y03",31.0617063366764,-1.1143019171703,0.924291301689549,0,1.11408502141795,NA,"2024",0,1,1,0
"Y04","Y02",0.75,"YY","same","same","Y02_Y04",38.3169349822521,-1.02359165459935,0.904586179180485,0,1.02339241534595,NA,"2024",1,1,2,1
"Y05","Y02",0.5,"YY","same","same","Y02_Y05",48.0221200522983,-0.90225021534085,0.878227001527964,0,0.902074594859314,NA,"2024",1,1,2,1
"Y06","Y02",0.777777777777778,"YY","same","same","Y02_Y06",52.5697943796194,-0.845391809841796,0.865875567254996,0,0.845227256689903,NA,"2024",1,1,2,1
"Y07","Y02",0.875,"YY","same","same","Y02_Y07",61.2488494834924,-0.73687981031712,0.842303347489184,0,0.736736378722511,NA,"2024",1,1,2,1
"Y08","Y02",0.888888888888889,"YY","same","same","Y02_Y08",71.5465438040619,-0.6081303798958,0.814334921122435,0,0.608012009017813,NA,"2024",1,1,2,1
"Y09","Y02",0.777777777777778,"YY","same","same","Y02_Y09",85.0585767940157,-0.439192897665853,0.777636385704684,0,0.439107409996398,NA,"2024",1,1,2,1
"Y10","Y02",1,"YY","same","same","Y02_Y10",84.5329931611712,-0.445764134999275,0.779063865165345,0,0.445677368256848,NA,"2024",1,1,2,1
"Y11","Y02",0.666666666666667,"YY","same","same","Y02_Y11",34.9855644823953,-1.06524292536218,0.913634145416917,0,1.0650355788054,NA,"2024",1,1,2,1
"Y12","Y02",0.75,"YY","same","same","Y02_Y12",96.2101954930494,-0.299767069797919,0.7473487099644,0,0.299708720975994,NA,"2024",1,1,2,1
"Y14","Y02",0.777777777777778,"YY","same","same","Y02_Y14",202.731585193691,1.03204253968431,0.458037767963032,0,-1.03184165548977,NA,"2024",1,1,2,1
"Y16","Y02",0.375,"YY","same","same","Y02_Y16",162.573814096786,0.529960229337543,0.567105839806364,0,-0.529857074060783,NA,"2024",0,1,1,0
"Y17","Y02",0.75,"YY","same","same","Y02_Y17",166.694601110502,0.58148137226405,0.55591382685877,0,-0.581368188540883,NA,"2024",1,1,2,1
"Y18","Y02",0.666666666666667,"YY","same","same","Y02_Y18",181.814221022962,0.770518101391632,0.51484910275153,0,-0.770368122197727,NA,"2024",1,1,2,1
"Y19","Y02",0.444444444444444,"YY","same","same","Y02_Y19",83.4713172142369,-0.459037997011936,0.781947365551239,0,0.458948646549384,NA,"2024",1,1,2,1
"Y20","Y02",0.555555555555556,"YY","same","same","Y02_Y20",92.1879715809497,-0.350055903549318,0.75827302659433,0,0.349987766146521,NA,"2024",1,1,2,1
"Y21","Y02",0.777777777777778,"YY","same","same","Y02_Y21",99.1683947735361,-0.262781463061211,0.739314272722541,0,0.262730313384218,NA,"2024",1,1,2,1
"Y22","Y02",0.375,"YY","same","same","Y02_Y22",103.040269148694,-0.214372411001013,0.728798303808355,0,0.214330684010641,NA,"2024",0,1,1,0
"Y23","Y02",0.666666666666667,"YY","same","same","Y02_Y23",179.644535547575,0.743391080482541,0.520741945029453,0,-0.743246381487403,NA,"2024",0,1,1,0
"Y24","Y02",0.375,"YY","same","same","Y02_Y24",196.317272842849,0.951846037826055,0.47545897091324,0,-0.951660763656353,NA,"2024",0,1,1,0
"Y25","Y02",0.444444444444444,"YY","same","same","Y02_Y25",219.990831126287,1.24783046406312,0.411161842733131,0,-1.24758757735249,NA,"2024",0,1,1,0
"Y26","Y02",0.75,"YY","same","same","Y02_Y26",231.506908780398,1.3918130287517,0.379884300413836,0,-1.39154211623745,NA,"2024",1,1,2,1
"Y27","Y02",0.444444444444444,"YY","same","same","Y02_Y27",259.352549804852,1.73995993523481,0.30425584064574,0,-1.73962125689871,NA,"2024",0,1,1,0
"Y28","Y02",0.555555555555556,"YY","same","same","Y02_Y28",269.172235607994,1.86273294778631,0.277585680240882,0,-1.86237037202662,NA,"2024",0,1,1,0
"Y29","Y02",0.75,"YY","same","same","Y02_Y29",280.902795591698,2.00939713002061,0.245725606234839,0,-2.00900600648794,NA,"2024",1,1,2,1
"Y30","Y02",0.333333333333333,"YY","same","same","Y02_Y30",281.039759134852,2.01110955006538,0.245353614733405,0,-2.01071809321494,NA,"2024",0,1,1,0
"Y31","Y02",0.5,"YY","same","same","Y02_Y31",312.465337954477,2.40401550043964,0.160002082643985,0,-2.40354756554461,NA,"2024",0,1,1,0
"Y32","Y02",0.5,"YY","same","same","Y02_Y32",297.672488166958,2.21906429435783,0.200179302627119,0,-2.2186323596979,NA,"2024",0,1,1,0
"Y33","Y02",0.375,"YY","same","same","Y02_Y33",276.534821739942,1.95478547346895,0.257588975960303,0,-1.95440497994253,NA,"2024",0,1,1,0
"Y34","Y02",0.625,"YY","same","same","Y02_Y34",207.341292266606,1.08967652468825,0.445517853424148,0,-1.08946442219969,NA,"2024",1,1,2,1
"Y35","Y02",0.444444444444444,"YY","same","same","Y02_Y35",207.41667724308,1.09061904371059,0.445313108643614,0,-1.09040675776333,NA,"2024",0,1,1,0
"Y04","Y03",0.571428571428571,"YY","same","same","Y03_Y04",9.04197113297293,-1.38960901769689,0.984096664277357,1,1.38933853418723,NA,"2024",1,0,1,0
"Y05","Y03",0.285714285714286,"YY","same","same","Y03_Y05",19.9338575533656,-1.25343055587965,0.95451441859589,0,1.25318657912681,NA,"2024",1,0,1,0
"Y06","Y03",0.625,"YY","same","same","Y03_Y06",25.7694584000125,-1.18046953550141,0.938664989830155,0,1.18023976040717,NA,"2024",1,0,1,0
"Y07","Y03",0.5,"YY","same","same","Y03_Y07",35.761862434265,-1.05553707121376,0.911525728578192,0,1.05533161387435,NA,"2024",1,0,1,0
"Y08","Y03",0.555555555555556,"YY","same","same","Y03_Y08",47.7205459681025,-0.906020718752713,0.879046073477993,0,0.905844364353232,NA,"2024",1,0,1,0
"Y09","Y03",0.625,"YY","same","same","Y03_Y09",60.833231104909,-0.742076180285915,0.843432162508955,0,0.741931737232423,NA,"2024",1,0,1,0
"Y10","Y03",0.444444444444444,"YY","same","same","Y03_Y10",59.5008866315483,-0.758734141449857,0.847050795684335,0,0.758586455970803,NA,"2024",1,0,1,0
"Y11","Y03",0.714285714285714,"YY","same","same","Y03_Y11",24.7462039816024,-1.19326302299922,0.941444137760249,1,1.1930307576884,NA,"2024",1,0,1,0
"Y12","Y03",0.571428571428571,"YY","same","same","Y03_Y12",76.2343579039824,-0.549519842770008,0.801602868743221,0,0.549412880269186,NA,"2024",1,0,1,0
"Y14","Y03",0.625,"YY","same","same","Y03_Y14",181.136591466206,0.762045872875899,0.516689537296593,0,-0.761897542777584,NA,"2024",1,0,1,0
"Y16","Y03",0.6,"YY","same","same","Y03_Y16",145.29833669262,0.313969367033559,0.614025849537444,0,-0.31390825377419,NA,"2024",0,0,0,1
"Y17","Y03",0.571428571428571,"YY","same","same","Y03_Y17",150.085530062083,0.373822417672656,0.601023884137311,0,-0.373749654184341,NA,"2024",1,0,1,0
"Y18","Y03",0.714285714285714,"YY","same","same","Y03_Y18",166.459541955158,0.578542487944539,0.556552244981643,0,-0.578429876266987,NA,"2024",1,0,1,0
"Y19","Y03",1,"YY","same","same","Y03_Y19",76.3351743031684,-0.548259361193428,0.801329052493737,0,0.54815264404182,NA,"2024",1,0,1,0
"Y20","Y03",0.833333333333333,"YY","same","same","Y03_Y20",88.6596255351059,-0.394169909033468,0.767855976282638,0,0.394093184962857,NA,"2024",1,0,1,0
"Y21","Y03",0.625,"YY","same","same","Y03_Y21",97.8908843142873,-0.278753848613287,0.742783977308827,0,0.278699589956108,NA,"2024",1,0,1,0
"Y22","Y03",0.6,"YY","same","same","Y03_Y22",104.823552379842,-0.192076478227832,0.723954925845408,0,0.192039091078431,NA,"2024",0,0,0,1
"Y23","Y03",0.714285714285714,"YY","same","same","Y03_Y23",183.296136044701,0.789046104752598,0.510824237584917,0,-0.788892519134647,NA,"2024",0,0,0,1
"Y24","Y03",0.6,"YY","same","same","Y03_Y24",199.939969611977,0.997139686199616,0.465619765681249,0,-0.996945595747909,NA,"2024",0,0,0,1
"Y25","Y03",0.666666666666667,"YY","same","same","Y03_Y25",223.44843218843,1.29105996316429,0.401771035655183,0,-1.29080866195253,NA,"2024",0,0,0,1
"Y26","Y03",0.571428571428571,"YY","same","same","Y03_Y26",235.384399052071,1.44029229492538,0.369353078785472,0,-1.44001194605753,NA,"2024",1,0,1,0
"Y27","Y03",0.666666666666667,"YY","same","same","Y03_Y27",263.757632829435,1.79503555825468,0.292291682808354,0,-1.79468615960257,NA,"2024",0,0,0,1
"Y28","Y03",0.833333333333333,"YY","same","same","Y03_Y28",273.67008166582,1.91896836321432,0.265369579008786,0,-1.91859484138826,NA,"2024",0,0,0,1
"Y29","Y03",0.571428571428571,"YY","same","same","Y03_Y29",285.373136258233,2.06528865259725,0.233584209347917,0,-2.06488664993601,NA,"2024",1,0,1,0
"Y30","Y03",0.8,"YY","same","same","Y03_Y30",283.732843491923,2.04478049292458,0.238039226755339,0,-2.04438248211927,NA,"2024",0,0,0,1
"Y31","Y03",0.8,"YY","same","same","Y03_Y31",317.651770885712,2.46886014090261,0.145915786913341,0,-2.46837958417963,NA,"2024",0,0,0,1
"Y32","Y03",0.5,"YY","same","same","Y03_Y32",304.997512638945,2.31064719624167,0.180284615408625,0,-2.31019743522598,NA,"2024",0,0,0,1
"Y33","Y03",0.6,"YY","same","same","Y03_Y33",288.048371157829,2.09873642826858,0.226318300303243,0,-2.09832791509132,NA,"2024",0,0,0,1
"Y34","Y03",0.428571428571428,"YY","same","same","Y03_Y34",212.290128572387,1.15155055549386,0.432076867557743,0,-1.15132640939821,NA,"2024",1,0,1,0
"Y35","Y03",0.666666666666667,"YY","same","same","Y03_Y35",214.394446388146,1.1778603013234,0.426361563136176,0,-1.17763103410929,NA,"2024",0,0,0,1
"Y05","Y04",0.666666666666667,"YY","same","same","Y04_Y05",10.8945297813819,-1.36644695215293,0.9790651350306,0,1.36618097707456,NA,"2024",1,1,2,1
"Y06","Y04",0.75,"YY","same","same","Y04_Y06",16.7534807227607,-1.29319399153026,0.963152287660192,0,1.29294227493585,NA,"2024",1,1,2,1
"Y07","Y04",0.857142857142857,"YY","same","same","Y04_Y07",26.783957186098,-1.16778551742848,0.93590962210273,0,1.16755821124289,NA,"2024",1,1,2,1
"Y08","Y04",0.666666666666667,"YY","same","same","Y04_Y08",38.8268265924325,-1.01721661059982,0.903201319083612,0,1.01701861223091,NA,"2024",1,1,2,1
"Y09","Y04",0.75,"YY","same","same","Y04_Y09",51.8456542006194,-0.854445548736066,0.867842324146887,0,0.854279233299213,NA,"2024",1,1,2,1
"Y10","Y04",0.75,"YY","same","same","Y04_Y10",50.47397612643,-0.871595287820915,0.871567786956578,0,0.871425634235303,NA,"2024",1,1,2,1
"Y11","Y04",0.857142857142857,"YY","same","same","Y04_Y11",32.5439654387617,-1.09576961186104,0.920265502004438,0,1.09555632337009,NA,"2024",1,1,2,1
"Y12","Y04",0.714285714285714,"YY","same","same","Y04_Y12",78.2798653463201,-0.52394538795273,0.796047292659614,0,0.523843403448026,NA,"2024",1,1,2,1
"Y14","Y04",0.75,"YY","same","same","Y04_Y14",181.48025362445,0.766342592680732,0.515756154592788,0,-0.766193426237921,NA,"2024",1,1,2,1
"Y16","Y04",0.5,"YY","same","same","Y04_Y16",147.52324738629,0.341786854679909,0.607983016164132,0,-0.341720326824353,NA,"2024",0,1,1,0
"Y17","Y04",1,"YY","same","same","Y04_Y17",152.513687788699,0.404181050832943,0.594429034021392,0,-0.404102378121574,NA,"2024",1,1,2,1
"Y18","Y04",0.857142857142857,"YY","same","same","Y04_Y18",169.217786871428,0.613028116559767,0.549060881629745,0,-0.612908792351034,NA,"2024",1,1,2,1
"Y19","Y04",0.571428571428571,"YY","same","same","Y04_Y19",82.3531192922443,-0.473018538779163,0.784984379009896,0,0.472926467043248,NA,"2024",1,1,2,1
"Y20","Y04",0.714285714285714,"YY","same","same","Y04_Y20",95.2433206457048,-0.311855657981748,0.749974731589435,0,0.311794956149935,NA,"2024",1,1,2,1
"Y21","Y04",0.75,"YY","same","same","Y04_Y21",104.794592719647,-0.192438553430215,0.724033579969189,0,0.192401095803888,NA,"2024",1,1,2,1
"Y22","Y04",0.5,"YY","same","same","Y04_Y22",112.194199212078,-0.0999231716772942,0.703936328790051,0,0.0999037219113333,NA,"2024",0,1,1,0
"Y23","Y04",0.625,"YY","same","same","Y04_Y23",190.591773030976,0.88026158244136,0.491009366459682,0,-0.880090241985734,NA,"2024",0,1,1,0
"Y24","Y04",0.5,"YY","same","same","Y04_Y24",207.186948692569,1.08774680657585,0.44593704890143,0,-1.08753507970152,NA,"2024",0,1,1,0
"Y25","Y04",0.375,"YY","same","same","Y04_Y25",230.615185444453,1.38066404063626,0.382306211346955,0,-1.38039529824138,NA,"2024",0,1,1,0
"Y26","Y04",0.714285714285714,"YY","same","same","Y04_Y26",242.601798340577,1.53052958674926,0.349750700400946,0,-1.53023167344488,NA,"2024",1,1,2,1
"Y27","Y04",0.375,"YY","same","same","Y04_Y27",271.021481786409,1.88585359836768,0.272563147626794,0,-1.885486522238,NA,"2024",0,1,1,0
"Y28","Y04",0.5,"YY","same","same","Y04_Y28",280.936590042751,2.00981965337282,0.245633820871394,0,-2.00942844759716,NA,"2024",0,1,1,0
"Y29","Y04",0.714285714285714,"YY","same","same","Y04_Y29",292.620404031563,2.15589938242473,0.213900708481747,0,-2.15547974263828,NA,"2024",1,1,2,1
"Y30","Y04",0.428571428571428,"YY","same","same","Y04_Y30",290.664610574109,2.13144659854612,0.219212622352999,0,-2.13103171842568,NA,"2024",0,1,1,0
"Y31","Y04",0.666666666666667,"YY","same","same","Y04_Y31",324.987398450341,2.56057561053374,0.125992301809943,0,-2.56007720165106,NA,"2024",0,1,1,0
"Y32","Y04",0.428571428571428,"YY","same","same","Y04_Y32",312.690419817454,2.40682964123216,0.15939076273924,0,-2.40636115857249,NA,"2024",0,1,1,0
"Y33","Y04",0.5,"YY","same","same","Y04_Y33",296.332563727178,2.20231156281824,0.203818522909287,0,-2.20188288903066,NA,"2024",0,1,1,0
"Y34","Y04",0.571428571428571,"YY","same","same","Y04_Y34",219.731338022136,1.24458608834973,0.411866623196619,0,-1.24434383314775,NA,"2024",1,1,2,1
"Y35","Y04",0.375,"YY","same","same","Y04_Y35",222.148237978483,1.2748039684963,0.405302349062956,0,-1.27455583146845,NA,"2024",0,1,1,0
"Y06","Y05",0.5,"YY","same","same","Y05_Y06",6.10396902611727,-1.42634210435287,0.992076246214141,0,1.42606447085061,NA,"2024",1,1,2,1
"Y07","Y05",0.571428571428571,"YY","same","same","Y05_Y07",16.1533114528506,-1.30069775395045,0.964782340904202,0,1.30044457676966,NA,"2024",1,1,2,1
"Y08","Y05",0.444444444444444,"YY","same","same","Y05_Y08",28.3418797902345,-1.14830721076304,0.931678321164631,0,1.14808369597537,NA,"2024",1,1,2,1
"Y09","Y05",0.5,"YY","same","same","Y05_Y09",41.1090620180133,-0.988682406535908,0.897002792358612,0,0.988489962270039,NA,"2024",1,1,2,1
"Y10","Y05",0.5,"YY","same","same","Y05_Y10",39.6425586715763,-1.00701772167413,0.900985799581839,1,1.00682170849044,NA,"2024",1,1,2,1
"Y11","Y05",0.571428571428571,"YY","same","same","Y05_Y11",42.4738500526432,-0.971618811848168,0.893296042821822,0,0.971429688963291,NA,"2024",1,1,2,1
"Y12","Y05",0.428571428571428,"YY","same","same","Y05_Y12",81.6820722279294,-0.481408468080509,0.786806935576702,0,0.481314763268316,NA,"2024",1,1,2,1
"Y14","Y05",0.5,"YY","same","same","Y05_Y14",182.13519879964,0.774531204192965,0.513977330582644,0,-0.774380443859821,NA,"2024",1,1,2,1
"Y16","Y05",0.4,"YY","same","same","Y05_Y16",150.544818612569,0.37956478459804,0.599776461403107,0,-0.379490903374061,NA,"2024",0,1,1,0
"Y17","Y05",0.666666666666667,"YY","same","same","Y05_Y17",155.751683109053,0.444664875680005,0.585634673762289,0,-0.444578322905331,NA,"2024",1,1,2,1
"Y18","Y05",0.571428571428571,"YY","same","same","Y05_Y18",172.779995958946,0.657565502967079,0.539385960286606,0,-0.657437509680617,NA,"2024",1,1,2,1
"Y19","Y05",0.285714285714286,"YY","same","same","Y05_Y19",90.0392893502522,-0.376920326278019,0.764108824286903,0,0.376846959790457,NA,"2024",1,1,2,1
"Y20","Y05",0.428571428571428,"YY","same","same","Y05_Y20",103.448651407641,-0.209266512379748,0.72768914201123,0,0.209225779238266,NA,"2024",1,1,2,1
"Y21","Y05",0.5,"YY","same","same","Y05_Y21",113.302836539245,-0.0860621635745978,0.700925281803509,0,0.0860454118151052,NA,"2024",1,1,2,1
"Y22","Y05",0.4,"YY","same","same","Y05_Y22",121.186591134353,0.0125063977075241,0.679513089615365,0,-0.0125039633721809,NA,"2024",0,1,1,0
"Y23","Y05",0.375,"YY","same","same","Y05_Y23",199.370415502857,0.990018697281081,0.467166668479768,0,-0.989825992909955,NA,"2024",0,1,1,0
"Y24","Y05",0.4,"YY","same","same","Y05_Y24",215.893233629969,1.19659925372384,0.422290873202352,0,-1.19636633902504,NA,"2024",0,1,1,0
"Y25","Y05",0.285714285714286,"YY","same","same","Y05_Y25",239.208437536149,1.48810326711075,0.358967031633936,0,-1.48781361197085,NA,"2024",0,1,1,0
"Y26","Y05",0.428571428571428,"YY","same","same","Y05_Y26",251.246124309542,1.63860737680924,0.326272804589819,0,-1.63828842646524,NA,"2024",1,1,2,1
"Y27","Y05",0.285714285714286,"YY","same","same","Y05_Y27",279.703899478178,1.99440763946623,0.248981795108633,0,-1.99401943359599,NA,"2024",0,1,1,0
"Y28","Y05",0.25,"YY","same","same","Y05_Y28",289.617130546845,2.1183502244754,0.222057566774652,0,-2.11793789352756,NA,"2024",0,1,1,0
"Y29","Y05",0.428571428571428,"YY","same","same","Y05_Y29",301.272507444736,2.26407441187451,0.190401689216291,0,-2.26363371612106,NA,"2024",1,1,2,1
"Y30","Y05",0.333333333333333,"YY","same","same","Y05_Y30",298.942227591137,2.23493952065193,0.19673070408801,0,-2.23450449592359,NA,"2024",0,1,1,0
"Y31","Y05",0.333333333333333,"YY","same","same","Y05_Y31",333.732049142141,2.66990773486703,0.10224192513698,0,-2.66938804479206,NA,"2024",0,1,1,0
"Y32","Y05",0.333333333333333,"YY","same","same","Y05_Y32",321.868189862441,2.52157694573018,0.134464038588821,0,-2.52108612782855,NA,"2024",0,1,1,0
"Y33","Y05",0.4,"YY","same","same","Y05_Y33",306.229618518681,2.32605189998374,0.176938229169077,0,-2.32559914048553,NA,"2024",0,1,1,0
"Y34","Y05",0.5,"YY","same","same","Y05_Y34",228.654595624173,1.35615128906365,0.387631152087754,0,-1.35588731800731,NA,"2024",1,1,2,1
"Y35","Y05",0.285714285714286,"YY","same","same","Y05_Y35",231.437189553378,1.39094134714134,0.38007365708015,0,-1.39067060429749,NA,"2024",0,1,1,0
"Y07","Y06",0.666666666666667,"YY","same","same","Y06_Y07",10.0729477566769,-1.37671898144728,0.981296542921229,0,1.37645100694713,NA,"2024",1,1,2,1
"Y08","Y06",0.888888888888889,"YY","same","same","Y06_Y08",22.2417212333989,-1.22457592832474,0.948246285809061,0,1.22433756804447,NA,"2024",1,1,2,1
"Y09","Y06",1,"YY","same","same","Y06_Y09",35.099792117132,-1.0638147665479,0.913323904396769,0,1.06360769797824,NA,"2024",1,1,2,1
"Y10","Y06",0.777777777777778,"YY","same","same","Y06_Y10",33.73286938961,-1.08090505075325,0.917036451736358,0,1.08069465560756,NA,"2024",1,1,2,1
"Y11","Y06",0.875,"YY","same","same","Y06_Y11",48.5773551038222,-0.895308253926161,0.87671898913496,0,0.895133984678004,NA,"2024",1,1,2,1
"Y12","Y06",0.555555555555556,"YY","same","same","Y06_Y12",85.8997824742849,-0.428675518840042,0.775351680177846,0,0.428592078348966,NA,"2024",1,1,2,1
"Y14","Y06",0.777777777777778,"YY","same","same","Y06_Y14",184.842313258827,0.808377561819787,0.506624836999017,0,-0.808220213387772,NA,"2024",1,1,2,1
"Y16","Y06",0.375,"YY","same","same","Y06_Y16",154.411671058649,0.427911048767254,0.589274131993965,0,-0.427827757078141,NA,"2024",0,1,1,0
"Y17","Y06",0.75,"YY","same","same","Y06_Y17",159.70578037953,0.494101939507737,0.574895388353961,0,-0.494005763946824,NA,"2024",1,1,2,1
"Y18","Y06",0.875,"YY","same","same","Y06_Y18",176.853411098939,0.708494367508732,0.528322608835542,0,-0.708356461061195,NA,"2024",1,1,2,1
"Y19","Y06",0.625,"YY","same","same","Y06_Y19",95.7145428382861,-0.30596408779059,0.748694897212407,0,0.305904532736441,NA,"2024",1,1,2,1
"Y20","Y06",0.75,"YY","same","same","Y06_Y20",109.2447562599,-0.13679930028742,0.711946983938955,0,0.136772672686139,NA,"2024",1,1,2,1
"Y21","Y06",0.777777777777778,"YY","same","same","Y06_Y21",119.165590022855,-0.0127616607418796,0.68500210676954,0,0.0127591767203008,NA,"2024",1,1,2,1
"Y22","Y06",0.375,"YY","same","same","Y06_Y22",127.151035983685,0.0870783215989761,0.663313721932264,0,-0.0870613720471664,NA,"2024",0,1,1,0
"Y23","Y06",0.666666666666667,"YY","same","same","Y06_Y23",205.270729657149,1.06378881154389,0.451141479070585,0,-1.0635817480263,NA,"2024",0,1,1,0
"Y24","Y06",0.375,"YY","same","same","Y06_Y24",221.773871246317,1.27012335728036,0.40631912505735,0,-1.2698761313204,NA,"2024",0,1,1,0
"Y25","Y06",0.444444444444444,"YY","same","same","Y06_Y25",245.057970744661,1.56123848023532,0.343079762724105,0,-1.5609345895307,NA,"2024",0,1,1,0
"Y26","Y06",0.555555555555556,"YY","same","same","Y06_Y26",257.107041132905,1.71188491635006,0.310354617905209,0,-1.71155170273788,NA,"2024",1,1,2,1
"Y27","Y06",0.444444444444444,"YY","same","same","Y06_Y27",285.571471527789,2.06776838759355,0.233045532901537,0,-2.06736590225881,NA,"2024",0,1,1,0
"Y28","Y06",0.555555555555556,"YY","same","same","Y06_Y28",295.483382106691,2.19169446285794,0.20612489100347,0,-2.19126785565918,NA,"2024",0,1,1,0
"Y29","Y06",0.555555555555556,"YY","same","same","Y06_Y29",307.130668085164,2.33731749156713,0.174490988294714,0,-2.33686253925303,NA,"2024",1,1,2,1
"Y30","Y06",0.5,"YY","same","same","Y06_Y30",304.700834812239,2.30693790948116,0.181090389176283,0,-2.30648887046776,NA,"2024",0,1,1,0
"Y31","Y06",0.5,"YY","same","same","Y06_Y31",339.611116889445,2.74341221075362,0.0862744407393173,0,-2.74287821323795,NA,"2024",0,1,1,0
"Y32","Y06",0.333333333333333,"YY","same","same","Y06_Y32",327.846270780557,2.59631935789157,0.118227635490428,0,-2.59581399158841,NA,"2024",0,1,1,0
"Y33","Y06",0.375,"YY","same","same","Y06_Y33",312.319239799031,2.40218887268068,0.160398883653581,0,-2.40172129333364,NA,"2024",0,1,1,0
"Y34","Y06",0.625,"YY","same","same","Y06_Y34",234.584223668334,1.43028790737159,0.371526346470826,0,-1.43000950582981,NA,"2024",1,1,2,1
"Y35","Y06",0.444444444444444,"YY","same","same","Y06_Y35",237.441959775676,1.4660174488263,0.363764766120345,0,-1.46573209262918,NA,"2024",0,1,1,0
"Y08","Y07",0.777777777777778,"YY","same","same","Y07_Y08",12.2158249765448,-1.34992713727982,0.975476511575266,0,1.34966437773723,NA,"2024",1,1,2,1
"Y09","Y07",0.666666666666667,"YY","same","same","Y07_Y09",25.0714979249908,-1.18919595627272,0.940560642929272,0,1.18896448260508,NA,"2024",1,1,2,1
"Y10","Y07",0.875,"YY","same","same","Y07_Y10",23.850084289716,-1.20446697762518,0.943877989148541,0,1.20423253149593,NA,"2024",1,1,2,1
"Y11","Y07",0.75,"YY","same","same","Y07_Y11",58.5872410688351,-0.770157217542853,0.849532247148185,0,0.770007308593979,NA,"2024",1,1,2,1
"Y12","Y07",0.857142857142857,"YY","same","same","Y07_Y12",92.5465081095211,-0.345573213308008,0.757299245261638,0,0.345505948448333,NA,"2024",1,1,2,1
"Y14","Y07",0.875,"YY","same","same","Y07_Y14",188.653129822689,0.856023223728518,0.496274700439744,0,-0.85585660120164,NA,"2024",1,1,2,1
"Y16","Y07",0.428571428571428,"YY","same","same","Y07_Y16",160.234533485714,0.500712803953246,0.573459300638003,0,-0.500615341606054,NA,"2024",0,1,1,0
"Y17","Y07",0.857142857142857,"YY","same","same","Y07_Y17",165.665070197212,0.568609411360872,0.558710021681055,0,-0.568498733128902,NA,"2024",1,1,2,1
"Y18","Y07",0.75,"YY","same","same","Y07_Y18",182.985382590748,0.785160834035437,0.511668240603899,0,-0.785008004674567,NA,"2024",1,1,2,1
"Y19","Y07",0.5,"YY","same","same","Y07_Y19",104.767037113072,-0.192783074110384,0.724108420698531,0,0.192745549424071,NA,"2024",1,1,2,1
"Y20","Y07",0.625,"YY","same","same","Y07_Y20",118.507593193943,-0.0209884262977575,0.686789219038177,0,0.0209843409592665,NA,"2024",1,1,2,1
"Y21","Y07",0.875,"YY","same","same","Y07_Y21",128.552231547961,0.104597110290243,0.659508089938841,0,-0.104576750755201,NA,"2024",1,1,2,1
"Y22","Y07",0.428571428571428,"YY","same","same","Y07_Y22",136.747798572923,0.207064182393554,0.637249018564626,0,-0.207023877929446,NA,"2024",0,1,1,0
"Y23","Y07",0.75,"YY","same","same","Y07_Y23",214.704449327567,1.18173618854989,0.425519598506544,0,-1.18150616690517,NA,"2024",0,1,1,0
"Y24","Y07",0.428571428571428,"YY","same","same","Y07_Y24",231.161693370908,1.38749688904499,0.38082190173122,0,-1.38722681665527,NA,"2024",0,1,1,0
"Y25","Y07",0.5,"YY","same","same","Y07_Y25",254.374930660374,1.67772603998063,0.317775000390653,0,-1.67739947529822,NA,"2024",0,1,1,0
"Y26","Y07",0.857142857142857,"YY","same","same","Y07_Y26",266.446392755315,1.82865243386006,0.284989039938615,0,-1.82829649177711,NA,"2024",1,1,2,1
"Y27","Y07",0.5,"YY","same","same","Y07_Y27",294.921315045285,2.18466708257632,0.207651459061399,0,-2.18424184323748,NA,"2024",0,1,1,0
"Y28","Y07",0.625,"YY","same","same","Y07_Y28",304.829189182015,2.30854269123971,0.180741780096602,0,-2.30809333986003,NA,"2024",0,1,1,0
"Y29","Y07",0.857142857142857,"YY","same","same","Y07_Y29",316.457634627284,2.4539301615954,0.1491590480722,0,-2.45345251095115,NA,"2024",1,1,2,1
"Y30","Y07",0.375,"YY","same","same","Y07_Y30",313.817979792686,2.42092723434939,0.15632832204527,0,-2.42045600763264,NA,"2024",0,1,1,0
"Y31","Y07",0.571428571428571,"YY","same","same","Y07_Y31",348.980627012494,2.86055679226054,0.0608269526112668,0,-2.85999999287964,NA,"2024",0,1,1,0
"Y32","Y07",0.571428571428571,"YY","same","same","Y07_Y32",337.443994616707,2.71631723690971,0.0921603213865751,0,-2.71578851335494,NA,"2024",0,1,1,0
"Y33","Y07",0.428571428571428,"YY","same","same","Y07_Y33",322.235585892565,2.52617040404668,0.13346619494576,0,-2.52567869204123,NA,"2024",0,1,1,0
"Y34","Y07",0.5,"YY","same","same","Y07_Y34",244.077738310413,1.54898288556905,0.34574206341066,0,-1.54868138038166,NA,"2024",1,1,2,1
"Y35","Y07",0.5,"YY","same","same","Y07_Y35",247.111983406076,1.58691927362487,0.337501086557501,0,-1.58661038422562,NA,"2024",0,1,1,0
"Y09","Y08",0.888888888888889,"YY","same","same","Y08_Y09",13.5325518361584,-1.33346443913417,0.971900295669861,0,1.33320488400974,NA,"2024",1,1,2,1
"Y10","Y08",0.888888888888889,"YY","same","same","Y08_Y10",13.1615784073094,-1.33810262474921,0.972907855489156,0,1.33784216681492,NA,"2024",1,1,2,1
"Y11","Y08",0.777777777777778,"YY","same","same","Y08_Y11",70.7989088673679,-0.617477867718404,0.81636548952204,0,0.617357677378051,NA,"2024",1,1,2,1
"Y12","Y08",0.666666666666667,"YY","same","same","Y08_Y12",102.348333787149,-0.223023501324146,0.730677592764453,0,0.222980090423234,NA,"2024",1,1,2,1
"Y14","Y08",0.888888888888889,"YY","same","same","Y08_Y14",195.249559837504,0.938496696020772,0.478358867884464,0,-0.938314020263125,NA,"2024",1,1,2,1
"Y16","Y08",0.333333333333333,"YY","same","same","Y08_Y16",168.989658203892,0.61017588235143,0.549680476622714,0,-0.61005711332211,NA,"2024",0,1,1,0
"Y17","Y08",0.666666666666667,"YY","same","same","Y08_Y17",174.541261993987,0.679586160385406,0.534602380790087,0,-0.679453880839553,NA,"2024",1,1,2,1
"Y18","Y08",0.777777777777778,"YY","same","same","Y08_Y18",191.994643198818,0.897801308271435,0.487199186261089,0,-0.897626553757221,NA,"2024",1,1,2,1
"Y19","Y08",0.555555555555556,"YY","same","same","Y08_Y19",116.487118252373,-0.0462499061795303,0.69227680712052,0,0.0462409037646164,NA,"2024",1,1,2,1
"Y20","Y08",0.666666666666667,"YY","same","same","Y08_Y20",130.361518970702,0.127218166800057,0.654594084872858,0,-0.127193404139619,NA,"2024",1,1,2,1
"Y21","Y08",0.888888888888889,"YY","same","same","Y08_Y21",140.483568263157,0.253771552493107,0.627102708502212,0,-0.253722156570013,NA,"2024",1,1,2,1
"Y22","Y08",0.333333333333333,"YY","same","same","Y08_Y22",148.808027065412,0.357850125423281,0.604493568455315,1,-0.357780470896992,NA,"2024",0,1,1,0
"Y23","Y08",0.777777777777778,"YY","same","same","Y08_Y23",226.643358073316,1.33100530190829,0.393093651516857,0,-1.33074622544804,NA,"2024",0,1,1,0
"Y24","Y08",0.333333333333333,"YY","same","same","Y08_Y24",243.065431494761,1.53632627314016,0.3484914777701,0,-1.53602723152698,NA,"2024",0,1,1,0
"Y25","Y08",0.555555555555556,"YY","same","same","Y08_Y25",266.223173751433,1.82586158391692,0.285595300338216,0,-1.8255061850651,NA,"2024",0,1,1,0
"Y26","Y08",0.666666666666667,"YY","same","same","Y08_Y26",278.309559360217,1.9769745626616,0.252768807784034,0,-1.97658975009101,NA,"2024",1,1,2,1
"Y27","Y08",0.555555555555556,"YY","same","same","Y08_Y27",306.788847695385,2.33304379892094,0.175419368775294,0,-2.33258967846916,NA,"2024",0,1,1,0
"Y28","Y08",0.666666666666667,"YY","same","same","Y08_Y28",316.692660186856,2.4568686258756,0.148520721195079,0,-2.45639040326749,NA,"2024",0,1,1,0
"Y29","Y08",0.666666666666667,"YY","same","same","Y08_Y29",328.305755609057,2.60206417883061,0.116979679667263,0,-2.60155769431412,NA,"2024",1,1,2,1
"Y30","Y08",0.444444444444444,"YY","same","same","Y08_Y30",325.50229904054,2.56701328052549,0.12459383737753,0,-2.56651361856835,NA,"2024",0,1,1,0
"Y31","Y08",0.444444444444444,"YY","same","same","Y08_Y31",360.857961000111,3.0090560522138,0.0285682419985035,0,-3.00847034786719,NA,"2024",0,1,1,0
"Y32","Y08",0.444444444444444,"YY","same","same","Y08_Y32",349.483288989641,2.86684144601288,0.0594617281194955,0,-2.8662834233417,NA,"2024",0,1,1,0
"Y33","Y08",0.333333333333333,"YY","same","same","Y08_Y33",334.440422956388,2.67876435094734,0.100317989521188,0,-2.67824293695681,NA,"2024",0,1,1,0
"Y34","Y08",0.555555555555556,"YY","same","same","Y08_Y34",256.053899664355,1.69871775873128,0.313214938740144,0,-1.69838710806952,NA,"2024",1,1,2,1
"Y35","Y08",0.555555555555556,"YY","same","same","Y08_Y35",259.201466608652,1.73807098079011,0.304666180972092,0,-1.73773267013371,NA,"2024",0,1,1,0
"Y10","Y09",0.777777777777778,"YY","same","same","Y09_Y10",3.18652228498648,-1.46281819254427,1,1,1.46253345907344,NA,"2024",1,1,2,1
"Y11","Y09",0.875,"YY","same","same","Y09_Y11",83.2594907607467,-0.461686408820059,0.782522683907227,0,0.461596542851554,NA,"2024",1,1,2,1
"Y12","Y09",0.555555555555556,"YY","same","same","Y09_Y12",109.56627038355,-0.132779491677485,0.711073755057496,0,0.132753646520709,NA,"2024",1,1,2,1
"Y14","Y09",0.777777777777778,"YY","same","same","Y09_Y14",197.550057071078,0.967259222785316,0.472110742286523,0,-0.967070948482261,NA,"2024",1,1,2,1
"Y16","Y09",0.375,"YY","same","same","Y09_Y16",174.271707670945,0.67621599183322,0.535334487415234,0,-0.676084368281251,NA,"2024",0,1,1,0
"Y17","Y09",0.75,"YY","same","same","Y09_Y17",179.969827757754,0.747458125539155,0.519858454905854,0,-0.747312634905068,NA,"2024",1,1,2,1
"Y18","Y09",0.875,"YY","same","same","Y09_Y18",197.547461868427,0.967226775632317,0.472117790828847,0,-0.967038507645009,NA,"2024",1,1,2,1
"Y19","Y09",0.625,"YY","same","same","Y09_Y19",126.885063867289,0.0837529404575327,0.664036099322917,0,-0.0837366381818636,NA,"2024",1,1,2,1
"Y20","Y09",0.75,"YY","same","same","Y09_Y20",141.040611352893,0.260736119345739,0.625589785496986,0,-0.260685367789182,NA,"2024",1,1,2,1
"Y21","Y09",0.777777777777778,"YY","same","same","Y09_Y21",151.348195230473,0.389609196361399,0.597594499200389,0,-0.389533360020756,NA,"2024",1,1,2,1
"Y22","Y09",0.375,"YY","same","same","Y09_Y22",160.06376271984,0.498577700875378,0.573923112190592,0,-0.498480654120031,NA,"2024",0,1,1,0
"Y23","Y09",0.666666666666667,"YY","same","same","Y09_Y23",237.417178902353,1.46570761992419,0.363832070704192,0,-1.4654223240344,NA,"2024",0,1,1,0
"Y24","Y09",0.375,"YY","same","same","Y09_Y24",253.722319324368,1.66956660786101,0.319547485718823,0,-1.66924163138925,NA,"2024",0,1,1,0
"Y25","Y09",0.444444444444444,"YY","same","same","Y09_Y25",276.706582918816,1.9569329594265,0.257122474456719,0,-1.95655204789794,NA,"2024",0,1,1,0
"Y26","Y09",0.555555555555556,"YY","same","same","Y09_Y26",288.82670979683,2.10846779660471,0.224204340980346,0,-2.10805738924381,NA,"2024",1,1,2,1
"Y27","Y09",0.444444444444444,"YY","same","same","Y09_Y27",317.302496591546,2.46449325400203,0.146864412117593,0,-2.46401354728137,NA,"2024",0,1,1,0
"Y28","Y09",0.555555555555556,"YY","same","same","Y09_Y28",327.189948990077,2.58811353491151,0.120010198372806,0,-2.58760976584885,NA,"2024",0,1,1,0
"Y29","Y09",0.555555555555556,"YY","same","same","Y09_Y29",338.754499033522,2.73270213744929,0.0886010055684926,0,-2.73217022461944,NA,"2024",1,1,2,1
"Y30","Y09",0.5,"YY","same","same","Y09_Y30",335.523931756613,2.69231118352391,0.0973751913419584,0,-2.69178713268031,NA,"2024",0,1,1,0
"Y31","Y09",0.5,"YY","same","same","Y09_Y31",371.376501425625,3.14056666483156,0,0,-3.13995536231193,NA,"2024",0,1,1,0
"Y32","Y09",0.333333333333333,"YY","same","same","Y09_Y32",360.525887003117,3.00490421621637,0.0294701513817222,0,-3.00431932001302,NA,"2024",0,1,1,0
"Y33","Y09",0.375,"YY","same","same","Y09_Y33",346.365509467131,2.82786064844728,0.0679295835722364,0,-2.82731021327935,NA,"2024",0,1,1,0
"Y34","Y09",0.625,"YY","same","same","Y09_Y34",266.922134673304,1.83460051301854,0.28369693003628,0,-1.83424341315861,NA,"2024",1,1,2,1
"Y35","Y09",0.444444444444444,"YY","same","same","Y09_Y35",270.472888282397,1.87899467451778,0.274053121648608,0,-1.87862893345845,NA,"2024",0,1,1,0
"Y11","Y10",0.666666666666667,"YY","same","same","Y10_Y11",81.4961806254239,-0.48373262309984,0.787311815157997,1,0.48363846589737,NA,"2024",1,1,2,1
"Y12","Y10",0.75,"YY","same","same","Y10_Y12",106.614865799645,-0.169680146065874,0.719089737976948,0,0.169647118299903,NA,"2024",1,1,2,1
"Y14","Y10",0.777777777777778,"YY","same","same","Y10_Y14",194.364994408337,0.927437201377571,0.480761338020212,0,-0.927256678319632,NA,"2024",1,1,2,1
"Y16","Y10",0.375,"YY","same","same","Y10_Y16",171.15136681105,0.637203170523368,0.543809299432601,0,-0.637079140707979,NA,"2024",0,1,1,0
"Y17","Y10",0.75,"YY","same","same","Y10_Y17",176.856443949189,0.708532286457387,0.528314371647075,0,-0.708394372629033,NA,"2024",1,1,2,1
"Y18","Y10",0.666666666666667,"YY","same","same","Y10_Y18",194.438683725361,0.928358520004787,0.480561198632401,0,-0.928177817614754,NA,"2024",1,1,2,1
"Y19","Y10",0.444444444444444,"YY","same","same","Y10_Y19",124.416188924728,0.0528852303914805,0.670741536956834,0,-0.052874936429263,NA,"2024",1,1,2,1
"Y20","Y10",0.555555555555556,"YY","same","same","Y10_Y20",138.628578294731,0.23057908877867,0.632140841187833,0,-0.230534207203786,NA,"2024",1,1,2,1
"Y21","Y10",0.777777777777778,"YY","same","same","Y10_Y21",148.977014401735,0.359962930738984,0.60403460067809,0,-0.359892864961047,NA,"2024",1,1,2,1
"Y22","Y10",0.375,"YY","same","same","Y10_Y22",157.79497461253,0.470211625182163,0.580085116144653,0,-0.470120099804132,NA,"2024",0,1,1,0
"Y23","Y10",0.666666666666667,"YY","same","same","Y10_Y23",234.996502131715,1.43544251923741,0.370406602624609,0,-1.43516311436484,NA,"2024",0,1,1,0
"Y24","Y10",0.375,"YY","same","same","Y10_Y24",251.270144964917,1.63890770090138,0.326207564749693,0,-1.63858869210013,NA,"2024",0,1,1,0
"Y25","Y10",0.444444444444444,"YY","same","same","Y10_Y25",274.210306827188,1.92572265982287,0.263902333315058,0,-1.92534782329186,NA,"2024",0,1,1,0
"Y26","Y10",0.75,"YY","same","same","Y10_Y26",286.336548781391,2.07733395222997,0.230967591357913,0,-2.07692960498483,NA,"2024",1,1,2,1
"Y27","Y10",0.444444444444444,"YY","same","same","Y10_Y27",314.808226652802,2.43330803681328,0.153638822286402,0,-2.43283440020795,NA,"2024",0,1,1,0
"Y28","Y10",0.555555555555556,"YY","same","same","Y10_Y28",324.690919885198,2.55686881508944,0.126797534385352,0,-2.55637112772412,NA,"2024",0,1,1,0
"Y29","Y10",0.75,"YY","same","same","Y10_Y29",336.243346817201,2.70130584547482,0.0954212678205545,0,-2.70078004384541,NA,"2024",1,1,2,1
"Y30","Y10",0.333333333333333,"YY","same","same","Y10_Y30",332.922356531627,2.65978435586831,0.104441041507297,0,-2.65926663628075,NA,"2024",0,1,1,0
"Y31","Y10",0.5,"YY","same","same","Y10_Y31",368.878502586512,3.10933482615808,0.00678453782186794,0,-3.10872960282852,NA,"2024",0,1,1,0
"Y32","Y10",0.5,"YY","same","same","Y10_Y32",358.159145420735,2.97531345335235,0.0358981959143465,0,-2.97473431690825,NA,"2024",0,1,1,0
"Y33","Y10",0.375,"YY","same","same","Y10_Y33",344.278097916693,2.80176227731609,0.0735989707600949,0,-2.80121692212313,NA,"2024",0,1,1,0
"Y34","Y10",0.625,"YY","same","same","Y10_Y34",264.520183855978,1.80456953812225,0.290220602470091,0,-1.80421828370761,NA,"2024",1,1,2,1
"Y35","Y10",0.444444444444444,"YY","same","same","Y10_Y35",268.180225194768,1.85033009607029,0.280279969790919,0,-1.849969934491,NA,"2024",0,1,1,0
"Y12","Y11",0.625,"YY","same","same","Y11_Y12",61.2337785427488,-0.737068238423087,0.842344280001195,0,0.736924770151475,NA,"2024",1,1,2,1
"Y14","Y11",0.875,"YY","same","same","Y11_Y14",167.750089904195,0.594677877886928,0.553047130714142,0,-0.594562125500841,NA,"2024",1,1,2,1
"Y16","Y11",0.428571428571428,"YY","same","same","Y11_Y16",128.023839883225,0.0979907648544335,0.660943195983738,0,-0.0979716912260574,NA,"2024",0,1,1,0
"Y17","Y11",0.857142857142857,"YY","same","same","Y11_Y17",132.319629988749,0.151699926544249,0.649275876532105,0,-0.151670398577732,NA,"2024",1,1,2,1
"Y18","Y11",1,"YY","same","same","Y11_Y18",147.854923152904,0.345933711705055,0.607082188370319,0,-0.345866376675374,NA,"2024",1,1,2,1
"Y19","Y11",0.714285714285714,"YY","same","same","Y11_Y19",52.8881125537929,-0.841411959368304,0.865011018537738,0,0.841248180883177,NA,"2024",1,1,2,1
"Y20","Y11",0.857142857142857,"YY","same","same","Y11_Y20",64.4207202341133,-0.697222724002491,0.833688580846093,0,0.697087011548844,NA,"2024",1,1,2,1
"Y21","Y11",0.875,"YY","same","same","Y11_Y21",73.3604731915446,-0.585451286091627,0.809408308530435,1,0.585337329635834,NA,"2024",1,1,2,1
"Y22","Y11",0.428571428571428,"YY","same","same","Y11_Y22",80.0876990971056,-0.501342506330467,0.791137235750935,0,0.501244921413468,NA,"2024",0,1,1,0
"Y23","Y11",0.75,"YY","same","same","Y11_Y23",158.562236404407,0.479804502540245,0.578001241418709,0,-0.47971110993546,NA,"2024",0,1,1,0
"Y24","Y11",0.428571428571428,"YY","same","same","Y11_Y24",175.213469149699,0.687990594011889,0.532776673427598,0,-0.687856678566531,NA,"2024",0,1,1,0
"Y25","Y11",0.5,"YY","same","same","Y11_Y25",198.738247947868,0.982114868511072,0.468883628719872,0,-0.981923702598115,NA,"2024",0,1,1,0
"Y26","Y11",0.625,"YY","same","same","Y11_Y26",210.661307108791,1.13118581857629,0.436500729031099,0,-1.13096563641974,NA,"2024",1,1,2,1
"Y27","Y11",0.5,"YY","same","same","Y11_Y27",239.02452139988,1.48580381083901,0.359466545870304,0,-1.48551460328185,NA,"2024",0,1,1,0
"Y28","Y11",0.625,"YY","same","same","Y11_Y28",248.936202540713,1.60972701749809,0.33254652712355,0,-1.60941368863527,NA,"2024",0,1,1,0
"Y29","Y11",0.625,"YY","same","same","Y11_Y29",260.641968121774,1.75608120167665,0.300753794446841,0,-1.75573938538111,NA,"2024",1,1,2,1
"Y30","Y11",0.571428571428571,"YY","same","same","Y11_Y30",259.09715125344,1.73676675266393,0.304949500348288,0,-1.73642869587188,NA,"2024",0,1,1,0
"Y31","Y11",0.571428571428571,"YY","same","same","Y11_Y31",292.908853191285,2.15950578827283,0.213117283684594,0,-2.15908544650958,NA,"2024",0,1,1,0
"Y32","Y11",0.375,"YY","same","same","Y11_Y32",280.293582183435,2.00178029105868,0.247380223260771,0,-2.00139065012242,NA,"2024",0,1,1,0
"Y33","Y11",0.428571428571428,"YY","same","same","Y11_Y33",263.833258452033,1.79598108601378,0.29208628443555,0,-1.79563150331732,NA,"2024",0,1,1,0
"Y34","Y11",0.5,"YY","same","same","Y11_Y34",187.543935636718,0.842155253363041,0.499287259848774,0,-0.841991330197817,NA,"2024",1,1,2,1
"Y35","Y11",0.5,"YY","same","same","Y11_Y35",189.709100998291,0.869225760448659,0.49340669415107,0,-0.869056568084925,NA,"2024",0,1,1,0
"Y14","Y12",0.75,"YY","same","same","Y12_Y14",106.523137449687,-0.170827002094314,0.71933887118305,0,0.170793751096024,NA,"2024",1,1,2,1
"Y16","Y12",0.5,"YY","same","same","Y12_Y16",69.2468187394281,-0.63688325243017,0.820580949517889,0,0.636759284885943,NA,"2024",0,1,1,0
"Y17","Y12",0.714285714285714,"YY","same","same","Y12_Y17",74.2536252799084,-0.574284434651227,0.806982517121205,0,0.574172651791842,NA,"2024",1,1,2,1
"Y18","Y12",0.625,"YY","same","same","Y12_Y18",91.1247694087761,-0.363348847564624,0.761160672191462,0,0.363278122727445,NA,"2024",1,1,2,1
"Y19","Y12",0.571428571428571,"YY","same","same","Y12_Y19",38.7860494514046,-1.01772643673352,0.903312069357488,0,1.01752833912839,NA,"2024",1,1,2,1
"Y20","Y12",0.5,"YY","same","same","Y12_Y20",50.9506668511444,-0.865635345975339,0.870273100105439,0,0.865466852475743,NA,"2024",1,1,2,1
"Y21","Y12",0.75,"YY","same","same","Y12_Y21",60.6871016502008,-0.743903199371525,0.843829048527009,0,0.743758400693877,NA,"2024",1,1,2,1
"Y22","Y12",0.5,"YY","same","same","Y12_Y22",72.0372600119111,-0.60199508103255,0.813002141210841,0,0.601877904373331,NA,"2024",0,1,1,0
"Y23","Y12",0.857142857142857,"YY","same","same","Y12_Y23",137.947856159201,0.222068194543869,0.633989675143387,0,-0.222024969590751,NA,"2024",0,1,1,0
"Y24","Y12",0.5,"YY","same","same","Y12_Y24",152.940772485141,0.409520781232469,0.593269076606367,0,-0.409441069157508,NA,"2024",0,1,1,0
"Y25","Y12",0.571428571428571,"YY","same","same","Y12_Y25",174.356891407405,0.677281022237978,0.53510312930859,0,-0.677149191380819,NA,"2024",0,1,1,0
"Y26","Y12",0.714285714285714,"YY","same","same","Y12_Y26",186.452414678254,0.828508246827374,0.502251818963097,0,-0.828346980013812,NA,"2024",1,1,2,1
"Y27","Y12",0.571428571428571,"YY","same","same","Y12_Y27",214.4976007014,1.17915001323982,0.426081397137378,0,-1.17892049498689,NA,"2024",0,1,1,0
"Y28","Y12",0.714285714285714,"YY","same","same","Y12_Y28",224.181466688948,1.30022490547884,0.399780121882274,0,-1.29997182033669,NA,"2024",0,1,1,0
"Y29","Y12",1,"YY","same","same","Y12_Y29",235.376841488001,1.44019780464055,0.369373605047723,0,-1.43991747416497,NA,"2024",1,1,2,1
"Y30","Y12",0.428571428571428,"YY","same","same","Y12_Y30",230.268458049628,1.37632899696479,0.383247919200152,0,-1.37606109837403,NA,"2024",0,1,1,0
"Y31","Y12",0.666666666666667,"YY","same","same","Y12_Y31",268.054686305585,1.84876051554335,0.280620932055767,0,-1.84840065947852,NA,"2024",0,1,1,0
"Y32","Y12",0.666666666666667,"YY","same","same","Y12_Y32",260.309692196297,1.75192684101919,0.301656252265635,0,-1.75158583335834,NA,"2024",0,1,1,0
"Y33","Y12",0.5,"YY","same","same","Y12_Y33",253.717964039067,1.66951215484615,0.319559314626582,0,-1.66918718897352,NA,"2024",0,1,1,0
"Y34","Y12",0.571428571428571,"YY","same","same","Y12_Y34",167.199117983556,0.587789217304074,0.554543564489783,0,-0.587674805776508,NA,"2024",1,1,2,1
"Y35","Y12",0.571428571428571,"YY","same","same","Y12_Y35",173.71331889417,0.669234600200732,0.536851065291903,0,-0.669104335557123,NA,"2024",0,1,1,0
"Y16","Y14",0.375,"YY","same","same","Y14_Y16",48.9056514575261,-0.891203648833705,0.875827339790049,0,0.891030178535451,NA,"2024",0,1,1,0
"Y17","Y14",0.75,"YY","same","same","Y14_Y17",48.9349811828033,-0.890836946802521,0.875747680573506,0,0.890663547881792,NA,"2024",1,1,2,1
"Y18","Y14",0.875,"YY","same","same","Y14_Y18",49.1792477406261,-0.887782944691792,0.875084255245112,0,0.887610140224035,NA,"2024",1,1,2,1
"Y19","Y14",0.625,"YY","same","same","Y14_Y19",130.353848540901,0.127122265383946,0.654614917677214,0,-0.12709752139045,NA,"2024",1,1,2,1
"Y20","Y14",0.75,"YY","same","same","Y14_Y20",132.557342724923,0.154671987904146,0.648630251312407,0,-0.154641881434196,NA,"2024",1,1,2,1
"Y21","Y14",1,"YY","same","same","Y14_Y21",135.514299030476,0.191642054044127,0.640599189977019,0,-0.191604751454179,NA,"2024",1,1,2,1
"Y22","Y14",0.375,"YY","same","same","Y14_Y22",143.71011675504,0.294112260580237,0.6183394377054,0,-0.294055012451115,NA,"2024",0,1,1,0
"Y23","Y14",0.875,"YY","same","same","Y14_Y23",160.380495697026,0.502537732037584,0.573062868851202,0,-0.502439914473244,NA,"2024",0,1,1,0
"Y24","Y14",0.375,"YY","same","same","Y14_Y24",167.176368944251,0.587504791901455,0.554605350634421,0,-0.587390435736498,NA,"2024",0,1,1,0
"Y25","Y14",0.625,"YY","same","same","Y14_Y25",178.251527234321,0.725974654890515,0.524525340537677,0,-0.725833345953918,NA,"2024",0,1,1,0
"Y26","Y14",0.75,"YY","same","same","Y14_Y26",187.597604035161,0.842826255581219,0.499141497059225,0,-0.842662201807289,NA,"2024",1,1,2,1
"Y27","Y14",0.625,"YY","same","same","Y14_Y27",209.067100024528,1.11125385636388,0.440830578224671,0,-1.11103755390804,NA,"2024",0,1,1,0
"Y28","Y14",0.75,"YY","same","same","Y14_Y28",216.562061771091,1.20496144039773,0.42047434320693,0,-1.20472689802268,NA,"2024",0,1,1,0
"Y29","Y14",0.75,"YY","same","same","Y14_Y29",224.898219738863,1.30918628499318,0.397833428353059,0,-1.30893145554356,NA,"2024",1,1,2,1
"Y30","Y14",0.5,"YY","same","same","Y14_Y30",213.306582931489,1.16425902359456,0.429316188515162,0,-1.16403240383113,NA,"2024",0,1,1,0
"Y31","Y14",0.5,"YY","same","same","Y14_Y31",253.880056430415,1.6715387544336,0.319119073445312,0,-1.67121339408903,NA,"2024",0,1,1,0
"Y32","Y14",0.5,"YY","same","same","Y14_Y32",256.566271750838,1.70512381548971,0.311823341696468,0,-1.70479191790691,NA,"2024",0,1,1,0
"Y33","Y14",0.375,"YY","same","same","Y14_Y33",268.559879470404,1.85507681608582,0.279248832885665,0,-1.85471573057075,NA,"2024",0,1,1,0
"Y34","Y14",0.444444444444444,"YY","same","same","Y14_Y34",180.59261154102,0.755244631418529,0.51816698088823,0,-0.755097625162846,NA,"2024",1,1,2,1
"Y35","Y14",0.625,"YY","same","same","Y14_Y35",192.987057103619,0.910209204739103,0.484503800832303,0,-0.910032035062536,NA,"2024",0,1,1,0
"Y17","Y16",0.5,"YY","same","same","Y16_Y17",5.992222142825,-1.42773924696824,0.992379749540205,0,1.42746134151607,NA,"2024",1,0,1,0
"Y18","Y16",0.428571428571428,"YY","same","same","Y16_Y18",23.4952639831573,-1.20890320489599,0.944841677262451,0,1.2086678952675,NA,"2024",1,0,1,0
"Y19","Y16",0.6,"YY","same","same","Y16_Y19",84.4044963269146,-0.447370697954678,0.779412861177014,0,0.447283618499263,NA,"2024",1,0,1,0
"Y20","Y16",0.5,"YY","same","same","Y16_Y20",84.7352586667454,-0.443235261270275,0.77851451424046,0,0.443148986766048,NA,"2024",1,0,1,0
"Y21","Y16",0.375,"YY","same","same","Y16_Y21",86.925982562026,-0.415845202394246,0.772564531841717,0,0.41576425928839,NA,"2024",1,0,1,0
"Y22","Y16",1,"YY","same","same","Y16_Y22",94.849043335831,-0.316785206043095,0.751045584497475,0,0.316723544688536,NA,"2024",0,0,0,1
"Y23","Y16",0.428571428571428,"YY","same","same","Y16_Y23",119.038385552759,-0.0143520655997061,0.685347592734129,0,0.0143492720102685,NA,"2024",0,0,0,1
"Y24","Y16",1,"YY","same","same","Y16_Y24",128.710906682395,0.106580984791119,0.659077129990381,0,-0.106560239100452,NA,"2024",0,0,0,1
"Y25","Y16",0.6,"YY","same","same","Y16_Y25",143.962182625219,0.297263775492605,0.617654829529023,0,-0.297205913929918,NA,"2024",0,0,0,1
"Y26","Y16",0.5,"YY","same","same","Y16_Y26",154.75454767225,0.432197947108925,0.588342882820913,0,-0.432113820987036,NA,"2024",1,0,1,0
"Y27","Y16",0.6,"YY","same","same","Y16_Y27",179.622042837746,0.743109859901603,0.520803034986007,0,-0.742965215645264,NA,"2024",0,0,0,1
"Y28","Y16",0.5,"YY","same","same","Y16_Y28",188.256550984313,0.851064900246717,0.497351804274296,0,-0.85089924284364,NA,"2024",0,0,0,1
"Y29","Y16",0.5,"YY","same","same","Y16_Y29",198.041913508695,0.973408777648841,0.470774865523217,0,-0.973219306352127,NA,"2024",1,0,1,0
"Y30","Y16",0.75,"YY","same","same","Y16_Y30",188.997186538025,0.860324876579459,0.495340246123145,0,-0.860157416747882,NA,"2024",0,0,0,1
"Y31","Y16",0.75,"YY","same","same","Y16_Y31",229.316542951838,1.36442744669202,0.38583331030724,0,-1.36416186470475,NA,"2024",0,0,0,1
"Y32","Y16",0.75,"YY","same","same","Y16_Y32",227.656891621149,1.34367725185496,0.390340905366083,0,-1.34341570883509,NA,"2024",0,0,0,1
"Y33","Y16",1,"YY","same","same","Y16_Y33",232.996143704703,1.41043255097666,0.375839554471047,0,-1.41015801422448,NA,"2024",0,0,0,1
"Y34","Y16",0.6,"YY","same","same","Y16_Y34",143.030627237726,0.285616777454799,0.620184923883212,0,-0.285561182947712,NA,"2024",1,0,1,0
"Y35","Y16",0.6,"YY","same","same","Y16_Y35",154.015756717986,0.422961033329899,0.590349431059918,0,-0.422878705147449,NA,"2024",0,0,0,1
"Y18","Y17",0.857142857142857,"YY","same","same","Y17_Y18",17.6243216254362,-1.28230609112102,0.960787093189913,1,1.28205649382598,NA,"2024",1,1,2,1
"Y19","Y17",0.571428571428571,"YY","same","same","Y17_Y19",87.4073196871283,-0.409827167796563,0.771257225417393,0,0.409747396084315,NA,"2024",1,1,2,1
"Y20","Y17",0.714285714285714,"YY","same","same","Y17_Y20",86.8122893767583,-0.417266679123922,0.772873321302889,0,0.417185459331595,NA,"2024",1,1,2,1
"Y21","Y17",0.75,"YY","same","same","Y17_Y21",88.3052189310341,-0.398600963888209,0.768818540785069,0,0.39852337732516,NA,"2024",1,1,2,1
"Y22","Y17",0.5,"YY","same","same","Y17_Y22",95.6862716511469,-0.30631755519098,0.748771681450819,0,0.30625793133539,NA,"2024",0,1,1,0
"Y23","Y17",0.625,"YY","same","same","Y17_Y23",115.715362104368,-0.0558989753193303,0.694372888469083,0,0.0558880947400894,NA,"2024",0,1,1,0
"Y24","Y17",0.5,"YY","same","same","Y17_Y24",124.845185377179,0.0582488629859629,0.669576387233172,0,-0.0582375250076586,NA,"2024",0,1,1,0
"Y25","Y17",0.375,"YY","same","same","Y17_Y25",139.50704030591,0.241562273952476,0.629754947869309,0,-0.24151525453131,NA,"2024",0,1,1,0
"Y26","Y17",0.714285714285714,"YY","same","same","Y17_Y26",150.146499309171,0.374584700528551,0.600858292321829,0,-0.374511788664011,NA,"2024",1,1,2,1
"Y27","Y17",0.375,"YY","same","same","Y17_Y27",174.701386080357,0.681588150760636,0.534167485503845,0,-0.681455481532953,NA,"2024",0,1,1,0
"Y28","Y17",0.5,"YY","same","same","Y17_Y28",183.244350156724,0.78839863907986,0.510964887496406,0,-0.788245179489291,NA,"2024",0,1,1,0
"Y29","Y17",0.714285714285714,"YY","same","same","Y17_Y29",192.919573904165,0.909365479607796,0.484687084471939,0,-0.909188474159967,NA,"2024",1,1,2,1
"Y30","Y17",0.428571428571428,"YY","same","same","Y17_Y30",183.667892438977,0.79369407958351,0.509814551239996,0,-0.793539589250254,NA,"2024",0,1,1,0
"Y31","Y17",0.666666666666667,"YY","same","same","Y17_Y31",224.054772789159,1.29864088415057,0.400124221143435,0,-1.29838810733375,NA,"2024",0,1,1,0
"Y32","Y17",0.428571428571428,"YY","same","same","Y17_Y32",222.753335505828,1.28236934765495,0.403658910725071,0,-1.2821197380472,NA,"2024",0,1,1,0
"Y33","Y17",0.5,"YY","same","same","Y17_Y33",228.866425125596,1.35879973897929,0.387055825453613,0,-1.35853525240959,NA,"2024",0,1,1,0
"Y34","Y17",0.571428571428571,"YY","same","same","Y17_Y34",139.051997338753,0.235872988466336,0.630990839645124,0,-0.235827076448682,NA,"2024",1,1,2,1
"Y35","Y17",0.375,"YY","same","same","Y17_Y35",150.306103483131,0.376580190572302,0.600424809112066,0,-0.376506890291205,NA,"2024",0,1,1,0
"Y19","Y18",0.714285714285714,"YY","same","same","Y18_Y19",100.671693358894,-0.243986106489842,0.735231330028481,0,0.24393861527645,NA,"2024",1,1,2,1
"Y20","Y18",0.857142857142857,"YY","same","same","Y18_Y20",98.1027054419186,-0.276105503393012,0.742208673417815,0,0.276051760228826,NA,"2024",1,1,2,1
"Y21","Y18",0.875,"YY","same","same","Y18_Y21",97.9627634961232,-0.277855161641967,0.742588754228602,0,0.277801077911694,NA,"2024",1,1,2,1
"Y22","Y18",0.428571428571428,"YY","same","same","Y18_Y22",103.891850294434,-0.203725310392038,0.726485418629547,0,0.203685655830029,NA,"2024",0,1,1,0
"Y23","Y18",0.75,"YY","same","same","Y18_Y23",111.203406555188,-0.112310798098229,0.706627310927051,0,0.112288937115424,NA,"2024",0,1,1,0
"Y24","Y18",0.428571428571428,"YY","same","same","Y18_Y24",118.251321779322,-0.024192522053427,0.687485249427758,0,0.0241878130466565,NA,"2024",0,1,1,0
"Y25","Y18",0.5,"YY","same","same","Y18_Y25",130.511738050822,0.129096317423085,0.65418609147643,0,-0.129071189185879,NA,"2024",0,1,1,0
"Y26","Y18",0.625,"YY","same","same","Y18_Y26",140.464116365948,0.253528350412301,0.627155539644587,0,-0.253479001827812,NA,"2024",1,1,2,1
"Y27","Y18",0.5,"YY","same","same","Y18_Y27",163.608817927129,0.542900616718674,0.564294780600571,0,-0.542794942631694,NA,"2024",0,1,1,0
"Y28","Y18",0.625,"YY","same","same","Y18_Y28",171.733069586266,0.644476051097604,0.542229400988398,0,-0.644350605636348,NA,"2024",0,1,1,0
"Y29","Y18",0.625,"YY","same","same","Y18_Y29",180.904466736067,0.759143676921952,0.517319985552358,0,-0.758995911727965,NA,"2024",1,1,2,1
"Y30","Y18",0.571428571428571,"YY","same","same","Y18_Y30",170.755844103395,0.632258051573035,0.544883534827542,0,-0.632134984311223,NA,"2024",0,1,1,0
"Y31","Y18",0.571428571428571,"YY","same","same","Y18_Y31",211.3540599535,1.13984712968172,0.43461921979957,0,-1.13962526162518,NA,"2024",0,1,1,0
"Y32","Y18",0.375,"YY","same","same","Y18_Y32",211.580078168749,1.1426729774465,0.434005356772183,0,-1.14245055934659,NA,"2024",0,1,1,0
"Y33","Y18",0.428571428571428,"YY","same","same","Y18_Y33",220.675146909456,1.25638628875247,0.409303248469468,0,-1.25614173667449,NA,"2024",0,1,1,0
"Y34","Y18",0.5,"YY","same","same","Y18_Y34",131.893276406658,0.146369337079893,0.650433848248464,0,-0.14634084669771,NA,"2024",1,1,2,1
"Y35","Y18",0.5,"YY","same","same","Y18_Y35",144.040283726742,0.298240253529663,0.617442707782241,0,-0.298182201898255,NA,"2024",0,1,1,0
"Y20","Y19",0.833333333333333,"YY","same","same","Y19_Y20",14.6534020432518,-1.31945073652672,0.968856078633565,0,1.31919390913032,NA,"2024",1,1,2,1
"Y21","Y19",0.625,"YY","same","same","Y19_Y21",25.3535805186746,-1.18566914996658,0.939794509656601,1,1.18543836278192,NA,"2024",1,1,2,1
"Y22","Y19",0.6,"YY","same","same","Y19_Y22",35.833006927789,-1.05464756986194,0.911332500903474,0,1.05444228566148,NA,"2024",0,1,1,0
"Y23","Y19",0.714285714285714,"YY","same","same","Y19_Y23",110.632794693808,-0.119445011821937,0.708177086569267,0,0.119421762184379,NA,"2024",0,1,1,0
"Y24","Y19",0.6,"YY","same","same","Y19_Y24",126.856161941461,0.083391587093115,0.664114596640785,0,-0.0833753551538678,NA,"2024",0,1,1,0
"Y25","Y19",0.666666666666667,"YY","same","same","Y19_Y25",149.831710095313,0.370648971740598,0.60171325642105,0,-0.370576825954661,NA,"2024",0,1,1,0
"Y26","Y19",0.571428571428571,"YY","same","same","Y19_Y26",161.945865992568,0.522109155278116,0.56881134006382,0,-0.522007528190968,NA,"2024",1,1,2,1
"Y27","Y19",0.666666666666667,"YY","same","same","Y19_Y27",190.423960598111,0.878163466642194,0.491465143211827,0,-0.877992534578941,NA,"2024",0,1,1,0
"Y28","Y19",0.833333333333333,"YY","same","same","Y19_Y28",200.315577163347,1.00183581105975,0.464599619635321,0,-1.00164080652047,NA,"2024",0,1,1,0
"Y29","Y19",0.571428571428571,"YY","same","same","Y19_Y29",211.896012096133,1.14662301829401,0.433147283643411,0,-1.14639983132969,NA,"2024",1,1,2,1
"Y30","Y19",0.8,"YY","same","same","Y19_Y30",209.050945042202,1.1110518747641,0.440874454981892,0,-1.11083561162341,NA,"2024",0,1,1,0
"Y31","Y19",0.8,"YY","same","same","Y19_Y31",244.499732271284,1.55425896780767,0.344595932378369,0,-1.55395643564562,NA,"2024",0,1,1,0
"Y32","Y19",0.5,"YY","same","same","Y19_Y32",233.928644672327,1.42209137136028,0.373306891931452,0,-1.42181456525131,NA,"2024",0,1,1,0
"Y33","Y19",0.6,"YY","same","same","Y19_Y33",222.572775372353,1.28011185062522,0.40414931009416,0,-1.27986268043295,NA,"2024",0,1,1,0
"Y34","Y19",0.428571428571428,"YY","same","same","Y19_Y34",140.199140298641,0.250215422617101,0.62787521177669,0,-0.250166718884743,NA,"2024",1,1,2,1
"Y35","Y19",0.666666666666667,"YY","same","same","Y19_Y35",144.492913920406,0.30389937272776,0.616213369073132,0,-0.303840219564625,NA,"2024",0,1,1,0
"Y21","Y20",0.75,"YY","same","same","Y20_Y21",10.704062791707,-1.36882831206431,0.979582441313947,0,1.3685618734609,NA,"2024",1,1,2,1
"Y22","Y20",0.5,"YY","same","same","Y20_Y22",21.5003002328518,-1.23384572489777,0.950259977225317,0,1.23360556027751,NA,"2024",0,1,1,0
"Y23","Y20",0.625,"YY","same","same","Y20_Y23",96.3767864642778,-0.297684225620252,0.746896250688845,0,0.297626282218122,NA,"2024",0,1,1,0
"Y24","Y20",0.5,"YY","same","same","Y20_Y24",112.722883020049,-0.093313173649556,0.702500429287287,0,0.0932950105012286,NA,"2024",0,1,1,0
"Y25","Y20",0.571428571428571,"YY","same","same","Y20_Y25",135.869542635104,0.196083573702104,0.639634352190133,0,-0.196045406582774,NA,"2024",0,1,1,0
"Y26","Y20",0.714285714285714,"YY","same","same","Y20_Y26",147.949254615169,0.347113113778893,0.606825985139353,0,-0.347045549181897,NA,"2024",1,1,2,1
"Y27","Y20",0.571428571428571,"YY","same","same","Y20_Y27",176.427862213187,0.703173838956286,0.529478395005347,0,-0.703036968134754,NA,"2024",0,1,1,0
"Y28","Y20",0.714285714285714,"YY","same","same","Y20_Y28",186.33265127462,0.82701087571465,0.502577095071681,0,-0.826849900360188,NA,"2024",0,1,1,0
"Y29","Y20",0.5,"YY","same","same","Y20_Y29",197.952948928165,0.972296476320577,0.471016492361451,0,-0.972107221530206,NA,"2024",1,1,2,1
"Y30","Y20",0.666666666666667,"YY","same","same","Y20_Y30",195.507538782113,0.941722140585844,0.47765819986191,0,-0.941538837004431,NA,"2024",0,1,1,0
"Y31","Y20",0.666666666666667,"YY","same","same","Y20_Y31",230.496463781235,1.37917969413673,0.382628658099838,0,-1.37891124066574,NA,"2024",0,1,1,0
"Y32","Y20",0.428571428571428,"YY","same","same","Y20_Y32",219.563170650188,1.24248353483825,0.412323363959475,0,-1.24224168889244,NA,"2024",0,1,1,0
"Y33","Y20",0.5,"YY","same","same","Y20_Y33",207.919380612694,1.09690421498232,0.443947771730351,0,-1.09669070564405,NA,"2024",0,1,1,0
"Y34","Y20",0.375,"YY","same","same","Y20_Y34",125.891851444271,0.0713350603214443,0.666733653518541,0,-0.0713211751514208,NA,"2024",1,1,2,1
"Y35","Y20",0.571428571428571,"YY","same","same","Y20_Y35",129.942029032764,0.121973391717824,0.655733415005951,0,-0.12194964993819,NA,"2024",0,1,1,0
"Y22","Y21",0.375,"YY","same","same","Y21_Y22",11.3721979104444,-1.36047479007152,0.977767793559826,1,1.3602099774578,NA,"2024",0,1,1,0
"Y23","Y21",0.875,"YY","same","same","Y21_Y23",86.1599215766347,-0.425423066376877,0.774645145190237,0,0.425340258966579,NA,"2024",0,1,1,0
"Y24","Y21",0.375,"YY","same","same","Y21_Y24",102.61499336682,-0.219689525005737,0.729953348230984,0,0.219646763053993,NA,"2024",0,1,1,0
"Y25","Y21",0.625,"YY","same","same","Y21_Y25",125.907237894622,0.0715274331630892,0.666691864085851,0,-0.0715135105482299,NA,"2024",0,1,1,0
"Y26","Y21",0.75,"YY","same","same","Y21_Y26",137.944185649848,0.222022303107023,0.63399964420708,0,-0.221979087086545,NA,"2024",1,1,2,1
"Y27","Y21",0.625,"YY","same","same","Y21_Y27",166.406084143312,0.577874118636574,0.55669743582027,0,-0.577761637055239,NA,"2024",0,1,1,0
"Y28","Y21",0.75,"YY","same","same","Y21_Y28",176.318312808769,0.701804170855572,0.529775930002561,0,-0.701667566636107,NA,"2024",0,1,1,0
"Y29","Y21",0.75,"YY","same","same","Y21_Y29",187.969991863042,0.847482125064511,0.498130095747464,0,-0.847317165038605,NA,"2024",1,1,2,1
"Y30","Y21",0.5,"YY","same","same","Y21_Y30",185.884888622233,0.821412614136466,0.503793213591343,0,-0.821252728467966,NA,"2024",0,1,1,0
"Y31","Y21",0.5,"YY","same","same","Y21_Y31",220.447799600312,1.25354382366768,0.409920721301495,0,-1.25329982486758,NA,"2024",0,1,1,0
"Y32","Y21",0.5,"YY","same","same","Y21_Y32",209.182672011563,1.11269882327009,0.440516685958223,0,-1.11248223955548,NA,"2024",0,1,1,0
"Y33","Y21",0.375,"YY","same","same","Y21_Y33",197.221997255442,0.963157575067642,0.473001749196602,0,-0.962970099138846,NA,"2024",0,1,1,0
"Y34","Y21",0.444444444444444,"YY","same","same","Y21_Y34",115.596827741624,-0.0573809800490953,0.694694826515907,0,0.0573698110017776,NA,"2024",1,1,2,1
"Y35","Y21",0.625,"YY","same","same","Y21_Y35",119.387384748567,-0.00998861818332066,0.68439971469404,0,0.00998667392672165,NA,"2024",0,1,1,0
"Y23","Y22",0.428571428571428,"YY","same","same","Y22_Y23",78.4745911099191,-0.521510781683475,0.795518419592363,1,0.521409271068074,NA,"2024",0,0,0,1
"Y24","Y22",1,"YY","same","same","Y22_Y24",95.1324834858493,-0.313241426558352,0.750275764116486,0,0.313180454990561,NA,"2024",0,0,0,1
"Y25","Y22",0.6,"YY","same","same","Y22_Y25",118.689591194882,-0.0187129519799867,0.686294914436613,0,0.0187093095562089,NA,"2024",0,0,0,1
"Y26","Y22",0.5,"YY","same","same","Y22_Y26",130.583861545367,0.129998058973528,0.653990204845531,0,-0.12997275521485,NA,"2024",1,0,1,0
"Y27","Y22",0.6,"YY","same","same","Y22_Y27",158.936892654696,0.484488733526986,0.576983679096229,0,-0.484394429149737,NA,"2024",0,0,0,1
"Y28","Y22",0.5,"YY","same","same","Y22_Y28",168.848503443795,0.608411060596387,0.550063851424022,0,-0.608292635084687,NA,"2024",0,0,0,1
"Y29","Y22",0.5,"YY","same","same","Y22_Y29",180.55493203559,0.754773534228066,0.518269318017334,0,-0.754626619670133,NA,"2024",1,0,1,0
"Y30","Y22",0.75,"YY","same","same","Y22_Y30",179.260556775711,0.738590292400042,0.521784827219675,0,-0.73844652786488,NA,"2024",0,0,0,1
"Y31","Y22",0.75,"YY","same","same","Y22_Y31",212.835474851356,1.15836888012207,0.430595712964014,0,-1.1581434068586,NA,"2024",0,0,0,1
"Y32","Y22",0.75,"YY","same","same","Y22_Y32",200.701078113087,1.00665563054174,0.463552603226457,0,-1.00645968783808,NA,"2024",0,0,0,1
"Y33","Y22",1,"YY","same","same","Y22_Y33",187.289007823665,0.838967956313097,0.499979641031034,0,-0.838804653546331,NA,"2024",0,0,0,1
"Y34","Y22",0.6,"YY","same","same","Y22_Y34",107.537452061618,-0.158145286703596,0.716584003670637,1,0.158114504165746,NA,"2024",1,0,1,0
"Y35","Y22",0.6,"YY","same","same","Y22_Y35",110.421096223915,-0.122091823483972,0.708752057323189,1,0.122068058651926,NA,"2024",0,0,0,1
"Y24","Y23",0.428571428571428,"YY","same","same","Y23_Y24",16.7146219467261,-1.29367983283857,0.963257827675499,0,1.29342802167651,NA,"2024",0,0,0,1
"Y25","Y23",0.714285714285714,"YY","same","same","Y23_Y25",40.3885983431382,-0.997690179042237,0.898959563905074,0,0.997495981438637,NA,"2024",0,0,0,1
"Y26","Y23",0.625,"YY","same","same","Y23_Y26",52.1435586640218,-0.850720925651613,0.867033218847232,0,0.850555335202229,NA,"2024",1,0,1,0
"Y27","Y23",0.714285714285714,"YY","same","same","Y23_Y27",80.4623015829603,-0.496658947546647,0.790119819452075,0,0.49656227427127,NA,"2024",0,0,0,1
"Y28","Y23",0.857142857142857,"YY","same","same","Y23_Y28",90.3741107175012,-0.37273414061507,0.763199453075795,0,0.372661588956842,NA,"2024",0,0,0,1
"Y29","Y23",0.857142857142857,"YY","same","same","Y23_Y29",102.081070019687,-0.226365031647514,0.731403478265426,0,0.226320970327068,NA,"2024",1,0,1,0
"Y30","Y23",0.571428571428571,"YY","same","same","Y23_Y30",101.395273321514,-0.234939371837263,0.733266094678219,0,0.234893641545475,NA,"2024",0,0,0,1
"Y31","Y23",0.571428571428571,"YY","same","same","Y23_Y31",134.396182882977,0.177662534682419,0.643635981337035,0,-0.177627953166825,NA,"2024",0,0,0,1
"Y32","Y23",0.571428571428571,"YY","same","same","Y23_Y32",123.362937618512,0.0397166995005364,0.673602156109683,0,-0.0397089687560348,NA,"2024",0,0,0,1
"Y33","Y23",0.428571428571428,"YY","same","same","Y23_Y33",117.055126430922,-0.0391482456343402,0.690734103052706,0,0.0391406255377943,NA,"2024",0,0,0,1
"Y34","Y23",0.5,"YY","same","same","Y23_Y34",29.6003708280556,-1.13257262015801,0.928260273121176,0,1.13235216806441,NA,"2024",1,0,1,0
"Y35","Y23",0.714285714285714,"YY","same","same","Y23_Y35",36.3841741410929,-1.04775646758499,0.909835536715067,0,1.04755252471832,NA,"2024",0,0,0,1
"Y25","Y24",0.6,"YY","same","same","Y24_Y25",23.6817621633136,-1.20657146599189,0.944335150222819,0,1.20633661022986,NA,"2024",0,0,0,1
"Y26","Y24",0.5,"YY","same","same","Y24_Y26",35.4527054022,-1.05940238227758,0.912365395732596,0,1.05919617256618,NA,"2024",1,0,1,0
"Y27","Y24",0.6,"YY","same","same","Y24_Y27",63.8345337245342,-0.704551663557263,0.83528065706432,0,0.704414524546025,NA,"2024",0,0,0,1
"Y28","Y24",0.5,"YY","same","same","Y24_Y28",73.7496448714498,-0.58058557241203,0.808351322458153,0,0.580472563053799,NA,"2024",0,0,0,1
"Y29","Y24",0.5,"YY","same","same","Y24_Y29",85.438620953863,-0.434441303028056,0.776604189878132,0,0.43435674024321,NA,"2024",1,0,1,0
"Y30","Y24",0.75,"YY","same","same","Y24_Y30",84.7372939202067,-0.443209815018352,0.778508986514078,0,0.443123545467166,NA,"2024",0,0,0,1
"Y31","Y24",0.75,"YY","same","same","Y24_Y31",117.838854427605,-0.0293494955416415,0.68860550629265,0,0.0293437827444017,NA,"2024",0,0,0,1
"Y32","Y24",0.75,"YY","same","same","Y24_Y32",107.557616282818,-0.157893178618659,0.716529237864008,0,0.157862445152943,NA,"2024",0,0,0,1
"Y33","Y24",1,"YY","same","same","Y24_Y33",104.652777385088,-0.194211634178304,0.72441874888359,0,0.194173831426767,NA,"2024",0,0,0,1
"Y34","Y24",0.6,"YY","same","same","Y24_Y34",14.6494054762193,-1.31950070457909,0.968866933266388,0,1.31924386745654,NA,"2024",1,0,1,0
"Y35","Y24",0.6,"YY","same","same","Y24_Y35",25.8120933502453,-1.1799364816558,0.938549193766579,0,1.179706810319,NA,"2024",0,0,0,1
"Y26","Y25",0.571428571428571,"YY","same","same","Y25_Y26",12.1542452083377,-1.35069705332465,0.975643761559502,1,1.35043414392005,NA,"2024",1,0,1,0
"Y27","Y25",1,"YY","same","same","Y25_Y27",40.5982444083589,-0.995069028069314,0.898390167460038,0,0.994875340665421,NA,"2024",0,0,0,1
"Y28","Y25",0.833333333333333,"YY","same","same","Y25_Y28",50.4839859432933,-0.871470137648492,0.871540600402271,0,0.871300508423012,NA,"2024",0,0,0,1
"Y29","Y25",0.571428571428571,"YY","same","same","Y25_Y29",62.0834625606527,-0.726444857116778,0.840036547401065,0,0.726303456656632,NA,"2024",1,0,1,0
"Y30","Y25",0.8,"YY","same","same","Y25_Y30",61.0969778996408,-0.738778621770381,0.842715829067868,0,0.738634820577433,NA,"2024",0,0,0,1
"Y31","Y25",0.5,"YY","same","same","Y25_Y31",94.6699197842687,-0.319024741857692,0.75153208212563,0,0.318962644583749,NA,"2024",0,0,0,1
"Y32","Y25",0.8,"YY","same","same","Y25_Y32",86.1899477627952,-0.425047656673933,0.77456359439347,0,0.424964922336083,NA,"2024",0,0,0,1
"Y33","Y25",0.6,"YY","same","same","Y25_Y33",90.3087529284441,-0.373551292285409,0.763376964123786,0,0.373478581570893,NA,"2024",0,0,0,1
"Y34","Y25",0.428571428571428,"YY","same","same","Y25_Y34",15.8631874471257,-1.30432509996848,0.965570314564979,0,1.30407121673494,NA,"2024",1,0,1,0
"Y35","Y25",1,"YY","same","same","Y25_Y35",27.1203865008914,-1.16357922800987,0.934995883723487,0,1.16335274056675,NA,"2024",0,0,0,1
"Y27","Y26",0.571428571428571,"YY","same","same","Y26_Y27",28.4807202059758,-1.14657132466177,0.931301232097553,0,1.14634814775948,NA,"2024",0,1,1,0
"Y28","Y26",0.714285714285714,"YY","same","same","Y26_Y28",38.383441993105,-1.0227601345037,0.90440554685853,0,1.02256105710337,NA,"2024",0,1,1,0
"Y29","Y26",0.714285714285714,"YY","same","same","Y26_Y29",50.0272489253522,-0.877180603417008,0.872781093201687,0,0.877009862665333,NA,"2024",1,1,2,1
"Y30","Y26",0.428571428571428,"YY","same","same","Y26_Y30",50.0080975074456,-0.877420048682178,0.872833108245527,0,0.877249261323153,NA,"2024",0,1,1,0
"Y31","Y26",0.666666666666667,"YY","same","same","Y26_Y31",82.5563225964166,-0.470477939994865,0.784432481034165,0,0.4703863627794,NA,"2024",0,1,1,0
"Y32","Y26",0.666666666666667,"YY","same","same","Y26_Y32",74.2963182038554,-0.573750655975139,0.806866563601648,0,0.57363897701428,NA,"2024",0,1,1,0
"Y33","Y26",0.5,"YY","same","same","Y26_Y33",81.4902955315211,-0.483806202919203,0.787327799009367,0,0.483712031394628,NA,"2024",0,1,1,0
"Y34","Y26",0.375,"YY","same","same","Y26_Y34",24.9107250974147,-1.19120605769284,0.940997300189612,0,1.19097419276457,NA,"2024",1,1,2,1
"Y35","Y26",0.571428571428571,"YY","same","same","Y26_Y35",31.8805695193165,-1.10406388086082,0.922067278144554,0,1.10384897791361,NA,"2024",0,1,1,0
"Y28","Y27",0.833333333333333,"YY","same","same","Y27_Y28",9.91517549221,-1.37869156759657,0.981725050684627,0,1.37842320913805,NA,"2024",0,0,0,1
"Y29","Y27",0.571428571428571,"YY","same","same","Y27_Y29",21.6251068413815,-1.23228529988797,0.949921003826799,0,1.23204543900008,NA,"2024",1,0,1,0
"Y30","Y27",0.8,"YY","same","same","Y27_Y30",25.7423980187892,-1.18080786450604,0.938738485532799,0,1.180578023557,NA,"2024",0,0,0,1
"Y31","Y27",0.5,"YY","same","same","Y27_Y31",54.076200656726,-0.826557598597714,0.861784184103769,0,0.826396711472376,NA,"2024",0,0,0,1
"Y32","Y27",0.8,"YY","same","same","Y27_Y32",48.0554788849806,-0.901833138413368,0.878136399299299,0,0.90165759911469,NA,"2024",0,0,0,1
"Y33","Y27",0.6,"YY","same","same","Y27_Y33",67.6252655412385,-0.657157116089897,0.824985070461034,0,0.657029202294799,NA,"2024",0,0,0,1
"Y34","Y27",0.428571428571428,"YY","same","same","Y27_Y34",52.0165258757214,-0.852309184015996,0.867378238525923,0,0.852143284416562,NA,"2024",1,0,1,0
"Y35","Y27",1,"YY","same","same","Y27_Y35",54.4772969391472,-0.82154279467188,0.860694810940064,0,0.821382883664103,NA,"2024",0,0,0,1
"Y29","Y28",0.714285714285714,"YY","same","same","Y28_Y29",11.7374763615281,-1.35590780730255,0.97677570123853,0,1.35564388363926,NA,"2024",1,0,1,0
"Y30","Y28",0.666666666666667,"YY","same","same","Y28_Y30",19.5668623543673,-1.25801900270741,0.955511173585949,1,1.25777413282621,NA,"2024",0,0,0,1
"Y31","Y28",0.666666666666667,"YY","same","same","Y28_Y31",44.1876170976016,-0.950192022117919,0.888641470068489,0,0.95000706989775,NA,"2024",0,0,0,1
"Y32","Y28",0.666666666666667,"YY","same","same","Y28_Y32",40.0048687030892,-1.00248785229356,0.900001769455982,0,1.00229272083628,NA,"2024",0,0,0,1
"Y33","Y28",0.5,"YY","same","same","Y28_Y33",65.6398193043197,-0.681980641063331,0.83037752096051,0,0.681847895438509,NA,"2024",0,0,0,1
"Y34","Y28",0.375,"YY","same","same","Y28_Y34",61.8327542680716,-0.72957939858469,0.840717468411372,0,0.729437387994813,NA,"2024",1,0,1,0
"Y35","Y28",0.833333333333333,"YY","same","same","Y28_Y35",63.6775013495332,-0.706514999058366,0.835707155295933,0,0.706377477889364,NA,"2024",0,0,0,1
"Y30","Y29",0.428571428571428,"YY","same","same","Y29_Y30",16.3045695818448,-1.2988066123659,0.964371525462274,1,1.29855380329054,NA,"2024",0,1,1,0
"Y31","Y29",0.666666666666667,"YY","same","same","Y29_Y31",32.7139289281493,-1.09364460195398,0.91980388300605,1,1.09343172709027,NA,"2024",0,1,1,0
"Y32","Y29",0.666666666666667,"YY","same","same","Y29_Y32",32.8572963239462,-1.09185211618238,0.919414498710118,0,1.09163959022102,NA,"2024",0,1,1,0
"Y33","Y29",0.5,"YY","same","same","Y29_Y33",66.3701528711579,-0.672849467829711,0.828393942894255,0,0.672718499562226,NA,"2024",0,1,1,0
"Y34","Y29",0.571428571428571,"YY","same","same","Y29_Y34",73.5662652479423,-0.582878320802348,0.808849379531666,0,0.582764865167054,NA,"2024",1,1,2,1
"Y35","Y29",0.571428571428571,"YY","same","same","Y29_Y35",75.1046120101463,-0.563644765866791,0.80467124636847,0,0.563535053989184,NA,"2024",0,1,1,0
"Y31","Y30",0.6,"YY","same","same","Y30_Y31",40.6564638908971,-0.994341124814189,0.898232043975325,1,0.99414757909463,NA,"2024",0,0,0,1
"Y32","Y30",0.6,"YY","same","same","Y30_Y32",47.988773886691,-0.902667133895141,0.878317569352991,0,0.902491432261575,NA,"2024",0,0,0,1
"Y33","Y30",0.75,"YY","same","same","Y30_Y33",82.3999176632707,-0.472433430751412,0.784857275140487,0,0.472341472905138,NA,"2024",0,0,0,1
"Y34","Y30",0.5,"YY","same","same","Y30_Y34",74.8660623911241,-0.566627290558263,0.805319144552932,0,0.566516998140564,NA,"2024",1,0,1,0
"Y35","Y30",0.8,"YY","same","same","Y30_Y35",79.3162749543945,-0.510987424493257,0.793232415376713,0,0.510887962219907,NA,"2024",0,0,0,1
"Y32","Y31",0.6,"YY","same","same","Y31_Y32",25.6482303269697,-1.18198521900001,0.938994243965006,1,1.18175514888221,NA,"2024",0,0,0,1
"Y33","Y31",0.75,"YY","same","same","Y31_Y33",71.1105539067227,-0.613581449737691,0.815519064966754,1,0.613462017824202,NA,"2024",0,0,0,1
"Y34","Y31",0.5,"YY","same","same","Y31_Y34",105.449127560295,-0.1842550722255,0.722255870423222,0,0.184219207490907,NA,"2024",1,0,1,0
"Y35","Y31",0.5,"YY","same","same","Y31_Y35",105.430566516736,-0.184487136191655,0.722306282016722,0,0.18445122628646,NA,"2024",0,0,0,1
"Y33","Y32",0.75,"YY","same","same","Y32_Y33",45.4685496758048,-0.934176850690432,0.885162471044146,1,0.9339950157786,NA,"2024",0,0,0,1
"Y34","Y32",0.5,"YY","same","same","Y32_Y34",93.7632727913507,-0.330360316627884,0.753994525549631,0,0.330296012916009,NA,"2024",1,0,1,0
"Y35","Y32",0.8,"YY","same","same","Y32_Y35",90.6387068077998,-0.369425963574934,0.762480812957136,0,0.369354055844116,NA,"2024",0,0,0,1
"Y34","Y33",0.6,"YY","same","same","Y33_Y34",90.1088559149213,-0.376050553365879,0.763919882249883,0,0.375977356177183,NA,"2024",1,0,1,0
"Y35","Y33",0.6,"YY","same","same","Y33_Y35",80.6718890706736,-0.494038528953271,0.789550582102915,0,0.493942365735045,NA,"2024",0,0,0,1
"Y35","Y34",0.428571428571428,"YY","same","same","Y34_Y35",14.042500838809,-1.32708867757131,0.97051527969566,1,1.32683036347104,NA,"2024",0,1,1,0
"Z03","Z02",0.5,"ZZ","same","same","Z02_Z03",40.5224767202061,-0.996016332037593,0.898595951681351,0,0.995822460243632,NA,"2024",1,1,2,1
"Z05","Z02",0.555555555555556,"ZZ","same","same","Z02_Z05",25.5472771107915,-1.18324741116435,0.939268431807961,0,1.18301709536437,NA,"2024",1,1,2,1
"Z06","Z02",0.857142857142857,"ZZ","same","same","Z02_Z06",19.7606746719261,-1.25559581701967,0.954984781428262,0,1.25535141880479,NA,"2024",0,1,1,0
"Z07","Z02",0.714285714285714,"ZZ","same","same","Z02_Z07",25.7408006694724,-1.18082783575479,0.938742823916262,0,1.1805979909184,NA,"2024",0,1,1,0
"Z08","Z02",0.75,"ZZ","same","same","Z02_Z08",19.6754258556868,-1.25666166110022,0.955216316290884,0,1.25641705542177,NA,"2024",1,1,2,1
"Z10","Z02",0.5,"ZZ","same","same","Z02_Z10",59.6485476407492,-0.756887973731313,0.846649749980849,0,0.756740647603644,NA,"2024",1,1,2,1
"Z11","Z02",0.857142857142857,"ZZ","same","same","Z02_Z11",63.3241926200764,-0.710932327468433,0.836666737982787,0,0.710793946478807,NA,"2024",1,1,2,1
"Z13","Z02",0.714285714285714,"ZZ","same","same","Z02_Z13",87.0250392201348,-0.414606722408928,0.77229549502996,0,0.414526020369738,NA,"2024",1,1,2,1
"Z14","Z02",0.625,"ZZ","same","same","Z02_Z14",73.3967500459857,-0.584997725886655,0.809309780986242,0,0.584883857715087,NA,"2024",1,1,2,1
"Z15","Z02",0.625,"ZZ","same","same","Z02_Z15",79.6342468897553,-0.50701190295482,0.792368807040324,0,0.506913214505621,NA,"2024",1,1,2,1
"Z16","Z02",0.5,"ZZ","same","same","Z02_Z16",89.1339895956248,-0.38823905687347,0.766567608626283,0,0.388163487226648,NA,"2024",1,1,2,1
"Z17","Z02",0.625,"ZZ","same","same","Z02_Z17",100.60020973008,-0.244879847963206,0.73542547879098,0,0.244832182785535,NA,"2024",1,1,2,1
"Z18","Z02",0.428571428571428,"ZZ","same","same","Z02_Z18",81.1521561317361,-0.488033873091773,0.788246181960946,0,0.48793887866302,NA,"2024",0,1,1,0
"Z19","Z02",0.571428571428571,"ZZ","same","same","Z02_Z19",77.8758659671134,-0.528996488552942,0.797144550602781,0,0.52889352086563,NA,"2024",0,1,1,0
"Z20","Z02",0.5,"ZZ","same","same","Z02_Z20",80.0926744318471,-0.501280300996517,0.791123722795604,0,0.501182728187613,NA,"2024",1,1,2,1
"Z21","Z02",0.714285714285714,"ZZ","same","same","Z02_Z21",78.8076322257009,-0.517346854047932,0.79461388352498,0,0.517246153929402,NA,"2024",1,1,2,1
"Z22","Z02",0.444444444444444,"ZZ","same","same","Z02_Z22",95.500268749764,-0.308643101751624,0.749276863318661,0,0.308583025234899,NA,"2024",1,1,2,1
"Z23","Z02",0.555555555555556,"ZZ","same","same","Z02_Z23",86.8702221015729,-0.416542361127053,0.77271597664905,0,0.4164612823212,NA,"2024",1,1,2,1
"Z24","Z02",0.571428571428571,"ZZ","same","same","Z02_Z24",83.3157664336269,-0.460982808518443,0.782369839788515,0,0.460893079503769,NA,"2024",0,1,1,0
"Z26","Z02",0.625,"ZZ","same","same","Z02_Z26",97.1307689264346,-0.288257376315117,0.744848442478756,0,0.288201267822845,NA,"2024",1,1,2,1
"Z27","Z02",0.5,"ZZ","same","same","Z02_Z27",138.792132764365,0.232623968355855,0.631696629017758,0,-0.23257868875088,NA,"2024",0,1,1,0
"Z28","Z02",0.5,"ZZ","same","same","Z02_Z28",140.128835844607,0.249336424063518,0.628066157913243,0,-0.249287891425771,NA,"2024",1,1,2,1
"Z29","Z02",0.555555555555556,"ZZ","same","same","Z02_Z29",142.087762463994,0.273828381062035,0.622745734408076,0,-0.273775081133343,NA,"2024",1,1,2,1
"Z30","Z02",0.5,"ZZ","same","same","Z02_Z30",146.709768862787,0.331616141382295,0.610192415033166,0,-0.331551593227643,NA,"2024",1,1,2,1
"Z31","Z02",0.5,"ZZ","same","same","Z02_Z31",151.739390465597,0.394500210032786,0.596532017174027,0,-0.394423421670008,NA,"2024",1,1,2,1
"Z32","Z02",0.571428571428571,"ZZ","same","same","Z02_Z32",161.028088640698,0.510634420485217,0.571304013422319,0,-0.510535026923111,NA,"2024",1,1,2,1
"Z33","Z02",0.444444444444444,"ZZ","same","same","Z02_Z33",171.649164598194,0.643427008555904,0.542457286028255,0,-0.643301767287845,NA,"2024",1,1,2,1
"Z35","Z02",0.625,"ZZ","same","same","Z02_Z35",95.3591663332013,-0.310407269068887,0.749660095955497,0,0.310346849161926,NA,"2024",1,1,2,1
"Z38","Z02",0.5,"ZZ","same","same","Z02_Z38",69.8479374898578,-0.629367618898612,0.81894831749506,0,0.629245114251437,NA,"2024",0,1,1,0
"Z39","Z02",0.555555555555556,"ZZ","same","same","Z02_Z39",74.7821403194458,-0.567676546691918,0.80554707599168,0,0.567566050039447,NA,"2024",1,1,2,1
"Z40","Z02",0.428571428571428,"ZZ","same","same","Z02_Z40",81.6870433184047,-0.48134631581153,0.786793434148752,0,0.481252623097103,NA,"2024",0,1,1,0
"Z41","Z02",0.5,"ZZ","same","same","Z02_Z41",135.315069607794,0.189151139680681,0.641140294933615,0,-0.189114321940249,NA,"2024",1,1,2,1
"Z42","Z02",0.857142857142857,"ZZ","same","same","Z02_Z42",205.965021973032,1.07246937026248,0.449255788652006,0,-1.07226061709841,NA,"2024",1,1,2,1
"Z43","Z02",0.714285714285714,"ZZ","same","same","Z02_Z43",249.720510293329,1.61953301613048,0.330416355752656,0,-1.61921777855744,NA,"2024",1,1,2,1
"Z44","Z02",0.571428571428571,"ZZ","same","same","Z02_Z44",225.437161168878,1.31592453143794,0.396369669259797,0,-1.3156683904075,NA,"2024",0,1,1,0
"Z45","Z02",0.428571428571428,"ZZ","same","same","Z02_Z45",237.161180367595,1.46250693591544,0.364527359955018,0,-1.46222226302984,NA,"2024",1,1,2,1
"Z05","Z03",0.714285714285714,"ZZ","same","same","Z03_Z05",65.2925231512577,-0.686322795773141,0.831320773554925,0,0.686189204960046,NA,"2024",1,1,2,1
"Z06","Z03",0.571428571428571,"ZZ","same","same","Z03_Z06",55.8297991076952,-0.804632807016067,0.857021429682635,0,0.804476187490104,NA,"2024",0,1,1,0
"Z07","Z03",0.666666666666667,"ZZ","same","same","Z03_Z07",55.734642081899,-0.805822530898954,0.85727987513522,0,0.805665679796563,NA,"2024",0,1,1,0
"Z08","Z03",0.714285714285714,"ZZ","same","same","Z03_Z08",33.5078259258153,-1.08371871145065,0.917647667349342,0,1.08350776863377,NA,"2024",1,1,2,1
"Z10","Z03",1,"ZZ","same","same","Z03_Z10",55.1710530420947,-0.812868940086064,0.858810576870014,0,0.812710717419828,NA,"2024",1,1,2,1
"Z11","Z03",0.571428571428571,"ZZ","same","same","Z03_Z11",50.8075499083078,-0.867424700397818,0.870661804173841,0,0.867255858605386,NA,"2024",1,1,2,1
"Z13","Z03",0.666666666666667,"ZZ","same","same","Z03_Z13",69.4317064692141,-0.634571648573926,0.820078796444039,0,0.634448130976927,NA,"2024",1,1,2,1
"Z14","Z03",0.833333333333333,"ZZ","same","same","Z03_Z14",63.9532869827552,-0.703066922033514,0.83495812449975,0,0.702930072023062,NA,"2024",1,1,2,1
"Z15","Z03",0.571428571428571,"ZZ","same","same","Z03_Z15",72.1782927642669,-0.600231784708993,0.812619097781237,0,0.600114951270473,NA,"2024",1,1,2,1
"Z16","Z03",0.666666666666667,"ZZ","same","same","Z03_Z16",84.4629701350018,-0.446639614932457,0.779254046946862,0,0.446552677780308,NA,"2024",1,1,2,1
"Z17","Z03",0.571428571428571,"ZZ","same","same","Z03_Z17",93.3869294840578,-0.335065640455573,0.755016669900684,0,0.335000420865572,NA,"2024",1,1,2,1
"Z18","Z03",0.6,"ZZ","same","same","Z03_Z18",59.456430824266,-0.759289961004053,0.847171537175959,0,0.759142167336277,NA,"2024",0,1,1,0
"Z19","Z03",0.8,"ZZ","same","same","Z03_Z19",53.7763718549747,-0.830306281190893,0.86259851588556,0,0.830144664394969,NA,"2024",0,1,1,0
"Z20","Z03",1,"ZZ","same","same","Z03_Z20",53.0580603238224,-0.839287145996346,0.864549442232955,0,0.839123781100201,NA,"2024",1,1,2,1
"Z21","Z03",0.666666666666667,"ZZ","same","same","Z03_Z21",50.5238737666037,-0.870971430426071,0.871432265505695,0,0.870801898272557,NA,"2024",1,1,2,1
"Z22","Z03",0.833333333333333,"ZZ","same","same","Z03_Z22",61.408217595232,-0.73488727169876,0.841870505421859,0,0.734744227946222,NA,"2024",1,1,2,1
"Z23","Z03",0.5,"ZZ","same","same","Z03_Z23",52.1394867397732,-0.850771835875921,0.867044278149438,0,0.850606235517004,NA,"2024",1,1,2,1
"Z24","Z03",0.8,"ZZ","same","same","Z03_Z24",46.8938970458027,-0.91635609816788,0.881291243007672,0,0.916177732015695,NA,"2024",0,1,1,0
"Z26","Z03",0.571428571428571,"ZZ","same","same","Z03_Z26",57.8494344153842,-0.779381824861321,0.85153612203683,0,0.779230120368427,NA,"2024",1,1,2,1
"Z27","Z03",0.666666666666667,"ZZ","same","same","Z03_Z27",99.8534329982132,-0.254216605871011,0.737453716315558,0,0.25416712331952,NA,"2024",0,1,1,0
"Z28","Z03",0.666666666666667,"ZZ","same","same","Z03_Z28",102.237437279452,-0.224410011911588,0.7309787864796,0,0.224366331130267,NA,"2024",1,1,2,1
"Z29","Z03",0.714285714285714,"ZZ","same","same","Z03_Z29",105.571560078874,-0.182724329853341,0.721923345027326,0,0.18268876307347,NA,"2024",1,1,2,1
"Z30","Z03",0.666666666666667,"ZZ","same","same","Z03_Z30",114.959943156084,-0.0653437846420138,0.696424598159953,0,0.0653310656570475,NA,"2024",1,1,2,1
"Z31","Z03",1,"ZZ","same","same","Z03_Z31",122.057173195343,0.0233910618855675,0.677148598156302,0,-0.0233865088807776,NA,"2024",1,1,2,1
"Z32","Z03",0.8,"ZZ","same","same","Z03_Z32",133.423938808718,0.165506816431839,0.646276585724284,0,-0.165474600992813,NA,"2024",1,1,2,1
"Z33","Z03",0.833333333333333,"ZZ","same","same","Z03_Z33",146.319603815363,0.326738007883438,0.611252099080882,0,-0.326674409243831,NA,"2024",1,1,2,1
"Z35","Z03",0.571428571428571,"ZZ","same","same","Z03_Z35",62.8165567543832,-0.717279168473306,0.838045471502037,0,0.717139552088826,NA,"2024",1,1,2,1
"Z38","Z03",0.666666666666667,"ZZ","same","same","Z03_Z38",68.808414440841,-0.642364508911497,0.821771650849876,0,0.642239474456023,NA,"2024",0,1,1,0
"Z39","Z03",0.714285714285714,"ZZ","same","same","Z03_Z39",68.3690680999759,-0.647857543505763,0.822964910758498,0,0.647731439846464,NA,"2024",1,1,2,1
"Z40","Z03",0.6,"ZZ","same","same","Z03_Z40",64.7938048810341,-0.692558142369489,0.832675286981356,1,0.692423337863614,NA,"2024",0,1,1,0
"Z41","Z03",0.666666666666667,"ZZ","same","same","Z03_Z41",134.912990617081,0.184124049205169,0.64223233712241,0,-0.184088209973841,NA,"2024",1,1,2,1
"Z42","Z03",0.571428571428571,"ZZ","same","same","Z03_Z42",199.245392583746,0.988455567795581,0.467506229375485,0,-0.988263167683238,NA,"2024",1,1,2,1
"Z43","Z03",0.666666666666667,"ZZ","same","same","Z03_Z43",241.79902861111,1.52049276275634,0.351931014301234,0,-1.52019680309169,NA,"2024",1,1,2,1
"Z44","Z03",0.8,"ZZ","same","same","Z03_Z44",204.378460663572,1.05263300121107,0.453564872003928,0,-1.05242810914077,NA,"2024",0,1,1,0
"Z45","Z03",0.6,"ZZ","same","same","Z03_Z45",217.589100454846,1.21780224159435,0.417684917253102,0,-1.21756519979326,NA,"2024",1,1,2,1
"Z06","Z05",0.625,"ZZ","same","same","Z05_Z06",12.7578196101509,-1.34315071741379,0.974004460014083,0,1.34288927688238,NA,"2024",0,1,1,0
"Z07","Z05",0.714285714285714,"ZZ","same","same","Z05_Z07",21.4047511324116,-1.23504035078935,0.950519487548393,0,1.2347999536385,NA,"2024",0,1,1,0
"Z08","Z05",0.75,"ZZ","same","same","Z05_Z08",36.4216101276783,-1.04728841504817,0.90973386098051,0,1.04708456328662,NA,"2024",1,1,2,1
"Z10","Z05",0.714285714285714,"ZZ","same","same","Z05_Z10",68.2416489385946,-0.649450632593661,0.823310979822297,0,0.649324218844026,NA,"2024",1,1,2,1
"Z11","Z05",0.625,"ZZ","same","same","Z05_Z11",75.4914586462436,-0.55880812161348,0.803620575090017,0,0.558699351175153,NA,"2024",1,1,2,1
"Z13","Z05",0.5,"ZZ","same","same","Z05_Z13",98.9007923109851,-0.266127228002394,0.740041078115713,0,0.266075427081611,NA,"2024",1,1,2,1
"Z14","Z05",0.625,"ZZ","same","same","Z05_Z14",82.4022338891522,-0.472404471573397,0.784850984296051,0,0.472312519363947,NA,"2024",1,1,2,1
"Z15","Z05",0.625,"ZZ","same","same","Z05_Z15",86.7031869087345,-0.418630759293555,0.773169642425692,0,0.418549273986838,NA,"2024",1,1,2,1
"Z16","Z05",0.5,"ZZ","same","same","Z05_Z16",93.4834529408821,-0.333858832436072,0.754754513236209,0,0.333793847747877,NA,"2024",1,1,2,1
"Z17","Z05",0.444444444444444,"ZZ","same","same","Z05_Z17",105.436230657315,-0.184416318895016,0.722290898272188,0,0.18438042277421,NA,"2024",1,1,2,1
"Z18","Z05",0.428571428571428,"ZZ","same","same","Z05_Z18",95.6550322378092,-0.306708133562091,0.748856527359474,0,0.306648433681514,NA,"2024",0,1,1,0
"Z19","Z05",0.571428571428571,"ZZ","same","same","Z05_Z19",93.8361334433543,-0.329449358586834,0.753796636807048,0,0.329385232190394,NA,"2024",0,1,1,0
"Z20","Z05",0.714285714285714,"ZZ","same","same","Z05_Z20",97.2654393610107,-0.286573626418635,0.74448267903541,0,0.286517845663573,NA,"2024",1,1,2,1
"Z21","Z05",0.5,"ZZ","same","same","Z05_Z21",96.6594320897833,-0.294150379871673,0.746128588227837,0,0.294093124322736,NA,"2024",1,1,2,1
"Z22","Z05",0.857142857142857,"ZZ","same","same","Z05_Z22",115.386654207583,-0.0600087258293572,0.69526565556055,0,0.0599970452986712,NA,"2024",1,1,2,1
"Z23","Z05",0.555555555555556,"ZZ","same","same","Z05_Z23",107.397068208549,-0.159900470005827,0.716965284696797,0,0.159869345826456,NA,"2024",1,1,2,1
"Z24","Z05",0.571428571428571,"ZZ","same","same","Z05_Z24",104.838110065707,-0.191894467215945,0.723915387328094,0,0.191857115494479,NA,"2024",0,1,1,0
"Z26","Z05",0.625,"ZZ","same","same","Z05_Z26",120.120499651102,-0.000822670622982124,0.682408582550123,0,0.00082251049244566,NA,"2024",1,1,2,1
"Z27","Z05",0.714285714285714,"ZZ","same","same","Z05_Z27",161.101848368677,0.511556619442552,0.571103682799113,0,-0.511457046376997,NA,"2024",0,1,1,0
"Z28","Z05",0.714285714285714,"ZZ","same","same","Z05_Z28",161.573815123372,0.517457498702809,0.569821826199442,0,-0.517356777047606,NA,"2024",1,1,2,1
"Z29","Z05",1,"ZZ","same","same","Z05_Z29",162.501867401806,0.529060698266711,0.567301246251556,0,-0.528957718081158,NA,"2024",1,1,2,1
"Z30","Z05",0.714285714285714,"ZZ","same","same","Z05_Z30",163.912438579942,0.546696707852949,0.56347015019232,0,-0.546590294867444,NA,"2024",1,1,2,1
"Z31","Z05",0.714285714285714,"ZZ","same","same","Z05_Z31",167.546980529761,0.592138453482056,0.553598773577719,0,-0.592023195387829,NA,"2024",1,1,2,1
"Z32","Z05",0.571428571428571,"ZZ","same","same","Z05_Z32",175.347577091374,0.689667311203922,0.532412437708886,0,-0.689533069390251,NA,"2024",1,1,2,1
"Z33","Z05",0.857142857142857,"ZZ","same","same","Z05_Z33",184.328521742723,0.801953758296938,0.508020289198187,0,-0.801797660240317,NA,"2024",1,1,2,1
"Z35","Z05",0.444444444444444,"ZZ","same","same","Z05_Z35",114.426857103518,-0.0720088228046168,0.697872454111411,0,0.0719948064886094,NA,"2024",1,1,2,1
"Z38","Z05",0.714285714285714,"ZZ","same","same","Z05_Z38",87.4774318566166,-0.408950573327334,0.771066801523587,0,0.408870972241747,NA,"2024",0,1,1,0
"Z39","Z05",1,"ZZ","same","same","Z05_Z39",94.0935845462898,-0.326230513490794,0.753097402396768,0,0.326167013633552,NA,"2024",1,1,2,1
"Z40","Z05",0.428571428571428,"ZZ","same","same","Z05_Z40",103.954583583535,-0.202940972171379,0.726315035695041,0,0.202901470278611,NA,"2024",0,1,1,0
"Z41","Z05",0.714285714285714,"ZZ","same","same","Z05_Z41",133.773402621352,0.16987607283321,0.645327445789922,0,-0.169843006930642,NA,"2024",1,1,2,1
"Z42","Z05",0.625,"ZZ","same","same","Z05_Z42",206.252464486381,1.07606319026923,0.448475097895509,0,-1.07585373757814,NA,"2024",1,1,2,1
"Z43","Z05",0.5,"ZZ","same","same","Z05_Z43",250.048880276633,1.62363854179495,0.329524506430544,0,-1.62332250509282,NA,"2024",1,1,2,1
"Z44","Z05",0.571428571428571,"ZZ","same","same","Z05_Z44",234.493303851064,1.42915116021994,0.371773283710894,0,-1.42887297994281,NA,"2024",0,1,1,0
"Z45","Z05",0.428571428571428,"ZZ","same","same","Z05_Z45",245.100655228869,1.56177215339152,0.342963832126788,0,-1.5614681588089,NA,"2024",1,1,2,1
"Z07","Z06",0.833333333333333,"ZZ","same","same","Z06_Z07",9.86059147724756,-1.3793740175332,0.981873300278735,0,1.37910552623771,NA,"2024",0,0,0,1
"Z08","Z06",0.625,"ZZ","same","same","Z06_Z08",24.6196186880594,-1.19484568645144,0.941787942048021,0,1.19461311307961,NA,"2024",1,0,1,0
"Z10","Z06",0.571428571428571,"ZZ","same","same","Z06_Z10",55.7473551143616,-0.805663583115351,0.857245346676591,0,0.805506762951702,NA,"2024",1,0,1,0
"Z11","Z06",1,"ZZ","same","same","Z06_Z11",62.7591713039904,-0.717996644038471,0.838201329764467,0,0.717856887999379,NA,"2024",1,0,1,0
"Z13","Z06",0.833333333333333,"ZZ","same","same","Z06_Z13",86.2287641646757,-0.424562345158797,0.774458169465906,0,0.424479705285477,NA,"2024",1,0,1,0
"Z14","Z06",0.714285714285714,"ZZ","same","same","Z06_Z14",69.944629472349,-0.628158703845931,0.818685703116698,0,0.62803643451069,NA,"2024",1,0,1,0
"Z15","Z06",0.714285714285714,"ZZ","same","same","Z06_Z15",74.5447310308633,-0.570644814124431,0.806191877051005,0,0.570533739707004,NA,"2024",1,0,1,0
"Z16","Z06",0.571428571428571,"ZZ","same","same","Z06_Z16",81.896734217668,-0.478724604290073,0.786223915934941,0,0.478631421884462,NA,"2024",1,0,1,0
"Z17","Z06",0.714285714285714,"ZZ","same","same","Z06_Z17",93.8114529594939,-0.329757932345253,0.753863668734202,0,0.329693745885794,NA,"2024",1,0,1,0
"Z18","Z06",0.5,"ZZ","same","same","Z06_Z18",82.897723684707,-0.466209489767633,0.783505239371892,0,0.466118743394069,NA,"2024",0,0,0,1
"Z19","Z06",0.666666666666667,"ZZ","same","same","Z06_Z19",81.1211512240839,-0.488421519498456,0.788330390954696,0,0.488326449615414,NA,"2024",0,0,0,1
"Z20","Z06",0.571428571428571,"ZZ","same","same","Z06_Z20",84.6299742854074,-0.44455160488153,0.778800465481132,0,0.444465074154699,NA,"2024",1,0,1,0
"Z21","Z06",0.833333333333333,"ZZ","same","same","Z06_Z21",84.0965280601577,-0.451221146190803,0.780249299657702,0,0.451133317256405,NA,"2024",1,0,1,0
"Z22","Z06",0.5,"ZZ","same","same","Z06_Z22",103.091272178946,-0.21373473319758,0.728659780129978,0,0.21369313032941,NA,"2024",1,0,1,0
"Z23","Z06",0.625,"ZZ","same","same","Z06_Z23",95.2738479313535,-0.31147398316045,0.749891819811879,0,0.311413355620574,NA,"2024",1,0,1,0
"Z24","Z06",0.666666666666667,"ZZ","same","same","Z06_Z24",93.0128920108084,-0.339742135031732,0.756032551631421,0,0.339676005175138,NA,"2024",0,0,0,1
"Z26","Z06",0.5,"ZZ","same","same","Z06_Z26",108.825651008606,-0.142039265731239,0.713085269267288,0,0.142011618185336,NA,"2024",1,0,1,0
"Z27","Z06",0.571428571428571,"ZZ","same","same","Z06_Z27",149.390644833649,0.365134445920538,0.602911184899966,0,-0.365063373521632,NA,"2024",0,0,0,1
"Z28","Z06",0.571428571428571,"ZZ","same","same","Z06_Z28",149.564434602231,0.367307294814814,0.60243917376868,0,-0.367235799476946,NA,"2024",1,0,1,0
"Z29","Z06",0.625,"ZZ","same","same","Z06_Z29",150.224879244769,0.375564664756518,0.600645413264716,0,-0.37549156214468,NA,"2024",1,0,1,0
"Z30","Z06",0.571428571428571,"ZZ","same","same","Z06_Z30",151.20804358285,0.387856916264277,0.597975149559073,0,-0.387781421000056,NA,"2024",1,0,1,0
"Z31","Z06",0.571428571428571,"ZZ","same","same","Z06_Z31",154.791522947752,0.432660239493255,0.588242458372675,0,-0.432576023387447,NA,"2024",1,0,1,0
"Z32","Z06",0.666666666666667,"ZZ","same","same","Z06_Z32",162.609388163987,0.530405002773938,0.567009221024711,0,-0.530301760923272,NA,"2024",1,0,1,0
"Z33","Z06",0.5,"ZZ","same","same","Z06_Z33",171.685373668409,0.643879721272075,0.542358942585289,0,-0.643754391884752,NA,"2024",1,0,1,0
"Z35","Z06",0.714285714285714,"ZZ","same","same","Z06_Z35",101.984804265735,-0.22756861767411,0.731664935011687,0,0.22752432207901,NA,"2024",1,0,1,0
"Z38","Z06",0.571428571428571,"ZZ","same","same","Z06_Z38",88.2417343785717,-0.399394694961947,0.768990964142735,0,0.399316953901364,NA,"2024",0,0,0,1
"Z39","Z06",0.625,"ZZ","same","same","Z06_Z39",93.8056326319015,-0.329830702408052,0.753879476680974,0,0.329766501784104,NA,"2024",1,0,1,0
"Z40","Z06",0.5,"ZZ","same","same","Z06_Z40",101.405578968772,-0.234810522973307,0.73323810465176,0,0.234764817761589,NA,"2024",0,0,0,1
"Z41","Z06",0.571428571428571,"ZZ","same","same","Z06_Z41",124.072093985455,0.0485830996364581,0.671676095089233,0,-0.0485736430719626,NA,"2024",1,0,1,0
"Z42","Z06",0.714285714285714,"ZZ","same","same","Z06_Z42",196.142217773029,0.949657369194989,0.475934418589,0,-0.949472521043516,NA,"2024",1,0,1,0
"Z43","Z06",0.571428571428571,"ZZ","same","same","Z06_Z43",239.985570009985,1.49781955507323,0.35685634824258,0,-1.49752800868505,NA,"2024",1,0,1,0
"Z44","Z06",0.666666666666667,"ZZ","same","same","Z06_Z44",222.322464667315,1.27698228009237,0.404829151260999,0,-1.27673371906226,NA,"2024",0,0,0,1
"Z45","Z06",0.5,"ZZ","same","same","Z06_Z45",233.130470167758,1.41211200028546,0.375474725250629,0,-1.41183713663317,NA,"2024",1,0,1,0
"Z08","Z07",0.714285714285714,"ZZ","same","same","Z07_Z08",22.3965815175119,-1.22263974991881,0.947825686952801,0,1.22240176651024,NA,"2024",1,0,1,0
"Z10","Z07",0.666666666666667,"ZZ","same","same","Z07_Z10",47.0052446688301,-0.914963947401188,0.880988824068169,0,0.914785852227257,NA,"2024",1,0,1,0
"Z11","Z07",0.833333333333333,"ZZ","same","same","Z07_Z11",54.8685088096128,-0.816651573013076,0.859632283732292,0,0.816492614067919,NA,"2024",1,0,1,0
"Z13","Z07",0.666666666666667,"ZZ","same","same","Z07_Z13",77.9336037536718,-0.528274607819084,0.796987735399137,0,0.528171780643838,NA,"2024",1,0,1,0
"Z14","Z07",0.571428571428571,"ZZ","same","same","Z07_Z14",61.1087696007015,-0.738631193156945,0.842683802935358,0,0.738487420660565,NA,"2024",1,0,1,0
"Z15","Z07",0.833333333333333,"ZZ","same","same","Z07_Z15",65.2985793958452,-0.686247076100673,0.831304324860146,0,0.686113500026201,NA,"2024",1,0,1,0
"Z16","Z07",0.666666666666667,"ZZ","same","same","Z07_Z16",72.2603194181794,-0.599206226497433,0.812396314276634,1,0.599089592680951,NA,"2024",1,0,1,0
"Z17","Z07",0.571428571428571,"ZZ","same","same","Z07_Z17",84.1971600172724,-0.449962970646126,0.779975984350888,1,0.44987538661208,NA,"2024",1,0,1,0
"Z18","Z07",0.6,"ZZ","same","same","Z07_Z18",75.4409620534577,-0.559439467559186,0.803757723289715,0,0.559330574231135,NA,"2024",0,0,0,1
"Z19","Z07",0.8,"ZZ","same","same","Z07_Z19",74.2259749284476,-0.574630139902394,0.807057615176631,0,0.574518289752448,NA,"2024",0,0,0,1
"Z20","Z07",0.666666666666667,"ZZ","same","same","Z07_Z20",78.1773209978247,-0.525227473636253,0.796325802000728,0,0.525125239577156,NA,"2024",1,0,1,0
"Z21","Z07",0.666666666666667,"ZZ","same","same","Z07_Z21",77.9543553000856,-0.528015156557668,0.796931374423583,0,0.527912379883885,NA,"2024",1,0,1,0
"Z22","Z07",0.571428571428571,"ZZ","same","same","Z07_Z22",97.6848388410259,-0.281329982308604,0.743343594585056,0,0.281275222214205,NA,"2024",1,0,1,0
"Z23","Z07",0.5,"ZZ","same","same","Z07_Z23",90.3349439703626,-0.373223832407094,0.763305829537289,0,0.373151185431728,NA,"2024",1,0,1,0
"Z24","Z07",0.8,"ZZ","same","same","Z07_Z24",88.7333372930893,-0.393248309832688,0.767655775945422,0,0.393171765148784,NA,"2024",0,0,0,1
"Z26","Z07",0.571428571428571,"ZZ","same","same","Z07_Z26",105.408002063615,-0.184769253760568,0.722367566827281,0,0.184733288941977,NA,"2024",1,0,1,0
"Z27","Z07",0.666666666666667,"ZZ","same","same","Z07_Z27",145.078831580334,0.311224950924311,0.61462202304765,0,-0.311164371857864,NA,"2024",0,0,0,1
"Z28","Z07",0.666666666666667,"ZZ","same","same","Z07_Z28",144.666859135502,0.306074165129926,0.615740935750795,0,-0.306014588649531,NA,"2024",1,0,1,0
"Z29","Z07",0.714285714285714,"ZZ","same","same","Z07_Z29",144.716303225382,0.306692351901789,0.615606646137605,0,-0.306632655093068,NA,"2024",1,0,1,0
"Z30","Z07",0.666666666666667,"ZZ","same","same","Z07_Z30",144.214764268491,0.300421738983638,0.616968820518507,0,-0.300363262732187,NA,"2024",1,0,1,0
"Z31","Z07",0.666666666666667,"ZZ","same","same","Z07_Z31",147.279901158004,0.33874435921328,0.608643941887463,0,-0.33867842357096,NA,"2024",1,0,1,0
"Z32","Z07",0.8,"ZZ","same","same","Z07_Z32",154.607920364159,0.430364703490195,0.588741121003366,0,-0.430280934204051,NA,"2024",1,0,1,0
"Z33","Z07",0.571428571428571,"ZZ","same","same","Z07_Z33",163.226380865226,0.538119104240317,0.565333475523221,0,-0.538014360861371,NA,"2024",1,0,1,0
"Z35","Z07",0.571428571428571,"ZZ","same","same","Z07_Z35",96.1677633962469,-0.30029758741913,0.747463955080254,0,0.300239135333433,NA,"2024",1,0,1,0
"Z38","Z07",0.666666666666667,"ZZ","same","same","Z07_Z38",95.5380602976875,-0.308170603722606,0.749174221883357,0,0.308110619176301,NA,"2024",0,0,0,1
"Z39","Z07",0.714285714285714,"ZZ","same","same","Z07_Z39",100.506320668068,-0.246053718820164,0.735680480467643,0,0.246005825151814,NA,"2024",1,0,1,0
"Z40","Z07",0.6,"ZZ","same","same","Z07_Z40",106.681170724773,-0.168851152596211,0.718909654517635,0,0.168818286191501,NA,"2024",0,0,0,1
"Z41","Z07",0.666666666666667,"ZZ","same","same","Z07_Z41",114.242239475,-0.0743170496539976,0.698373873593139,0,0.0743025840480883,NA,"2024",1,0,1,0
"Z42","Z07",0.833333333333333,"ZZ","same","same","Z07_Z42",186.282337407448,0.826381814340423,0.502713746990588,0,-0.826220961430998,NA,"2024",1,0,1,0
"Z43","Z07",0.666666666666667,"ZZ","same","same","Z07_Z43",230.126029348453,1.37454824745125,0.383634754011646,0,-1.37428069547841,NA,"2024",1,0,1,0
"Z44","Z07",0.8,"ZZ","same","same","Z07_Z44",213.089396438413,1.1615435965865,0.429906064680676,0,-1.16131750537334,NA,"2024",0,0,0,1
"Z45","Z07",0.6,"ZZ","same","same","Z07_Z45",223.733080485065,1.29461884779625,0.400997933961055,0,-1.29436685385755,NA,"2024",1,0,1,0
"Z10","Z08",0.714285714285714,"ZZ","same","same","Z08_Z10",40.2687096373522,-0.999189116775615,0.899285180332946,0,0.998994627407977,NA,"2024",1,1,2,1
"Z11","Z08",0.625,"ZZ","same","same","Z08_Z11",43.6680856105173,-0.956687591025459,0.890052511966742,0,0.956501374460965,NA,"2024",1,1,2,1
"Z13","Z08",0.5,"ZZ","same","same","Z08_Z13",67.4085112430352,-0.659867139476327,0.825573772789949,0,0.659738698182755,NA,"2024",1,1,2,1
"Z14","Z08",0.625,"ZZ","same","same","Z08_Z14",53.8247669815921,-0.829701209337603,0.862467075245241,0,0.829539710317224,NA,"2024",1,1,2,1
"Z15","Z08",0.625,"ZZ","same","same","Z08_Z15",60.2929832522527,-0.74883076059783,0.844899469831977,0,0.748685002784167,NA,"2024",1,1,2,1
"Z16","Z08",0.5,"ZZ","same","same","Z08_Z16",70.2902236507911,-0.623837828488184,0.817747073066937,0,0.62371640019925,NA,"2024",1,1,2,1
"Z17","Z08",0.444444444444444,"ZZ","same","same","Z08_Z17",81.5245812644691,-0.483377537195477,0.787234679329609,0,0.483283449109487,NA,"2024",1,1,2,1
"Z18","Z08",0.428571428571428,"ZZ","same","same","Z08_Z18",61.9417916143357,-0.728216132615713,0.840421324158563,0,0.728074387381745,NA,"2024",0,1,1,0
"Z19","Z08",0.571428571428571,"ZZ","same","same","Z08_Z19",59.0997447474798,-0.763749515521389,0.848140292701622,0,0.763600853813796,NA,"2024",0,1,1,0
"Z20","Z08",0.714285714285714,"ZZ","same","same","Z08_Z20",61.8531239515652,-0.729324721657407,0.840662144571377,0,0.729182760639681,NA,"2024",1,1,2,1
"Z21","Z08",0.5,"ZZ","same","same","Z08_Z21",60.9196817652512,-0.740995309856855,0.843197363450752,0,0.74085107719177,NA,"2024",1,1,2,1
"Z22","Z08",0.625,"ZZ","same","same","Z08_Z22",79.0658191589777,-0.514118809053898,0.793912650607453,0,0.5140187372653,NA,"2024",1,1,2,1
"Z23","Z08",0.4,"ZZ","same","same","Z08_Z23",70.9851894375926,-0.615148849535462,0.815859553508628,0,0.615029112531985,NA,"2024",1,1,2,1
"Z24","Z08",0.571428571428571,"ZZ","same","same","Z08_Z24",68.4723191428842,-0.646566622203282,0.822684482043004,0,0.646440769818206,NA,"2024",0,1,1,0
"Z26","Z08",0.625,"ZZ","same","same","Z08_Z26",84.2220495282752,-0.449651783474967,0.779908384708277,0,0.449564260012634,NA,"2024",1,1,2,1
"Z27","Z08",0.5,"ZZ","same","same","Z08_Z27",124.81390521911,0.057857775193925,0.669661343804076,0,-0.0578465133397661,NA,"2024",0,1,1,0
"Z28","Z08",0.5,"ZZ","same","same","Z08_Z28",125.156931658321,0.0621465467667644,0.668729687706288,0,-0.0621344501152114,NA,"2024",1,1,2,1
"Z29","Z08",0.75,"ZZ","same","same","Z08_Z29",126.143538134038,0.0744818344383808,0.666050075192064,0,-0.0744673367575742,NA,"2024",1,1,2,1
"Z30","Z08",0.5,"ZZ","same","same","Z08_Z30",128.702782271015,0.106479407359796,0.659099195803792,0,-0.106458681440892,NA,"2024",1,1,2,1
"Z31","Z08",0.714285714285714,"ZZ","same","same","Z08_Z31",133.160386662397,0.162211691555462,0.646992390502391,0,-0.162180117503279,NA,"2024",1,1,2,1
"Z32","Z08",0.571428571428571,"ZZ","same","same","Z08_Z32",142.001157658502,0.272745583395715,0.622980952122837,0,-0.272692494230561,NA,"2024",1,1,2,1
"Z33","Z08",0.625,"ZZ","same","same","Z08_Z33",152.281103899234,0.401273114127738,0.595060729348917,0,-0.401195007438117,NA,"2024",1,1,2,1
"Z35","Z08",0.444444444444444,"ZZ","same","same","Z08_Z35",78.3056826220671,-0.523622601176974,0.795977173217995,0,0.523520679501813,NA,"2024",1,1,2,1
"Z38","Z08",0.5,"ZZ","same","same","Z08_Z38",83.1785778145804,-0.462698042629369,0.782742442593639,0,0.462607979749172,NA,"2024",0,1,1,0
"Z39","Z08",0.75,"ZZ","same","same","Z08_Z39",86.4140183414824,-0.42224615970946,0.773955021125913,0,0.422163970675161,NA,"2024",1,1,2,1
"Z40","Z08",0.428571428571428,"ZZ","same","same","Z08_Z40",89.414192071559,-0.384735757197239,0.765806581733078,0,0.384660869457902,NA,"2024",0,1,1,0
"Z41","Z08",0.714285714285714,"ZZ","same","same","Z08_Z41",117.853447121523,-0.0291670468330546,0.688565872693844,0,0.0291613695489454,NA,"2024",1,1,2,1
"Z42","Z08",0.857142857142857,"ZZ","same","same","Z08_Z42",187.530976678355,0.841993230830985,0.49932245623949,0,-0.841829339202994,NA,"2024",1,1,2,1
"Z43","Z08",0.714285714285714,"ZZ","same","same","Z08_Z43",231.177839927694,1.38769876530241,0.380778047857676,0,-1.38742865361804,NA,"2024",1,1,2,1
"Z44","Z08",0.571428571428571,"ZZ","same","same","Z08_Z44",205.766321916626,1.06998507442979,0.449795455855522,0,-1.06977680482696,NA,"2024",0,1,1,0
"Z45","Z08",0.428571428571428,"ZZ","same","same","Z08_Z45",217.491951495583,1.21658761307832,0.417948772775432,0,-1.21635080770127,NA,"2024",1,1,2,1
"Z11","Z10",0.571428571428571,"ZZ","same","same","Z10_Z11",11.5895948430446,-1.35775673199208,0.977177345842842,1,1.35749244844077,NA,"2024",1,1,2,1
"Z13","Z10",0.666666666666667,"ZZ","same","same","Z10_Z13",31.2789227047539,-1.11158611664277,0.923701344383854,0,1.11136974951339,NA,"2024",1,1,2,1
"Z14","Z10",0.833333333333333,"ZZ","same","same","Z10_Z14",14.2128651354225,-1.32495865647432,0.970052572109182,1,1.3247007569767,NA,"2024",1,1,2,1
"Z15","Z10",0.571428571428571,"ZZ","same","same","Z10_Z15",20.0243134242739,-1.25229960933034,0.95426874142912,0,1.25205585271308,NA,"2024",1,1,2,1
"Z16","Z10",0.666666666666667,"ZZ","same","same","Z10_Z16",30.670660839648,-1.1191910587047,0.925353377028864,1,1.11897321129462,NA,"2024",1,1,2,1
"Z17","Z10",0.571428571428571,"ZZ","same","same","Z10_Z17",41.4182000090399,-0.984817333537308,0.896163176919462,0,0.98462564159709,NA,"2024",1,1,2,1
"Z18","Z10",0.6,"ZZ","same","same","Z10_Z18",31.4895536786285,-1.10895265160961,0.92312927293757,0,1.10873679707683,NA,"2024",0,1,1,0
"Z19","Z10",0.8,"ZZ","same","same","Z10_Z19",32.9448059068219,-1.09075800631653,0.919176823629769,0,1.09054569332059,NA,"2024",0,1,1,0
"Z20","Z10",1,"ZZ","same","same","Z10_Z20",38.5652162440519,-1.02048745767468,0.903911849959524,0,1.02028882264455,NA,"2024",1,1,2,1
"Z21","Z10",0.666666666666667,"ZZ","same","same","Z10_Z21",39.9167877403177,-1.00358910597567,0.900240996397946,0,1.00339376016244,NA,"2024",1,1,2,1
"Z22","Z10",0.833333333333333,"ZZ","same","same","Z10_Z22",60.9394978241579,-0.74074755475576,0.843143543249146,0,0.740603370315512,NA,"2024",1,1,2,1
"Z23","Z10",0.5,"ZZ","same","same","Z10_Z23",56.5617777597554,-0.795481065703931,0.855033383582715,0,0.795326227538823,NA,"2024",1,1,2,1
"Z24","Z10",0.8,"ZZ","same","same","Z10_Z24",58.4116336705572,-0.772352791794936,0.850009194942059,0,0.772202455483673,NA,"2024",0,1,1,0
"Z26","Z10",0.571428571428571,"ZZ","same","same","Z10_Z26",77.1749323633633,-0.537760081590047,0.799048278687358,0,0.537655408093855,NA,"2024",1,1,2,1
"Z27","Z10",0.666666666666667,"ZZ","same","same","Z10_Z27",110.301031151233,-0.123592966287418,0.709078152761644,0,0.123568909262123,NA,"2024",0,1,1,0
"Z28","Z10",0.666666666666667,"ZZ","same","same","Z10_Z28",107.539259856773,-0.158122684304527,0.716579093718554,0,0.158091906166171,NA,"2024",1,1,2,1
"Z29","Z10",0.714285714285714,"ZZ","same","same","Z10_Z29",105.244596183203,-0.186812275564827,0.722811375430636,0,0.186775913077754,NA,"2024",1,1,2,1
"Z30","Z10",0.666666666666667,"ZZ","same","same","Z10_Z30",99.8667505334909,-0.254050100143782,0.737417546033823,0,0.254000650002167,NA,"2024",1,1,2,1
"Z31","Z10",1,"ZZ","same","same","Z10_Z31",101.624926591005,-0.2320680759218,0.732642358882837,0,0.232022904519732,NA,"2024",1,1,2,1
"Z32","Z10",0.8,"ZZ","same","same","Z10_Z32",108.049156313433,-0.151747579710703,0.715194220458694,0,0.15171804246863,NA,"2024",1,1,2,1
"Z33","Z10",0.833333333333333,"ZZ","same","same","Z10_Z33",116.246364484027,-0.0492599887845675,0.692930691750699,0,0.0492504004654921,NA,"2024",1,1,2,1
"Z35","Z10",0.571428571428571,"ZZ","same","same","Z10_Z35",57.7041666777626,-0.781198070119253,0.851930667640599,0,0.781046012099298,NA,"2024",1,1,2,1
"Z38","Z10",0.666666666666667,"ZZ","same","same","Z10_Z38",119.753342809886,-0.00541313842191579,0.683405776558697,0,0.00541208476965847,NA,"2024",0,1,1,0
"Z39","Z10",0.714285714285714,"ZZ","same","same","Z10_Z39",121.272041780553,0.0135747652163037,0.679281006584752,0,-0.0135721229262123,NA,"2024",1,1,2,1
"Z40","Z10",0.6,"ZZ","same","same","Z10_Z40",119.828083708636,-0.00447867213814648,0.683202781086296,0,0.004477800377138,NA,"2024",0,1,1,0
"Z41","Z10",0.666666666666667,"ZZ","same","same","Z10_Z41",80.3488564937485,-0.49807732239498,0.790427935087043,0,0.497980373036904,NA,"2024",1,1,2,1
"Z42","Z10",0.571428571428571,"ZZ","same","same","Z10_Z42",147.943823395406,0.34704520863147,0.60684073627347,0,-0.346977657252021,NA,"2024",1,1,2,1
"Z43","Z10",0.666666666666667,"ZZ","same","same","Z10_Z43",191.408382252559,0.890471438053946,0.488791464648534,0,-0.890298110278473,NA,"2024",1,1,2,1
"Z44","Z10",0.8,"ZZ","same","same","Z10_Z44",166.859091373468,0.583537951825207,0.555467073084129,0,-0.583424367794579,NA,"2024",0,1,1,0
"Z45","Z10",0.6,"ZZ","same","same","Z10_Z45",178.068245541637,0.72368313090416,0.525023131632133,0,-0.7235422680063,NA,"2024",1,1,2,1
"Z13","Z11",0.833333333333333,"ZZ","same","same","Z11_Z13",23.814457022289,-1.20491241621035,0.943974752421431,0,1.20467788337772,NA,"2024",1,1,2,1
"Z14","Z11",0.714285714285714,"ZZ","same","same","Z11_Z14",13.172543782826,-1.33796552747208,0.972878073647884,0,1.33770509622339,NA,"2024",1,1,2,1
"Z15","Z11",0.714285714285714,"ZZ","same","same","Z11_Z15",21.4782516383228,-1.23412139281903,0.95031986096952,0,1.23388117454078,NA,"2024",1,1,2,1
"Z16","Z11",0.571428571428571,"ZZ","same","same","Z11_Z16",33.9649079691922,-1.07800393191762,0.916406237464575,0,1.0777941014666,NA,"2024",1,1,2,1
"Z17","Z11",0.714285714285714,"ZZ","same","same","Z11_Z17",42.6012046846129,-0.97002652955495,0.892950149019207,0,0.969837716603369,NA,"2024",1,1,2,1
"Z18","Z11",0.5,"ZZ","same","same","Z11_Z18",20.9292168176192,-1.24098583433832,0.951811033602695,0,1.24074427991572,NA,"2024",0,1,1,0
"Z19","Z11",0.666666666666667,"ZZ","same","same","Z11_Z19",21.5249718287736,-1.23353726226296,0.950192969437709,0,1.23329715768409,NA,"2024",0,1,1,0
"Z20","Z11",0.571428571428571,"ZZ","same","same","Z11_Z20",27.0166704777003,-1.16487596284155,0.935277575320399,0,1.16464922299262,NA,"2024",1,1,2,1
"Z21","Z11",0.833333333333333,"ZZ","same","same","Z11_Z21",28.3276531663518,-1.14848508259188,0.931716960521182,0,1.14826153318196,NA,"2024",1,1,2,1
"Z22","Z11",0.5,"ZZ","same","same","Z11_Z22",49.3544749469565,-0.8855921238821,0.874608340048453,0,0.885419745851487,NA,"2024",1,1,2,1
"Z23","Z11",0.625,"ZZ","same","same","Z11_Z23",45.0677088549053,-0.939188460646395,0.886251150377123,0,0.939005650238698,NA,"2024",1,1,2,1
"Z24","Z11",0.666666666666667,"ZZ","same","same","Z11_Z24",47.2208165081854,-0.912268707994399,0.880403333284693,0,0.912091137441283,NA,"2024",0,1,1,0
"Z26","Z11",0.5,"ZZ","same","same","Z11_Z26",65.9766193582372,-0.677769716388559,0.829462775657817,0,0.67763779040845,NA,"2024",1,1,2,1
"Z27","Z11",0.571428571428571,"ZZ","same","same","Z11_Z27",98.7220326595723,-0.268362214066773,0.740526587394998,0,0.268309978112202,NA,"2024",0,1,1,0
"Z28","Z11",0.571428571428571,"ZZ","same","same","Z11_Z28",96.0553125471569,-0.301703531538272,0.747769370369808,0,0.301644805789484,NA,"2024",1,1,2,1
"Z29","Z11",0.625,"ZZ","same","same","Z11_Z29",93.9868687849803,-0.327564753278639,0.753387241249956,0,0.327500993715353,NA,"2024",1,1,2,1
"Z30","Z11",0.571428571428571,"ZZ","same","same","Z11_Z30",89.8896366974481,-0.378791395005615,0.764515279272868,0,0.378717664319757,NA,"2024",1,1,2,1
"Z31","Z11",0.571428571428571,"ZZ","same","same","Z11_Z31",92.4531921471463,-0.346739918847225,0.757552690405888,0,0.346672426891579,NA,"2024",1,1,2,1
"Z32","Z11",0.666666666666667,"ZZ","same","same","Z11_Z32",99.8573215682298,-0.254167988077628,0.737443155001462,0,0.254118514989456,NA,"2024",1,1,2,1
"Z33","Z11",0.5,"ZZ","same","same","Z11_Z33",109.165792014686,-0.137786569988624,0.712161449974664,0,0.137759750218056,NA,"2024",1,1,2,1
"Z35","Z11",0.714285714285714,"ZZ","same","same","Z11_Z35",46.1789773413296,-0.92529455583447,0.883232957190502,0,0.925114449836494,NA,"2024",1,1,2,1
"Z38","Z11",0.571428571428571,"ZZ","same","same","Z11_Z38",118.087089921253,-0.0262458708444384,0.687931301377493,0,0.0262407621590675,NA,"2024",0,1,1,0
"Z39","Z11",0.625,"ZZ","same","same","Z11_Z39",118.689339024039,-0.0187161048073469,0.686295599329895,0,0.01871246176988,NA,"2024",1,1,2,1
"Z40","Z11",0.5,"ZZ","same","same","Z11_Z40",115.437397743394,-0.0593742924183683,0.69512783666627,0,0.0593627353783718,NA,"2024",0,1,1,0
"Z41","Z11",0.571428571428571,"ZZ","same","same","Z11_Z41",84.4261526145714,-0.447099934945595,0.779354042934032,0,0.447012908193443,NA,"2024",1,1,2,1
"Z42","Z11",0.714285714285714,"ZZ","same","same","Z11_Z42",148.918238333651,0.359228068637567,0.604194235843123,0,-0.359158145898483,NA,"2024",1,1,2,1
"Z43","Z11",0.571428571428571,"ZZ","same","same","Z11_Z43",191.884532701268,0.896424624967229,0.487498245181179,0,-0.89625013842057,NA,"2024",1,1,2,1
"Z44","Z11",0.666666666666667,"ZZ","same","same","Z11_Z44",162.1244780633,0.524342296179101,0.568326231612067,0,-0.524240234417321,NA,"2024",0,1,1,0
"Z45","Z11",0.5,"ZZ","same","same","Z11_Z45",173.996716290533,0.6727778451475,0.536081361029377,0,-0.67264689082117,NA,"2024",1,1,2,1
"Z14","Z13",0.833333333333333,"ZZ","same","same","Z13_Z14",18.456707754131,-1.27189898088607,0.958526341469734,0,1.27165140930593,NA,"2024",1,1,2,1
"Z15","Z13",0.571428571428571,"ZZ","same","same","Z13_Z15",20.3622068024967,-1.24807501510225,0.953351026669442,0,1.24783208079044,NA,"2024",1,1,2,1
"Z16","Z13",0.666666666666667,"ZZ","same","same","Z13_Z16",28.6838551703263,-1.14403158031273,0.930749519732039,0,1.14380889776458,NA,"2024",1,1,2,1
"Z17","Z13",0.833333333333333,"ZZ","same","same","Z13_Z17",30.290970631529,-1.12393822797484,0.926384611526352,0,1.12371945654153,NA,"2024",1,1,2,1
"Z18","Z13",0.6,"ZZ","same","same","Z13_Z18",11.7943968480013,-1.35519614506199,0.976621105813076,0,1.35493235992177,NA,"2024",0,1,1,0
"Z19","Z13",0.8,"ZZ","same","same","Z13_Z19",18.4584950622936,-1.27187663463061,0.958521487160101,1,1.27162906740011,NA,"2024",0,1,1,0
"Z20","Z13",0.666666666666667,"ZZ","same","same","Z13_Z20",23.300880461912,-1.21133353219689,0.945369620803171,0,1.21109774951199,NA,"2024",1,1,2,1
"Z21","Z13",1,"ZZ","same","same","Z13_Z21",26.5537850752344,-1.17066330028453,0.936534767065667,0,1.17043543394655,NA,"2024",1,1,2,1
"Z22","Z13",0.571428571428571,"ZZ","same","same","Z13_Z22",41.9621225226143,-0.978016809882594,0.894685889257142,0,0.977826441645291,NA,"2024",1,1,2,1
"Z23","Z13",0.714285714285714,"ZZ","same","same","Z13_Z23",42.4149235155211,-0.972355555225374,0.893456086659136,0,0.97216628893546,NA,"2024",1,1,2,1
"Z24","Z13",0.8,"ZZ","same","same","Z13_Z24",47.7423197920017,-0.905748486218143,0.878986936007848,0,0.905572184807963,NA,"2024",0,1,1,0
"Z26","Z13",0.571428571428571,"ZZ","same","same","Z13_Z26",64.5238323652864,-0.695933539477802,0.833408529413369,0,0.695798077960318,NA,"2024",1,1,2,1
"Z27","Z13",0.666666666666667,"ZZ","same","same","Z13_Z27",88.1639645735659,-0.400367030883637,0.769202186091761,0,0.400289100560585,NA,"2024",0,1,1,0
"Z28","Z13",0.666666666666667,"ZZ","same","same","Z13_Z28",83.4140933246587,-0.459753452623681,0.782102785016244,0,0.459663962899695,NA,"2024",1,1,2,1
"Z29","Z13",0.5,"ZZ","same","same","Z13_Z29",79.0793042889563,-0.513950207933117,0.793876025140323,0,0.513850168962255,NA,"2024",1,1,2,1
"Z30","Z13",0.666666666666667,"ZZ","same","same","Z13_Z30",69.6329537132067,-0.632055505908267,0.819532211106594,0,0.631932478071401,NA,"2024",1,1,2,1
"Z31","Z13",0.666666666666667,"ZZ","same","same","Z13_Z31",70.5578053548987,-0.620492323084494,0.817020324053474,0,0.620371545988832,NA,"2024",1,1,2,1
"Z32","Z13",0.8,"ZZ","same","same","Z13_Z32",76.7876334338973,-0.54260238075132,0.800100178389708,0,0.542496764715136,NA,"2024",1,1,2,1
"Z33","Z13",0.571428571428571,"ZZ","same","same","Z13_Z33",85.4754586204509,-0.433980731132679,0.776504139174216,0,0.433896257996866,NA,"2024",1,1,2,1
"Z35","Z13",0.833333333333333,"ZZ","same","same","Z13_Z35",37.1481684711687,-1.03820444246361,0.907760536380025,0,1.03800235887192,NA,"2024",1,1,2,1
"Z38","Z13",0.666666666666667,"ZZ","same","same","Z13_Z38",138.147303781256,0.224561836998106,0.633447977559654,0,-0.224518126664456,NA,"2024",0,1,1,0
"Z39","Z13",0.5,"ZZ","same","same","Z13_Z39",137.722040207399,0.219244875627085,0.63460298882544,0,-0.219202200225099,NA,"2024",1,1,2,1
"Z40","Z13",0.6,"ZZ","same","same","Z13_Z40",132.085173109773,0.148768572331663,0.64991265887888,0,-0.148739614945047,NA,"2024",0,1,1,0
"Z41","Z13",0.428571428571428,"ZZ","same","same","Z13_Z41",73.1866826130694,-0.587624145111784,0.809880321861381,0,0.587509765715058,NA,"2024",1,1,2,1
"Z42","Z13",0.571428571428571,"ZZ","same","same","Z13_Z42",130.732964963961,0.131862260766684,0.653585241573739,0,-0.131836594146341,NA,"2024",1,1,2,1
"Z43","Z13",0.666666666666667,"ZZ","same","same","Z13_Z43",172.706428514336,0.656645708079383,0.539585768670261,0,-0.656517893828424,NA,"2024",1,1,2,1
"Z44","Z13",0.8,"ZZ","same","same","Z13_Z44",138.571685226999,0.229867769347609,0.632295362144281,0,-0.229823026229064,NA,"2024",0,1,1,0
"Z45","Z13",0.6,"ZZ","same","same","Z13_Z45",150.718039808055,0.381730524768747,0.599305994510199,0,-0.3816562219895,NA,"2024",1,1,2,1
"Z15","Z14",0.5,"ZZ","same","same","Z14_Z15",8.34447814666617,-1.39832959357672,0.985991047682182,0,1.39805741263136,NA,"2024",1,1,2,1
"Z16","Z14",0.571428571428571,"ZZ","same","same","Z14_Z16",20.9057367846945,-1.24127939916664,0.951874805118094,0,1.24103778760247,NA,"2024",1,1,2,1
"Z17","Z14",0.714285714285714,"ZZ","same","same","Z14_Z17",29.5543501238292,-1.13314800521726,0.92838526485597,0,1.13292744112656,NA,"2024",1,1,2,1
"Z18","Z14",0.5,"ZZ","same","same","Z14_Z18",22.7260835050471,-1.21852007109584,0.946930763119447,0,1.21828288957124,NA,"2024",0,1,1,0
"Z19","Z14",0.666666666666667,"ZZ","same","same","Z14_Z19",26.7737053047506,-1.16791369407105,0.935937466101557,0,1.16768636293623,NA,"2024",0,1,1,0
"Z20","Z14",0.833333333333333,"ZZ","same","same","Z14_Z20",32.8907208350843,-1.09143421809402,0.919323718099477,0,1.09122177347535,NA,"2024",1,1,2,1
"Z21","Z14",0.833333333333333,"ZZ","same","same","Z14_Z21",35.2425021321479,-1.06203049983957,0.912936305539926,0,1.06182377857244,NA,"2024",1,1,2,1
"Z22","Z14",0.714285714285714,"ZZ","same","same","Z14_Z22",54.9706468527998,-0.815374567260595,0.859354877912,0,0.815215856881036,NA,"2024",1,1,2,1
"Z23","Z14",0.625,"ZZ","same","same","Z14_Z23",52.6472170012413,-0.844423814664891,0.865665288252285,0,0.844259449930553,NA,"2024",1,1,2,1
"Z24","Z14",0.666666666666667,"ZZ","same","same","Z14_Z24",56.1558584862559,-0.800556170249975,0.856135855938011,0,0.800400344229959,NA,"2024",0,1,1,0
"Z26","Z14",0.5,"ZZ","same","same","Z14_Z26",74.5604730405004,-0.570447995816239,0.806149121923139,0,0.570336959708945,NA,"2024",1,1,2,1
"Z27","Z14",0.571428571428571,"ZZ","same","same","Z14_Z27",103.488443299457,-0.208769004564194,0.727581067663556,0,0.208728368261217,NA,"2024",0,1,1,0
"Z28","Z14",0.571428571428571,"ZZ","same","same","Z14_Z28",99.6491761161345,-0.256770377269598,0.738008475797485,0,0.256720397633647,NA,"2024",1,1,2,1
"Z29","Z14",0.625,"ZZ","same","same","Z14_Z29",96.1968068891168,-0.299934464078308,0.747385073267833,0,0.299876082673555,NA,"2024",1,1,2,1
"Z30","Z14",0.571428571428571,"ZZ","same","same","Z14_Z30",88.0669835881935,-0.401579559265204,0.769465585398822,0,0.401501392926893,NA,"2024",1,1,2,1
"Z31","Z14",0.833333333333333,"ZZ","same","same","Z14_Z31",88.9160693059482,-0.390963658352178,0.767159477775424,0,0.390887558369296,NA,"2024",1,1,2,1
"Z32","Z14",0.666666666666667,"ZZ","same","same","Z14_Z32",94.5973553563572,-0.319931996284907,0.751729166326783,0,0.319869722416427,NA,"2024",1,1,2,1
"Z33","Z14",0.714285714285714,"ZZ","same","same","Z14_Z33",102.296049533907,-0.22367719792994,0.730819596230608,0,0.223633659788811,NA,"2024",1,1,2,1
"Z35","Z14",0.714285714285714,"ZZ","same","same","Z14_Z35",50.8966897742034,-0.866310207521586,0.870419701262448,0,0.866141582662078,NA,"2024",1,1,2,1
"Z38","Z14",0.571428571428571,"ZZ","same","same","Z14_Z38",130.866540748117,0.133532324529784,0.653222451189089,0,-0.133506332836199,NA,"2024",0,1,1,0
"Z39","Z14",0.625,"ZZ","same","same","Z14_Z39",131.677396691747,0.14367024838401,0.651020175218619,0,-0.143642283371894,NA,"2024",1,1,2,1
"Z40","Z14",0.5,"ZZ","same","same","Z14_Z40",128.609167824092,0.105308969944848,0.659353451628845,0,-0.105288471848314,NA,"2024",0,1,1,0
"Z41","Z14",0.571428571428571,"ZZ","same","same","Z14_Z41",71.2925240842716,-0.611306323288628,0.815024835933216,0,0.61118733422214,NA,"2024",1,1,2,1
"Z42","Z14",0.5,"ZZ","same","same","Z14_Z42",136.128755165691,0.199324441476206,0.638930333761409,0,-0.199285643531026,NA,"2024",1,1,2,1
"Z43","Z14",0.571428571428571,"ZZ","same","same","Z14_Z43",179.272359359499,0.738737857077432,0.521752771529795,0,-0.738594063819218,NA,"2024",1,1,2,1
"Z44","Z14",0.666666666666667,"ZZ","same","same","Z14_Z44",152.678168836759,0.406237515182496,0.593982305274336,0,-0.406158442186091,NA,"2024",0,1,1,0
"Z45","Z14",0.5,"ZZ","same","same","Z14_Z45",163.980291954454,0.547545061188042,0.563285861161232,0,-0.547438483072933,NA,"2024",1,1,2,1
"Z16","Z15",0.833333333333333,"ZZ","same","same","Z15_Z16",12.574901515423,-1.34543769542817,0.974501263580424,1,1.34517580974288,NA,"2024",1,1,2,1
"Z17","Z15",0.714285714285714,"ZZ","same","same","Z15_Z17",21.6879858655411,-1.23149913957927,0.949750225077452,1,1.23125943171528,NA,"2024",1,1,2,1
"Z18","Z15",0.5,"ZZ","same","same","Z15_Z18",28.0498413053537,-1.15195849302283,0.932471494530083,0,1.15173426752328,NA,"2024",0,1,1,0
"Z19","Z15",0.666666666666667,"ZZ","same","same","Z15_Z19",33.1456104267115,-1.08824739891676,0.918631440726198,0,1.08803557460353,NA,"2024",0,1,1,0
"Z20","Z15",0.571428571428571,"ZZ","same","same","Z15_Z20",39.1841033729458,-1.01274967066531,0.902230959213017,0,1.01255254177378,NA,"2024",1,1,2,1
"Z21","Z15",0.571428571428571,"ZZ","same","same","Z15_Z21",41.8496045413657,-0.979423593337895,0.894991486876912,0,0.979232951274126,NA,"2024",1,1,2,1
"Z22","Z15",0.5,"ZZ","same","same","Z15_Z22",60.5379590181087,-0.745767891440996,0.844234118302238,0,0.74562272980625,NA,"2024",1,1,2,1
"Z23","Z15",0.625,"ZZ","same","same","Z15_Z23",59.1377888225496,-0.763273860210242,0.84803696540532,0,0.763125291087626,NA,"2024",1,1,2,1
"Z24","Z15",0.666666666666667,"ZZ","same","same","Z15_Z24",63.1676800966337,-0.712889163398862,0.837091824303192,0,0.712750401516594,NA,"2024",0,1,1,0
"Z26","Z15",0.5,"ZZ","same","same","Z15_Z26",81.2725694902936,-0.486528375759382,0.787919140581823,0,0.486433674371475,NA,"2024",1,1,2,1
"Z27","Z15",0.571428571428571,"ZZ","same","same","Z15_Z27",108.108423129389,-0.151006581914535,0.71503325242775,0,0.150977188905611,NA,"2024",0,1,1,0
"Z28","Z15",0.571428571428571,"ZZ","same","same","Z15_Z28",103.650912750553,-0.206737690695445,0.727139802392091,0,0.206697449782033,NA,"2024",1,1,2,1
"Z29","Z15",0.625,"ZZ","same","same","Z15_Z29",99.4414559477099,-0.259367449248931,0.738572641527659,0,0.25931696410018,NA,"2024",1,1,2,1
"Z30","Z15",0.571428571428571,"ZZ","same","same","Z15_Z30",88.9430530269659,-0.390626287810432,0.76708619028107,0,0.390550253495783,NA,"2024",1,1,2,1
"Z31","Z15",0.571428571428571,"ZZ","same","same","Z15_Z31",88.657712099424,-0.394193832228945,0.767861173153249,0,0.39411710350175,NA,"2024",1,1,2,1
"Z32","Z15",0.666666666666667,"ZZ","same","same","Z15_Z32",93.0955712928574,-0.338708417177999,0.75580799559586,0,0.338642488531695,NA,"2024",1,1,2,1
"Z33","Z15",0.5,"ZZ","same","same","Z15_Z33",99.5722298186766,-0.257732417087671,0.73821746110892,0,0.257682250193359,NA,"2024",1,1,2,1
"Z35","Z15",0.714285714285714,"ZZ","same","same","Z15_Z35",56.11777910414,-0.801032266996061,0.856239279127868,0,0.800876348305145,NA,"2024",1,1,2,1
"Z38","Z15",0.571428571428571,"ZZ","same","same","Z15_Z38",138.719332132483,0.231713760730988,0.63189435474634,0,-0.231668658295382,NA,"2024",0,1,1,0
"Z39","Z15",0.625,"ZZ","same","same","Z15_Z39",139.711076437205,0.244113285360648,0.629200787944122,0,-0.244065769392245,NA,"2024",1,1,2,1
"Z40","Z15",0.5,"ZZ","same","same","Z15_Z40",136.883910176196,0.208765950852545,0.636879340922691,0,-0.208725315143965,NA,"2024",0,1,1,0
"Z41","Z15",0.571428571428571,"ZZ","same","same","Z15_Z41",62.9554333367781,-0.715542830189649,0.83766828420672,1,0.715403551778561,NA,"2024",1,1,2,1
"Z42","Z15",0.714285714285714,"ZZ","same","same","Z15_Z42",128.404760565088,0.102753318422134,0.659908619532875,0,-0.102733317776023,NA,"2024",1,1,2,1
"Z43","Z15",0.571428571428571,"ZZ","same","same","Z15_Z43",171.709651223016,0.64418325730941,0.542293005009627,0,-0.644057868839646,NA,"2024",1,1,2,1
"Z44","Z15",0.666666666666667,"ZZ","same","same","Z15_Z44",147.799441041341,0.345240033097014,0.607232877185078,0,-0.345172833089936,NA,"2024",0,1,1,0
"Z45","Z15",0.5,"ZZ","same","same","Z15_Z45",158.634659583941,0.480709990975223,0.577804540846623,0,-0.480616422119645,NA,"2024",1,1,2,1
"Z17","Z16",0.833333333333333,"ZZ","same","same","Z16_Z17",11.9573565875068,-1.35315870124303,0.976178508923595,1,1.35289531268555,NA,"2024",1,1,2,1
"Z18","Z16",0.6,"ZZ","same","same","Z16_Z18",38.6207549137607,-1.01979307193466,0.903761007533452,0,1.01959457206476,NA,"2024",0,1,1,0
"Z19","Z16",0.8,"ZZ","same","same","Z16_Z19",44.3926353962259,-0.947628730923589,0.888084642587462,0,0.947444277640883,NA,"2024",0,1,1,0
"Z20","Z16",0.666666666666667,"ZZ","same","same","Z16_Z20",50.2337175203119,-0.87459917953964,0.872220326731503,0,0.874428941254905,NA,"2024",1,1,2,1
"Z21","Z16",0.666666666666667,"ZZ","same","same","Z16_Z21",53.1322792702074,-0.83835920554909,0.864347864377528,0,0.838196021273958,NA,"2024",1,1,2,1
"Z22","Z16",0.571428571428571,"ZZ","same","same","Z16_Z22",70.5237579052593,-0.620918009613139,0.817112796558344,0,0.620797149658784,NA,"2024",1,1,2,1
"Z23","Z16",0.714285714285714,"ZZ","same","same","Z16_Z23",70.109788607545,-0.626093761546868,0.818237132692317,0,0.625971894146872,NA,"2024",1,1,2,1
"Z24","Z16",0.8,"ZZ","same","same","Z16_Z24",74.6334199408784,-0.569535959433889,0.805950998930904,0,0.569425100851927,NA,"2024",0,1,1,0
"Z26","Z16",0.571428571428571,"ZZ","same","same","Z16_Z26",92.3343578797321,-0.348225673208136,0.75787544299055,0,0.348157892054558,NA,"2024",1,1,2,1
"Z27","Z16",0.666666666666667,"ZZ","same","same","Z16_Z27",116.544133616752,-0.0455370577048499,0.692121954007699,0,0.0455281940438988,NA,"2024",0,1,1,0
"Z28","Z16",0.666666666666667,"ZZ","same","same","Z16_Z28",111.328936343257,-0.11074133136018,0.706286373380729,0,0.110719775869687,NA,"2024",1,1,2,1
"Z29","Z16",0.5,"ZZ","same","same","Z16_Z29",106.170821950645,-0.175231912399299,0.720295756266844,0,0.175197803997536,NA,"2024",1,1,2,1
"Z30","Z16",0.666666666666667,"ZZ","same","same","Z16_Z30",92.5723471551718,-0.345250154348732,0.757229066693196,0,0.345182952371579,NA,"2024",1,1,2,1
"Z31","Z16",0.666666666666667,"ZZ","same","same","Z16_Z31",90.6548882589688,-0.369223651041997,0.762436864310824,0,0.369151782690748,NA,"2024",1,1,2,1
"Z32","Z16",0.8,"ZZ","same","same","Z16_Z32",93.1496595980592,-0.338032164973341,0.755661092344099,0,0.337966367957638,NA,"2024",1,1,2,1
"Z33","Z16",0.571428571428571,"ZZ","same","same","Z16_Z33",97.6099974631917,-0.282265704856597,0.743546862957565,0,0.28221076262642,NA,"2024",1,1,2,1
"Z35","Z16",0.833333333333333,"ZZ","same","same","Z16_Z35",65.7936618276419,-0.680057187459475,0.829959686331547,0,0.679924816229519,NA,"2024",1,1,2,1
"Z38","Z16",0.666666666666667,"ZZ","same","same","Z16_Z38",150.342839949314,0.377039497184971,0.600325033267356,0,-0.376966107501125,NA,"2024",0,1,1,0
"Z39","Z16",0.5,"ZZ","same","same","Z16_Z39",151.626628285835,0.393090373426116,0.596838278034318,0,-0.393013859484092,NA,"2024",1,1,2,1
"Z40","Z16",0.6,"ZZ","same","same","Z16_Z40",149.231031315767,0.363138839052142,0.603344693487717,0,-0.363068155092533,NA,"2024",0,1,1,0
"Z41","Z16",0.428571428571428,"ZZ","same","same","Z16_Z41",50.4906885387018,-0.871386336817517,0.871522396225655,0,0.871216723903635,NA,"2024",1,1,2,1
"Z42","Z16",0.571428571428571,"ZZ","same","same","Z16_Z42",117.356348127996,-0.0353821480282526,0.689915988182285,0,0.0353752609920748,NA,"2024",1,1,2,1
"Z43","Z16",0.666666666666667,"ZZ","same","same","Z16_Z43",160.919847229733,0.509281105891105,0.571597995923466,0,-0.5091819757479,NA,"2024",1,1,2,1
"Z44","Z16",0.8,"ZZ","same","same","Z16_Z44",141.880653493544,0.271238950734186,0.623308240131163,0,-0.271186154830866,NA,"2024",0,1,1,0
"Z45","Z16",0.6,"ZZ","same","same","Z16_Z45",151.872911758478,0.39616959250544,0.596169374787093,0,-0.396092479202033,NA,"2024",1,1,2,1
"Z18","Z17",0.5,"ZZ","same","same","Z17_Z18",41.783883268363,-0.980245289554761,0.895169985143367,0,0.98005448755012,NA,"2024",0,1,1,0
"Z19","Z17",0.666666666666667,"ZZ","same","same","Z17_Z19",48.2372623033743,-0.899560346966114,0.877642677501607,0,0.899385250059937,NA,"2024",0,1,1,0
"Z20","Z17",0.571428571428571,"ZZ","same","same","Z17_Z20",53.4990749369345,-0.833773253422138,0.863351651314959,0,0.833610961789763,NA,"2024",1,1,2,1
"Z21","Z17",0.833333333333333,"ZZ","same","same","Z17_Z21",56.6863852462902,-0.79392313026536,0.854694950997381,0,0.793768595348029,NA,"2024",1,1,2,1
"Z22","Z17",0.5,"ZZ","same","same","Z17_Z22",71.5402690303136,-0.608208831782306,0.814351963340051,0,0.608090445633879,NA,"2024",1,1,2,1
"Z23","Z17",0.857142857142857,"ZZ","same","same","Z17_Z23",72.6693804548413,-0.594091841292526,0.811285308926579,0,0.593976202976824,NA,"2024",1,1,2,1
"Z24","Z17",0.666666666666667,"ZZ","same","same","Z17_Z24",78.0155863858185,-0.527249600000368,0.796765071457174,0,0.527146972340028,NA,"2024",0,1,1,0
"Z26","Z17",0.5,"ZZ","same","same","Z17_Z26",94.6951731460514,-0.31870900555357,0.751463494268237,0,0.318646969736816,NA,"2024",1,1,2,1
"Z27","Z17",0.571428571428571,"ZZ","same","same","Z17_Z27",114.805810981636,-0.0672708596795965,0.696843219478241,0,0.067257765594863,NA,"2024",0,1,1,0
"Z28","Z17",0.571428571428571,"ZZ","same","same","Z17_Z28",108.744395486232,-0.143055182682991,0.713305958386974,0,0.143027337391693,NA,"2024",1,1,2,1
"Z29","Z17",0.444444444444444,"ZZ","same","same","Z17_Z29",102.600694180573,-0.219868304063201,0.72999218466613,0,0.219825507312613,NA,"2024",1,1,2,1
"Z30","Z17",0.571428571428571,"ZZ","same","same","Z17_Z30",86.2339410931359,-0.424497619350298,0.774444108984216,0,0.424414992075676,NA,"2024",1,1,2,1
"Z31","Z17",0.571428571428571,"ZZ","same","same","Z17_Z31",83.0189997337251,-0.464693206437718,0.783175854934811,0,0.464602755204464,NA,"2024",1,1,2,1
"Z32","Z17",0.666666666666667,"ZZ","same","same","Z17_Z32",84.1030628976896,-0.451139442793524,0.780231551109664,0,0.451051629762464,NA,"2024",1,1,2,1
"Z33","Z17",0.5,"ZZ","same","same","Z17_Z33",87.3337513585263,-0.410746973736581,0.77145703620196,0,0.410667022986678,NA,"2024",1,1,2,1
"Z35","Z17",1,"ZZ","same","same","Z17_Z35",66.5002200007562,-0.67122327187448,0.828040681977426,0,0.67109262014149,NA,"2024",1,1,2,1
"Z38","Z17",0.571428571428571,"ZZ","same","same","Z17_Z38",160.368026838002,0.502381837091847,0.573096734137414,0,-0.502284049872022,NA,"2024",0,1,1,0
"Z39","Z17",0.444444444444444,"ZZ","same","same","Z17_Z39",161.231126856657,0.513172955213939,0.570752563824388,0,-0.513073067533146,NA,"2024",1,1,2,1
"Z40","Z17",0.5,"ZZ","same","same","Z17_Z40",157.871794313364,0.471172082195126,0.579876474668279,0,-0.471080369866822,NA,"2024",0,1,1,0
"Z41","Z17",0.375,"ZZ","same","same","Z17_Z41",43.27728233263,-0.961573704156073,0.891113929441491,1,0.961386536523321,NA,"2024",1,1,2,1
"Z42","Z17",0.5,"ZZ","same","same","Z17_Z42",106.716782480857,-0.168405907945384,0.718812933373386,0,0.168373128206301,NA,"2024",1,1,2,1
"Z43","Z17",0.571428571428571,"ZZ","same","same","Z17_Z43",150.049151420185,0.373367584845227,0.601122688135135,0,-0.373294909888851,NA,"2024",1,1,2,1
"Z44","Z17",0.666666666666667,"ZZ","same","same","Z17_Z44",130.063041369595,0.123486377921916,0.655404746808317,0,-0.123462341643747,NA,"2024",0,1,1,0
"Z45","Z17",0.5,"ZZ","same","same","Z17_Z45",139.942650198947,0.247008592698067,0.628571836112563,0,-0.246960513166186,NA,"2024",1,1,2,1
"Z19","Z18",0.75,"ZZ","same","same","Z18_Z19",6.68118123878812,-1.41912536813017,0.990508544089228,1,1.41884913934543,NA,"2024",0,0,0,1
"Z20","Z18",0.6,"ZZ","same","same","Z18_Z20",11.7650677727918,-1.35556283896554,0.976700763264042,0,1.35529898244938,NA,"2024",1,0,1,0
"Z21","Z18",0.6,"ZZ","same","same","Z18_Z21",14.9041824369801,-1.31631529359666,0.968174961797323,0,1.31605907650545,NA,"2024",1,0,1,0
"Z22","Z18",0.5,"ZZ","same","same","Z18_Z22",32.5112368137431,-1.09617880946377,0.920354392595907,0,1.09596544132365,NA,"2024",1,0,1,0
"Z23","Z18",0.428571428571428,"ZZ","same","same","Z18_Z23",31.4954614211223,-1.10887878862072,0.92311322757287,0,1.10866294846517,NA,"2024",1,0,1,0
"Z24","Z18",0.75,"ZZ","same","same","Z18_Z24",36.3341152904881,-1.0483823405525,0.909971496011736,0,1.04817827586141,NA,"2024",0,0,0,1
"Z26","Z18",0.5,"ZZ","same","same","Z18_Z26",53.7208430017343,-0.831000544198134,0.86274933165021,0,0.830838792265858,NA,"2024",1,0,1,0
"Z27","Z18",0.6,"ZZ","same","same","Z18_Z27",80.7625982235223,-0.492904415684833,0.789304217025135,0,0.492808473218584,NA,"2024",0,0,0,1
"Z28","Z18",0.6,"ZZ","same","same","Z18_Z28",77.052428758385,-0.539291712737226,0.799380997153147,0,0.539186741113315,NA,"2024",1,0,1,0
"Z29","Z18",0.428571428571428,"ZZ","same","same","Z18_Z29",74.0489487795797,-0.57684345242915,0.807538416281759,0,0.57673117146411,NA,"2024",1,0,1,0
"Z30","Z18",0.6,"ZZ","same","same","Z18_Z30",68.9806570140823,-0.640211004203668,0.821303841884398,0,0.640086388921864,NA,"2024",1,0,1,0
"Z31","Z18",0.6,"ZZ","same","same","Z18_Z31",71.9034610730354,-0.603667934841854,0.813365537681293,0,0.603550432566319,NA,"2024",1,0,1,0
"Z32","Z18",0.75,"ZZ","same","same","Z18_Z32",80.0927962708792,-0.501278777674355,0.791123391882111,0,0.501181205161961,NA,"2024",1,0,1,0
"Z33","Z18",0.5,"ZZ","same","same","Z18_Z33",90.5387306921574,-0.370675939301925,0.762752347005607,0,0.370603788266828,NA,"2024",1,0,1,0
"Z35","Z18",0.5,"ZZ","same","same","Z18_Z35",28.2349276717921,-1.14964440566348,0.931968801961235,0,1.14942063059457,NA,"2024",1,0,1,0
"Z38","Z18",0.6,"ZZ","same","same","Z18_Z38",128.255124467032,0.100882456674313,0.660315029556322,0,-0.10086282018621,NA,"2024",0,0,0,1
"Z39","Z18",0.428571428571428,"ZZ","same","same","Z18_Z39",127.389721742897,0.0900625484163127,0.66266545399252,0,-0.0900450179930972,NA,"2024",1,0,1,0
"Z40","Z18",0.5,"ZZ","same","same","Z18_Z40",121.042937592513,0.0107103343253657,0.679903251080853,0,-0.0107082495887376,NA,"2024",0,0,0,1
"Z41","Z18",0.333333333333333,"ZZ","same","same","Z18_Z41",84.874472131234,-0.441494711036221,0.778136411977022,0,0.441408775325229,NA,"2024",1,0,1,0
"Z42","Z18",0.5,"ZZ","same","same","Z18_Z42",141.996597575249,0.272688569844596,0.622993337259619,0,-0.272635491776971,NA,"2024",1,0,1,0
"Z43","Z18",0.6,"ZZ","same","same","Z18_Z43",183.633029698888,0.793258199687523,0.509909238064906,0,-0.79310379419707,NA,"2024",1,0,1,0
"Z44","Z18",0.75,"ZZ","same","same","Z18_Z44",146.085588384408,0.323812172982204,0.611887682459609,0,-0.32374914384818,NA,"2024",0,0,0,1
"Z45","Z18",0.5,"ZZ","same","same","Z18_Z45",158.796048498947,0.48272779517843,0.577366210299488,0,-0.482633833562907,NA,"2024",1,0,1,0
"Z20","Z19",0.8,"ZZ","same","same","Z19_Z20",6.11711983142343,-1.42617768320771,0.992040528769205,0,1.42590008170956,NA,"2024",1,0,1,0
"Z21","Z19",0.8,"ZZ","same","same","Z19_Z21",8.74491131861726,-1.39332308035099,0.984903475519339,0,1.39305187390942,NA,"2024",1,0,1,0
"Z22","Z19",0.666666666666667,"ZZ","same","same","Z19_Z22",28.4476612004553,-1.14698465292716,0.931391019998891,0,1.14676139557168,NA,"2024",1,0,1,0
"Z23","Z19",0.571428571428571,"ZZ","same","same","Z19_Z23",26.0040653213538,-1.17753630534762,0.93802779996994,0,1.17730710119843,NA,"2024",1,0,1,0
"Z24","Z19",1,"ZZ","same","same","Z19_Z24",30.2448000778639,-1.12451548656318,0.9265100102506,0,1.1242966027681,NA,"2024",0,0,0,1
"Z26","Z19",0.666666666666667,"ZZ","same","same","Z19_Z26",48.1304578903806,-0.900895695143226,0.87793275713181,0,0.900720338315259,NA,"2024",1,0,1,0
"Z27","Z19",0.8,"ZZ","same","same","Z19_Z27",77.5800544474725,-0.532694944098448,0.797947971489822,0,0.532591256517105,NA,"2024",0,0,0,1
"Z28","Z19",0.8,"ZZ","same","same","Z19_Z28",74.5970839347172,-0.569990259197642,0.806049687130529,0,0.569879312187502,NA,"2024",1,0,1,0
"Z29","Z19",0.571428571428571,"ZZ","same","same","Z19_Z29",72.4861636819821,-0.596382553602963,0.811782923699493,0,0.596266469406515,NA,"2024",1,0,1,0
"Z30","Z19",0.8,"ZZ","same","same","Z19_Z30",70.0913679668592,-0.626324070091912,0.818287162953131,0,0.626202157863002,NA,"2024",1,0,1,0
"Z31","Z19",0.8,"ZZ","same","same","Z19_Z31",74.0650304001668,-0.576642388052369,0.807494738774227,0,0.576530146223948,NA,"2024",1,0,1,0
"Z32","Z19",1,"ZZ","same","same","Z19_Z32",83.1878228380961,-0.462582454471978,0.78271733320979,0,0.462492414090693,NA,"2024",1,0,1,0
"Z33","Z19",0.666666666666667,"ZZ","same","same","Z19_Z33",94.4348287185848,-0.321964025143998,0.752170586916642,0,0.321901355746782,NA,"2024",1,0,1,0
"Z35","Z19",0.666666666666667,"ZZ","same","same","Z19_Z35",24.8331365548305,-1.19217612733697,0.941208029831861,0,1.19194407358736,NA,"2024",1,0,1,0
"Z38","Z19",0.8,"ZZ","same","same","Z19_Z38",122.470800219247,0.0285625344576501,0.676025191634296,0,-0.0285569748401849,NA,"2024",0,0,0,1
"Z39","Z19",0.571428571428571,"ZZ","same","same","Z19_Z39",121.365183879974,0.014739296991608,0.679028033650403,0,-0.014736428028663,NA,"2024",1,0,1,0
"Z40","Z19",0.75,"ZZ","same","same","Z19_Z40",114.649232262854,-0.0692285232333664,0.69726848558447,0,0.0692150480948964,NA,"2024",0,0,0,1
"Z41","Z19",0.5,"ZZ","same","same","Z19_Z41",91.4137361864629,-0.359735970071888,0.760375841549517,0,0.359665948471211,NA,"2024",1,0,1,0
"Z42","Z19",0.666666666666667,"ZZ","same","same","Z19_Z42",148.551723931365,0.354645633087765,0.605189684994514,0,-0.354576602306948,NA,"2024",1,0,1,0
"Z43","Z19",0.8,"ZZ","same","same","Z19_Z43",190.055416474195,0.873555654003533,0.492466105065207,0,-0.873385618838126,NA,"2024",1,0,1,0
"Z44","Z19",1,"ZZ","same","same","Z19_Z44",151.00271414853,0.38528973502017,0.598532822081281,0,-0.385214739450599,NA,"2024",0,0,0,1
"Z45","Z19",0.75,"ZZ","same","same","Z19_Z45",163.965101582871,0.54735513986892,0.563327118046112,0,-0.547248598721465,NA,"2024",1,0,1,0
"Z21","Z20",0.666666666666667,"ZZ","same","same","Z20_Z21",3.34267535222037,-1.46086585080261,0.99957588995877,0,1.46058149734964,NA,"2024",1,1,2,1
"Z22","Z20",0.833333333333333,"ZZ","same","same","Z20_Z22",22.4810910697792,-1.22158314866605,0.947596159923129,0,1.22134537092197,NA,"2024",1,1,2,1
"Z23","Z20",0.5,"ZZ","same","same","Z20_Z23",19.9587834646745,-1.2531189136048,0.954446720090441,0,1.25287499751225,NA,"2024",1,1,2,1
"Z24","Z20",0.8,"ZZ","same","same","Z20_Z24",24.5690695350172,-1.19547768954455,0.941925233000806,0,1.19524499315509,NA,"2024",0,1,1,0
"Z26","Z20",0.571428571428571,"ZZ","same","same","Z20_Z26",42.1439458138498,-0.975743519915428,0.894192059165242,0,0.97555359416766,NA,"2024",1,1,2,1
"Z27","Z20",0.666666666666667,"ZZ","same","same","Z20_Z27",71.7624490020732,-0.605430972591251,0.813748524940456,0,0.605313127145348,NA,"2024",0,1,1,0
"Z28","Z20",0.666666666666667,"ZZ","same","same","Z20_Z28",69.0724131225062,-0.63906380111825,0.821054633286602,0,0.638939409136318,NA,"2024",1,1,2,1
"Z29","Z20",0.714285714285714,"ZZ","same","same","Z20_Z29",67.4145036427295,-0.65979221804018,0.82555749749721,0,0.659663791329855,NA,"2024",1,1,2,1
"Z30","Z20",0.666666666666667,"ZZ","same","same","Z20_Z30",66.8507902778173,-0.666840181632219,0.827088536897652,0,0.666710383055489,NA,"2024",1,1,2,1
"Z31","Z20",1,"ZZ","same","same","Z20_Z31",71.6876607319982,-0.606366031146555,0.813951649072866,0,0.606248003694119,NA,"2024",1,1,2,1
"Z32","Z20",0.8,"ZZ","same","same","Z20_Z32",81.6349405149095,-0.481997743797692,0.786934944799359,0,0.481903924284629,NA,"2024",1,1,2,1
"Z33","Z20",0.833333333333333,"ZZ","same","same","Z20_Z33",93.6651896441891,-0.331586625055564,0.754260918316187,0,0.331522082646182,NA,"2024",1,1,2,1
"Z35","Z20",0.571428571428571,"ZZ","same","same","Z20_Z35",19.1720729475821,-1.26295495338507,0.95658341734366,0,1.26270912273488,NA,"2024",1,1,2,1
"Z38","Z20",0.666666666666667,"ZZ","same","same","Z20_Z38",121.263654923558,0.0134699064947675,0.679303785197617,0,-0.0134672846151332,NA,"2024",0,1,1,0
"Z39","Z20",0.714285714285714,"ZZ","same","same","Z20_Z39",119.688475816049,-0.00622415380552014,0.68358195461218,0,0.00622294229138598,NA,"2024",1,1,2,1
"Z40","Z20",0.6,"ZZ","same","same","Z20_Z40",112.078617366175,-0.101368261846402,0.704250247833077,0,0.10134853079768,NA,"2024",0,1,1,0
"Z41","Z20",0.666666666666667,"ZZ","same","same","Z20_Z41",96.4874755643274,-0.296300308197421,0.746595620290626,0,0.296242634170948,NA,"2024",1,1,2,1
"Z42","Z20",0.571428571428571,"ZZ","same","same","Z20_Z42",151.943248218143,0.397048991217216,0.595978341723593,0,-0.396971706741307,NA,"2024",1,1,2,1
"Z43","Z20",0.666666666666667,"ZZ","same","same","Z20_Z43",192.990886610068,0.910257084075848,0.484493399934218,0,-0.910079905079703,NA,"2024",1,1,2,1
"Z44","Z20",0.8,"ZZ","same","same","Z20_Z44",151.323230746849,0.389297071826789,0.597662302467828,0,-0.389221296240315,NA,"2024",0,1,1,0
"Z45","Z20",0.6,"ZZ","same","same","Z20_Z45",164.613337623106,0.555459868787915,0.56156651597392,0,-0.555351750077637,NA,"2024",1,1,2,1
"Z22","Z21",0.571428571428571,"ZZ","same","same","Z21_Z22",21.0848020789354,-1.23904059172839,0.951388465716194,0,1.23879941594183,NA,"2024",1,1,2,1
"Z23","Z21",0.714285714285714,"ZZ","same","same","Z21_Z23",17.4048611779257,-1.28504994879803,0.96138314539107,0,1.28479981741877,NA,"2024",1,1,2,1
"Z24","Z21",0.8,"ZZ","same","same","Z21_Z24",21.5213589503919,-1.23358243315456,0.950202781976307,0,1.2333423197833,NA,"2024",0,1,1,0
"Z26","Z21",0.571428571428571,"ZZ","same","same","Z21_Z26",39.428675544846,-1.00969184754017,0.901566703840096,0,1.00949531384536,NA,"2024",1,1,2,1
"Z27","Z21",0.666666666666667,"ZZ","same","same","Z21_Z27",70.4561504162433,-0.621763288704949,0.817296417767085,0,0.621642264219382,NA,"2024",0,1,1,0
"Z28","Z21",0.666666666666667,"ZZ","same","same","Z21_Z28",68.1990462214023,-0.649983283437836,0.823426688341285,0,0.649856766009204,NA,"2024",1,1,2,1
"Z29","Z21",0.5,"ZZ","same","same","Z21_Z29",67.056637363282,-0.664266528328633,0.826529458440533,0,0.664137230706322,NA,"2024",1,1,2,1
"Z30","Z21",0.666666666666667,"ZZ","same","same","Z21_Z30",67.9158321276676,-0.653524236598855,0.824195894755853,0,0.653397029933591,NA,"2024",1,1,2,1
"Z31","Z21",0.666666666666667,"ZZ","same","same","Z21_Z31",73.234281185153,-0.58702903237549,0.809751044654558,0,0.586914768815794,NA,"2024",1,1,2,1
"Z32","Z21",0.8,"ZZ","same","same","Z21_Z32",83.5679958540336,-0.457829248779542,0.781684787411491,0,0.457740133596454,NA,"2024",1,1,2,1
"Z33","Z21",0.571428571428571,"ZZ","same","same","Z21_Z33",95.9188844408984,-0.303409257152904,0.748139907630428,0,0.303350199389395,NA,"2024",1,1,2,1
"Z35","Z21",0.833333333333333,"ZZ","same","same","Z21_Z35",18.4458720783251,-1.27203445656099,0.958555771047995,0,1.2717868586109,NA,"2024",1,1,2,1
"Z38","Z21",0.666666666666667,"ZZ","same","same","Z21_Z38",118.474685409134,-0.021399863889391,0.686878596225699,0,0.0213956984657233,NA,"2024",0,1,1,0
"Z39","Z21",0.5,"ZZ","same","same","Z21_Z39",116.761102423008,-0.0428243523792686,0.691532669077234,0,0.0428160167388236,NA,"2024",1,1,2,1
"Z40","Z21",0.6,"ZZ","same","same","Z21_Z40",108.934256823949,-0.140681395082667,0.712790297047793,0,0.14065401184249,NA,"2024",0,1,1,0
"Z41","Z21",0.428571428571428,"ZZ","same","same","Z21_Z41",99.7329447032679,-0.255723040113835,0.7377809612211,0,0.255673264339131,NA,"2024",1,1,2,1
"Z42","Z21",0.571428571428571,"ZZ","same","same","Z21_Z42",155.251290997971,0.438408601480798,0.586993733322383,0,-0.438323266472402,NA,"2024",1,1,2,1
"Z43","Z21",0.666666666666667,"ZZ","same","same","Z21_Z43",196.242693872596,0.950913596092727,0.475661526589599,0,-0.950728503420202,NA,"2024",1,1,2,1
"Z44","Z21",0.8,"ZZ","same","same","Z21_Z44",153.941797066091,0.422036334775136,0.590550304674315,0,-0.421954186582674,NA,"2024",0,1,1,0
"Z45","Z21",0.6,"ZZ","same","same","Z21_Z45",167.334577300294,0.589482830391857,0.554175658451019,0,-0.589368089207239,NA,"2024",1,1,2,1
"Z23","Z22",0.625,"ZZ","same","same","Z22_Z23",9.30077113881056,-1.3863733076139,0.983393766261388,1,1.38610345392616,NA,"2024",1,1,2,1
"Z24","Z22",0.666666666666667,"ZZ","same","same","Z22_Z24",15.743262931702,-1.30582448542057,0.965896028251439,0,1.30557031033584,NA,"2024",0,1,1,0
"Z26","Z22",0.714285714285714,"ZZ","same","same","Z22_Z26",24.3681758223365,-1.19798941209891,0.942470858151033,0,1.19775622680967,NA,"2024",1,1,2,1
"Z27","Z22",0.833333333333333,"ZZ","same","same","Z22_Z27",49.3772172736543,-0.885307782405489,0.874546572135185,0,0.88513545972115,NA,"2024",0,1,1,0
"Z28","Z22",0.833333333333333,"ZZ","same","same","Z22_Z28",47.3304749318389,-0.910897676854148,0.880105502192414,0,0.910720373168409,NA,"2024",1,1,2,1
"Z29","Z22",0.857142857142857,"ZZ","same","same","Z22_Z29",47.1336721215233,-0.913358251905675,0.880640016496076,0,0.913180469275882,NA,"2024",1,1,2,1
"Z30","Z22",0.833333333333333,"ZZ","same","same","Z22_Z30",53.6740525516005,-0.831585553192998,0.86287641400656,0,0.831423687390356,NA,"2024",1,1,2,1
"Z31","Z22",0.833333333333333,"ZZ","same","same","Z22_Z31",61.6128940302393,-0.732328254737534,0.841314606438717,0,0.732185709090492,NA,"2024",1,1,2,1
"Z32","Z22",0.666666666666667,"ZZ","same","same","Z22_Z32",74.186212874227,-0.575127274666149,0.80716560848572,1,0.575015327750311,NA,"2024",1,1,2,1
"Z33","Z22",1,"ZZ","same","same","Z22_Z33",88.6384111696781,-0.394435146802288,0.767913594269627,0,0.394358371103886,NA,"2024",1,1,2,1
"Z35","Z22",0.5,"ZZ","same","same","Z22_Z35",5.21721400495038,-1.43742897490315,0.994484663258072,1,1.43714918337254,NA,"2024",1,1,2,1
"Z38","Z22",0.833333333333333,"ZZ","same","same","Z22_Z38",125.009647155601,0.0603050864121657,0.669129710822246,0,-0.0602933481957215,NA,"2024",0,1,1,0
"Z39","Z22",0.857142857142857,"ZZ","same","same","Z22_Z39",121.723914846192,0.0192244182369295,0.678053724227168,0,-0.0192206762576754,NA,"2024",1,1,2,1
"Z40","Z22",0.5,"ZZ","same","same","Z22_Z40",110.776926402339,-0.1176429700443,0.707785626408219,1,0.117620071169136,NA,"2024",0,1,1,0
"Z41","Z22",0.571428571428571,"ZZ","same","same","Z22_Z41",112.951339863286,-0.0904568363446213,0.701879942972666,0,0.090439229174363,NA,"2024",1,1,2,1
"Z42","Z22",0.5,"ZZ","same","same","Z22_Z42",161.121655916075,0.51180426812643,0.571049885714674,0,-0.511704646856752,NA,"2024",1,1,2,1
"Z43","Z22",0.571428571428571,"ZZ","same","same","Z22_Z43",200.036169266316,0.998342445799715,0.46535848846082,0,-0.998148121234215,NA,"2024",1,1,2,1
"Z44","Z22",0.666666666666667,"ZZ","same","same","Z22_Z44",148.996062965355,0.360201090043391,0.60398286498538,0,-0.360130977908412,NA,"2024",0,1,1,0
"Z45","Z22",0.5,"ZZ","same","same","Z22_Z45",163.320655508151,0.539297795916532,0.565077426612966,0,-0.539192823108547,NA,"2024",1,1,2,1
"Z24","Z23",0.571428571428571,"ZZ","same","same","Z23_Z24",7.20953764866649,-1.41251946347679,0.98907353379614,1,1.41224452051293,NA,"2024",0,1,1,0
"Z26","Z23",0.625,"ZZ","same","same","Z23_Z26",22.225509815883,-1.22477861551923,0.948290315843647,1,1.22454021578645,NA,"2024",1,1,2,1
"Z27","Z23",0.714285714285714,"ZZ","same","same","Z23_Z27",55.1146372380347,-0.813574292411874,0.858963801583494,0,0.81341593245078,NA,"2024",0,1,1,0
"Z28","Z23",0.714285714285714,"ZZ","same","same","Z23_Z28",54.3505625845429,-0.823127321796318,0.861039020076064,0,0.822967102364767,NA,"2024",1,1,2,1
"Z29","Z23",0.555555555555556,"ZZ","same","same","Z23_Z29",55.2784544926415,-0.811526127301584,0.858518875692276,0,0.811368166010103,NA,"2024",1,1,2,1
"Z30","Z23",0.714285714285714,"ZZ","same","same","Z23_Z30",62.9738165113779,-0.715312990073466,0.83761835570339,0,0.715173756400114,NA,"2024",1,1,2,1
"Z31","Z23",0.5,"ZZ","same","same","Z23_Z31",70.7914816281795,-0.617570728584666,0.816385661823322,0,0.617450520169205,NA,"2024",1,1,2,1
"Z32","Z23",0.571428571428571,"ZZ","same","same","Z23_Z32",83.1565207532063,-0.462973816409429,0.782802349333702,0,0.462883699850636,NA,"2024",1,1,2,1
"Z33","Z23",0.625,"ZZ","same","same","Z23_Z33",97.3434965365572,-0.285597697576794,0.744270676591105,0,0.285542106783552,NA,"2024",1,1,2,1
"Z35","Z23",0.857142857142857,"ZZ","same","same","Z23_Z35",11.9686951964507,-1.3530169375241,0.976147713384373,0,1.35275357656053,NA,"2024",1,1,2,1
"Z38","Z23",0.714285714285714,"ZZ","same","same","Z23_Z38",115.96037834114,-0.0528356001650201,0.693707427020774,0,0.0528253158631872,NA,"2024",0,1,1,0
"Z39","Z23",0.555555555555556,"ZZ","same","same","Z23_Z39",112.866238591981,-0.0915208357087149,0.702111077104845,0,0.0915030214339555,NA,"2024",1,1,2,1
"Z40","Z23",0.428571428571428,"ZZ","same","same","Z23_Z40",102.429912788926,-0.222003539992395,0.730456025078207,0,0.221960327624104,NA,"2024",0,1,1,0
"Z41","Z23",0.333333333333333,"ZZ","same","same","Z23_Z41",115.136764565006,-0.0631330319262847,0.695944353126304,0,0.0631207432581529,NA,"2024",1,1,2,1
"Z42","Z23",0.444444444444444,"ZZ","same","same","Z23_Z42",166.582712129431,0.580082453036611,0.556217716120863,0,-0.57996954160916,NA,"2024",1,1,2,1
"Z43","Z23",0.5,"ZZ","same","same","Z23_Z43",206.266981705197,1.07624469533197,0.448435669286265,0,-1.07603520731143,NA,"2024",1,1,2,1
"Z44","Z23",0.571428571428571,"ZZ","same","same","Z23_Z44",157.414053413945,0.465449065154013,0.581119693998929,0,-0.465358466794974,NA,"2024",0,1,1,0
"Z45","Z23",0.428571428571428,"ZZ","same","same","Z23_Z45",171.573309599088,0.642478612961167,0.542663307385173,0,-0.642353556295659,NA,"2024",1,1,2,1
"Z26","Z24",0.666666666666667,"ZZ","same","same","Z24_Z26",18.7658074347603,-1.26803438687254,0.957686830081209,0,1.26778756752482,NA,"2024",1,0,1,0
"Z27","Z24",0.8,"ZZ","same","same","Z24_Z27",56.404735739273,-0.797444521800014,0.855459908011351,0,0.797289301453667,NA,"2024",0,0,0,1
"Z28","Z24",0.8,"ZZ","same","same","Z24_Z28",56.8749235242825,-0.791565884541369,0.854182883074098,0,0.791411808455327,NA,"2024",1,0,1,0
"Z29","Z24",0.571428571428571,"ZZ","same","same","Z24_Z29",59.027144099494,-0.764657222798902,0.848337475276105,0,0.764508384408626,NA,"2024",1,0,1,0
"Z30","Z24",0.8,"ZZ","same","same","Z24_Z30",69.0308958065313,-0.639582881469442,0.821167393867626,0,0.639458388449971,NA,"2024",1,0,1,0
"Z31","Z24",0.8,"ZZ","same","same","Z24_Z31",77.3005585958541,-0.536189409032128,0.798707079199029,0,0.536085041262958,NA,"2024",1,0,1,0
"Z32","Z24",1,"ZZ","same","same","Z24_Z32",89.9279696155457,-0.378312128364189,0.764411167482029,0,0.378238490966243,NA,"2024",1,0,1,0
"Z33","Z24",0.666666666666667,"ZZ","same","same","Z24_Z33",104.301350282824,-0.198605437086274,0.725373221091347,0,0.198566779093288,NA,"2024",1,0,1,0
"Z35","Z24",0.666666666666667,"ZZ","same","same","Z24_Z35",19.0979806229823,-1.26388131071263,0.956784651295689,0,1.26363529974957,NA,"2024",1,0,1,0
"Z38","Z24",0.8,"ZZ","same","same","Z24_Z38",109.283735986614,-0.136311946763797,0.711841115422913,0,0.136285414024517,NA,"2024",0,0,0,1
"Z39","Z24",0.571428571428571,"ZZ","same","same","Z24_Z39",105.988687857433,-0.177509088243858,0.720790430493551,0,0.177474536596183,NA,"2024",1,0,1,0
"Z40","Z24",0.75,"ZZ","same","same","Z24_Z40",95.2969778728371,-0.311184795435608,0.749828999141047,0,0.311124224185314,NA,"2024",0,0,0,1
"Z41","Z24",0.5,"ZZ","same","same","Z24_Z41",120.840779433338,0.00818280272085596,0.680452310454079,0,-0.00818120996118747,NA,"2024",1,0,1,0
"Z42","Z24",0.666666666666667,"ZZ","same","same","Z24_Z42",173.476550302484,0.666274343237164,0.537494126225386,0,-0.666144654799296,NA,"2024",1,0,1,0
"Z43","Z24",0.8,"ZZ","same","same","Z24_Z43",213.333912367952,1.16460071652783,0.429241962061397,0,-1.16437403025483,NA,"2024",1,0,1,0
"Z44","Z24",1,"ZZ","same","same","Z24_Z44",164.498593011522,0.554025246344732,0.561878161097591,0,-0.553917406879702,NA,"2024",0,0,0,1
"Z45","Z24",0.75,"ZZ","same","same","Z24_Z45",178.704623255012,0.731639598204436,0.523294736647402,0,-0.731497186602463,NA,"2024",1,0,1,0
"Z27","Z26",0.833333333333333,"ZZ","same","same","Z26_Z27",42.009507762482,-0.977424364384269,0.894557191458309,1,0.977234111464826,NA,"2024",0,1,1,0
"Z28","Z26",0.833333333333333,"ZZ","same","same","Z26_Z28",45.101716324176,-0.938763273982044,0.886158786458501,0,0.938580546335742,NA,"2024",1,1,2,1
"Z29","Z26",0.625,"ZZ","same","same","Z26_Z29",50.2664088240661,-0.874190448555105,0.872131537504185,0,0.874020289828713,NA,"2024",1,1,2,1
"Z30","Z26",0.833333333333333,"ZZ","same","same","Z26_Z30",67.7343003948771,-0.655793881285578,0.82468893297817,0,0.655666232840323,NA,"2024",1,1,2,1
"Z31","Z26",0.571428571428571,"ZZ","same","same","Z26_Z31",77.9725433852068,-0.527787755595189,0.796881975781165,0,0.527685023184367,NA,"2024",1,1,2,1
"Z32","Z26",0.666666666666667,"ZZ","same","same","Z26_Z32",91.9031891560972,-0.353616465151979,0.759046492579247,0,0.353547634695823,NA,"2024",1,1,2,1
"Z33","Z26",0.714285714285714,"ZZ","same","same","Z26_Z33",107.489924505614,-0.158739511544062,0.716713087998556,0,0.158708613342008,NA,"2024",1,1,2,1
"Z35","Z26",0.5,"ZZ","same","same","Z26_Z35",29.5572369985578,-1.1331119113631,0.928377424135439,0,1.13289135429797,NA,"2024",1,1,2,1
"Z38","Z26",0.833333333333333,"ZZ","same","same","Z26_Z38",111.999785276877,-0.102353879236084,0.704464354934747,0,0.102333956339694,NA,"2024",0,1,1,0
"Z39","Z26",0.625,"ZZ","same","same","Z26_Z39",107.197372800708,-0.162397210462181,0.717507655264045,0,0.162365600299261,NA,"2024",1,1,2,1
"Z40","Z26",0.5,"ZZ","same","same","Z26_Z40",93.6388301876114,-0.331916190579159,0.754332510315076,1,0.33185158402077,NA,"2024",0,1,1,0
"Z41","Z26",0.375,"ZZ","same","same","Z26_Z41",136.80754452254,0.207811170674983,0.63708674921184,0,-0.207770720811695,NA,"2024",1,1,2,1
"Z42","Z26",0.714285714285714,"ZZ","same","same","Z26_Z42",185.144749020958,0.812158838569821,0.50580342474104,0,-0.81200075412286,NA,"2024",1,1,2,1
"Z43","Z26",0.833333333333333,"ZZ","same","same","Z26_Z43",223.474564950817,1.29138669438857,0.401700059355263,0,-1.2911353295795,NA,"2024",1,1,2,1
"Z44","Z26",0.666666666666667,"ZZ","same","same","Z26_Z44",168.438691456958,0.603287286454084,0.551176896346628,0,-0.603169858270694,NA,"2024",0,1,1,0
"Z45","Z26",0.5,"ZZ","same","same","Z26_Z45",183.249832548821,0.788467184021851,0.510949997378783,0,-0.788313711089201,NA,"2024",1,1,2,1
"Z28","Z27",1,"ZZ","same","same","Z27_Z28",9.88816600995412,-1.37902926022447,0.981798408146225,1,1.37876083603502,NA,"2024",1,0,1,0
"Z29","Z27",0.714285714285714,"ZZ","same","same","Z27_Z29",20.6378811489265,-1.24462832946761,0.952602298126984,0,1.24438606604352,NA,"2024",1,0,1,0
"Z30","Z27",1,"ZZ","same","same","Z27_Z30",49.2842365611048,-0.886470296402141,0.874799106744537,0,0.886297747437703,NA,"2024",1,0,1,0
"Z31","Z27",0.666666666666667,"ZZ","same","same","Z27_Z31",61.3280795786842,-0.735889216761842,0.842088159407811,0,0.735745977983499,NA,"2024",1,0,1,0
"Z32","Z27",0.8,"ZZ","same","same","Z27_Z32",75.5820557842201,-0.557675408838255,0.803374514243418,0,0.557566858879302,NA,"2024",1,0,1,0
"Z33","Z27",0.833333333333333,"ZZ","same","same","Z27_Z33",91.8129786524454,-0.354744343937426,0.759291503331202,0,0.354675293942818,NA,"2024",1,0,1,0
"Z35","Z27",0.571428571428571,"ZZ","same","same","Z27_Z35",52.772023578932,-0.842863390040671,0.865326314937525,0,0.842699329038622,NA,"2024",1,0,1,0
"Z38","Z27",1,"ZZ","same","same","Z27_Z38",150.033508749516,0.373172008546673,0.601165173459437,0,-0.373099371658677,NA,"2024",0,0,0,1
"Z39","Z27",0.714285714285714,"ZZ","same","same","Z27_Z39",144.030682343935,0.298120209903469,0.61746878503407,0,-0.298062181638218,NA,"2024",1,0,1,0
"Z40","Z27",0.6,"ZZ","same","same","Z27_Z40",128.042562864607,0.0982248534876452,0.660892344568863,0,-0.0982057342945714,NA,"2024",0,0,0,1
"Z41","Z27",0.428571428571428,"ZZ","same","same","Z27_Z41",151.813557524653,0.395427501746085,0.596330580244022,0,-0.395350532888569,NA,"2024",1,0,1,0
"Z42","Z27",0.571428571428571,"ZZ","same","same","Z27_Z42",184.955368104272,0.80979105755041,0.506317781261898,0,-0.809633433985404,NA,"2024",1,0,1,0
"Z43","Z27",0.666666666666667,"ZZ","same","same","Z27_Z43",218.068743431376,1.22379909468704,0.416382212117971,0,-1.22356088561526,NA,"2024",1,0,1,0
"Z44","Z27",0.8,"ZZ","same","same","Z27_Z44",150.266970931269,0.376090926315046,0.60053109269956,0,-0.376017721267868,NA,"2024",0,0,0,1
"Z45","Z27",0.6,"ZZ","same","same","Z27_Z45",165.820141465101,0.570548227642847,0.558288849795139,0,-0.570437172025709,NA,"2024",1,0,1,0
"Z29","Z28",0.714285714285714,"ZZ","same","same","Z28_Z29",10.7513270859165,-1.36823737871853,0.979454072002214,1,1.36797105513864,NA,"2024",1,1,2,1
"Z30","Z28",1,"ZZ","same","same","Z28_Z30",39.47445565503,-1.00911947056652,0.901442365556118,0,1.00892304828328,NA,"2024",1,1,2,1
"Z31","Z28",0.666666666666667,"ZZ","same","same","Z28_Z31",51.4991908883689,-0.858777290650858,0.868783314754668,0,0.858610132052554,NA,"2024",1,1,2,1
"Z32","Z28",0.8,"ZZ","same","same","Z28_Z32",65.7110188754482,-0.681090451090346,0.830184143695613,0,0.680957878738513,NA,"2024",1,1,2,1
"Z33","Z28",0.833333333333333,"ZZ","same","same","Z28_Z33",81.9300857801831,-0.478307618259626,0.786133333451971,0,0.47821451701918,NA,"2024",1,1,2,1
"Z35","Z28",0.571428571428571,"ZZ","same","same","Z28_Z35",49.9042844795274,-0.878717996339071,0.873115063306229,0,0.878546956338164,NA,"2024",1,1,2,1
"Z38","Z28",1,"ZZ","same","same","Z28_Z38",155.694388814339,0.443948539810903,0.585790284446882,0,-0.443862126469002,NA,"2024",0,1,1,0
"Z39","Z28",0.714285714285714,"ZZ","same","same","Z28_Z39",150.102144527092,0.374030144066563,0.600978759430092,0,-0.373957340144887,NA,"2024",1,1,2,1
"Z40","Z28",0.6,"ZZ","same","same","Z28_Z40",134.750634326732,0.182094150156217,0.642673295050509,0,-0.182058706039063,NA,"2024",0,1,1,0
"Z41","Z28",0.428571428571428,"ZZ","same","same","Z28_Z41",144.433661857016,0.303158559379142,0.616374297036266,0,-0.303099550413254,NA,"2024",1,1,2,1
"Z42","Z28",0.571428571428571,"ZZ","same","same","Z28_Z42",175.58793995789,0.692672506463665,0.531759614763846,0,-0.692537679697139,NA,"2024",1,1,2,1
"Z43","Z28",0.666666666666667,"ZZ","same","same","Z28_Z43",208.33705357387,1.10212627287021,0.442813376486486,0,-1.10191174707297,NA,"2024",1,1,2,1
"Z44","Z28",0.8,"ZZ","same","same","Z28_Z44",140.450619843069,0.253359606849002,0.627192196054713,0,-0.253310291109975,NA,"2024",0,1,1,0
"Z45","Z28",0.6,"ZZ","same","same","Z28_Z45",155.992316418768,0.447673452221683,0.584981116296448,0,-0.447586313835997,NA,"2024",1,1,2,1
"Z30","Z29",0.714285714285714,"ZZ","same","same","Z29_Z30",28.8219950983718,-1.14230445222943,0.930374333181965,0,1.14208210586193,NA,"2024",1,1,2,1
"Z31","Z29",0.714285714285714,"ZZ","same","same","Z29_Z31",40.8085380793478,-0.9924397802476,0.897819012124741,0,0.992246604619445,NA,"2024",1,1,2,1
"Z32","Z29",0.571428571428571,"ZZ","same","same","Z29_Z32",54.9690309721778,-0.815394770201489,0.859359266626287,0,0.815236055889484,NA,"2024",1,1,2,1
"Z33","Z29",0.857142857142857,"ZZ","same","same","Z29_Z33",71.1793237193386,-0.612721638412083,0.815332286899691,0,0.612602373858464,NA,"2024",1,1,2,1
"Z35","Z29",0.444444444444444,"ZZ","same","same","Z29_Z35",48.6410261669626,-0.894512190957261,0.876546059216311,0,0.894338076660535,NA,"2024",1,1,2,1
"Z38","Z29",0.714285714285714,"ZZ","same","same","Z29_Z38",162.099984963381,0.524036065234027,0.568392754606464,0,-0.523934063079244,NA,"2024",0,1,1,0
"Z39","Z29",1,"ZZ","same","same","Z29_Z39",156.943352276322,0.459564009579338,0.582398113196326,0,-0.459474556729911,NA,"2024",1,1,2,1
"Z40","Z29",0.428571428571428,"ZZ","same","same","Z29_Z40",142.280812457758,0.276242035610932,0.622221412713566,0,-0.276188265871131,NA,"2024",0,1,1,0
"Z41","Z29",0.714285714285714,"ZZ","same","same","Z29_Z41",136.578097530647,0.204942453795412,0.637709924759497,0,-0.204902562319843,NA,"2024",1,1,2,1
"Z42","Z29",0.625,"ZZ","same","same","Z29_Z42",165.381135344649,0.565059446737125,0.559481185668801,0,-0.564949459495843,NA,"2024",1,1,2,1
"Z43","Z29",0.5,"ZZ","same","same","Z29_Z43",197.725595770723,0.969453938116008,0.471633981077394,0,-0.96926523661775,NA,"2024",1,1,2,1
"Z44","Z29",0.571428571428571,"ZZ","same","same","Z29_Z44",129.829571091129,0.120567358922404,0.656038849558782,0,-0.120543890823122,NA,"2024",0,1,1,0
"Z45","Z29",0.428571428571428,"ZZ","same","same","Z29_Z45",145.352305683519,0.314644127482096,0.613879270342039,0,-0.314582882882492,NA,"2024",1,1,2,1
"Z31","Z30",0.666666666666667,"ZZ","same","same","Z30_Z31",12.0629320392558,-1.3518387184531,0.975891767138837,1,1.35157558682658,NA,"2024",1,1,2,1
"Z32","Z30",0.8,"ZZ","same","same","Z30_Z32",26.5333565343981,-1.17091871309007,0.936590250761567,1,1.1706907970367,NA,"2024",1,1,2,1
"Z33","Z30",0.833333333333333,"ZZ","same","same","Z30_Z33",42.883381896595,-0.966498540260492,0.892183758764262,0,0.966310414022163,NA,"2024",1,1,2,1
"Z35","Z30",0.571428571428571,"ZZ","same","same","Z30_Z35",52.2422081488565,-0.849487536449289,0.866765287913683,0,0.849322186075664,NA,"2024",1,1,2,1
"Z38","Z30",1,"ZZ","same","same","Z30_Z38",177.869452484028,0.721197672301283,0.525563051425912,0,-0.72105729319099,NA,"2024",0,1,1,0
"Z39","Z30",0.714285714285714,"ZZ","same","same","Z30_Z39",173.919360224155,0.671810682093729,0.536291459268767,0,-0.671679916022983,NA,"2024",1,1,2,1
"Z40","Z30",0.6,"ZZ","same","same","Z30_Z40",161.24773609455,0.513380616254544,0.570707453313962,0,-0.51328068815311,NA,"2024",0,1,1,0
"Z41","Z30",0.428571428571428,"ZZ","same","same","Z30_Z41",114.334012599351,-0.0731696338228107,0.698124618780271,0,0.0731553915581849,NA,"2024",1,1,2,1
"Z42","Z30",0.571428571428571,"ZZ","same","same","Z30_Z42",137.065566903442,0.211037158312884,0.636385963216784,0,-0.210996080520123,NA,"2024",1,1,2,1
"Z43","Z30",0.666666666666667,"ZZ","same","same","Z30_Z43",168.90438455507,0.609109727795471,0.549912078930362,0,-0.608991166290155,NA,"2024",1,1,2,1
"Z44","Z30",0.8,"ZZ","same","same","Z30_Z44",102.883742346313,-0.216329425457344,0.729223428910202,0,0.216287317539581,NA,"2024",0,1,1,0
"Z45","Z30",0.6,"ZZ","same","same","Z30_Z45",118.212308210649,-0.0246802986943832,0.687591209858195,0,0.0246754947432534,NA,"2024",1,1,2,1
"Z32","Z31",0.8,"ZZ","same","same","Z31_Z32",14.5861734185034,-1.32029127877578,0.969038670851054,1,1.32003428777018,NA,"2024",1,1,2,1
"Z33","Z31",0.833333333333333,"ZZ","same","same","Z31_Z33",30.9276106199024,-1.11597848151754,0.924655504205562,0,1.11576125942662,NA,"2024",1,1,2,1
"Z35","Z31",0.571428571428571,"ZZ","same","same","Z31_Z35",59.3690089080454,-0.760382974796205,0.84740897415462,0,0.760234968376351,NA,"2024",1,1,2,1
"Z38","Z31",0.666666666666667,"ZZ","same","same","Z31_Z38",186.570360352786,0.82998289133942,0.501931479787092,0,-0.829821337490427,NA,"2024",0,1,1,0
"Z39","Z31",0.714285714285714,"ZZ","same","same","Z31_Z39",183.022436524029,0.7856241098578,0.511567602521984,0,-0.785471190321586,NA,"2024",1,1,2,1
"Z40","Z31",0.6,"ZZ","same","same","Z31_Z40",171.013537776631,0.635479929463323,0.544183641598949,0,-0.635356235071988,NA,"2024",0,1,1,0
"Z41","Z31",0.666666666666667,"ZZ","same","same","Z31_Z41",107.251670500654,-0.161718340248749,0.717360183298423,0,0.161686862226018,NA,"2024",1,1,2,1
"Z42","Z31",0.571428571428571,"ZZ","same","same","Z31_Z42",125.759797829069,0.0696840278462955,0.66709230970878,0,-0.0696704640451267,NA,"2024",1,1,2,1
"Z43","Z31",0.666666666666667,"ZZ","same","same","Z31_Z43",156.972250179262,0.459925312646609,0.582319626804581,0,-0.45983578947055,NA,"2024",1,1,2,1
"Z44","Z31",0.8,"ZZ","same","same","Z31_Z44",91.3349346315062,-0.360721205698539,0.760589865720247,0,0.360650992324502,NA,"2024",0,1,1,0
"Z45","Z31",0.6,"ZZ","same","same","Z31_Z45",106.56015645663,-0.170364162946994,0.719238327960691,0,0.17033100203905,NA,"2024",1,1,2,1
"Z33","Z32",0.666666666666667,"ZZ","same","same","Z32_Z33",16.3539391832901,-1.29818935690382,0.964237438158864,0,1.29793666797551,NA,"2024",1,1,2,1
"Z35","Z32",0.666666666666667,"ZZ","same","same","Z32_Z35",71.4035638904873,-0.609918021076568,0.814723253020844,0,0.609799302239224,NA,"2024",1,1,2,1
"Z38","Z32",0.8,"ZZ","same","same","Z32_Z38",199.114477361204,0.986818768351835,0.467861793703574,0,-0.986626686837927,NA,"2024",0,1,1,0
"Z39","Z32",0.571428571428571,"ZZ","same","same","Z32_Z39",195.905225107779,0.946694310697125,0.47657808810386,0,-0.946510039296703,NA,"2024",1,1,2,1
"Z40","Z32",0.75,"ZZ","same","same","Z32_Z40",184.43318992148,0.803262397685389,0.50773601155706,0,-0.80310604490577,NA,"2024",0,1,1,0
"Z41","Z32",0.5,"ZZ","same","same","Z32_Z41",102.521455902565,-0.220858999926139,0.730207394971944,0,0.220816010339371,NA,"2024",1,1,2,1
"Z42","Z32",0.666666666666667,"ZZ","same","same","Z32_Z42",113.664876095619,-0.0815356758753031,0.699941986285203,0,0.0815198051839845,NA,"2024",1,1,2,1
"Z43","Z32",0.8,"ZZ","same","same","Z32_Z43",143.304995490751,0.289047133338642,0.619439742676313,0,-0.288990871122374,NA,"2024",1,1,2,1
"Z44","Z32",1,"ZZ","same","same","Z32_Z44",76.8823435139081,-0.541418244916933,0.799842946837041,0,0.541312859369479,NA,"2024",0,1,1,0
"Z45","Z32",0.75,"ZZ","same","same","Z32_Z45",92.0403429985801,-0.351901665843507,0.758673984226893,0,0.351833169168241,NA,"2024",1,1,2,1
"Z35","Z33",0.5,"ZZ","same","same","Z33_Z35",85.4247346060738,-0.434614920472198,0.776641905048495,0,0.434530323893203,NA,"2024",1,1,2,1
"Z38","Z33",0.833333333333333,"ZZ","same","same","Z33_Z38",213.036937956306,1.1608877216419,0.430048541350545,0,-1.16066175809297,NA,"2024",0,1,1,0
"Z39","Z33",0.857142857142857,"ZZ","same","same","Z33_Z39",210.198882063535,1.1254042368614,0.437756670451166,0,-1.12518518007356,NA,"2024",1,1,2,1
"Z40","Z33",0.5,"ZZ","same","same","Z33_Z40",199.326509623485,0.989469753334465,0.467285916373139,0,-0.989277155813744,NA,"2024",0,1,1,0
"Z41","Z33",0.571428571428571,"ZZ","same","same","Z33_Z41",98.5964440747004,-0.269932415926172,0.740867684632802,0,0.269879874336199,NA,"2024",1,1,2,1
"Z42","Z33",0.5,"ZZ","same","same","Z33_Z42",100.296816491484,-0.248673095795868,0.736249491544679,0,0.248624692273114,NA,"2024",1,1,2,1
"Z43","Z33",0.571428571428571,"ZZ","same","same","Z33_Z43",127.869135283789,0.0960565329340659,0.661363372002102,0,-0.096037835798525,NA,"2024",1,1,2,1
"Z44","Z33",0.666666666666667,"ZZ","same","same","Z33_Z44",60.9603393282628,-0.740486978776411,0.843086937949476,0,0.740342845056549,NA,"2024",0,1,1,0
"Z45","Z33",0.5,"ZZ","same","same","Z33_Z45",75.9388910034445,-0.553213989631274,0.802405353648507,0,0.553106308075095,NA,"2024",1,1,2,1
"Z38","Z35",0.571428571428571,"ZZ","same","same","Z35_Z38",127.741739773687,0.094463739552047,0.661709376829282,0,-0.0944453524492834,NA,"2024",0,1,1,0
"Z39","Z35",0.444444444444444,"ZZ","same","same","Z35_Z39",124.774224494421,0.0573616572724446,0.669769116223036,0,-0.0573504919862517,NA,"2024",1,1,2,1
"Z40","Z35",0.5,"ZZ","same","same","Z35_Z40",114.386129678318,-0.0725180273540875,0.697983069357637,0,0.0725039119228389,NA,"2024",0,1,1,0
"Z41","Z35",0.375,"ZZ","same","same","Z35_Z41",107.768262377643,-0.155259524532135,0.715957125349387,0,0.155229303699823,NA,"2024",1,1,2,1
"Z42","Z35",0.5,"ZZ","same","same","Z35_Z42",156.13755240973,0.449489300559266,0.584586656916265,0,-0.449401808723779,NA,"2024",1,1,2,1
"Z43","Z35",0.571428571428571,"ZZ","same","same","Z35_Z43",195.257832764121,0.938600130300001,0.478336398705277,0,-0.938417434409161,NA,"2024",1,1,2,1
"Z44","Z35",0.666666666666667,"ZZ","same","same","Z35_Z44",145.445377529114,0.315807780891842,0.613626488216321,0,-0.315746309790356,NA,"2024",0,1,1,0
"Z45","Z35",0.5,"ZZ","same","same","Z35_Z45",159.614127779405,0.492956030560025,0.575144315824337,0,-0.492860078047085,NA,"2024",1,1,2,1
"Z39","Z38",0.714285714285714,"ZZ","same","same","Z38_Z39",9.66665683732525,-1.38179873258607,0.982400024662639,0,1.38152976932657,NA,"2024",1,0,1,0
"Z40","Z38",0.6,"ZZ","same","same","Z38_Z40",28.846655248629,-1.14199613269684,0.930307356480658,1,1.14177384634287,NA,"2024",0,0,0,1
"Z41","Z38",0.428571428571428,"ZZ","same","same","Z38_Z41",199.859742799602,0.996136630945085,0.465837660835708,0,-0.995942735735279,NA,"2024",1,0,1,0
"Z42","Z38",0.571428571428571,"ZZ","same","same","Z38_Z42",266.981029600815,1.8353368611889,0.283536972050326,0,-1.83497961800085,NA,"2024",1,0,1,0
"Z43","Z38",0.666666666666667,"ZZ","same","same","Z38_Z43",309.949563153082,2.37256141346981,0.166834899787099,0,-2.37209960102486,NA,"2024",1,0,1,0
"Z44","Z38",0.8,"ZZ","same","same","Z38_Z44",272.241169133864,1.90110303638638,0.269250489986566,0,-1.90073299199623,NA,"2024",0,0,0,1
"Z45","Z38",0.6,"ZZ","same","same","Z38_Z45",285.792107520567,2.07052694281148,0.23244628793215,0,-2.07012392053169,NA,"2024",1,0,1,0
"Z40","Z39",0.428571428571428,"ZZ","same","same","Z39_Z40",19.5793166185895,-1.25786329023673,0.955477347939061,1,1.25761845066454,NA,"2024",0,1,1,0
"Z41","Z39",0.714285714285714,"ZZ","same","same","Z39_Z41",201.610044382684,1.01802020263329,0.461083860672087,0,-1.01782204784744,NA,"2024",1,1,2,1
"Z42","Z39",0.625,"ZZ","same","same","Z39_Z42",267.510024448618,1.84195074806786,0.282100227766743,0,-1.84159221750523,NA,"2024",1,1,2,1
"Z43","Z39",0.5,"ZZ","same","same","Z39_Z43",310.161361823471,2.37520947791295,0.166259656889714,0,-2.37474715002966,NA,"2024",1,1,2,1
"Z44","Z39",0.571428571428571,"ZZ","same","same","Z39_Z44",269.923268170823,1.87212291525689,0.275545883925454,0,-1.87175851176628,NA,"2024",0,1,1,0
"Z45","Z39",0.428571428571428,"ZZ","same","same","Z39_Z45",283.729896232505,2.04474364409614,0.238047231480031,0,-2.04434564046335,NA,"2024",1,1,2,1
"Z41","Z40",0.6,"ZZ","same","same","Z40_Z41",199.69931074173,0.994130790081175,0.466273392569216,0,-0.993937285302684,NA,"2024",1,0,1,0
"Z42","Z40",0.5,"ZZ","same","same","Z40_Z42",262.790920142989,1.78294899752698,0.294917264006141,0,-1.78260195149011,NA,"2024",1,0,1,0
"Z43","Z40",0.6,"ZZ","same","same","Z40_Z43",304.675808584045,2.30662501297004,0.181158360141305,0,-2.30617603486107,NA,"2024",1,0,1,0
"Z44","Z40",0.75,"ZZ","same","same","Z40_Z44",259.766443317232,1.74513473964394,0.303131710343917,0,-1.74479505404663,NA,"2024",0,0,0,1
"Z45","Z40",0.5,"ZZ","same","same","Z40_Z45",274.000140723112,1.92309500693755,0.264473142179999,0,-1.92272068187183,NA,"2024",1,0,1,0
"Z42","Z41",0.571428571428571,"ZZ","same","same","Z41_Z42",72.7597383731603,-0.592962119419311,0.811039897797982,0,0.592846701000812,NA,"2024",1,1,2,1
"Z43","Z41",0.428571428571428,"ZZ","same","same","Z41_Z43",116.397815692267,-0.0473664331797346,0.692519351907627,0,0.0473572134359625,NA,"2024",1,1,2,1
"Z44","Z41",0.5,"ZZ","same","same","Z41_Z44",120.819034806033,0.00791093522381557,0.68051136862659,0,-0.00790939538239488,NA,"2024",0,1,1,0
"Z45","Z41",0.333333333333333,"ZZ","same","same","Z41_Z45",126.321158432444,0.0767025754643906,0.665567660383219,0,-0.0766876455225527,NA,"2024",1,1,2,1
"Z43","Z42",0.833333333333333,"ZZ","same","same","Z42_Z43",43.8469591338673,-0.95445118124946,0.889566693412507,0,0.954265399995876,NA,"2024",1,1,2,1
"Z44","Z42",0.666666666666667,"ZZ","same","same","Z42_Z44",79.7100956029839,-0.506063585950801,0.792162802755782,0,0.505965082088856,NA,"2024",0,1,1,0
"Z45","Z42",0.5,"ZZ","same","same","Z42_Z45",76.2252956525667,-0.549633145774718,0.801627481720024,0,0.549526161219782,NA,"2024",1,1,2,1
"Z44","Z43",0.8,"ZZ","same","same","Z43_Z44",85.7072462603589,-0.43108274973142,0.775874606451872,0,0.430998840679583,NA,"2024",0,1,1,0
"Z45","Z43",0.6,"ZZ","same","same","Z43_Z45",74.6442559237817,-0.569400479919405,0.805921568518571,0,0.569289647708152,NA,"2024",1,1,2,1
"Z45","Z44",0.75,"ZZ","same","same","Z44_Z45",15.6234531359859,-1.30732243656159,0.966221430360415,0,1.30706796990486,NA,"2024",1,0,1,0
"X20","X18",0.6,"XX","same","same","X18_X20",13.8524396683373,-1.3698858631194,0.971031483778442,NA,1.36944188778345,NA,"2026",0,0,0,1
"X21","X18",0.555555555555556,"XX","same","same","X18_X21",34.2480822168319,-1.13973143421876,0.915637139271569,NA,1.13936205114822,NA,"2026",0,0,0,1
"X22","X18",0.666666666666667,"XX","same","same","X18_X22",45.8108811187886,-1.00925114307592,0.884232702548592,NA,1.00892404822271,NA,"2026",0,0,0,1
"X23","X18",0.6,"XX","same","same","X18_X23",53.8870474052107,-0.918115723589207,0.862297922288488,NA,0.917818165414615,NA,"2026",1,0,1,0
"X25","X18",0.6,"XX","same","same","X18_X25",56.0366767002071,-0.89385825282987,0.856459552379525,NA,0.893568556418817,NA,"2026",1,0,1,0
"X27","X18",0.666666666666667,"XX","same","same","X18_X27",76.450081807943,-0.663503382503158,0.801016964953922,NA,0.663288343319904,NA,"2026",1,0,1,0
"X31","X18",0.666666666666667,"XX","same","same","X18_X31",99.7218080060367,-0.400893815782262,0.737811208370295,NA,0.400763887463898,NA,"2026",1,0,1,0
"X32","X18",0.6,"XX","same","same","X18_X32",97.9158486528048,-0.421273146444318,0.742716174435496,NA,0.421136613254395,NA,"2026",0,0,0,1
"X33","X18",0.75,"XX","same","same","X18_X33",105.678686950713,-0.333673473580125,0.721632389602387,NA,0.3335653311454,NA,"2026",0,0,0,1
"X35","X18",0.75,"XX","same","same","X18_X35",117.075739570687,-0.205063544735574,0.69067811798811,NA,0.204997084340137,NA,"2026",0,0,0,1
"X36","X18",0.75,"XX","same","same","X18_X36",113.947323268558,-0.240366127905879,0.699174862819218,NA,0.240288226063643,NA,"2026",0,0,0,1
"X38","X18",0.857142857142857,"XX","same","same","X18_X38",119.579425645167,-0.176810723710288,0.683878133696513,NA,0.176753419957783,NA,"2026",0,0,0,1
"X39","X18",0.666666666666667,"XX","same","same","X18_X39",128.432372145651,-0.0769097354937053,0.659833626778789,NA,0.0768848093107484,NA,"2026",1,0,1,0
"X21","X20",0.8,"XX","same","same","X20_X21",22.8901288794701,-1.267900147591,0.946485217657275,NA,1.2674892254776,NA,"2026",0,0,0,1
"X22","X20",0.9,"XX","same","same","X20_X22",32.2475653647421,-1.16230624707421,0.921070521398805,NA,1.16192954758381,NA,"2026",0,0,0,1
"X23","X20",1,"XX","same","same","X20_X23",42.6265727042798,-1.04518444024183,0.892881249752242,NA,1.04484569952957,NA,"2026",1,0,1,0
"X25","X20",1,"XX","same","same","X20_X25",43.1841320904303,-1.03889266680089,0.891366924491539,NA,1.03855596523093,NA,"2026",1,0,1,0
"X27","X20",0.9,"XX","same","same","X20_X27",65.1276656770891,-0.791271076616059,0.831768524671219,NA,0.791014628358921,NA,"2026",1,0,1,0
"X31","X20",0.9,"XX","same","same","X20_X31",91.907179132523,-0.489077918890442,0.759035655846441,NA,0.488919410405031,NA,"2026",1,0,1,0
"X32","X20",1,"XX","same","same","X20_X32",89.0211599994293,-0.521645173577034,0.766874052588877,NA,0.521476110155457,NA,"2026",0,0,0,1
"X33","X20",0.8,"XX","same","same","X20_X33",98.4705567823413,-0.415013547980751,0.741209593156909,NA,0.414879043505339,NA,"2026",0,0,0,1
"X35","X20",0.8,"XX","same","same","X20_X35",106.459562719461,-0.324861688603451,0.719511539462548,NA,0.324756402038182,NA,"2026",0,0,0,1
"X36","X20",0.8,"XX","same","same","X20_X36",106.269376691222,-0.32700784097938,0.720028082657673,NA,0.326901858853446,NA,"2026",0,0,0,1
"X38","X20",0.7,"XX","same","same","X20_X38",110.450921687907,-0.279821237353334,0.708671051685661,NA,0.279730548244696,NA,"2026",0,0,0,1
"X39","X20",0.9,"XX","same","same","X20_X39",118.448675604401,-0.189570661488321,0.686949238573959,NA,0.189509222283502,NA,"2026",1,0,1,0
"X22","X21",0.7,"XX","same","same","X21_X22",16.8439969684524,-1.33612766401906,0.962906446516164,NA,1.33569462960029,NA,"2026",0,0,0,1
"X23","X21",0.8,"XX","same","same","X21_X23",19.8110338064636,-1.30264616583355,0.954848006563679,NA,1.30222398265415,NA,"2026",1,0,1,0
"X25","X21",0.8,"XX","same","same","X21_X25",22.7381685236999,-1.26961494273975,0.94689794033953,NA,1.26920346486709,NA,"2026",1,0,1,0
"X27","X21",0.7,"XX","same","same","X21_X27",42.3900006159796,-1.04785403565895,0.893523776984657,NA,1.04751442973991,NA,"2026",1,0,1,0
"X31","X21",0.888888888888889,"XX","same","same","X21_X31",70.0848903172192,-0.735331323638501,0.818304756179474,NA,0.735093005264509,NA,"2026",1,0,1,0
"X32","X21",0.8,"XX","same","same","X21_X32",66.5528388819036,-0.775188723522319,0.827897769665499,NA,0.774937487500967,NA,"2026",0,0,0,1
"X33","X21",0.6,"XX","same","same","X21_X33",77.0490455415444,-0.656744382108271,0.799390185933484,NA,0.656531533493993,NA,"2026",0,0,0,1
"X35","X21",0.777777777777778,"XX","same","same","X21_X35",83.5804351453319,-0.583040979991221,0.781651002430902,NA,0.582852018398188,NA,"2026",0,0,0,1
"X36","X21",0.777777777777778,"XX","same","same","X21_X36",84.4353064891651,-0.573394192671055,0.779329181109669,NA,0.573208357568889,NA,"2026",0,0,0,1
"X38","X21",0.666666666666667,"XX","same","same","X21_X38",87.8104097412615,-0.535307873026063,0.770162437191287,NA,0.535134381570193,NA,"2026",0,0,0,1
"X39","X21",0.888888888888889,"XX","same","same","X21_X39",95.580999090476,-0.447620733499199,0.749057600586687,NA,0.447475661146175,NA,"2026",1,0,1,0
"X23","X22",0.9,"XX","same","same","X22_X23",20.0338669190249,-1.30013160775382,0.954242794240733,NA,1.29971023953411,NA,"2026",1,0,1,0
"X25","X22",0.9,"XX","same","same","X22_X25",13.1038642917186,-1.37833315463695,0.973064606402707,NA,1.37788644156262,NA,"2026",1,0,1,0
"X27","X22",0.8,"XX","same","same","X22_X27",38.2171654008412,-1.0949423538403,0.904857152284218,NA,1.09458748675795,NA,"2026",1,0,1,0
"X31","X22",0.8,"XX","same","same","X22_X31",72.8415374038044,-0.704223966545676,0.810817732515714,NA,0.70399572996002,NA,"2026",1,0,1,0
"X32","X22",0.9,"XX","same","same","X22_X32",67.2814201162652,-0.766967055707563,0.825918950915293,NA,0.766718484300708,NA,"2026",0,0,0,1
"X33","X22",0.888888888888889,"XX","same","same","X22_X33",80.5495577109711,-0.617242886761971,0.789882832752398,NA,0.617042840447606,NA,"2026",0,0,0,1
"X35","X22",0.7,"XX","same","same","X22_X35",79.5490022481529,-0.628533645098258,0.792600330564678,NA,0.628329939487626,NA,"2026",0,0,0,1
"X36","X22",0.888888888888889,"XX","same","same","X22_X36",86.7145977924792,-0.547673552246752,0.773138650588893,NA,0.547496053116422,NA,"2026",0,0,0,1
"X38","X22",0.777777777777778,"XX","same","same","X22_X38",87.0725495959756,-0.543634248620411,0.772166457363178,NA,0.543458058614611,NA,"2026",0,0,0,1
"X39","X22",0.8,"XX","same","same","X22_X39",92.7484859393217,-0.479584200455802,0.756750675661042,NA,0.479428768852155,NA,"2026",1,0,1,0
"X25","X23",1,"XX","same","same","X23_X25",11.6757300872021,-1.39444892110287,0.976943403451583,NA,1.3939969849636,NA,"2026",1,1,2,1
"X27","X23",0.9,"XX","same","same","X23_X27",22.5903360188173,-1.27128315719553,0.947299451823432,NA,1.27087113866025,NA,"2026",1,1,2,1
"X31","X23",0.9,"XX","same","same","X23_X31",53.1980746446738,-0.925890429968397,0.864169164852299,NA,0.925590352037985,NA,"2026",1,1,2,1
"X32","X23",1,"XX","same","same","X23_X32",48.3413745881459,-0.980695814265271,0.877359909662529,NA,0.980377974096733,NA,"2026",0,1,1,0
"X33","X23",0.8,"XX","same","same","X23_X33",60.7595442601502,-0.840563100032033,0.843632295182123,NA,0.840290676398227,NA,"2026",0,1,1,0
"X35","X23",0.8,"XX","same","same","X23_X35",63.8599032430363,-0.805577129406371,0.835211753726534,NA,0.805316044606317,NA,"2026",0,1,1,0
"X36","X23",0.8,"XX","same","same","X23_X36",67.2815479035216,-0.766965613693518,0.825918603846487,NA,0.766717042754014,NA,"2026",0,1,1,0
"X38","X23",0.7,"XX","same","same","X23_X38",69.0197589684723,-0.747350787928098,0.821197641399308,NA,0.747108574086724,NA,"2026",0,1,1,0
"X39","X23",0.9,"XX","same","same","X23_X39",76.1203823595705,-0.667223872704366,0.801912425088773,NA,0.667007627722927,NA,"2026",1,1,2,1
"X27","X25",0.9,"XX","same","same","X25_X27",25.2109208196765,-1.2417111936355,0.940181971855683,NA,1.24130875927275,NA,"2026",1,1,2,1
"X31","X25",0.9,"XX","same","same","X25_X31",61.1093240125618,-0.836616013836249,0.842682297158743,NA,0.836344869439617,NA,"2026",1,1,2,1
"X32","X25",1,"XX","same","same","X25_X32",54.9427964875017,-0.906202133393688,0.859430519202844,NA,0.905908436373044,NA,"2026",0,1,1,0
"X33","X25",0.8,"XX","same","same","X25_X33",69.0056161944698,-0.747510381923035,0.821236053020492,NA,0.747268116357792,NA,"2026",0,1,1,0
"X35","X25",0.8,"XX","same","same","X25_X35",66.445137956741,-0.776404073559168,0.828190284213054,NA,0.776152443647014,NA,"2026",0,1,1,0
"X36","X25",0.8,"XX","same","same","X25_X36",74.6631988064208,-0.683667446260882,0.805870119854261,NA,0.683445871973338,NA,"2026",0,1,1,0
"X38","X25",0.7,"XX","same","same","X25_X38",74.2537647653673,-0.688287700693519,0.806982138280208,NA,0.688064628997272,NA,"2026",0,1,1,0
"X39","X25",0.9,"XX","same","same","X25_X39",79.672051512288,-0.627145096880357,0.792266130094523,NA,0.626941841293466,NA,"2026",1,1,2,1
"X31","X27",0.8,"XX","same","same","X27_X31",38.5063775765851,-1.09167874187117,0.904071655143804,NA,1.09132493251432,NA,"2026",1,1,2,1
"X32","X27",0.9,"XX","same","same","X27_X32",30.9451083533844,-1.17700381048286,0.924607980550729,NA,1.17662234756229,NA,"2026",0,1,1,0
"X33","X27",0.888888888888889,"XX","same","same","X27_X33",46.6202954602696,-1.0001173148543,0.88203434195396,NA,0.999793180243661,NA,"2026",0,1,1,0
"X35","X27",0.7,"XX","same","same","X27_X35",41.6910950030033,-1.05574082921436,0.895421997068233,NA,1.05539866721244,NA,"2026",0,1,1,0
"X36","X27",0.7,"XX","same","same","X27_X36",50.9767973840035,-0.950956411495775,0.870202129860893,NA,0.950648209766243,NA,"2026",0,1,1,0
"X38","X27",0.777777777777778,"XX","same","same","X27_X38",49.152979400095,-0.971537267701071,0.875155599773804,NA,0.971222395786237,NA,"2026",0,1,1,0
"X39","X27",0.8,"XX","same","same","X27_X39",54.5810084538399,-0.910284726921816,0.860413131588184,NA,0.909989706746536,NA,"2026",1,1,2,1
"X32","X31",0.9,"XX","same","same","X31_X32",9.54153096397144,-1.4185322702398,0.982739865180965,NA,1.41807252876921,NA,"2026",0,1,1,0
"X33","X31",0.7,"XX","same","same","X31_X33",8.11485783008642,-1.43463154926847,0.986614693977813,NA,1.43416659007646,NA,"2026",0,1,1,0
"X35","X31",0.888888888888889,"XX","same","same","X31_X35",32.4236066961849,-1.16031971039095,0.920592395047149,NA,1.15994365473032,NA,"2026",0,1,1,0
"X36","X31",0.888888888888889,"XX","same","same","X31_X36",14.3683017929418,-1.36406462201864,0.969630407828986,NA,1.36362253332707,NA,"2026",0,1,1,0
"X38","X31",0.777777777777778,"XX","same","same","X31_X38",22.9808465604482,-1.26687644480708,0.946238829417188,NA,1.26646585447226,NA,"2026",0,1,1,0
"X39","X31",1,"XX","same","same","X31_X39",35.5193918774874,-1.12538535278453,0.912184275987178,NA,1.12502061923006,NA,"2026",1,1,2,1
"X33","X32",0.8,"XX","same","same","X32_X33",16.9747185293336,-1.33465253784355,0.962551408171051,NA,1.33421998150814,NA,"2026",0,0,0,1
"X35","X32",0.8,"XX","same","same","X32_X35",25.6404680446592,-1.23686397217549,0.939015326239783,NA,1.23646310878068,NA,"2026",0,0,0,1
"X36","X32",0.8,"XX","same","same","X32_X36",20.0339202997572,-1.30013100537947,0.954242649259242,NA,1.29970963735499,NA,"2026",0,0,0,1
"X38","X32",0.7,"XX","same","same","X32_X38",21.6969904497892,-1.28136410653369,0.949725768724053,NA,1.28094882079712,NA,"2026",0,0,0,1
"X39","X32",0.9,"XX","same","same","X32_X39",32.1482105064092,-1.16342741600153,0.921340368119144,NA,1.16305035314411,NA,"2026",1,0,1,0
"X35","X33",0.6,"XX","same","same","X33_X35",35.9610313218628,-1.12040167679303,0.91098478803423,NA,1.12003855843094,NA,"2026",0,0,0,1
"X36","X33",0.777777777777778,"XX","same","same","X33_X36",9.10459444801615,-1.42346287608153,0.983926580031204,NA,1.42300153661841,NA,"2026",0,0,0,1
"X38","X33",0.875,"XX","same","same","X33_X38",22.6865566752035,-1.27019735613942,0.947038117561672,NA,1.26978568950857,NA,"2026",0,0,0,1
"X39","X33",0.7,"XX","same","same","X33_X39",35.8836852968444,-1.12127448725603,0.911194859001395,NA,1.12091108601905,NA,"2026",1,0,1,0
"X36","X35",0.777777777777778,"XX","same","same","X35_X36",31.6025582467599,-1.1695848235899,0.92282235375309,NA,1.16920576513769,NA,"2026",0,0,0,1
"X38","X35",0.666666666666667,"XX","same","same","X35_X38",17.6956727620219,-1.3265169368546,0.960593304274874,NA,1.32608701723972,NA,"2026",0,0,0,1
"X39","X35",0.888888888888889,"XX","same","same","X35_X39",14.1690106030052,-1.36631352150272,0.970171680544777,NA,1.36587070395049,NA,"2026",1,0,1,0
"X38","X36",0.875,"XX","same","same","X36_X38",15.6239109651172,-1.34989571259314,0.966220186901448,NA,1.34945821599679,NA,"2026",0,0,0,1
"X39","X36",0.888888888888889,"XX","same","same","X36_X39",28.5793644824295,-1.20370002406133,0.93103331530991,NA,1.203309908989,NA,"2026",1,0,1,0
"X39","X38",0.777777777777778,"XX","same","same","X38_X39",13.2045994688519,-1.37719640951562,0.972791010751439,NA,1.37675006485651,NA,"2026",1,0,1,0
"Y02","Y01",0.777777777777778,"YY","same","same","Y01_Y02",19.5532676601964,-1.30555492539055,0.95554809662824,NA,1.3051317994921,NA,"2026",1,1,2,1
"Y03","Y01",0.8,"YY","same","same","Y01_Y03",50.4503966853423,-0.956896575032433,0.871631828463473,NA,0.956586448116159,NA,"2026",0,1,1,0
"Y04","Y01",0.777777777777778,"YY","same","same","Y01_Y04",57.1998915370877,-0.880731966377533,0.853300273467058,NA,0.880446524151149,NA,"2026",1,1,2,1
"Y05","Y01",0.888888888888889,"YY","same","same","Y01_Y05",66.2524663909955,-0.778578273958793,0.828713578101158,NA,0.778325939395705,NA,"2026",1,1,2,1
"Y06","Y01",0.9,"YY","same","same","Y01_Y06",70.2229259635147,-0.733773661737654,0.817929852857505,NA,0.733535848196572,NA,"2026",1,1,2,1
"Y07","Y01",0.8,"YY","same","same","Y01_Y07",78.0930050568507,-0.644963831166107,0.796554803184222,NA,0.644754800588208,NA,"2026",1,1,2,1
"Y08","Y01",1,"YY","same","same","Y01_Y08",87.3290485490017,-0.540739788693152,0.771469808981751,NA,0.540564536771941,NA,"2026",1,1,2,1
"Y09","Y01",0.8,"YY","same","same","Y01_Y09",100.613039415886,-0.390836723652688,0.735390633503133,NA,0.390710054803581,NA,"2026",1,1,2,1
"Y10","Y01",0.666666666666667,"YY","same","same","Y01_Y10",100.484958588194,-0.39228205050034,0.735738499645472,NA,0.392154913225732,NA,"2026",1,1,2,1
"Y11","Y01",0.777777777777778,"YY","same","same","Y01_Y11",52.349105222338,-0.935470617113137,0.866474956618597,NA,0.935167434276747,NA,"2026",1,1,2,1
"Y12","Y01",0.8,"YY","same","same","Y01_Y12",113.116754077458,-0.249738677821167,0.701430679756547,NA,0.24965773836747,NA,"2026",1,1,2,1
"Y14","Y01",0.7,"YY","same","same","Y01_Y14",219.35168381508,0.949068347989703,0.412897759915611,NA,-0.948760758175114,NA,"2026",1,1,2,1
"Y16","Y01",0.777777777777778,"YY","same","same","Y01_Y16",177.580175084418,0.477698166179312,0.526348725713639,NA,-0.477543345832942,NA,"2026",0,1,1,0
"Y17","Y01",0.777777777777778,"YY","same","same","Y01_Y17",181.367658344153,0.520437983988065,0.516061962155937,NA,-0.520269311812516,NA,"2026",1,1,2,1
"Y18","Y01",1,"YY","same","same","Y01_Y18",195.781477931947,0.683090590181653,0.476914184094634,NA,-0.682869202851197,NA,"2026",1,1,2,1
"Y19","Y01",1,"YY","same","same","Y01_Y19",95.6496920394694,-0.446845568587994,0.748871031280391,NA,0.446700747463274,NA,"2026",1,1,2,1
"Y20","Y01",0.666666666666667,"YY","same","same","Y01_Y20",102.210413099872,-0.372811175935588,0.731052183858972,NA,0.372690349105016,NA,"2026",1,1,2,1
"Y21","Y01",0.888888888888889,"YY","same","same","Y01_Y21",107.698794482284,-0.310877589893644,0.716145799401628,NA,0.310776835527072,NA,"2026",1,1,2,1
"Y22","Y01",1,"YY","same","same","Y01_Y22",109.682286022244,-0.288494899006446,0.710758657837945,NA,0.288401398793649,NA,"2026",0,1,1,0
"Y23","Y01",0.888888888888889,"YY","same","same","Y01_Y23",183.272127793648,0.541928950868119,0.51088944373504,NA,-0.541753313543503,NA,"2026",0,1,1,0
"Y24","Y01",0.777777777777778,"YY","same","same","Y01_Y24",199.739210151671,0.727751580714633,0.466165026203478,NA,-0.727515718909471,NA,"2026",0,1,1,0
"Y25","Y01",0.666666666666667,"YY","same","same","Y01_Y25",223.255398588365,0.993119779176546,0.402295312824583,NA,-0.992797912443355,NA,"2026",0,1,1,0
"Y26","Y01",0.777777777777778,"YY","same","same","Y01_Y26",234.39989141532,1.11887969950642,0.372026990875771,NA,-1.11851707441198,NA,"2026",1,1,2,1
"Y27","Y01",0.888888888888889,"YY","same","same","Y01_Y27",261.689293192534,1.42682668701324,0.297909270885379,NA,-1.42636425735047,NA,"2026",0,1,1,0
"Y28","Y01",0.555555555555556,"YY","same","same","Y01_Y28",271.382276358022,1.53620706076181,0.271583233473629,NA,-1.53570918129296,NA,"2026",0,1,1,0
"Y29","Y01",0.666666666666667,"YY","same","same","Y01_Y29",283.055438182327,1.66793274122271,0.239879052247539,NA,-1.66739216991011,NA,"2026",1,1,2,1
"Y30","Y01",0.555555555555556,"YY","same","same","Y01_Y30",284.309692864795,1.68208636592234,0.236472510099393,NA,-1.68154120746825,NA,"2026",0,1,1,0
"Y31","Y01",0.888888888888889,"YY","same","same","Y01_Y31",313.987070311959,2.01698044152601,0.155869074024267,NA,-2.01632674504424,NA,"2026",0,1,1,0
"Y32","Y01",0.888888888888889,"YY","same","same","Y01_Y32",297.885025612992,1.83527707557362,0.199602053223074,NA,-1.83468226853302,NA,"2026",0,1,1,0
"Y33","Y01",0.888888888888889,"YY","same","same","Y01_Y33",274.053499429787,1.56635045139471,0.264328220509941,NA,-1.56584280255578,NA,"2026",0,1,1,0
"Y34","Y01",0.666666666666667,"YY","same","same","Y01_Y34",209.796701775915,0.841245246601694,0.438848987761264,NA,-0.840972601886511,NA,"2026",1,1,2,1
"Y35","Y01",0.777777777777778,"YY","same","same","Y01_Y35",208.560485535155,0.827295176521125,0.442206537696884,NA,-0.827027052976076,NA,"2026",0,1,1,0
"Y03","Y02",0.6,"YY","same","same","Y02_Y03",31.0617063366764,-1.17568806168055,0.924291301689549,NA,1.17530702518968,NA,"2026",0,1,1,0
"Y04","Y02",0.555555555555556,"YY","same","same","Y02_Y04",38.3169349822521,-1.09381650497446,0.904586179180485,NA,1.09346200277589,NA,"2026",1,1,2,1
"Y05","Y02",0.875,"YY","same","same","Y02_Y05",48.0221200522983,-0.984298438953228,0.878227001527964,NA,0.983979431186316,NA,"2026",1,1,2,1
"Y06","Y02",0.7,"YY","same","same","Y02_Y06",52.5697943796194,-0.932980252475795,0.865875567254996,NA,0.93267787675809,NA,"2026",1,1,2,1
"Y07","Y02",0.6,"YY","same","same","Y02_Y07",61.2488494834924,-0.835041540023877,0.842303347489184,NA,0.834770905908837,NA,"2026",1,1,2,1
"Y08","Y02",0.777777777777778,"YY","same","same","Y02_Y08",71.5465438040619,-0.718837309158935,0.814334921122435,NA,0.71860433643878,NA,"2026",1,1,2,1
"Y09","Y02",0.777777777777778,"YY","same","same","Y02_Y09",85.0585767940157,-0.566360905010588,0.777636385704684,NA,0.566177349372965,NA,"2026",1,1,2,1
"Y10","Y02",0.625,"YY","same","same","Y02_Y10",84.5329931611712,-0.572291848376027,0.779063865165345,NA,0.572106370539888,NA,"2026",1,1,2,1
"Y11","Y02",0.75,"YY","same","same","Y02_Y11",34.9855644823953,-1.13140932280445,0.913634145416917,NA,1.13104263690183,NA,"2026",1,1,2,1
"Y12","Y02",0.777777777777778,"YY","same","same","Y02_Y12",96.2101954930494,-0.440520572846927,0.7473487099644,NA,0.440377801631754,NA,"2026",1,1,2,1
"Y14","Y02",0.666666666666667,"YY","same","same","Y02_Y14",202.731585193691,0.761519007615509,0.458037767963032,NA,-0.761272201902459,NA,"2026",1,1,2,1
"Y16","Y02",0.75,"YY","same","same","Y02_Y16",162.573814096786,0.308359032353374,0.567105839806364,NA,-0.308259094242711,NA,"2026",0,1,1,0
"Y17","Y02",0.75,"YY","same","same","Y02_Y17",166.694601110502,0.354860013114731,0.55591382685877,NA,-0.354745004194804,NA,"2026",1,1,2,1
"Y18","Y02",0.777777777777778,"YY","same","same","Y02_Y18",181.814221022962,0.525477216170391,0.51484910275153,NA,-0.52530691079688,NA,"2026",1,1,2,1
"Y19","Y02",0.777777777777778,"YY","same","same","Y02_Y19",83.4713172142369,-0.584272320217658,0.781947365551239,NA,0.584082959551456,NA,"2026",1,1,2,1
"Y20","Y02",0.625,"YY","same","same","Y02_Y20",92.1879715809497,-0.485909319251886,0.75827302659433,NA,0.485751837698811,NA,"2026",1,1,2,1
"Y21","Y02",0.875,"YY","same","same","Y02_Y21",99.1683947735361,-0.40713880199289,0.739314272722541,NA,0.407006849695794,NA,"2026",1,1,2,1
"Y22","Y02",0.777777777777778,"YY","same","same","Y02_Y22",103.040269148694,-0.363446673467366,0.728798303808355,NA,0.363328881640105,NA,"2026",0,1,1,0
"Y23","Y02",0.875,"YY","same","same","Y02_Y23",179.644535547575,0.500993421639553,0.520741945029453,NA,-0.500831051380341,NA,"2026",0,1,1,0
"Y24","Y02",1,"YY","same","same","Y02_Y24",196.317272842849,0.689136762614489,0.47545897091324,NA,-0.688913415740169,NA,"2026",0,1,1,0
"Y25","Y02",0.857142857142857,"YY","same","same","Y02_Y25",219.990831126287,0.956280799573148,0.411161842733131,NA,-0.955970872227601,NA,"2026",0,1,1,0
"Y26","Y02",0.555555555555556,"YY","same","same","Y02_Y26",231.506908780398,1.08623386525154,0.379884300413836,NA,-1.08588182056064,NA,"2026",1,1,2,1
"Y27","Y02",0.875,"YY","same","same","Y02_Y27",259.352549804852,1.40045772910469,0.30425584064574,NA,-1.40000384553123,NA,"2026",0,1,1,0
"Y28","Y02",0.5,"YY","same","same","Y02_Y28",269.172235607994,1.5112678775289,0.277585680240882,NA,-1.51077808076429,NA,"2026",0,1,1,0
"Y29","Y02",0.625,"YY","same","same","Y02_Y29",280.902795591698,1.64364126695827,0.245725606234839,NA,-1.64310856842963,NA,"2026",1,1,2,1
"Y30","Y02",0.714285714285714,"YY","same","same","Y02_Y30",281.039759134852,1.6451868307217,0.245353614733405,NA,-1.64465363128111,NA,"2026",0,1,1,0
"Y31","Y02",0.875,"YY","same","same","Y02_Y31",312.465337954477,1.99980846761819,0.160002082643985,NA,-1.9991603365146,NA,"2026",0,1,1,0
"Y32","Y02",0.666666666666667,"YY","same","same","Y02_Y32",297.672488166958,1.83287869884213,0.200179302627119,NA,-1.83228466910725,NA,"2026",0,1,1,0
"Y33","Y02",0.666666666666667,"YY","same","same","Y02_Y33",276.534821739942,1.59435090874016,0.257588975960303,NA,-1.5938341850485,NA,"2026",0,1,1,0
"Y34","Y02",0.625,"YY","same","same","Y02_Y34",207.341292266606,0.813537202004004,0.445517853424148,NA,-0.813273537371572,NA,"2026",1,1,2,1
"Y35","Y02",0.75,"YY","same","same","Y02_Y35",207.41667724308,0.814387883033877,0.445313108643614,NA,-0.814123942698625,NA,"2026",0,1,1,0
"Y04","Y03",0.777777777777778,"YY","same","same","Y03_Y04",9.04197113297293,-1.42416954826778,0.984096664277357,NA,1.42370797977461,NA,"2026",1,0,1,0
"Y05","Y03",0.7,"YY","same","same","Y03_Y05",19.9338575533656,-1.30126016246266,0.95451441859589,NA,1.30083842848223,NA,"2026",1,0,1,0
"Y06","Y03",0.9,"YY","same","same","Y03_Y06",25.7694584000125,-1.23540838177183,0.938664989830155,NA,1.23500799012891,NA,"2026",1,0,1,0
"Y07","Y03",1,"YY","same","same","Y03_Y07",35.761862434265,-1.12264919615757,0.911525728578192,NA,1.12228534938212,NA,"2026",1,0,1,0
"Y08","Y03",0.8,"YY","same","same","Y03_Y08",47.7205459681025,-0.987701548757406,0.879046073477993,NA,0.987381438054215,NA,"2026",1,0,1,0
"Y09","Y03",0.8,"YY","same","same","Y03_Y09",60.833231104909,-0.839731581552896,0.843432162508955,NA,0.839459427411393,NA,"2026",1,0,1,0
"Y10","Y03",0.666666666666667,"YY","same","same","Y03_Y10",59.5008866315483,-0.854766409734267,0.847050795684335,NA,0.854489382856229,NA,"2026",1,0,1,0
"Y11","Y03",0.777777777777778,"YY","same","same","Y03_Y11",24.7462039816024,-1.24695528625053,0.941444137760249,NA,1.24655115229526,NA,"2026",1,0,1,0
"Y12","Y03",0.8,"YY","same","same","Y03_Y12",76.2343579039824,-0.665937716787955,0.801602868743221,NA,0.665721888645262,NA,"2026",1,0,1,0
"Y14","Y03",0.888888888888889,"YY","same","same","Y03_Y14",181.136591466206,0.517830512063343,0.516689537296593,NA,-0.517662684960552,NA,"2026",1,0,1,0
"Y16","Y03",0.777777777777778,"YY","same","same","Y03_Y16",145.29833669262,0.113414076513525,0.614025849537444,NA,-0.113377319398149,NA,"2026",0,0,0,1
"Y17","Y03",0.777777777777778,"YY","same","same","Y03_Y17",150.085530062083,0.167435113279873,0.601023884137311,NA,-0.167380848130731,NA,"2026",1,0,1,0
"Y18","Y03",0.8,"YY","same","same","Y03_Y18",166.459541955158,0.352207490374768,0.556552244981643,NA,-0.352093341128414,NA,"2026",1,0,1,0
"Y19","Y03",0.8,"YY","same","same","Y03_Y19",76.3351743031684,-0.664800055117168,0.801329052493737,NA,0.664584595686743,NA,"2026",1,0,1,0
"Y20","Y03",0.5,"YY","same","same","Y03_Y20",88.6596255351059,-0.525724905704443,0.767855976282638,NA,0.525554520055598,NA,"2026",1,0,1,0
"Y21","Y03",0.7,"YY","same","same","Y03_Y21",97.8908843142873,-0.421554856278206,0.742783977308827,NA,0.421418231787086,NA,"2026",1,0,1,0
"Y22","Y03",0.8,"YY","same","same","Y03_Y22",104.823552379842,-0.34332323128323,0.723954925845408,NA,0.343211961394946,NA,"2026",0,0,0,1
"Y23","Y03",0.7,"YY","same","same","Y03_Y23",183.296136044701,0.542199871742369,0.510824237584917,NA,-0.542024146613223,NA,"2026",0,0,0,1
"Y24","Y03",0.6,"YY","same","same","Y03_Y24",199.939969611977,0.730017048881333,0.465619765681249,NA,-0.729780452845665,NA,"2026",0,0,0,1
"Y25","Y03",0.5,"YY","same","same","Y03_Y25",223.44843218843,0.995298064948914,0.401771035655183,NA,-0.994975492240735,NA,"2026",0,0,0,1
"Y26","Y03",0.6,"YY","same","same","Y03_Y26",235.384399052071,1.12998936630637,0.369353078785472,NA,-1.12962314060682,NA,"2026",1,0,1,0
"Y27","Y03",0.7,"YY","same","same","Y03_Y27",263.757632829435,1.45016684542069,0.292291682808354,NA,-1.44969685129218,NA,"2026",0,0,0,1
"Y28","Y03",0.4,"YY","same","same","Y03_Y28",273.67008166582,1.56202377738645,0.265369579008786,NA,-1.56151753080781,NA,"2026",0,0,0,1
"Y29","Y03",0.5,"YY","same","same","Y03_Y29",285.373136258233,1.69408678249676,0.233584209347917,NA,-1.69353773474859,NA,"2026",1,0,1,0
"Y30","Y03",0.4,"YY","same","same","Y03_Y30",283.732843491923,1.67557691481486,0.238039226755339,NA,-1.67503386605167,NA,"2026",0,0,0,1
"Y31","Y03",0.7,"YY","same","same","Y03_Y31",317.651770885712,2.05833471931542,0.145915786913341,NA,-2.05766762005327,NA,"2026",0,0,0,1
"Y32","Y03",0.888888888888889,"YY","same","same","Y03_Y32",304.997512638945,1.91553786586886,0.180284615408625,NA,-1.91491704657987,NA,"2026",0,0,0,1
"Y33","Y03",0.7,"YY","same","same","Y03_Y33",288.048371157829,1.72427544456159,0.226318300303243,NA,-1.72371661277101,NA,"2026",0,0,0,1
"Y34","Y03",0.5,"YY","same","same","Y03_Y34",212.290128572387,0.869382296904627,0.432076867557743,NA,-0.869100533067408,NA,"2026",1,0,1,0
"Y35","Y03",0.6,"YY","same","same","Y03_Y35",214.394446388146,0.893128450719587,0.426361563136176,NA,-0.892838990834908,NA,"2026",0,0,0,1
"Y05","Y04",0.666666666666667,"YY","same","same","Y04_Y05",10.8945297813819,-1.40326436831497,0.9790651350306,NA,1.40280957511932,NA,"2026",1,1,2,1
"Y06","Y04",0.7,"YY","same","same","Y04_Y06",16.7534807227607,-1.33714909370846,0.963152287660192,NA,1.33671572824781,NA,"2026",1,1,2,1
"Y07","Y04",0.777777777777778,"YY","same","same","Y04_Y07",26.783957186098,-1.22396028014048,0.93590962210273,NA,1.22356359878825,NA,"2026",1,1,2,1
"Y08","Y04",0.777777777777778,"YY","same","same","Y04_Y08",38.8268265924325,-1.08806263808533,0.903201319083612,NA,1.08771000069539,NA,"2026",1,1,2,1
"Y09","Y04",0.6,"YY","same","same","Y04_Y09",51.8456542006194,-0.941151805244749,0.867842324146887,NA,0.940846781154662,NA,"2026",1,1,2,1
"Y10","Y04",0.857142857142857,"YY","same","same","Y04_Y10",50.47397612643,-0.956630493060049,0.871567786956578,NA,0.956320452380034,NA,"2026",1,1,2,1
"Y11","Y04",0.75,"YY","same","same","Y04_Y11",32.5439654387617,-1.15896152333727,0.920265502004438,NA,1.15858590786043,NA,"2026",1,1,2,1
"Y12","Y04",0.6,"YY","same","same","Y04_Y12",78.2798653463201,-0.642855208056795,0.796047292659614,NA,0.642646860876454,NA,"2026",1,1,2,1
"Y14","Y04",0.666666666666667,"YY","same","same","Y04_Y14",181.48025362445,0.521708564327566,0.515756154592788,NA,-0.521539480361262,NA,"2026",1,1,2,1
"Y16","Y04",0.75,"YY","same","same","Y04_Y16",147.52324738629,0.138521059480059,0.607983016164132,NA,-0.138476165277137,NA,"2026",0,1,1,0
"Y17","Y04",0.75,"YY","same","same","Y04_Y17",152.513687788699,0.194835635402245,0.594429034021392,NA,-0.194772489837339,NA,"2026",1,1,2,1
"Y18","Y04",0.777777777777778,"YY","same","same","Y04_Y18",169.217786871428,0.383332878161051,0.549060881629745,NA,-0.383208641282675,NA,"2026",1,1,2,1
"Y19","Y04",0.777777777777778,"YY","same","same","Y04_Y19",82.3531192922443,-0.596890613734136,0.784984379009896,NA,0.596697163522044,NA,"2026",1,1,2,1
"Y20","Y04",0.444444444444444,"YY","same","same","Y04_Y20",95.2433206457048,-0.451431262607247,0.749974731589435,NA,0.451284955274735,NA,"2026",1,1,2,1
"Y21","Y04",0.666666666666667,"YY","same","same","Y04_Y21",104.794592719647,-0.343650026285511,0.724033579969189,NA,0.343538650484081,NA,"2026",1,1,2,1
"Y22","Y04",0.777777777777778,"YY","same","same","Y04_Y22",112.194199212078,-0.260149239178383,0.703936328790051,NA,0.260064925697258,NA,"2026",0,1,1,0
"Y23","Y04",0.666666666666667,"YY","same","same","Y04_Y23",190.591773030976,0.624527415973941,0.491009366459682,NA,-0.624325008768504,NA,"2026",0,1,1,0
"Y24","Y04",0.555555555555556,"YY","same","same","Y04_Y24",207.186948692569,0.811795513452034,0.44593704890143,NA,-0.811532413294922,NA,"2026",0,1,1,0
"Y25","Y04",0.444444444444444,"YY","same","same","Y04_Y25",230.615185444453,1.07617122198674,0.382306211346955,NA,-1.0758224385642,NA,"2026",0,1,1,0
"Y26","Y04",0.555555555555556,"YY","same","same","Y04_Y26",242.601798340577,1.21143403800251,0.349750700400946,NA,-1.21104141636264,NA,"2026",1,1,2,1
"Y27","Y04",0.666666666666667,"YY","same","same","Y04_Y27",271.021481786409,1.53213567794645,0.272563147626794,NA,-1.53163911799889,NA,"2026",0,1,1,0
"Y28","Y04",0.333333333333333,"YY","same","same","Y04_Y28",280.936590042751,1.64402262011071,0.245633820871394,NA,-1.64348979798682,NA,"2026",0,1,1,0
"Y29","Y04",0.444444444444444,"YY","same","same","Y04_Y29",292.620404031563,1.77586850481783,0.213900708481747,NA,-1.77529295189239,NA,"2026",1,1,2,1
"Y30","Y04",0.333333333333333,"YY","same","same","Y04_Y30",290.664610574109,1.75379837267183,0.219212622352999,NA,-1.75322997260094,NA,"2026",0,1,1,0
"Y31","Y04",0.666666666666667,"YY","same","same","Y04_Y31",324.987398450341,2.14111353683738,0.125992301809943,NA,-2.14041960924281,NA,"2026",0,1,1,0
"Y32","Y04",0.875,"YY","same","same","Y04_Y32",312.690419817454,2.0023484017,0.15939076273924,NA,-2.00169944741243,NA,"2026",0,1,1,0
"Y33","Y04",0.666666666666667,"YY","same","same","Y04_Y33",296.332563727178,1.81775833460383,0.203818522909287,NA,-1.81716920532742,NA,"2026",0,1,1,0
"Y34","Y04",0.444444444444444,"YY","same","same","Y04_Y34",219.731338022136,0.953352552176803,0.411866623196619,NA,-0.953043573866249,NA,"2026",1,1,2,1
"Y35","Y04",0.555555555555556,"YY","same","same","Y04_Y35",222.148237978483,0.980626036100657,0.405302349062956,NA,-0.980308218546985,NA,"2026",0,1,1,0
"Y06","Y05",0.8,"YY","same","same","Y05_Y06",6.10396902611727,-1.45732340431348,0.992076246214141,NA,1.45685109076864,NA,"2026",1,1,2,1
"Y07","Y05",0.7,"YY","same","same","Y05_Y07",16.1533114528506,-1.34392169796603,0.964782340904202,NA,1.34348613752744,NA,"2026",1,1,2,1
"Y08","Y05",0.888888888888889,"YY","same","same","Y05_Y08",28.3418797902345,-1.20637991774817,0.931678321164631,NA,1.20598893413144,NA,"2026",1,1,2,1
"Y09","Y05",0.888888888888889,"YY","same","same","Y05_Y09",41.1090620180133,-1.0623087747421,0.897002792358612,NA,1.06196448409143,NA,"2026",1,1,2,1
"Y10","Y05",0.555555555555556,"YY","same","same","Y05_Y10",39.6425586715763,-1.07885751741483,0.900985799581839,NA,1.07850786337311,NA,"2026",1,1,2,1
"Y11","Y05",0.875,"YY","same","same","Y05_Y11",42.4738500526432,-1.04690783751083,0.893296042821822,NA,1.04656853825139,NA,"2026",1,1,2,1
"Y12","Y05",0.7,"YY","same","same","Y05_Y12",81.6820722279294,-0.604463037769596,0.786806935576702,NA,0.604267133360701,NA,"2026",1,1,2,1
"Y14","Y05",0.777777777777778,"YY","same","same","Y05_Y14",182.13519879964,0.529099286752644,0.513977330582644,NA,-0.52892780747841,NA,"2026",1,1,2,1
"Y16","Y05",0.666666666666667,"YY","same","same","Y05_Y16",150.544818612569,0.172617950436705,0.599776461403107,NA,-0.172562005547718,NA,"2026",0,1,1,0
"Y17","Y05",0.875,"YY","same","same","Y05_Y17",155.751683109053,0.231374761932197,0.585634673762289,NA,-0.231299774161007,NA,"2026",1,1,2,1
"Y18","Y05",0.888888888888889,"YY","same","same","Y05_Y18",172.779995958946,0.423530591776251,0.539385960286606,NA,-0.423393326955995,NA,"2026",1,1,2,1
"Y19","Y05",0.888888888888889,"YY","same","same","Y05_Y19",90.0392893502522,-0.510156102873404,0.764108824286903,NA,0.509990763020455,NA,"2026",1,1,2,1
"Y20","Y05",0.555555555555556,"YY","same","same","Y05_Y20",103.448651407641,-0.358838287859625,0.72768914201123,NA,0.358721989594422,NA,"2026",1,1,2,1
"Y21","Y05",0.777777777777778,"YY","same","same","Y05_Y21",113.302836539245,-0.247638832100731,0.700925281803509,NA,0.24755857319987,NA,"2026",1,1,2,1
"Y22","Y05",0.888888888888889,"YY","same","same","Y05_Y22",121.186591134353,-0.158674680463162,0.679513089615365,NA,0.158623254540417,NA,"2026",0,1,1,0
"Y23","Y05",1,"YY","same","same","Y05_Y23",199.370415502857,0.723589921106335,0.467166668479768,NA,-0.723355408080858,NA,"2026",0,1,1,0
"Y24","Y05",0.875,"YY","same","same","Y05_Y24",215.893233629969,0.910041500694114,0.422290873202352,NA,-0.909746559347624,NA,"2026",0,1,1,0
"Y25","Y05",0.75,"YY","same","same","Y05_Y25",239.208437536149,1.17314169118677,0.358967031633936,NA,-1.17276147996589,NA,"2026",0,1,1,0
"Y26","Y05",0.666666666666667,"YY","same","same","Y05_Y26",251.246124309542,1.30898084987116,0.326272804589819,NA,-1.30855661364226,NA,"2026",1,1,2,1
"Y27","Y05",0.777777777777778,"YY","same","same","Y05_Y27",279.703899478178,1.63011233548861,0.248981795108633,NA,-1.62958402164051,NA,"2026",0,1,1,0
"Y28","Y05",0.444444444444444,"YY","same","same","Y05_Y28",289.617130546845,1.7419780945469,0.222057566774652,NA,-1.74141352538783,NA,"2026",0,1,1,0
"Y29","Y05",0.75,"YY","same","same","Y05_Y29",301.272507444736,1.8735030811796,0.190401689216291,NA,-1.87289588522096,NA,"2026",1,1,2,1
"Y30","Y05",0.625,"YY","same","same","Y05_Y30",298.942227591137,1.84720706095819,0.19673070408801,NA,-1.84660838745002,NA,"2026",0,1,1,0
"Y31","Y05",1,"YY","same","same","Y05_Y31",333.732049142141,2.23979246205984,0.10224192513698,NA,-2.23906655296217,NA,"2026",0,1,1,0
"Y32","Y05",0.777777777777778,"YY","same","same","Y05_Y32",321.868189862441,2.10591485802826,0.134464038588821,NA,-2.10523233820543,NA,"2026",0,1,1,0
"Y33","Y05",0.777777777777778,"YY","same","same","Y05_Y33",306.229618518681,1.92944155262064,0.176938229169077,NA,-1.9288162271942,NA,"2026",0,1,1,0
"Y34","Y05",0.555555555555556,"YY","same","same","Y05_Y34",228.654595624173,1.05404696533133,0.387631152087754,NA,-1.05370535230491,NA,"2026",1,1,2,1
"Y35","Y05",0.666666666666667,"YY","same","same","Y05_Y35",231.437189553378,1.08544711931598,0.38007365708015,NA,-1.08509532960675,NA,"2026",0,1,1,0
"Y07","Y06",0.9,"YY","same","same","Y06_Y07",10.0729477566769,-1.41253550263895,0.981296542921229,NA,1.41207770470029,NA,"2026",1,1,2,1
"Y08","Y06",0.9,"YY","same","same","Y06_Y08",22.2417212333989,-1.27521709733267,0.948246285809061,NA,1.27480380382081,NA,"2026",1,1,2,1
"Y09","Y06",0.9,"YY","same","same","Y06_Y09",35.099792117132,-1.13012032217723,0.913323904396769,NA,1.12975405403532,NA,"2026",1,1,2,1
"Y10","Y06",0.6,"YY","same","same","Y06_Y10",33.73286938961,-1.14554534832956,0.917036451736358,NA,1.14517408098929,NA,"2026",1,1,2,1
"Y11","Y06",0.7,"YY","same","same","Y06_Y11",48.5773551038222,-0.978032894443646,0.87671898913496,NA,0.977715917318341,NA,"2026",1,1,2,1
"Y12","Y06",0.9,"YY","same","same","Y06_Y12",85.8997824742849,-0.556868327737281,0.775351680177846,NA,0.556687848611576,NA,"2026",1,1,2,1
"Y14","Y06",0.8,"YY","same","same","Y06_Y14",184.842313258827,0.559647693395951,0.506624836999017,NA,-0.559466313487316,NA,"2026",1,1,2,1
"Y16","Y06",0.7,"YY","same","same","Y06_Y16",154.411671058649,0.216253409052657,0.589274131993965,NA,-0.21618332206036,NA,"2026",0,1,1,0
"Y17","Y06",0.7,"YY","same","same","Y06_Y17",159.70578037953,0.275994733915943,0.574895388353961,NA,-0.275905284964018,NA,"2026",1,1,2,1
"Y18","Y06",0.9,"YY","same","same","Y06_Y18",176.853411098939,0.469497005091797,0.528322608835542,NA,-0.469344842713764,NA,"2026",1,1,2,1
"Y19","Y06",0.9,"YY","same","same","Y06_Y19",95.7145428382861,-0.446113760382887,0.748694897212407,NA,0.44596917643471,NA,"2026",1,1,2,1
"Y20","Y06",0.6,"YY","same","same","Y06_Y20",109.2447562599,-0.293432199331244,0.711946983938955,NA,0.293337098956252,NA,"2026",1,1,2,1
"Y21","Y06",0.8,"YY","same","same","Y06_Y21",119.165590022855,-0.181480647743598,0.68500210676954,NA,0.181421830484642,NA,"2026",1,1,2,1
"Y22","Y06",0.9,"YY","same","same","Y06_Y22",127.151035983685,-0.0913689608839153,0.663313721932264,NA,0.0913393485153253,NA,"2026",0,1,1,0
"Y23","Y06",0.8,"YY","same","same","Y06_Y23",205.270729657149,0.790171958484493,0.451141479070585,NA,-0.789915866447794,NA,"2026",0,1,1,0
"Y24","Y06",0.7,"YY","same","same","Y06_Y24",221.773871246317,0.97640149837225,0.40631912505735,NA,-0.976085049976847,NA,"2026",0,1,1,0
"Y25","Y06",0.6,"YY","same","same","Y06_Y25",245.057970744661,1.23915069147884,0.343079762724105,NA,-1.23874908696611,NA,"2026",0,1,1,0
"Y26","Y06",0.7,"YY","same","same","Y06_Y26",257.107041132905,1.3751183084537,0.310354617905209,NA,-1.37467263730005,NA,"2026",1,1,2,1
"Y27","Y06",0.8,"YY","same","same","Y06_Y27",285.571471527789,1.69632489490666,0.233045532901537,NA,-1.69577512179388,NA,"2026",0,1,1,0
"Y28","Y06",0.5,"YY","same","same","Y06_Y28",295.483382106691,1.80817575291111,0.20612489100347,NA,-1.80758972931675,NA,"2026",0,1,1,0
"Y29","Y06",0.6,"YY","same","same","Y06_Y29",307.130668085164,1.93960943764276,0.174490988294714,NA,-1.93898081683946,NA,"2026",1,1,2,1
"Y30","Y06",0.5,"YY","same","same","Y06_Y30",304.700834812239,1.91219000783444,0.181090389176283,NA,-1.91157027357482,NA,"2026",0,1,1,0
"Y31","Y06",0.8,"YY","same","same","Y06_Y31",339.611116889445,2.3061347445661,0.0862744407393173,NA,-2.30538733416094,NA,"2026",0,1,1,0
"Y32","Y06",0.8,"YY","same","same","Y06_Y32",327.846270780557,2.17337445369236,0.118227635490428,NA,-2.17267007044466,NA,"2026",0,1,1,0
"Y33","Y06",0.8,"YY","same","same","Y06_Y33",312.319239799031,1.99815982441168,0.160398883653581,NA,-1.99751222762773,NA,"2026",0,1,1,0
"Y34","Y06",0.6,"YY","same","same","Y06_Y34",234.584223668334,1.12095979501306,0.371526346470826,NA,-1.12059649576677,NA,"2026",1,1,2,1
"Y35","Y06",0.7,"YY","same","same","Y06_Y35",237.441959775676,1.15320789017213,0.363764766120345,NA,-1.15283413942818,NA,"2026",0,1,1,0
"Y08","Y07",0.8,"YY","same","same","Y07_Y08",12.2158249765448,-1.38835422560538,0.975476511575266,NA,1.38790426473613,NA,"2026",1,1,2,1
"Y09","Y07",0.8,"YY","same","same","Y07_Y09",25.0714979249908,-1.24328450992724,0.940560642929272,NA,1.24288156565805,NA,"2026",1,1,2,1
"Y10","Y07",0.666666666666667,"YY","same","same","Y07_Y10",23.850084289716,-1.25706754015096,0.943877989148541,NA,1.25666012884869,NA,"2026",1,1,2,1
"Y11","Y07",0.777777777777778,"YY","same","same","Y07_Y11",58.5872410688351,-0.865076434152662,0.849532247148185,NA,0.864796065830876,NA,"2026",1,1,2,1
"Y12","Y07",0.8,"YY","same","same","Y07_Y12",92.5465081095211,-0.481863417301155,0.757299245261638,NA,0.481707247011103,NA,"2026",1,1,2,1
"Y14","Y07",0.888888888888889,"YY","same","same","Y07_Y14",188.653129822689,0.602650815646954,0.496274700439744,NA,-0.602455498573069,NA,"2026",1,1,2,1
"Y16","Y07",0.777777777777778,"YY","same","same","Y07_Y16",160.234533485714,0.281961443172278,0.573459300638003,NA,-0.281870060430234,NA,"2026",0,1,1,0
"Y17","Y07",0.777777777777778,"YY","same","same","Y07_Y17",165.665070197212,0.343242281590928,0.558710021681055,NA,-0.343131037938163,NA,"2026",1,1,2,1
"Y18","Y07",0.8,"YY","same","same","Y07_Y18",182.985382590748,0.538693177429918,0.511668240603899,NA,-0.538518588808438,NA,"2026",1,1,2,1
"Y19","Y07",0.8,"YY","same","same","Y07_Y19",104.767037113072,-0.34396097725846,0.724108420698531,NA,0.34384950067888,NA,"2026",1,1,2,1
"Y20","Y07",0.5,"YY","same","same","Y07_Y20",118.507593193943,-0.188905806525261,0.686789219038177,NA,0.188844582797668,NA,"2026",1,1,2,1
"Y21","Y07",0.7,"YY","same","same","Y07_Y21",128.552231547961,-0.0755571832403771,0.659508089938841,NA,0.0755326954149921,NA,"2026",1,1,2,1
"Y22","Y07",0.8,"YY","same","same","Y07_Y22",136.747798572923,0.016925612712839,0.637249018564626,NA,-0.0169201271794873,NA,"2026",0,1,1,0
"Y23","Y07",0.7,"YY","same","same","Y07_Y23",214.704449327567,0.896626675858138,0.425519598506544,NA,-0.896336082210623,NA,"2026",0,1,1,0
"Y24","Y07",0.6,"YY","same","same","Y07_Y24",231.161693370908,1.08233828533882,0.38082190173122,NA,-1.08198750319208,NA,"2026",0,1,1,0
"Y25","Y07",0.5,"YY","same","same","Y07_Y25",254.374930660374,1.34428783454223,0.317775000390653,NA,-1.34385215544003,NA,"2026",0,1,1,0
"Y26","Y07",0.6,"YY","same","same","Y07_Y26",266.446392755315,1.48050813051237,0.284989039938615,NA,-1.48002830287685,NA,"2026",1,1,2,1
"Y27","Y07",0.7,"YY","same","same","Y07_Y27",294.921315045285,1.80183311265283,0.207651459061399,NA,-1.80124914468655,NA,"2026",0,1,1,0
"Y28","Y07",0.4,"YY","same","same","Y07_Y28",304.829189182015,1.91363842146507,0.180741780096602,NA,-1.91301821777953,NA,"2026",0,1,1,0
"Y29","Y07",0.5,"YY","same","same","Y07_Y29",316.457634627284,2.044859500384,0.1491590480722,NA,-2.04419676839434,NA,"2026",1,1,2,1
"Y30","Y07",0.4,"YY","same","same","Y07_Y30",313.817979792686,2.01507234121471,0.15632832204527,NA,-2.01441926314175,NA,"2026",0,1,1,0
"Y31","Y07",0.7,"YY","same","same","Y07_Y31",348.980627012494,2.41186488993033,0.0608269526112668,NA,-2.41108321274567,NA,"2026",0,1,1,0
"Y32","Y07",0.888888888888889,"YY","same","same","Y07_Y32",337.443994616707,2.2816798744705,0.0921603213865751,NA,-2.28094038980532,NA,"2026",0,1,1,0
"Y33","Y07",0.7,"YY","same","same","Y07_Y33",322.235585892565,2.11006073493763,0.13346619494576,NA,-2.10937687145024,NA,"2026",0,1,1,0
"Y34","Y07",0.5,"YY","same","same","Y07_Y34",244.077738310413,1.22808926815971,0.34574206341066,NA,-1.22769124861656,NA,"2026",1,1,2,1
"Y35","Y07",0.6,"YY","same","same","Y07_Y35",247.111983406076,1.2623291772715,0.337501086557501,NA,-1.26192006069058,NA,"2026",0,1,1,0
"Y09","Y08",0.8,"YY","same","same","Y08_Y09",13.5325518361584,-1.37349563423362,0.971900295669861,NA,1.37305048898316,NA,"2026",1,1,2,1
"Y10","Y08",0.666666666666667,"YY","same","same","Y08_Y10",13.1615784073094,-1.37768188026392,0.972907855489156,NA,1.37723537826539,NA,"2026",1,1,2,1
"Y11","Y08",0.777777777777778,"YY","same","same","Y08_Y11",70.7989088673679,-0.727273988291345,0.81636548952204,NA,0.727038281272258,NA,"2026",1,1,2,1
"Y12","Y08",0.8,"YY","same","same","Y08_Y12",102.348333787149,-0.371254811288661,0.730677592764453,NA,0.371134488870563,NA,"2026",1,1,2,1
"Y14","Y08",0.7,"YY","same","same","Y08_Y14",195.249559837504,0.677088165646255,0.478358867884464,NA,-0.676868723681119,NA,"2026",1,1,2,1
"Y16","Y08",0.777777777777778,"YY","same","same","Y08_Y16",168.989658203892,0.380758562442978,0.549680476622714,NA,-0.380635159891546,NA,"2026",0,1,1,0
"Y17","Y08",0.777777777777778,"YY","same","same","Y08_Y17",174.541261993987,0.44340558112621,0.534602380790087,NA,-0.443261874889694,NA,"2026",1,1,2,1
"Y18","Y08",1,"YY","same","same","Y08_Y18",191.994643198818,0.640358090665052,0.487199186261089,NA,-0.640150552791942,NA,"2026",1,1,2,1
"Y19","Y08",1,"YY","same","same","Y08_Y19",116.487118252373,-0.21170583624629,0.69227680712052,NA,0.211637223106828,NA,"2026",1,1,2,1
"Y20","Y08",0.666666666666667,"YY","same","same","Y08_Y20",130.361518970702,-0.0551402970104861,0.654594084872858,NA,0.0551224262282921,NA,"2026",1,1,2,1
"Y21","Y08",0.888888888888889,"YY","same","same","Y08_Y21",140.483568263157,0.0590818692522386,0.627102708502212,NA,-0.0590627210199253,NA,"2026",1,1,2,1
"Y22","Y08",1,"YY","same","same","Y08_Y22",148.808027065412,0.153019143205949,0.604493568455315,NA,-0.152969550223539,NA,"2026",0,1,1,0
"Y23","Y08",0.888888888888889,"YY","same","same","Y08_Y23",226.643358073316,1.03135117485547,0.393093651516857,NA,-1.03101691745734,NA,"2026",0,1,1,0
"Y24","Y08",0.777777777777778,"YY","same","same","Y08_Y24",243.065431494761,1.21666590179729,0.3484914777701,NA,-1.21627158452821,NA,"2026",0,1,1,0
"Y25","Y08",0.666666666666667,"YY","same","same","Y08_Y25",266.223173751433,1.47798921784579,0.285595300338216,NA,-1.47751020658128,NA,"2026",0,1,1,0
"Y26","Y08",0.777777777777778,"YY","same","same","Y08_Y26",278.309559360217,1.61437791806196,0.252768807784034,NA,-1.61385470368489,NA,"2026",1,1,2,1
"Y27","Y08",0.888888888888889,"YY","same","same","Y08_Y27",306.788847695385,1.93575216879677,0.175419368775294,NA,-1.93512479812115,NA,"2026",0,1,1,0
"Y28","Y08",0.555555555555556,"YY","same","same","Y08_Y28",316.692660186856,2.0475116440128,0.148520721195079,NA,-2.04684805247244,NA,"2026",0,1,1,0
"Y29","Y08",0.666666666666667,"YY","same","same","Y08_Y29",328.305755609057,2.17855950574651,0.116979679667263,NA,-2.17785344204113,NA,"2026",1,1,2,1
"Y30","Y08",0.555555555555556,"YY","same","same","Y08_Y30",325.50229904054,2.14692392751255,0.12459383737753,NA,-2.14622811679017,NA,"2026",0,1,1,0
"Y31","Y08",0.888888888888889,"YY","same","same","Y08_Y31",360.857961000111,2.54589454917163,0.0285682419985035,NA,-2.54506943343155,NA,"2026",0,1,1,0
"Y32","Y08",0.888888888888889,"YY","same","same","Y08_Y32",349.483288989641,2.41753717409619,0.0594617281194955,NA,-2.41675365854358,NA,"2026",0,1,1,0
"Y33","Y08",0.888888888888889,"YY","same","same","Y08_Y33",334.440422956388,2.24778609943991,0.100317989521188,NA,-2.24705759963162,NA,"2026",0,1,1,0
"Y34","Y08",0.666666666666667,"YY","same","same","Y08_Y34",256.053899664355,1.36323414384994,0.313214938740144,NA,-1.36279232431351,NA,"2026",1,1,2,1
"Y35","Y08",0.777777777777778,"YY","same","same","Y08_Y35",259.201466608652,1.39875283225452,0.304666180972092,NA,-1.39829950123233,NA,"2026",0,1,1,0
"Y10","Y09",0.5,"YY","same","same","Y09_Y10",3.18652228498648,-1.49024530353565,1,NA,1.48976232011556,NA,"2026",1,1,2,1
"Y11","Y09",0.777777777777778,"YY","same","same","Y09_Y11",83.2594907607467,-0.586662673760733,0.782522683907227,NA,0.586472538389101,NA,"2026",1,1,2,1
"Y12","Y09",0.8,"YY","same","same","Y09_Y12",109.56627038355,-0.28980407634683,0.711073755057496,NA,0.289710151834122,NA,"2026",1,1,2,1
"Y14","Y09",0.888888888888889,"YY","same","same","Y09_Y14",197.550057071078,0.703048104183216,0.472110742286523,NA,-0.702820248690541,NA,"2026",1,1,2,1
"Y16","Y09",0.6,"YY","same","same","Y09_Y16",174.271707670945,0.440363798003672,0.535334487415234,NA,-0.440221077598691,NA,"2026",0,1,1,0
"Y17","Y09",0.777777777777778,"YY","same","same","Y09_Y17",179.969827757754,0.504664178404458,0.519858454905854,NA,-0.5045006184655,NA,"2026",1,1,2,1
"Y18","Y09",0.8,"YY","same","same","Y09_Y18",197.547461868427,0.703018818644277,0.472117790828847,NA,-0.702790972642946,NA,"2026",1,1,2,1
"Y19","Y09",0.8,"YY","same","same","Y09_Y19",126.885063867289,-0.0943703206305929,0.664036099322917,NA,0.0943397355315458,NA,"2026",1,1,2,1
"Y20","Y09",0.5,"YY","same","same","Y09_Y20",141.040611352893,0.0653678165513391,0.625589785496986,NA,-0.0653466310649456,NA,"2026",1,1,2,1
"Y21","Y09",0.7,"YY","same","same","Y09_Y21",151.348195230473,0.181683646025667,0.597594499200389,NA,-0.18162476297566,NA,"2026",1,1,2,1
"Y22","Y09",0.8,"YY","same","same","Y09_Y22",160.06376271984,0.280034382134656,0.573923112190592,NA,-0.279943623946522,NA,"2026",0,1,1,0
"Y23","Y09",0.888888888888889,"YY","same","same","Y09_Y23",237.417178902353,1.15292825064944,0.363832070704192,NA,-1.1525545905357,NA,"2026",0,1,1,0
"Y24","Y09",0.777777777777778,"YY","same","same","Y09_Y24",253.722319324368,1.3369234483026,0.319547485718823,NA,-1.33649015597286,NA,"2026",0,1,1,0
"Y25","Y09",0.666666666666667,"YY","same","same","Y09_Y25",276.706582918816,1.5962891460836,0.257122474456719,NA,-1.59577179421583,NA,"2026",0,1,1,0
"Y26","Y09",0.6,"YY","same","same","Y09_Y26",288.82670979683,1.73305859932246,0.224204340980346,NA,-1.73249692094137,NA,"2026",1,1,2,1
"Y27","Y09",0.7,"YY","same","same","Y09_Y27",317.302496591546,2.05439333695827,0.146864412117593,NA,-2.05372751508469,NA,"2026",0,1,1,0
"Y28","Y09",0.4,"YY","same","same","Y09_Y28",327.189948990077,2.1659681968655,0.120010198372806,NA,-2.16526621396038,NA,"2026",0,1,1,0
"Y29","Y09",0.666666666666667,"YY","same","same","Y09_Y29",338.754499033522,2.29646824874734,0.0886010055684926,NA,-2.2957239712205,NA,"2026",1,1,2,1
"Y30","Y09",0.555555555555556,"YY","same","same","Y09_Y30",335.523931756613,2.26001294390101,0.0973751913419584,NA,-2.25928048141414,NA,"2026",0,1,1,0
"Y31","Y09",0.888888888888889,"YY","same","same","Y09_Y31",371.376501425625,2.66459091574829,0,NA,-2.66372733092063,NA,"2026",0,1,1,0
"Y32","Y09",0.7,"YY","same","same","Y09_Y32",360.525887003117,2.54214726339973,0.0294701513817222,NA,-2.54132336214218,NA,"2026",0,1,1,0
"Y33","Y09",0.7,"YY","same","same","Y09_Y33",346.365509467131,2.38235462156148,0.0679295835722364,NA,-2.38158250855415,NA,"2026",0,1,1,0
"Y34","Y09",0.5,"YY","same","same","Y09_Y34",266.922134673304,1.48587663553389,0.28369693003628,NA,-1.4853950679842,NA,"2026",1,1,2,1
"Y35","Y09",0.6,"YY","same","same","Y09_Y35",270.472888282397,1.52594507991482,0.274053121648608,NA,-1.52545052631898,NA,"2026",0,1,1,0
"Y11","Y10",0.625,"YY","same","same","Y10_Y11",81.4961806254239,-0.606560729740337,0.787311815157997,NA,0.606364145476628,NA,"2026",1,1,2,1
"Y12","Y10",0.666666666666667,"YY","same","same","Y10_Y12",106.614865799645,-0.323109172513731,0.719089737976948,NA,0.323004453932949,NA,"2026",1,1,2,1
"Y14","Y10",0.555555555555556,"YY","same","same","Y10_Y14",194.364994408337,0.667106295710501,0.480761338020212,NA,-0.666890088835365,NA,"2026",1,1,2,1
"Y16","Y10",0.857142857142857,"YY","same","same","Y10_Y16",171.15136681105,0.405152342082294,0.543809299432601,NA,-0.405021033590081,NA,"2026",0,1,1,0
"Y17","Y10",0.625,"YY","same","same","Y10_Y17",176.856443949189,0.469531229260784,0.528314371647075,NA,-0.469379055790814,NA,"2026",1,1,2,1
"Y18","Y10",0.666666666666667,"YY","same","same","Y10_Y18",194.438683725361,0.667937842087885,0.480561198632401,NA,-0.667721365711405,NA,"2026",1,1,2,1
"Y19","Y10",0.666666666666667,"YY","same","same","Y10_Y19",124.416188924728,-0.122230315778141,0.670741536956834,NA,0.122190701349689,NA,"2026",1,1,2,1
"Y20","Y10",0.5,"YY","same","same","Y10_Y20",138.628578294731,0.0381492530924628,0.632140841187833,NA,-0.0381368890496516,NA,"2026",1,1,2,1
"Y21","Y10",0.75,"YY","same","same","Y10_Y21",148.977014401735,0.154926079150249,0.60403460067809,NA,-0.154875868136404,NA,"2026",1,1,2,1
"Y22","Y10",0.666666666666667,"YY","same","same","Y10_Y22",157.79497461253,0.254432264922952,0.580085116144653,NA,-0.254349804293685,NA,"2026",0,1,1,0
"Y23","Y10",0.555555555555556,"YY","same","same","Y10_Y23",234.996502131715,1.12561214730165,0.370406602624609,NA,-1.12524734024384,NA,"2026",0,1,1,0
"Y24","Y10",0.625,"YY","same","same","Y10_Y24",251.270144964917,1.30925191072185,0.326207564749693,NA,-1.30882758664306,NA,"2026",0,1,1,0
"Y25","Y10",0.5,"YY","same","same","Y10_Y25",274.210306827188,1.56811994293734,0.263902333315058,NA,-1.56761172061223,NA,"2026",0,1,1,0
"Y26","Y10",0.444444444444444,"YY","same","same","Y10_Y26",286.336548781391,1.70495840169366,0.230967591357913,NA,-1.70440583049078,NA,"2026",1,1,2,1
"Y27","Y10",0.75,"YY","same","same","Y10_Y27",314.808226652802,2.02624677222462,0.153638822286402,NA,-2.02559007255667,NA,"2026",0,1,1,0
"Y28","Y10",0.375,"YY","same","same","Y10_Y28",324.690919885198,2.13776792736813,0.126797534385352,NA,-2.13707508407417,NA,"2026",0,1,1,0
"Y29","Y10",0.333333333333333,"YY","same","same","Y10_Y29",336.243346817201,2.26813117611745,0.0954212678205545,NA,-2.2673960825392,NA,"2026",1,1,2,1
"Y30","Y10",0.375,"YY","same","same","Y10_Y30",332.922356531627,2.23065549371403,0.104441041507297,NA,-2.22993254587663,NA,"2026",0,1,1,0
"Y31","Y10",0.555555555555556,"YY","same","same","Y10_Y31",368.878502586512,2.63640227227489,0.00678453782186794,NA,-2.63554782329044,NA,"2026",0,1,1,0
"Y32","Y10",0.75,"YY","same","same","Y10_Y32",358.159145420735,2.51543979115641,0.0358981959143465,NA,-2.51462454569952,NA,"2026",0,1,1,0
"Y33","Y10",0.555555555555556,"YY","same","same","Y10_Y33",344.278097916693,2.35879924633222,0.0735989707600949,NA,-2.35803476754166,NA,"2026",0,1,1,0
"Y34","Y10",0.5,"YY","same","same","Y10_Y34",264.520183855978,1.45877184502315,0.290220602470091,NA,-1.45829906204362,NA,"2026",1,1,2,1
"Y35","Y10",0.625,"YY","same","same","Y10_Y35",268.180225194768,1.50007354572117,0.280279969790919,NA,-1.49958737700131,NA,"2026",0,1,1,0
"Y12","Y11",0.6,"YY","same","same","Y11_Y12",61.2337785427488,-0.835211607907327,0.842344280001195,NA,0.834940918673866,NA,"2026",1,1,2,1
"Y14","Y11",0.875,"YY","same","same","Y11_Y14",167.750089904195,0.366770666086112,0.553047130714142,NA,-0.366651796964181,NA,"2026",1,1,2,1
"Y16","Y11",0.75,"YY","same","same","Y11_Y16",128.023839883225,-0.0815198138142305,0.660943195983738,NA,0.0814933935206133,NA,"2026",0,1,1,0
"Y17","Y11",1,"YY","same","same","Y11_Y17",132.319629988749,-0.0330440123746282,0.649275876532105,NA,0.0330333029229209,NA,"2026",1,1,2,1
"Y18","Y11",0.777777777777778,"YY","same","same","Y11_Y18",147.854923152904,0.142263851425134,0.607082188370319,NA,-0.142217744196108,NA,"2026",1,1,2,1
"Y19","Y11",0.777777777777778,"YY","same","same","Y11_Y19",52.8881125537929,-0.929388194151993,0.865011018537738,NA,0.92908698260814,NA,"2026",1,1,2,1
"Y20","Y11",0.444444444444444,"YY","same","same","Y11_Y20",64.4207202341133,-0.799248595554485,0.833688580846093,NA,0.798989561810668,NA,"2026",1,1,2,1
"Y21","Y11",0.666666666666667,"YY","same","same","Y11_Y21",73.3604731915446,-0.698368040723311,0.809408308530435,NA,0.698141702023241,NA,"2026",1,1,2,1
"Y22","Y11",0.777777777777778,"YY","same","same","Y11_Y22",80.0876990971056,-0.622454725773873,0.791137235750935,NA,0.62225299032026,NA,"2026",0,1,1,0
"Y23","Y11",0.875,"YY","same","same","Y11_Y23",158.562236404407,0.263090423110758,0.578001241418709,NA,-0.263005156401952,NA,"2026",0,1,1,0
"Y24","Y11",0.75,"YY","same","same","Y11_Y24",175.213469149699,0.450991096201695,0.532776673427598,NA,-0.450844931525614,NA,"2026",0,1,1,0
"Y25","Y11",0.625,"YY","same","same","Y11_Y25",198.738247947868,0.716456232513682,0.468883628719872,NA,-0.716224031492347,NA,"2026",0,1,1,0
"Y26","Y11",0.555555555555556,"YY","same","same","Y11_Y26",210.661307108791,0.851001877026034,0.436500729031099,NA,-0.850726070220208,NA,"2026",1,1,2,1
"Y27","Y11",0.666666666666667,"YY","same","same","Y11_Y27",239.02452139988,1.17106629134546,0.359466545870304,NA,-1.1706867527546,NA,"2026",0,1,1,0
"Y28","Y11",0.333333333333333,"YY","same","same","Y11_Y28",248.936202540713,1.28291456025827,0.33254652712355,NA,-1.28249877202494,NA,"2026",0,1,1,0
"Y29","Y11",0.625,"YY","same","same","Y11_Y29",260.641968121774,1.41500815749348,0.300753794446841,NA,-1.41454955817581,NA,"2026",1,1,2,1
"Y30","Y11",0.5,"YY","same","same","Y11_Y30",259.09715125344,1.39757568664868,0.304949500348288,NA,-1.39712273713536,NA,"2026",0,1,1,0
"Y31","Y11",0.875,"YY","same","same","Y11_Y31",292.908853191285,1.77912350654013,0.213117283684594,NA,-1.77854689867973,NA,"2026",0,1,1,0
"Y32","Y11",0.875,"YY","same","same","Y11_Y32",280.293582183435,1.63676660420989,0.247380223260771,NA,-1.636236133736,NA,"2026",0,1,1,0
"Y33","Y11",0.666666666666667,"YY","same","same","Y11_Y33",263.833258452033,1.45102024201939,0.29208628443555,NA,-1.45054997130796,NA,"2026",0,1,1,0
"Y34","Y11",0.444444444444444,"YY","same","same","Y11_Y34",187.543935636718,0.590134124701569,0.499287259848774,NA,-0.589942864244528,NA,"2026",1,1,2,1
"Y35","Y11",0.555555555555556,"YY","same","same","Y11_Y35",189.709100998291,0.614566912052271,0.49340669415107,NA,-0.614367733012183,NA,"2026",0,1,1,0
"Y14","Y12",0.7,"YY","same","same","Y12_Y14",106.523137449687,-0.32414428018187,0.71933887118305,NA,0.324039226126224,NA,"2026",1,1,2,1
"Y16","Y12",0.777777777777778,"YY","same","same","Y12_Y16",69.2468187394281,-0.744788534163041,0.820580949517889,NA,0.744547150739374,NA,"2026",0,1,1,0
"Y17","Y12",0.6,"YY","same","same","Y12_Y17",74.2536252799084,-0.688289274715816,0.806982517121205,NA,0.688066202509433,NA,"2026",1,1,2,1
"Y18","Y12",0.8,"YY","same","same","Y12_Y18",91.1247694087761,-0.497907013767306,0.761160672191462,NA,0.497745643802359,NA,"2026",1,1,2,1
"Y19","Y12",0.8,"YY","same","same","Y12_Y19",38.7860494514046,-1.08852278733452,0.903312069357488,NA,1.08817000081178,NA,"2026",1,1,2,1
"Y20","Y12",0.666666666666667,"YY","same","same","Y12_Y20",50.9506668511444,-0.951251281238308,0.870273100105439,NA,0.950942983942497,NA,"2026",1,1,2,1
"Y21","Y12",0.888888888888889,"YY","same","same","Y12_Y21",60.6871016502008,-0.84138057795563,0.843829048527009,NA,0.841107889380017,NA,"2026",1,1,2,1
"Y22","Y12",0.8,"YY","same","same","Y12_Y22",72.0372600119111,-0.713299826909907,0.813002141210841,NA,0.713068648868862,NA,"2026",0,1,1,0
"Y23","Y12",0.7,"YY","same","same","Y12_Y23",137.947856159201,0.0304676508104843,0.633989675143387,NA,-0.0304577763487733,NA,"2026",0,1,1,0
"Y24","Y12",0.777777777777778,"YY","same","same","Y12_Y24",152.940772485141,0.199655068483017,0.593269076606367,NA,-0.199590360956286,NA,"2026",0,1,1,0
"Y25","Y12",0.666666666666667,"YY","same","same","Y12_Y25",174.356891407405,0.441325053044783,0.53510312930859,NA,-0.441182021100322,NA,"2026",0,1,1,0
"Y26","Y12",0.6,"YY","same","same","Y12_Y26",186.452414678254,0.577816867119174,0.502251818963097,NA,-0.577629598643305,NA,"2026",1,1,2,1
"Y27","Y12",0.888888888888889,"YY","same","same","Y12_Y27",214.4976007014,0.894292494558807,0.426081397137378,NA,-0.894002657411491,NA,"2026",0,1,1,0
"Y28","Y12",0.555555555555556,"YY","same","same","Y12_Y28",224.181466688948,1.00356998560207,0.399780121882274,NA,-1.00324473199262,NA,"2026",0,1,1,0
"Y29","Y12",0.5,"YY","same","same","Y12_Y29",235.376841488001,1.12990408304853,0.369373605047723,NA,-1.12953788498898,NA,"2026",1,1,2,1
"Y30","Y12",0.555555555555556,"YY","same","same","Y12_Y30",230.268458049628,1.07225858009029,0.383247919200152,NA,-1.07191106474165,NA,"2026",0,1,1,0
"Y31","Y12",0.7,"YY","same","same","Y12_Y31",268.054686305585,1.49865690335377,0.280620932055767,NA,-1.49817119376287,NA,"2026",0,1,1,0
"Y32","Y12",0.7,"YY","same","same","Y12_Y32",260.309692196297,1.41125859306157,0.301656252265635,NA,-1.41080120896495,NA,"2026",0,1,1,0
"Y33","Y12",0.7,"YY","same","same","Y12_Y33",253.717964039067,1.33687430112821,0.319559314626582,NA,-1.3364410247269,NA,"2026",0,1,1,0
"Y34","Y12",0.666666666666667,"YY","same","same","Y12_Y34",167.199117983556,0.360553228835317,0.554543564489783,NA,-0.360436374763594,NA,"2026",1,1,2,1
"Y35","Y12",0.777777777777778,"YY","same","same","Y12_Y35",173.71331889417,0.434062665312324,0.536851065291903,NA,-0.433921987082957,NA,"2026",0,1,1,0
"Y16","Y14",0.666666666666667,"YY","same","same","Y14_Y16",48.9056514575261,-0.974328237450506,0.875827339790049,NA,0.974012460991896,NA,"2026",0,1,1,0
"Y17","Y14",0.875,"YY","same","same","Y14_Y17",48.9349811828033,-0.973997266452414,0.875747680573506,NA,0.973681597260376,NA,"2026",1,1,2,1
"Y18","Y14",0.7,"YY","same","same","Y14_Y18",49.1792477406261,-0.971240842869212,0.875084255245112,NA,0.970926067024655,NA,"2026",1,1,2,1
"Y19","Y14",0.7,"YY","same","same","Y14_Y19",130.353848540901,-0.0552268539005754,0.654614917677214,NA,0.0552089550655888,NA,"2026",1,1,2,1
"Y20","Y14",0.4,"YY","same","same","Y14_Y20",132.557342724923,-0.0303615453277444,0.648630251312407,NA,0.0303517052544577,NA,"2026",1,1,2,1
"Y21","Y14",0.6,"YY","same","same","Y14_Y21",135.514299030476,0.00300619918781546,0.640599189977019,NA,-0.00300522488891238,NA,"2026",1,1,2,1
"Y22","Y14",0.7,"YY","same","same","Y14_Y22",143.71011675504,0.0954918241582285,0.6183394377054,NA,-0.0954608755837137,NA,"2026",0,1,1,0
"Y23","Y14",0.777777777777778,"YY","same","same","Y14_Y23",160.380495697026,0.283608552318551,0.573062868851202,NA,-0.283516635754051,NA,"2026",0,1,1,0
"Y24","Y14",0.666666666666667,"YY","same","same","Y14_Y24",167.176368944251,0.360296517523728,0.554605350634421,NA,-0.360179746651264,NA,"2026",0,1,1,0
"Y25","Y14",0.555555555555556,"YY","same","same","Y14_Y25",178.251527234321,0.485274032950104,0.524525340537677,NA,-0.485116757291153,NA,"2026",0,1,1,0
"Y26","Y14",0.5,"YY","same","same","Y14_Y26",187.597604035161,0.59073974521901,0.499141497059225,NA,-0.590548288482425,NA,"2026",1,1,2,1
"Y27","Y14",0.6,"YY","same","same","Y14_Y27",209.067100024528,0.833012062772545,0.440830578224671,NA,-0.83274208640416,NA,"2026",0,1,1,0
"Y28","Y14",0.3,"YY","same","same","Y14_Y28",216.562061771091,0.917588885312507,0.42047434320693,NA,-0.917291497884405,NA,"2026",0,1,1,0
"Y29","Y14",0.555555555555556,"YY","same","same","Y14_Y29",224.898219738863,1.0116581783851,0.397833428353059,NA,-1.01133030341995,NA,"2026",1,1,2,1
"Y30","Y14",0.444444444444444,"YY","same","same","Y14_Y30",213.306582931489,0.880852466180563,0.429316188515162,NA,-0.880566984900604,NA,"2026",0,1,1,0
"Y31","Y14",0.777777777777778,"YY","same","same","Y14_Y31",253.880056430415,1.33870343113337,0.319119073445312,NA,-1.33826956191727,NA,"2026",0,1,1,0
"Y32","Y14",0.777777777777778,"YY","same","same","Y14_Y32",256.566271750838,1.36901600164965,0.311823341696468,NA,-1.36857230823283,NA,"2026",0,1,1,0
"Y33","Y14",0.6,"YY","same","same","Y14_Y33",268.559879470404,1.50435775068216,0.279248832885665,NA,-1.50387019346609,NA,"2026",0,1,1,0
"Y34","Y14",0.4,"YY","same","same","Y14_Y34",180.59261154102,0.51169197591686,0.51816698088823,NA,-0.511526138292697,NA,"2026",1,1,2,1
"Y35","Y14",0.5,"YY","same","same","Y14_Y35",192.987057103619,0.651556975669505,0.484503800832303,NA,-0.651345808275961,NA,"2026",0,1,1,0
"Y17","Y16",0.75,"YY","same","same","Y16_Y17",5.992222142825,-1.45858441092528,0.992379749540205,NA,1.4581116886925,NA,"2026",1,0,1,0
"Y18","Y16",0.777777777777778,"YY","same","same","Y16_Y18",23.4952639831573,-1.26107150643073,0.944841677262451,NA,1.26066279745664,NA,"2026",1,0,1,0
"Y19","Y16",0.777777777777778,"YY","same","same","Y16_Y19",84.4044963269146,-0.573741869645695,0.779412861177014,NA,0.573555921862608,NA,"2026",1,0,1,0
"Y20","Y16",0.625,"YY","same","same","Y16_Y20",84.7352586667454,-0.570009385256218,0.77851451424046,NA,0.569824647158591,NA,"2026",1,0,1,0
"Y21","Y16",0.875,"YY","same","same","Y16_Y21",86.925982562026,-0.545288182881816,0.772564531841717,NA,0.545111456841562,NA,"2026",1,0,1,0
"Y22","Y16",0.777777777777778,"YY","same","same","Y16_Y22",94.849043335831,-0.455880481055096,0.751045584497475,NA,0.45573273174606,NA,"2026",0,0,0,1
"Y23","Y16",0.666666666666667,"YY","same","same","Y16_Y23",119.038385552759,-0.182916085342528,0.685347592734129,NA,0.182856802863142,NA,"2026",0,0,0,1
"Y24","Y16",0.75,"YY","same","same","Y16_Y24",128.710906682395,-0.0737666152374551,0.659077129990381,NA,0.0737427077290529,NA,"2026",0,0,0,1
"Y25","Y16",0.625,"YY","same","same","Y16_Y25",143.962182625219,0.098336259005456,0.617654829529023,NA,-0.0983043885593087,NA,"2026",0,0,0,1
"Y26","Y16",0.555555555555556,"YY","same","same","Y16_Y26",154.75454767225,0.220122596846031,0.588342882820913,NA,-0.220051255863167,NA,"2026",1,0,1,0
"Y27","Y16",0.875,"YY","same","same","Y16_Y27",179.622042837746,0.500739602875428,0.520803034986007,NA,-0.500577314878012,NA,"2026",0,0,0,1
"Y28","Y16",0.5,"YY","same","same","Y16_Y28",188.256550984313,0.598175625623225,0.497351804274296,NA,-0.597981758943163,NA,"2026",0,0,0,1
"Y29","Y16",0.444444444444444,"YY","same","same","Y16_Y29",198.041913508695,0.708598453343901,0.470774865523217,NA,-0.708368799001994,NA,"2026",1,0,1,0
"Y30","Y16",0.5,"YY","same","same","Y16_Y30",188.997186538025,0.606533320286826,0.495340246123145,NA,-0.606336744906428,NA,"2026",0,0,0,1
"Y31","Y16",0.666666666666667,"YY","same","same","Y16_Y31",229.316542951838,1.06151670347755,0.38583331030724,NA,-1.06117266953447,NA,"2026",0,0,0,1
"Y32","Y16",0.875,"YY","same","same","Y16_Y32",227.656891621149,1.0427883842652,0.390340905366083,NA,-1.04245042010651,NA,"2026",0,0,0,1
"Y33","Y16",0.666666666666667,"YY","same","same","Y16_Y33",232.996143704703,1.10303912219244,0.375839554471047,NA,-1.10268163097508,NA,"2026",0,0,0,1
"Y34","Y16",0.625,"YY","same","same","Y16_Y34",143.030627237726,0.0878241313444655,0.620184923883212,NA,-0.0877956678430394,NA,"2026",1,0,1,0
"Y35","Y16",0.75,"YY","same","same","Y16_Y35",154.015756717986,0.211785717546876,0.590349431059918,NA,-0.211717078518158,NA,"2026",0,0,0,1
"Y18","Y17",0.777777777777778,"YY","same","same","Y17_Y18",17.6243216254362,-1.32732209805769,0.960787093189913,NA,1.32689191749282,NA,"2026",1,1,2,1
"Y19","Y17",0.777777777777778,"YY","same","same","Y17_Y19",87.4073196871283,-0.539856538800333,0.771257225417393,NA,0.5396815731374,NA,"2026",1,1,2,1
"Y20","Y17",0.444444444444444,"YY","same","same","Y17_Y20",86.8122893767583,-0.546571152519226,0.772873321302889,NA,0.546394010672888,NA,"2026",1,1,2,1
"Y21","Y17",0.666666666666667,"YY","same","same","Y17_Y21",88.3052189310341,-0.529724203562543,0.768818540785069,NA,0.529552521754902,NA,"2026",1,1,2,1
"Y22","Y17",0.777777777777778,"YY","same","same","Y17_Y22",95.6862716511469,-0.446432786317711,0.748771681450819,NA,0.446288098974317,NA,"2026",0,1,1,0
"Y23","Y17",0.875,"YY","same","same","Y17_Y23",115.715362104368,-0.220414710951862,0.694372888469083,NA,0.220343275295813,NA,"2026",0,1,1,0
"Y24","Y17",0.75,"YY","same","same","Y17_Y24",124.845185377179,-0.117389309505381,0.669576387233172,NA,0.117351264030551,NA,"2026",0,1,1,0
"Y25","Y17",0.625,"YY","same","same","Y17_Y25",139.50704030591,0.0480622490676131,0.629754947869309,NA,-0.0480466722566166,NA,"2026",0,1,1,0
"Y26","Y17",0.555555555555556,"YY","same","same","Y17_Y26",150.146499309171,0.168123120152455,0.600858292321829,NA,-0.168068632022633,NA,"2026",1,1,2,1
"Y27","Y17",0.666666666666667,"YY","same","same","Y17_Y27",174.701386080357,0.445212499813083,0.534167485503845,NA,-0.445068207960383,NA,"2026",0,1,1,0
"Y28","Y17",0.333333333333333,"YY","same","same","Y17_Y28",183.244350156724,0.541615494395877,0.510964887496406,NA,-0.541439958661435,NA,"2026",0,1,1,0
"Y29","Y17",0.625,"YY","same","same","Y17_Y29",192.919573904165,0.650795462165141,0.484687084471939,NA,-0.650584541575527,NA,"2026",1,1,2,1
"Y30","Y17",0.5,"YY","same","same","Y17_Y30",183.667892438977,0.546394953138367,0.509814551239996,NA,-0.546217868397648,NA,"2026",0,1,1,0
"Y31","Y17",0.875,"YY","same","same","Y17_Y31",224.054772789159,1.00214030952877,0.400124221143435,NA,-1.00181551927246,NA,"2026",0,1,1,0
"Y32","Y17",0.875,"YY","same","same","Y17_Y32",222.753335505828,0.987454253231062,0.403658910725071,NA,-0.987134222675507,NA,"2026",0,1,1,0
"Y33","Y17",0.666666666666667,"YY","same","same","Y17_Y33",228.866425125596,1.05643735326877,0.387055825453613,NA,-1.05609496552578,NA,"2026",0,1,1,0
"Y34","Y17",0.444444444444444,"YY","same","same","Y17_Y34",139.051997338753,0.0429273211543435,0.630990839645124,NA,-0.0429134085559703,NA,"2026",1,1,2,1
"Y35","Y17",0.555555555555556,"YY","same","same","Y17_Y35",150.306103483131,0.169924171892831,0.600424809112066,NA,-0.169869100048283,NA,"2026",0,1,1,0
"Y19","Y18",1,"YY","same","same","Y18_Y19",100.671693358894,-0.390174843806348,0.735231330028481,NA,0.390048389470242,NA,"2026",1,1,2,1
"Y20","Y18",0.666666666666667,"YY","same","same","Y18_Y20",98.1027054419186,-0.419164562834734,0.742208673417815,NA,0.419028713029566,NA,"2026",1,1,2,1
"Y21","Y18",0.888888888888889,"YY","same","same","Y18_Y21",97.9627634961232,-0.420743736353645,0.742588754228602,NA,0.420607374743726,NA,"2026",1,1,2,1
"Y22","Y18",1,"YY","same","same","Y18_Y22",103.891850294434,-0.353837014355409,0.726485418629547,NA,0.353722336985891,NA,"2026",0,1,1,0
"Y23","Y18",0.888888888888889,"YY","same","same","Y18_Y23",111.203406555188,-0.271329829226637,0.706627310927051,NA,0.271241892154411,NA,"2026",0,1,1,0
"Y24","Y18",0.777777777777778,"YY","same","same","Y18_Y24",118.251321779322,-0.191797698797614,0.687485249427758,NA,0.191735537817599,NA,"2026",0,1,1,0
"Y25","Y18",0.666666666666667,"YY","same","same","Y18_Y25",130.511738050822,-0.0534451512697771,0.65418609147643,NA,0.0534278298785361,NA,"2026",0,1,1,0
"Y26","Y18",0.777777777777778,"YY","same","same","Y18_Y26",140.464116365948,0.0588623645083938,0.627155539644587,NA,-0.0588432874168189,NA,"2026",1,1,2,1
"Y27","Y18",0.888888888888889,"YY","same","same","Y18_Y27",163.608817927129,0.320038522956151,0.564294780600571,NA,-0.319934799562419,NA,"2026",0,1,1,0
"Y28","Y18",0.555555555555556,"YY","same","same","Y18_Y28",171.733069586266,0.41171656136106,0.542229400988398,NA,-0.411583125427767,NA,"2026",0,1,1,0
"Y29","Y18",0.666666666666667,"YY","same","same","Y18_Y29",180.904466736067,0.515211102815907,0.517319985552358,NA,-0.515044124654719,NA,"2026",1,1,2,1
"Y30","Y18",0.555555555555556,"YY","same","same","Y18_Y30",170.755844103395,0.400689069955353,0.544883534827542,NA,-0.400559207994414,NA,"2026",0,1,1,0
"Y31","Y18",0.888888888888889,"YY","same","same","Y18_Y31",211.3540599535,0.858819239728105,0.43461921979957,NA,-0.85854089934169,NA,"2026",0,1,1,0
"Y32","Y18",0.888888888888889,"YY","same","same","Y18_Y32",211.580078168749,0.861369740067974,0.434005356772183,NA,-0.861090573073098,NA,"2026",0,1,1,0
"Y33","Y18",0.888888888888889,"YY","same","same","Y18_Y33",220.675146909456,0.964002954336769,0.409303248469468,NA,-0.9636905242672,NA,"2026",0,1,1,0
"Y34","Y18",0.666666666666667,"YY","same","same","Y18_Y34",131.893276406658,-0.0378551952026621,0.650433848248464,NA,0.0378429264630097,NA,"2026",1,1,2,1
"Y35","Y18",0.777777777777778,"YY","same","same","Y18_Y35",144.040283726742,0.0992175901218847,0.617442707782241,NA,-0.0991854340393283,NA,"2026",0,1,1,0
"Y20","Y19",0.666666666666667,"YY","same","same","Y19_Y20",14.6534020432518,-1.36084741103185,0.968856078633565,NA,1.36040636502739,NA,"2026",1,1,2,1
"Y21","Y19",0.888888888888889,"YY","same","same","Y19_Y21",25.3535805186746,-1.24010135165714,0.939794509656601,NA,1.23969943903869,NA,"2026",1,1,2,1
"Y22","Y19",1,"YY","same","same","Y19_Y22",35.833006927789,-1.12184636681608,0.911332500903474,NA,1.12148278023488,NA,"2026",0,1,1,0
"Y23","Y19",0.888888888888889,"YY","same","same","Y19_Y23",110.632794693808,-0.277768893196681,0.708177086569267,NA,0.277678869245783,NA,"2026",0,1,1,0
"Y24","Y19",0.777777777777778,"YY","same","same","Y19_Y24",126.856161941461,-0.0946964641299871,0.664114596640785,NA,0.0946657733289443,NA,"2026",0,1,1,0
"Y25","Y19",0.666666666666667,"YY","same","same","Y19_Y25",149.831710095313,0.164570884346825,0.60171325642105,NA,-0.164517547484512,NA,"2026",0,1,1,0
"Y26","Y19",0.777777777777778,"YY","same","same","Y19_Y26",161.945865992568,0.301272958111694,0.56881134006382,NA,-0.301175316573524,NA,"2026",1,1,2,1
"Y27","Y19",0.888888888888889,"YY","same","same","Y19_Y27",190.423960598111,0.622633738216223,0.491465143211827,NA,-0.622431944745289,NA,"2026",0,1,1,0
"Y28","Y19",0.555555555555556,"YY","same","same","Y19_Y28",200.315577163347,0.734255588621913,0.464599619635321,NA,-0.734017618889972,NA,"2026",0,1,1,0
"Y29","Y19",0.666666666666667,"YY","same","same","Y19_Y29",211.896012096133,0.864934893382189,0.433147283643411,NA,-0.864654570933284,NA,"2026",1,1,2,1
"Y30","Y19",0.555555555555556,"YY","same","same","Y19_Y30",209.050945042202,0.832829762032456,0.440874454981892,NA,-0.83255984474712,NA,"2026",0,1,1,0
"Y31","Y19",0.888888888888889,"YY","same","same","Y19_Y31",244.499732271284,1.23285125488472,0.344595932378369,NA,-1.23245169199791,NA,"2026",0,1,1,0
"Y32","Y19",0.888888888888889,"YY","same","same","Y19_Y32",233.928644672327,1.11356192024318,0.373306891931452,NA,-1.11320101862286,NA,"2026",0,1,1,0
"Y33","Y19",0.888888888888889,"YY","same","same","Y19_Y33",222.572775372353,0.985416724170456,0.40414931009416,NA,-0.98509735397112,NA,"2026",0,1,1,0
"Y34","Y19",0.666666666666667,"YY","same","same","Y19_Y34",140.199140298641,0.0558722446679215,0.62787521177669,NA,-0.0558541366639886,NA,"2026",1,1,2,1
"Y35","Y19",0.777777777777778,"YY","same","same","Y19_Y35",144.492913920406,0.104325291116257,0.616213369073132,NA,-0.10429147964523,NA,"2026",0,1,1,0
"Y21","Y20",0.75,"YY","same","same","Y20_Y21",10.704062791707,-1.40541369119748,0.979582441313947,NA,1.40495820141362,NA,"2026",1,1,2,1
"Y22","Y20",0.666666666666667,"YY","same","same","Y20_Y22",21.5003002328518,-1.28358365536339,0.950259977225317,NA,1.28316765027861,NA,"2026",0,1,1,0
"Y23","Y20",0.555555555555556,"YY","same","same","Y20_Y23",96.3767864642778,-0.438640678661102,0.746896250688845,NA,0.438498516713223,NA,"2026",0,1,1,0
"Y24","Y20",0.625,"YY","same","same","Y20_Y24",112.722883020049,-0.254183311917046,0.702500429287287,NA,0.254100931972599,NA,"2026",0,1,1,0
"Y25","Y20",0.714285714285714,"YY","same","same","Y20_Y25",135.869542635104,0.00701494217050562,0.639634352190133,NA,-0.00701266865167411,NA,"2026",0,1,1,0
"Y26","Y20",0.857142857142857,"YY","same","same","Y20_Y26",147.949254615169,0.143328333888648,0.606825985139353,NA,-0.143281881664486,NA,"2026",1,1,2,1
"Y27","Y20",0.75,"YY","same","same","Y20_Y27",176.427862213187,0.464694902851743,0.529478395005347,NA,-0.464544296818667,NA,"2026",0,1,1,0
"Y28","Y20",0.833333333333333,"YY","same","same","Y20_Y28",186.33265127462,0.576465398161959,0.502577095071681,NA,-0.57627856769257,NA,"2026",0,1,1,0
"Y29","Y20",0.5,"YY","same","same","Y20_Y29",197.952948928165,0.707594533404853,0.471016492361451,NA,-0.707365204429975,NA,"2026",1,1,2,1
"Y30","Y20",0.571428571428571,"YY","same","same","Y20_Y30",195.507538782113,0.679999326524056,0.47765819986191,NA,-0.679778941061608,NA,"2026",0,1,1,0
"Y31","Y20",0.555555555555556,"YY","same","same","Y20_Y31",230.496463781235,1.07483150853907,0.382628658099838,NA,-1.07448315931309,NA,"2026",0,1,1,0
"Y32","Y20",0.555555555555556,"YY","same","same","Y20_Y32",219.563170650188,0.951454869112468,0.412323363959475,NA,-0.951146505834522,NA,"2026",0,1,1,0
"Y33","Y20",0.75,"YY","same","same","Y20_Y33",207.919380612694,0.820060634292626,0.443947771730351,NA,-0.819794855438039,NA,"2026",0,1,1,0
"Y34","Y20",1,"YY","same","same","Y20_Y34",125.891851444271,-0.105578216506055,0.666733653518541,NA,0.105543998966181,NA,"2026",1,1,2,1
"Y35","Y20",0.857142857142857,"YY","same","same","Y20_Y35",129.942029032764,-0.0598740271131831,0.655733415005951,NA,0.0598546221452083,NA,"2026",0,1,1,0
"Y22","Y21",0.888888888888889,"YY","same","same","Y21_Y22",11.3721979104444,-1.39787412698342,0.977767793559826,NA,1.3974210807466,NA,"2026",0,1,1,0
"Y23","Y21",0.777777777777778,"YY","same","same","Y21_Y23",86.1599215766347,-0.553932790580573,0.774645145190237,NA,0.553753262852448,NA,"2026",0,1,1,0
"Y24","Y21",0.875,"YY","same","same","Y21_Y24",102.61499336682,-0.368245693869385,0.729953348230984,NA,0.36812634669598,NA,"2026",0,1,1,0
"Y25","Y21",0.75,"YY","same","same","Y21_Y25",125.907237894622,-0.10540458825753,0.666691864085851,NA,0.105370426989979,NA,"2026",0,1,1,0
"Y26","Y21",0.666666666666667,"YY","same","same","Y21_Y26",137.944185649848,0.0304262309835808,0.63399964420708,NA,-0.0304163699458943,NA,"2026",1,1,2,1
"Y27","Y21",1,"YY","same","same","Y21_Y27",166.406084143312,0.351604246219733,0.55669743582027,NA,-0.351490292482752,NA,"2026",0,1,1,0
"Y28","Y21",0.625,"YY","same","same","Y21_Y28",176.318312808769,0.463458693668814,0.529775930002561,NA,-0.463308488286918,NA,"2026",0,1,1,0
"Y29","Y21",0.555555555555556,"YY","same","same","Y21_Y29",187.969991863042,0.594941952021347,0.498130095747464,NA,-0.59474913336387,NA,"2026",1,1,2,1
"Y30","Y21",0.625,"YY","same","same","Y21_Y30",185.884888622233,0.571412624889528,0.503793213591343,NA,-0.571227432006723,NA,"2026",0,1,1,0
"Y31","Y21",0.777777777777778,"YY","same","same","Y21_Y31",220.447799600312,0.961437455849839,0.409920721301495,NA,-0.96112585724958,NA,"2026",0,1,1,0
"Y32","Y21",0.777777777777778,"YY","same","same","Y21_Y32",209.182672011563,0.834316233730135,0.440516685958223,NA,-0.834045834684391,NA,"2026",0,1,1,0
"Y33","Y21",0.777777777777778,"YY","same","same","Y21_Y33",197.221997255442,0.699346116401588,0.473001749196602,NA,-0.699119460710527,NA,"2026",0,1,1,0
"Y34","Y21",0.75,"YY","same","same","Y21_Y34",115.596827741624,-0.221752310809174,0.694694826515907,NA,0.221680441641573,NA,"2026",1,1,2,1
"Y35","Y21",0.875,"YY","same","same","Y21_Y35",119.387384748567,-0.178977807330102,0.68439971469404,NA,0.178919801233187,NA,"2026",0,1,1,0
"Y23","Y22",0.888888888888889,"YY","same","same","Y22_Y23",78.4745911099191,-0.640657827081579,0.795518419592363,NA,0.640450192064917,NA,"2026",0,0,0,1
"Y24","Y22",0.777777777777778,"YY","same","same","Y22_Y24",95.1324834858493,-0.45268200345382,0.750275764116486,NA,0.452535290760467,NA,"2026",0,0,0,1
"Y25","Y22",0.666666666666667,"YY","same","same","Y22_Y25",118.689591194882,-0.186852051863324,0.686294914436613,NA,0.186791493750613,NA,"2026",0,0,0,1
"Y26","Y22",0.777777777777778,"YY","same","same","Y22_Y26",130.583861545367,-0.0526312744008445,0.653990204845531,NA,0.0526142167843209,NA,"2026",1,0,1,0
"Y27","Y22",0.888888888888889,"YY","same","same","Y22_Y27",158.936892654696,0.267318227903577,0.576983679096229,NA,-0.267231590977657,NA,"2026",0,0,0,1
"Y28","Y22",0.555555555555556,"YY","same","same","Y22_Y28",168.848503443795,0.379165702932941,0.550063851424022,NA,-0.379042816621844,NA,"2026",0,0,0,1
"Y29","Y22",0.666666666666667,"YY","same","same","Y22_Y29",180.55493203559,0.511266781906282,0.518269318017334,NA,-0.511101082086048,NA,"2026",1,0,1,0
"Y30","Y22",0.555555555555556,"YY","same","same","Y22_Y30",179.260556775711,0.496660416943168,0.521784827219675,NA,-0.496499450996001,NA,"2026",0,0,0,1
"Y31","Y22",0.888888888888889,"YY","same","same","Y22_Y31",212.835474851356,0.875536251657013,0.430595712964014,NA,-0.875252493344049,NA,"2026",0,0,0,1
"Y32","Y22",0.888888888888889,"YY","same","same","Y22_Y32",200.701078113087,0.738605770319648,0.463552603226457,NA,-0.738366390708656,NA,"2026",0,0,0,1
"Y33","Y22",0.888888888888889,"YY","same","same","Y22_Y33",187.289007823665,0.587257394287968,0.499979641031034,NA,-0.587067066169442,NA,"2026",0,0,0,1
"Y34","Y22",0.666666666666667,"YY","same","same","Y22_Y34",107.537452061618,-0.312698256861968,0.716584003670637,NA,0.312596912423441,NA,"2026",1,0,1,0
"Y35","Y22",0.777777777777778,"YY","same","same","Y22_Y35",110.421096223915,-0.280157802510102,0.708752057323189,NA,0.280067004321844,NA,"2026",0,0,0,1
"Y24","Y23",0.875,"YY","same","same","Y23_Y24",16.7146219467261,-1.33758759518664,0.963257827675499,NA,1.33715408760916,NA,"2026",0,0,0,1
"Y25","Y23",0.75,"YY","same","same","Y23_Y25",40.3885983431382,-1.07043884003621,0.898959563905074,NA,1.0700919144591,NA,"2026",0,0,0,1
"Y26","Y23",0.666666666666667,"YY","same","same","Y23_Y26",52.1435586640218,-0.937790105240529,0.867033218847232,NA,0.937486170665948,NA,"2026",1,0,1,0
"Y27","Y23",0.777777777777778,"YY","same","same","Y23_Y27",80.4623015829603,-0.618227527685279,0.790119819452075,NA,0.618027162252149,NA,"2026",0,0,0,1
"Y28","Y23",0.444444444444444,"YY","same","same","Y23_Y28",90.3741107175012,-0.506377814428717,0.763199453075795,NA,0.506213699106167,NA,"2026",0,0,0,1
"Y29","Y23",0.75,"YY","same","same","Y23_Y29",102.081070019687,-0.374270746659157,0.731403478265426,NA,0.374149446786692,NA,"2026",1,0,1,0
"Y30","Y23",0.625,"YY","same","same","Y23_Y30",101.395273321514,-0.38200961279366,0.733266094678219,NA,0.381885804781076,NA,"2026",0,0,0,1
"Y31","Y23",1,"YY","same","same","Y23_Y31",134.396182882977,-0.00961117154518729,0.643635981337035,NA,0.0096080565972702,NA,"2026",0,0,0,1
"Y32","Y23",0.777777777777778,"YY","same","same","Y23_Y32",123.362937618512,-0.134115719843976,0.673602156109683,NA,0.134072253396604,NA,"2026",0,0,0,1
"Y33","Y23",0.777777777777778,"YY","same","same","Y23_Y33",117.055126430922,-0.205296153509697,0.690734103052706,NA,0.205229617726549,NA,"2026",0,0,0,1
"Y34","Y23",0.555555555555556,"YY","same","same","Y23_Y34",29.6003708280556,-1.19217848793798,0.928260273121176,NA,1.19179210695621,NA,"2026",1,0,1,0
"Y35","Y23",0.666666666666667,"YY","same","same","Y23_Y35",36.3841741410929,-1.11562672578711,0.909835536715067,NA,1.11526515497036,NA,"2026",0,0,0,1
"Y25","Y24",0.857142857142857,"YY","same","same","Y24_Y25",23.6817621633136,-1.25896696954042,0.944335150222819,NA,1.25855894263956,NA,"2026",0,0,0,1
"Y26","Y24",0.555555555555556,"YY","same","same","Y24_Y26",35.4527054022,-1.12613787566282,0.912365395732596,NA,1.12577289821825,NA,"2026",1,0,1,0
"Y27","Y24",0.875,"YY","same","same","Y24_Y27",63.8345337245342,-0.805863411489834,0.83528065706432,NA,0.805602233906733,NA,"2026",0,0,0,1
"Y28","Y24",0.5,"YY","same","same","Y24_Y28",73.7496448714498,-0.693976436706917,0.808351322458153,NA,0.693751521310731,NA,"2026",0,0,0,1
"Y29","Y24",0.625,"YY","same","same","Y24_Y29",85.438620953863,-0.562072300405035,0.776604189878132,NA,0.561890134689537,NA,"2026",1,0,1,0
"Y30","Y24",0.714285714285714,"YY","same","same","Y24_Y30",84.7372939202067,-0.569986418458436,0.778508986514078,NA,0.56980168780427,NA,"2026",0,0,0,1
"Y31","Y24",0.875,"YY","same","same","Y24_Y31",117.838854427605,-0.196452182594768,0.68860550629265,NA,0.19638851311243,NA,"2026",0,0,0,1
"Y32","Y24",0.666666666666667,"YY","same","same","Y24_Y32",107.557616282818,-0.312470713905009,0.716529237864008,NA,0.312369443212378,NA,"2026",0,0,0,1
"Y33","Y24",0.666666666666667,"YY","same","same","Y24_Y33",104.652777385088,-0.345250340041609,0.72441874888359,NA,0.345138445583949,NA,"2026",0,0,0,1
"Y34","Y24",0.625,"YY","same","same","Y24_Y34",14.6494054762193,-1.36089251025345,0.968866933266388,NA,1.36045144963248,NA,"2026",1,0,1,0
"Y35","Y24",0.75,"YY","same","same","Y24_Y35",25.8120933502453,-1.23492726809283,0.938549193766579,NA,1.23452703237722,NA,"2026",0,0,0,1
"Y26","Y25",0.625,"YY","same","same","Y25_Y26",12.1542452083377,-1.38904912189755,0.975643761559502,NA,1.38859893581479,NA,"2026",1,0,1,0
"Y27","Y25",0.75,"YY","same","same","Y25_Y27",40.5982444083589,-1.06807309106324,0.898390167460038,NA,1.06772693221731,NA,"2026",0,0,0,1
"Y28","Y25",0.571428571428571,"YY","same","same","Y25_Y28",50.4839859432933,-0.956517537379535,0.871540600402271,NA,0.956207533308072,NA,"2026",0,0,0,1
"Y29","Y25",0.5,"YY","same","same","Y25_Y29",62.0834625606527,-0.825623356915887,0.840036547401065,NA,0.825355775201869,NA,"2026",1,0,1,0
"Y30","Y25",0.833333333333333,"YY","same","same","Y25_Y30",61.0969778996408,-0.836755333426781,0.842715829067868,NA,0.836484143877145,NA,"2026",0,0,0,1
"Y31","Y25",0.75,"YY","same","same","Y25_Y31",94.6699197842687,-0.457901799021149,0.75153208212563,NA,0.457753394609855,NA,"2026",0,0,0,1
"Y32","Y25",0.555555555555556,"YY","same","same","Y25_Y32",86.1899477627952,-0.553593960376454,0.77456359439347,NA,0.553414542462042,NA,"2026",0,0,0,1
"Y33","Y25",0.75,"YY","same","same","Y25_Y33",90.3087529284441,-0.507115343760234,0.763376964123786,NA,0.506950989406943,NA,"2026",0,0,0,1
"Y34","Y25",0.714285714285714,"YY","same","same","Y25_Y34",15.8631874471257,-1.34719559947167,0.965570314564979,NA,1.34675897797277,NA,"2026",1,0,1,0
"Y35","Y25",0.625,"YY","same","same","Y25_Y35",27.1203865008914,-1.22016384682745,0.934995883723487,NA,1.21976839588631,NA,"2026",0,0,0,1
"Y27","Y26",0.666666666666667,"YY","same","same","Y26_Y27",28.4807202059758,-1.20481317443438,0.931301232097553,NA,1.20442269859381,NA,"2026",0,1,1,0
"Y28","Y26",0.714285714285714,"YY","same","same","Y26_Y28",38.383441993105,-1.09306600726083,0.90440554685853,NA,1.092711748296,NA,"2026",0,1,1,0
"Y29","Y26",0.625,"YY","same","same","Y26_Y29",50.0272489253522,-0.96167158179231,0.872781093201687,NA,0.961359907312631,NA,"2026",1,1,2,1
"Y30","Y26",0.5,"YY","same","same","Y26_Y30",50.0080975074456,-0.961887695780406,0.872833108245527,NA,0.961575951258921,NA,"2026",0,1,1,0
"Y31","Y26",0.666666666666667,"YY","same","same","Y26_Y31",82.5563225964166,-0.594597568035219,0.784432481034165,NA,0.594404860991417,NA,"2026",0,1,1,0
"Y32","Y26",0.666666666666667,"YY","same","same","Y26_Y32",74.2963182038554,-0.687807506833007,0.806866563601648,NA,0.687584590765952,NA,"2026",0,1,1,0
"Y33","Y26",0.875,"YY","same","same","Y26_Y33",81.4902955315211,-0.606627140024936,0.787327799009367,NA,0.606430534237881,NA,"2026",0,1,1,0
"Y34","Y26",0.857142857142857,"YY","same","same","Y26_Y34",24.9107250974147,-1.24509874932791,0.940997300189612,NA,1.24469521706992,NA,"2026",1,1,2,1
"Y35","Y26",0.75,"YY","same","same","Y26_Y35",31.8805695193165,-1.16644760810326,0.922067278144554,NA,1.16606956641188,NA,"2026",0,1,1,0
"Y28","Y27",0.625,"YY","same","same","Y27_Y28",9.91517549221,-1.41431588221456,0.981725050684627,NA,1.41385750726095,NA,"2026",0,0,0,1
"Y29","Y27",0.555555555555556,"YY","same","same","Y27_Y29",21.6251068413815,-1.28217527640985,0.949921003826799,NA,1.28175972777589,NA,"2026",1,0,1,0
"Y30","Y27",0.625,"YY","same","same","Y27_Y30",25.7423980187892,-1.23571374437913,0.938738485532799,NA,1.23531325376924,NA,"2026",0,0,0,1
"Y31","Y27",0.777777777777778,"YY","same","same","Y27_Y31",54.076200656726,-0.915981225572108,0.861784184103769,NA,0.915684359181044,NA,"2026",0,0,0,1
"Y32","Y27",0.777777777777778,"YY","same","same","Y27_Y32",48.0554788849806,-0.983922001532022,0.878136399299299,NA,0.983603115767194,NA,"2026",0,0,0,1
"Y33","Y27",0.777777777777778,"YY","same","same","Y27_Y33",67.6252655412385,-0.763086935371729,0.824985070461034,NA,0.762839621498641,NA,"2026",0,0,0,1
"Y34","Y27",0.75,"YY","same","same","Y27_Y34",52.0165258757214,-0.939223605497921,0.867378238525923,NA,0.938919206330795,NA,"2026",1,0,1,0
"Y35","Y27",0.875,"YY","same","same","Y27_Y35",54.4772969391472,-0.911455058495229,0.860694810940064,NA,0.911159659019476,NA,"2026",0,0,0,1
"Y29","Y28",0.571428571428571,"YY","same","same","Y28_Y29",11.7374763615281,-1.39375214587402,0.97677570123853,NA,1.39330043555722,NA,"2026",1,0,1,0
"Y30","Y28",0.666666666666667,"YY","same","same","Y28_Y30",19.5668623543673,-1.30540151619712,0.955511173585949,NA,1.30497844001806,NA,"2026",0,0,0,1
"Y31","Y28",0.444444444444444,"YY","same","same","Y28_Y31",44.1876170976016,-1.02756885004999,0.888641470068489,NA,1.02723581849043,NA,"2026",0,0,0,1
"Y32","Y28",0.444444444444444,"YY","same","same","Y28_Y32",40.0048687030892,-1.07476903340706,0.900001769455982,NA,1.07442070442905,NA,"2026",0,0,0,1
"Y33","Y28",0.625,"YY","same","same","Y28_Y33",65.6398193043197,-0.785491684017645,0.83037752096051,NA,0.785237108841937,NA,"2026",0,0,0,1
"Y34","Y28",0.833333333333333,"YY","same","same","Y28_Y34",61.8327542680716,-0.828452472191978,0.840717468411372,NA,0.828183973571349,NA,"2026",1,0,1,0
"Y35","Y28",0.714285714285714,"YY","same","same","Y28_Y35",63.6775013495332,-0.807635441789998,0.835707155295933,NA,0.807373689897922,NA,"2026",0,0,0,1
"Y30","Y29",0.571428571428571,"YY","same","same","Y29_Y30",16.3045695818448,-1.34221482708847,0.964371525462274,NA,1.34177981984091,NA,"2026",0,1,1,0
"Y31","Y29",0.75,"YY","same","same","Y29_Y31",32.7139289281493,-1.15704357200325,0.91980388300605,NA,1.1566685781279,NA,"2026",0,1,1,0
"Y32","Y29",0.555555555555556,"YY","same","same","Y29_Y32",32.8572963239462,-1.15542574402729,0.919414498710118,NA,1.15505127448447,NA,"2026",0,1,1,0
"Y33","Y29",0.555555555555556,"YY","same","same","Y29_Y33",66.3701528711579,-0.777250242024193,0.828393942894255,NA,0.776998337871725,NA,"2026",0,1,1,0
"Y34","Y29",0.5,"YY","same","same","Y29_Y34",73.5662652479423,-0.696045782275219,0.808849379531666,NA,0.695820196211192,NA,"2026",1,1,2,1
"Y35","Y29",0.625,"YY","same","same","Y29_Y35",75.1046120101463,-0.67868632327978,0.80467124636847,NA,0.678466363357206,NA,"2026",0,1,1,0
"Y31","Y30",0.625,"YY","same","same","Y30_Y31",40.6564638908971,-1.06741611388183,0.898232043975325,NA,1.06707016795997,NA,"2026",0,0,0,1
"Y32","Y30",0.444444444444444,"YY","same","same","Y30_Y32",47.988773886691,-0.984674733432949,0.878317569352991,NA,0.98435560371028,NA,"2026",0,0,0,1
"Y33","Y30",0.625,"YY","same","same","Y30_Y33",82.3999176632707,-0.596362517973905,0.784857275140487,NA,0.596169238915847,NA,"2026",0,0,0,1
"Y34","Y30",0.571428571428571,"YY","same","same","Y30_Y34",74.8660623911241,-0.68137823412299,0.805319144552932,NA,0.681157401761292,NA,"2026",1,0,1,0
"Y35","Y30",0.5,"YY","same","same","Y30_Y35",79.3162749543945,-0.631159853968962,0.793232415376713,NA,0.630955297212992,NA,"2026",0,0,0,1
"Y32","Y31",0.777777777777778,"YY","same","same","Y31_Y32",25.6482303269697,-1.23677637877666,0.938994243965006,NA,1.23637554377058,NA,"2026",0,0,0,1
"Y33","Y31",0.777777777777778,"YY","same","same","Y31_Y33",71.1105539067227,-0.723757232892152,0.815519064966754,NA,0.723522665641496,NA,"2026",0,0,0,1
"Y34","Y31",0.555555555555556,"YY","same","same","Y31_Y34",105.449127560295,-0.336263934276562,0.722255870423222,NA,0.33615495228236,NA,"2026",1,0,1,0
"Y35","Y31",0.666666666666667,"YY","same","same","Y31_Y35",105.430566516736,-0.336473386191108,0.722306282016722,NA,0.336364336314256,NA,"2026",0,0,0,1
"Y33","Y32",0.777777777777778,"YY","same","same","Y32_Y33",45.4685496758048,-1.0131141788968,0.885162471044146,NA,1.01278583204685,NA,"2026",0,0,0,1
"Y34","Y32",0.555555555555556,"YY","same","same","Y32_Y34",93.7632727913507,-0.468132848147127,0.753994525549631,NA,0.467981127887706,NA,"2026",1,0,1,0
"Y35","Y32",0.666666666666667,"YY","same","same","Y32_Y35",90.6387068077998,-0.503391982435084,0.762480812957136,NA,0.503228834810499,NA,"2026",0,0,0,1
"Y34","Y33",0.75,"YY","same","same","Y33_Y34",90.1088559149213,-0.509371079654648,0.763919882249883,NA,0.509205994225048,NA,"2026",1,0,1,0
"Y35","Y33",0.666666666666667,"YY","same","same","Y33_Y35",80.6718890706736,-0.61586243972962,0.789550582102915,NA,0.615662840813429,NA,"2026",0,0,0,1
"Y35","Y34",0.857142857142857,"YY","same","same","Y34_Y35",14.042500838809,-1.36774111969972,0.97051527969566,NA,1.36729783946779,NA,"2026",0,1,1,0
"Z07","Z02",0.857142857142857,"ZZ","same","same","Z02_Z07",25.7408006694724,-1.23573176965188,0.938742823916262,NA,1.23533127320006,NA,"2026",0,1,1,0
"Z10","Z02",0.6,"ZZ","same","same","Z02_Z10",59.6485476407492,-0.853100130519835,0.846649749980849,NA,0.852823643677208,NA,"2026",1,1,2,1
"Z11","Z02",0.875,"ZZ","same","same","Z02_Z11",63.3241926200764,-0.811622350692741,0.836666737982787,NA,0.811359306657087,NA,"2026",1,1,2,1
"Z16","Z02",0.777777777777778,"ZZ","same","same","Z02_Z16",89.1339895956248,-0.520371949102065,0.766567608626283,NA,0.520203298328197,NA,"2026",1,1,2,1
"Z20","Z02",0.875,"ZZ","same","same","Z02_Z20",80.0926744318471,-0.622398581657634,0.791123722795604,NA,0.622196864400138,NA,"2026",1,1,2,1
"Z21","Z02",0.875,"ZZ","same","same","Z02_Z21",78.8076322257009,-0.636899627867165,0.79461388352498,NA,0.636693210870051,NA,"2026",1,1,2,1
"Z22","Z02",0.875,"ZZ","same","same","Z02_Z22",95.500268749764,-0.448531734239546,0.749276863318661,NA,0.448386366634289,NA,"2026",1,1,2,1
"Z27","Z02",0.625,"ZZ","same","same","Z02_Z27",138.792132764365,0.0399948819057372,0.631696629017758,NA,-0.0399819197009228,NA,"2026",0,1,1,0
"Z28","Z02",0.75,"ZZ","same","same","Z02_Z28",140.128835844607,0.0550788947438384,0.628066157913243,NA,-0.0550610438619103,NA,"2026",1,1,2,1
"Z29","Z02",0.875,"ZZ","same","same","Z02_Z29",142.087762463994,0.0771843830250397,0.622745734408076,NA,-0.077159367829755,NA,"2026",1,1,2,1
"Z31","Z02",0.75,"ZZ","same","same","Z02_Z31",151.739390465597,0.186098084831132,0.596532017174027,NA,-0.186037771076565,NA,"2026",1,1,2,1
"Z32","Z02",0.75,"ZZ","same","same","Z02_Z32",161.028088640698,0.290916308558958,0.571304013422319,NA,-0.290822023575585,NA,"2026",1,1,2,1
"Z33","Z02",0.666666666666667,"ZZ","same","same","Z02_Z33",171.649164598194,0.410769736343629,0.542457286028255,NA,-0.410636607273095,NA,"2026",1,1,2,1
"Z39","Z02",0.777777777777778,"ZZ","same","same","Z02_Z39",74.7821403194458,-0.682325251920216,0.80554707599168,NA,0.68210411263328,NA,"2026",1,1,2,1
"Z42","Z02",0.875,"ZZ","same","same","Z02_Z42",205.965021973032,0.798006693333963,0.449255788652006,NA,-0.79774806208642,NA,"2026",1,1,2,1
"Z43","Z02",0.875,"ZZ","same","same","Z02_Z43",249.720510293329,1.29176507342335,0.330416355752656,NA,-1.29134641676888,NA,"2026",1,1,2,1
"Z45","Z02",0.875,"ZZ","same","same","Z02_Z45",237.161180367595,1.15003943768722,0.364527359955018,NA,-1.14966671382792,NA,"2026",1,1,2,1
"Z10","Z07",0.666666666666667,"ZZ","same","same","Z07_Z10",47.0052446688301,-0.995773359274505,0.880988824068169,NA,0.995450632525055,NA,"2026",1,0,1,0
"Z11","Z07",0.75,"ZZ","same","same","Z07_Z11",54.8685088096128,-0.907040431968406,0.859632283732292,NA,0.906746463258054,NA,"2026",1,0,1,0
"Z16","Z07",0.666666666666667,"ZZ","same","same","Z07_Z16",72.2603194181794,-0.710782715221048,0.812396314276634,NA,0.710552352967316,NA,"2026",1,0,1,0
"Z20","Z07",0.75,"ZZ","same","same","Z07_Z20",78.1773209978247,-0.644012368754665,0.796325802000728,NA,0.643803646542489,NA,"2026",1,0,1,0
"Z21","Z07",0.75,"ZZ","same","same","Z07_Z21",77.9543553000856,-0.646528422990542,0.796931374423583,NA,0.64631888533377,NA,"2026",1,0,1,0
"Z22","Z07",0.75,"ZZ","same","same","Z07_Z22",97.6848388410259,-0.423879974406418,0.743343594585056,NA,0.423742596352443,NA,"2026",1,0,1,0
"Z27","Z07",0.5,"ZZ","same","same","Z07_Z27",145.078831580334,0.110937073220345,0.61462202304765,NA,-0.110901118893289,NA,"2026",0,0,0,1
"Z28","Z07",0.625,"ZZ","same","same","Z07_Z28",144.666859135502,0.1062881741951,0.615740935750795,NA,-0.106253726560361,NA,"2026",1,0,1,0
"Z29","Z07",0.75,"ZZ","same","same","Z07_Z29",144.716303225382,0.106846125543857,0.615606646137605,NA,-0.106811497078989,NA,"2026",1,0,1,0
"Z31","Z07",0.625,"ZZ","same","same","Z07_Z31",147.279901158004,0.13577502134651,0.608643941887463,NA,-0.13573101712518,NA,"2026",1,0,1,0
"Z32","Z07",0.625,"ZZ","same","same","Z07_Z32",154.607920364159,0.218467982421676,0.588741121003366,NA,-0.218397177693704,NA,"2026",1,0,1,0
"Z33","Z07",0.75,"ZZ","same","same","Z07_Z33",163.226380865226,0.315722915670741,0.565333475523221,NA,-0.315620590950611,NA,"2026",1,0,1,0
"Z39","Z07",0.666666666666667,"ZZ","same","same","Z07_Z39",100.506320668068,-0.392040990318886,0.735680480467643,NA,0.391913931171061,NA,"2026",1,0,1,0
"Z42","Z07",0.75,"ZZ","same","same","Z07_Z42",186.282337407448,0.57589763181985,0.502713746990588,NA,-0.575710985361596,NA,"2026",1,0,1,0
"Z43","Z07",0.75,"ZZ","same","same","Z07_Z43",230.126029348453,1.07065134480462,0.383634754011646,NA,-1.07030435035544,NA,"2026",1,0,1,0
"Z45","Z07",0.75,"ZZ","same","same","Z07_Z45",223.733080485065,0.998510175868868,0.400997933961055,NA,-0.998186562126495,NA,"2026",1,0,1,0
"Z11","Z10",0.7,"ZZ","same","same","Z10_Z11",11.5895948430446,-1.3954209134233,0.977177345842842,NA,1.39496866226463,NA,"2026",1,1,2,1
"Z16","Z10",0.8,"ZZ","same","same","Z10_Z16",30.670660839648,-1.18010081076794,0.925353377028864,NA,1.17971834412015,NA,"2026",1,1,2,1
"Z20","Z10",0.7,"ZZ","same","same","Z10_Z20",38.5652162440519,-1.09101477750349,0.903911849959524,NA,1.09066118333523,NA,"2026",1,1,2,1
"Z21","Z10",0.7,"ZZ","same","same","Z10_Z21",39.9167877403177,-1.07576298217016,0.900240996397946,NA,1.07541433105675,NA,"2026",1,1,2,1
"Z22","Z10",0.7,"ZZ","same","same","Z10_Z22",60.9394978241579,-0.838532415798655,0.843143543249146,NA,0.838260650302683,NA,"2026",1,1,2,1
"Z27","Z10",0.5,"ZZ","same","same","Z10_Z27",110.301031151233,-0.281512675648741,0.709078152761644,NA,0.28142143835072,NA,"2026",0,1,1,0
"Z28","Z10",0.6,"ZZ","same","same","Z10_Z28",107.539259856773,-0.312677856815219,0.716579093718554,NA,0.312576518988278,NA,"2026",1,1,2,1
"Z29","Z10",0.7,"ZZ","same","same","Z10_Z29",105.244596183203,-0.33857196660136,0.722811375430636,NA,0.338462236581754,NA,"2026",1,1,2,1
"Z31","Z10",0.6,"ZZ","same","same","Z10_Z31",101.624926591005,-0.379418092719744,0.732642358882837,NA,0.379295124609977,NA,"2026",1,1,2,1
"Z32","Z10",0.6,"ZZ","same","same","Z10_Z32",108.049156313433,-0.306923935236035,0.715194220458694,NA,0.306824462235453,NA,"2026",1,1,2,1
"Z33","Z10",0.888888888888889,"ZZ","same","same","Z10_Z33",116.246364484027,-0.214422619790991,0.692930691750699,NA,0.21435312615125,NA,"2026",1,1,2,1
"Z39","Z10",0.8,"ZZ","same","same","Z10_Z39",121.272041780553,-0.157710413481689,0.679281006584752,NA,0.157659300074583,NA,"2026",1,1,2,1
"Z42","Z10",0.7,"ZZ","same","same","Z10_Z42",147.943823395406,0.143267045342343,0.60684073627347,NA,-0.14322061298159,NA,"2026",1,1,2,1
"Z43","Z10",0.7,"ZZ","same","same","Z10_Z43",191.408382252559,0.633742434749714,0.488791464648534,NA,-0.633537040988122,NA,"2026",1,1,2,1
"Z45","Z10",0.7,"ZZ","same","same","Z10_Z45",178.068245541637,0.483205792481221,0.525023131632133,NA,-0.483049187131952,NA,"2026",1,1,2,1
"Z16","Z11",0.888888888888889,"ZZ","same","same","Z11_Z16",33.9649079691922,-1.14292691124724,0.916406237464575,NA,1.1425564925335,NA,"2026",1,1,2,1
"Z20","Z11",1,"ZZ","same","same","Z11_Z20",27.0166704777003,-1.22133422927697,0.935277575320399,NA,1.22093839901887,NA,"2026",1,1,2,1
"Z21","Z11",1,"ZZ","same","same","Z11_Z21",28.3276531663518,-1.20654045794626,0.931716960521182,NA,1.206149422299,NA,"2026",1,1,2,1
"Z22","Z11",1,"ZZ","same","same","Z11_Z22",49.3544749469565,-0.969263493172828,0.874608340048453,NA,0.968949358180564,NA,"2026",1,1,2,1
"Z27","Z11",0.75,"ZZ","same","same","Z11_Z27",98.7220326595723,-0.412175770903182,0.740526587394998,NA,0.412042186141643,NA,"2026",0,1,1,0
"Z28","Z11",0.875,"ZZ","same","same","Z11_Z28",96.0553125471569,-0.442268347935335,0.747769370369808,NA,0.442125010272217,NA,"2026",1,1,2,1
"Z29","Z11",1,"ZZ","same","same","Z11_Z29",93.9868687849803,-0.465609681343436,0.753387241249956,NA,0.46545877883377,NA,"2026",1,1,2,1
"Z31","Z11",0.875,"ZZ","same","same","Z11_Z31",92.4531921471463,-0.482916440366088,0.757552690405888,NA,0.482759928794851,NA,"2026",1,1,2,1
"Z32","Z11",0.666666666666667,"ZZ","same","same","Z11_Z32",99.8573215682298,-0.399364614314807,0.737443155001462,NA,0.399235181605423,NA,"2026",1,1,2,1
"Z33","Z11",0.777777777777778,"ZZ","same","same","Z11_Z33",109.165792014686,-0.294323270584214,0.712161449974664,NA,0.294227881416068,NA,"2026",1,1,2,1
"Z39","Z11",0.7,"ZZ","same","same","Z11_Z39",118.689339024039,-0.186854897482736,0.686295599329895,NA,0.186794338447769,NA,"2026",1,1,2,1
"Z42","Z11",1,"ZZ","same","same","Z11_Z42",148.918238333651,0.154262821184699,0.604194235843123,NA,-0.154212825130498,NA,"2026",1,1,2,1
"Z43","Z11",1,"ZZ","same","same","Z11_Z43",191.884532701268,0.639115549832162,0.487498245181179,NA,-0.638908414662297,NA,"2026",1,1,2,1
"Z45","Z11",1,"ZZ","same","same","Z11_Z45",173.996716290533,0.437260660460403,0.536081361029377,NA,-0.437118945771716,NA,"2026",1,1,2,1
"Z20","Z16",0.888888888888889,"ZZ","same","same","Z16_Z20",50.2337175203119,-0.959341688951431,0.872220326731503,NA,0.959030769582075,NA,"2026",1,1,2,1
"Z21","Z16",0.888888888888889,"ZZ","same","same","Z16_Z21",53.1322792702074,-0.926632897228187,0.864347864377528,NA,0.926332578666668,NA,"2026",1,1,2,1
"Z22","Z16",0.888888888888889,"ZZ","same","same","Z16_Z22",70.5237579052593,-0.730378926632708,0.817112796558344,NA,0.730142213313695,NA,"2026",1,1,2,1
"Z27","Z16",0.666666666666667,"ZZ","same","same","Z16_Z27",116.544133616752,-0.21106244692447,0.692121954007699,NA,0.210994042305294,NA,"2026",0,1,1,0
"Z28","Z16",0.777777777777778,"ZZ","same","same","Z16_Z28",111.328936343257,-0.269913289560665,0.706286373380729,NA,0.269825811584113,NA,"2026",1,1,2,1
"Z29","Z16",0.888888888888889,"ZZ","same","same","Z16_Z29",106.170821950645,-0.328119980985709,0.720295756266844,NA,0.328013638418993,NA,"2026",1,1,2,1
"Z31","Z16",0.777777777777778,"ZZ","same","same","Z16_Z31",90.6548882589688,-0.503209383007596,0.762436864310824,NA,0.503046294562863,NA,"2026",1,1,2,1
"Z32","Z16",0.6,"ZZ","same","same","Z16_Z32",93.1496595980592,-0.475057160226636,0.755661092344099,NA,0.474903195821288,NA,"2026",1,1,2,1
"Z33","Z16",0.7,"ZZ","same","same","Z16_Z33",97.6099974631917,-0.424724521202755,0.743546862957565,NA,0.424586869434043,NA,"2026",1,1,2,1
"Z39","Z16",0.8,"ZZ","same","same","Z16_Z39",151.626628285835,0.184825621116247,0.596838278034318,NA,-0.18476571976283,NA,"2026",1,1,2,1
"Z42","Z16",0.888888888888889,"ZZ","same","same","Z16_Z42",117.356348127996,-0.201897020214539,0.689915988182285,NA,0.201831586078899,NA,"2026",1,1,2,1
"Z43","Z16",0.888888888888889,"ZZ","same","same","Z16_Z43",160.919847229733,0.289694859415358,0.571597995923466,NA,-0.289600970299486,NA,"2026",1,1,2,1
"Z45","Z16",0.888888888888889,"ZZ","same","same","Z16_Z45",151.872911758478,0.187604804555013,0.596169374787093,NA,-0.187544002477722,NA,"2026",1,1,2,1
"Z21","Z20",1,"ZZ","same","same","Z20_Z21",3.34267535222037,-1.48848319577538,0.99957588995877,NA,1.48800078344841,NA,"2026",1,1,2,1
"Z22","Z20",1,"ZZ","same","same","Z20_Z22",22.4810910697792,-1.2725159307547,0.947596159923129,NA,1.27210351268172,NA,"2026",1,1,2,1
"Z27","Z20",0.75,"ZZ","same","same","Z20_Z27",71.7624490020732,-0.716400929063196,0.813748524940456,NA,0.71616874596552,NA,"2026",0,1,1,0
"Z28","Z20",0.875,"ZZ","same","same","Z20_Z28",69.0724131225062,-0.746756612641779,0.821054633286602,NA,0.746514591370589,NA,"2026",1,1,2,1
"Z29","Z20",1,"ZZ","same","same","Z20_Z29",67.4145036427295,-0.765465275954528,0.82555749749721,NA,0.765217191269368,NA,"2026",1,1,2,1
"Z31","Z20",0.875,"ZZ","same","same","Z20_Z31",71.6876607319982,-0.717244876565544,0.813951649072866,NA,0.717012419947361,NA,"2026",1,1,2,1
"Z32","Z20",0.666666666666667,"ZZ","same","same","Z20_Z32",81.6349405149095,-0.604994895124294,0.786934944799359,NA,0.604798818342244,NA,"2026",1,1,2,1
"Z33","Z20",0.777777777777778,"ZZ","same","same","Z20_Z33",93.6651896441891,-0.46923966646217,0.754260918316187,NA,0.469087587486709,NA,"2026",1,1,2,1
"Z39","Z20",0.7,"ZZ","same","same","Z20_Z39",119.688475816049,-0.175580148123306,0.68358195461218,NA,0.175523243196151,NA,"2026",1,1,2,1
"Z42","Z20",1,"ZZ","same","same","Z20_Z42",151.943248218143,0.188398515646325,0.595978341723593,NA,-0.188337456329976,NA,"2026",1,1,2,1
"Z43","Z20",1,"ZZ","same","same","Z20_Z43",192.990886610068,0.65160018969758,0.484493399934218,NA,-0.651389008298516,NA,"2026",1,1,2,1
"Z45","Z20",1,"ZZ","same","same","Z20_Z45",164.613337623106,0.331374015642753,0.56156651597392,NA,-0.331266618454503,NA,"2026",1,1,2,1
"Z22","Z21",1,"ZZ","same","same","Z21_Z22",21.0848020789354,-1.28827234021833,0.951388465716194,NA,1.28785481554678,NA,"2026",1,1,2,1
"Z27","Z21",0.75,"ZZ","same","same","Z21_Z27",70.4561504162433,-0.731141842681413,0.817296417767085,NA,0.73090488210391,NA,"2026",0,1,1,0
"Z28","Z21",0.875,"ZZ","same","same","Z21_Z28",68.1990462214023,-0.756612112897108,0.823426688341285,NA,0.7563668974919,NA,"2026",1,1,2,1
"Z29","Z21",1,"ZZ","same","same","Z21_Z29",67.056637363282,-0.769503614485575,0.826529458440533,NA,0.769254220988671,NA,"2026",1,1,2,1
"Z31","Z21",0.875,"ZZ","same","same","Z21_Z31",73.234281185153,-0.699792053185474,0.809751044654558,NA,0.699565252967821,NA,"2026",1,1,2,1
"Z32","Z21",0.666666666666667,"ZZ","same","same","Z21_Z32",83.5679958540336,-0.58318135105224,0.781684787411491,NA,0.582992343965425,NA,"2026",1,1,2,1
"Z33","Z21",0.777777777777778,"ZZ","same","same","Z21_Z33",95.9188844408984,-0.443807869566353,0.748139907630428,NA,0.443664032949525,NA,"2026",1,1,2,1
"Z39","Z21",0.7,"ZZ","same","same","Z21_Z39",116.761102423008,-0.208614064551897,0.691532669077234,NA,0.208546453445096,NA,"2026",1,1,2,1
"Z42","Z21",1,"ZZ","same","same","Z21_Z42",155.251290997971,0.225728092047756,0.586993733322383,NA,-0.225654934343016,NA,"2026",1,1,2,1
"Z43","Z21",1,"ZZ","same","same","Z21_Z43",196.242693872596,0.68829517695393,0.475661526589599,NA,-0.688072102834652,NA,"2026",1,1,2,1
"Z45","Z21",1,"ZZ","same","same","Z21_Z45",167.334577300294,0.362081818170467,0.554175658451019,NA,-0.361964468688153,NA,"2026",1,1,2,1
"Z27","Z22",0.75,"ZZ","same","same","Z22_Z27",49.3772172736543,-0.969006857609591,0.874546572135185,NA,0.968692805792038,NA,"2026",0,1,1,0
"Z28","Z22",0.875,"ZZ","same","same","Z22_Z28",47.3304749318389,-0.992103301551832,0.880105502192414,NA,0.991781764255573,NA,"2026",1,1,2,1
"Z29","Z22",1,"ZZ","same","same","Z22_Z29",47.1336721215233,-0.994324120940411,0.880640016496076,NA,0.994001863884162,NA,"2026",1,1,2,1
"Z31","Z22",0.875,"ZZ","same","same","Z22_Z31",61.6128940302393,-0.830933482895904,0.841314606438717,NA,0.830664180188167,NA,"2026",1,1,2,1
"Z32","Z22",0.666666666666667,"ZZ","same","same","Z22_Z32",74.186212874227,-0.689049989348538,0.80716560848572,NA,0.688826670597138,NA,"2026",1,1,2,1
"Z33","Z22",0.777777777777778,"ZZ","same","same","Z22_Z33",88.6384111696781,-0.52596429900367,0.767913594269627,NA,0.525793835768272,NA,"2026",1,1,2,1
"Z39","Z22",0.7,"ZZ","same","same","Z22_Z39",121.723914846192,-0.152611256291111,0.678053724227168,NA,0.152561795503459,NA,"2026",1,1,2,1
"Z42","Z22",1,"ZZ","same","same","Z22_Z42",161.121655916075,0.291972167563006,0.571049885714674,NA,-0.291877540379331,NA,"2026",1,1,2,1
"Z43","Z22",1,"ZZ","same","same","Z22_Z43",200.036169266316,0.731102612940045,0.46535848846082,NA,-0.730865665076768,NA,"2026",1,1,2,1
"Z45","Z22",1,"ZZ","same","same","Z22_Z45",163.320655508151,0.316786756956977,0.565077426612966,NA,-0.316684087449514,NA,"2026",1,1,2,1
"Z28","Z27",0.857142857142857,"ZZ","same","same","Z27_Z28",9.88816600995412,-1.41462067045296,0.981798408146225,NA,1.41416219671853,NA,"2026",1,0,1,0
"Z29","Z27",0.75,"ZZ","same","same","Z27_Z29",20.6378811489265,-1.29331561508282,0.952602298126984,NA,1.29289645590309,NA,"2026",1,0,1,0
"Z31","Z27",0.857142857142857,"ZZ","same","same","Z27_Z31",61.3280795786842,-0.834147468789432,0.842088159407811,NA,0.83387712443983,NA,"2026",1,0,1,0
"Z32","Z27",0.625,"ZZ","same","same","Z27_Z32",75.5820557842201,-0.673298613679907,0.803374514243418,NA,0.673080399895637,NA,"2026",1,0,1,0
"Z33","Z27",0.555555555555556,"ZZ","same","same","Z27_Z33",91.8129786524454,-0.490140923286742,0.759291503331202,NA,0.489982070285232,NA,"2026",1,0,1,0
"Z39","Z27",0.5,"ZZ","same","same","Z27_Z39",144.030682343935,0.0991092434114844,0.61746878503407,NA,-0.0990771224437277,NA,"2026",1,0,1,0
"Z42","Z27",0.75,"ZZ","same","same","Z27_Z42",184.955368104272,0.56092345969387,0.506317781261898,NA,-0.56074166631373,NA,"2026",1,0,1,0
"Z43","Z27",0.75,"ZZ","same","same","Z27_Z43",218.068743431376,0.934591019774973,0.416382212117971,NA,-0.934288122013081,NA,"2026",1,0,1,0
"Z45","Z27",0.75,"ZZ","same","same","Z27_Z45",165.820141465101,0.344992181797073,0.558288849795139,NA,-0.34488037100762,NA,"2026",1,0,1,0
"Z29","Z28",0.875,"ZZ","same","same","Z28_Z29",10.7513270859165,-1.40488033773165,0.979454072002214,NA,1.40442502080582,NA,"2026",1,1,2,1
"Z31","Z28",1,"ZZ","same","same","Z28_Z31",51.4991908883689,-0.945061467103964,0.868783314754668,NA,0.944755175905804,NA,"2026",1,1,2,1
"Z32","Z28",0.555555555555556,"ZZ","same","same","Z28_Z32",65.7110188754482,-0.784688233153467,0.830184143695613,NA,0.784433918373444,NA,"2026",1,1,2,1
"Z33","Z28",0.666666666666667,"ZZ","same","same","Z28_Z33",81.9300857801831,-0.601664331264377,0.786133333451971,NA,0.601469333906715,NA,"2026",1,1,2,1
"Z39","Z28",0.6,"ZZ","same","same","Z28_Z39",150.102144527092,0.167622599047813,0.600978759430092,NA,-0.167568273135173,NA,"2026",1,1,2,1
"Z42","Z28",0.875,"ZZ","same","same","Z28_Z42",175.58793995789,0.455216808374985,0.531759614763846,NA,-0.455069274160001,NA,"2026",1,1,2,1
"Z43","Z28",0.875,"ZZ","same","same","Z28_Z43",208.33705357387,0.824773860738819,0.442813376486486,NA,-0.824506554343616,NA,"2026",1,1,2,1
"Z45","Z28",0.875,"ZZ","same","same","Z28_Z45",155.992316418768,0.234090186162657,0.584981116296448,NA,-0.234014318331735,NA,"2026",1,1,2,1
"Z31","Z29",0.875,"ZZ","same","same","Z29_Z31",40.8085380793478,-1.06570003418931,0.897819012124741,NA,1.06535464444302,NA,"2026",1,1,2,1
"Z32","Z29",0.666666666666667,"ZZ","same","same","Z29_Z32",54.9690309721778,-0.905906090607893,0.859359266626287,NA,0.905612489533707,NA,"2026",1,1,2,1
"Z33","Z29",0.777777777777778,"ZZ","same","same","Z29_Z33",71.1793237193386,-0.722981200614151,0.815332286899691,NA,0.722746884872909,NA,"2026",1,1,2,1
"Z39","Z29",0.7,"ZZ","same","same","Z29_Z39",156.943352276322,0.244822140997566,0.582398113196326,NA,-0.244742794976685,NA,"2026",1,1,2,1
"Z42","Z29",1,"ZZ","same","same","Z29_Z42",165.381135344649,0.340038221523631,0.559481185668801,NA,-0.339928016295806,NA,"2026",1,1,2,1
"Z43","Z29",1,"ZZ","same","same","Z29_Z43",197.725595770723,0.705028968922857,0.471633981077394,NA,-0.704800471438677,NA,"2026",1,1,2,1
"Z45","Z29",1,"ZZ","same","same","Z29_Z45",145.352305683519,0.114023089063589,0.613879270342039,NA,-0.113986134569323,NA,"2026",1,1,2,1
"Z32","Z31",0.555555555555556,"ZZ","same","same","Z31_Z32",14.5861734185034,-1.36160605179044,0.969038670851054,NA,1.36116475991309,NA,"2026",1,1,2,1
"Z33","Z31",0.666666666666667,"ZZ","same","same","Z31_Z33",30.9276106199024,-1.17720126348523,0.924655504205562,NA,1.17681973657083,NA,"2026",1,1,2,1
"Z39","Z31",0.6,"ZZ","same","same","Z31_Z39",183.022436524029,0.539111312177698,0.511567602521984,NA,-0.538936588040172,NA,"2026",1,1,2,1
"Z42","Z31",0.875,"ZZ","same","same","Z31_Z42",125.759797829069,-0.107068374235529,0.66709230970878,NA,0.107033673740618,NA,"2026",1,1,2,1
"Z43","Z31",0.875,"ZZ","same","same","Z31_Z43",156.972250179262,0.24514823910071,0.582319626804581,NA,-0.245068787392546,NA,"2026",1,1,2,1
"Z45","Z31",0.875,"ZZ","same","same","Z31_Z45",106.56015645663,-0.323726539560009,0.719238327960691,NA,0.323621620892673,NA,"2026",1,1,2,1
"Z33","Z32",0.666666666666667,"ZZ","same","same","Z32_Z33",16.3539391832901,-1.34165771630372,0.964237438158864,NA,1.34122288961386,NA,"2026",1,1,2,1
"Z39","Z32",0.777777777777778,"ZZ","same","same","Z32_Z39",195.905225107779,0.684487013977277,0.47657808810386,NA,-0.684265174070631,NA,"2026",1,1,2,1
"Z42","Z32",0.666666666666667,"ZZ","same","same","Z32_Z42",113.664876095619,-0.243553400267014,0.699941986285203,NA,0.243474465440676,NA,"2026",1,1,2,1
"Z43","Z32",0.666666666666667,"ZZ","same","same","Z32_Z43",143.304995490751,0.0909202372128214,0.619439742676313,NA,-0.0908907702740431,NA,"2026",1,1,2,1
"Z45","Z32",0.666666666666667,"ZZ","same","same","Z32_Z45",92.0403429985801,-0.487575232546057,0.758673984226893,NA,0.487417211076165,NA,"2026",1,1,2,1
"Z39","Z33",0.7,"ZZ","same","same","Z33_Z39",210.198882063535,0.845783646124641,0.437756670451166,NA,-0.845509530529652,NA,"2026",1,1,2,1
"Z42","Z33",0.777777777777778,"ZZ","same","same","Z33_Z42",100.296816491484,-0.394405138150927,0.736249491544679,NA,0.394277312790853,NA,"2026",1,1,2,1
"Z43","Z33",0.777777777777778,"ZZ","same","same","Z33_Z43",127.869135283789,-0.0832655763538021,0.661363372002102,NA,0.0832385902644998,NA,"2026",1,1,2,1
"Z45","Z33",0.777777777777778,"ZZ","same","same","Z33_Z45",75.9388910034445,-0.669271910137866,0.802405353648507,NA,0.66905500139448,NA,"2026",1,1,2,1
"Z42","Z39",0.7,"ZZ","same","same","Z39_Z42",267.510024448618,1.49251067195477,0.282100227766743,NA,-1.49202695433651,NA,"2026",1,1,2,1
"Z43","Z39",0.7,"ZZ","same","same","Z39_Z43",310.161361823471,1.97380927149718,0.166259656889714,NA,-1.97316956664438,NA,"2026",1,1,2,1
"Z45","Z39",0.7,"ZZ","same","same","Z39_Z45",283.729896232505,1.67554365649479,0.238047231480031,NA,-1.6750006185105,NA,"2026",1,1,2,1
"Z43","Z42",1,"ZZ","same","same","Z42_Z43",43.8469591338673,-1.03141300151064,0.889566693412507,NA,1.0310787240747,NA,"2026",1,1,2,1
"Z45","Z42",1,"ZZ","same","same","Z42_Z45",76.2252956525667,-0.66603997967544,0.801627481720024,NA,0.665824118389694,NA,"2026",1,1,2,1
"Z45","Z43",1,"ZZ","same","same","Z43_Z45",74.6442559237817,-0.683881207034791,0.805921568518571,NA,0.683659563468109,NA,"2026",1,1,2,1
